PERIOD,PSGC,PROVINCE,LOCATION,PREDICTED_CASES,ROLLING_12M_RATE_PER_100K,HOTSPOT_CLASS,HOTSPOT_CLUSTER_ID,HOTSPOT_CLUSTER_SIZE,TRANSMISSION_PRESSURE_INDEX,TRANSMISSION_PRESSURE_LEVEL,TESTING_CENTER_NEED_SCORE,ALERT_REASON,ALERT_TYPE,ALERT_STATUS
2025-01,1206311000,South Cotabato,NORALA,0.24980874668996225,16.887568799846843,HOT_SPOT_99,1,11,89.99765651155987,CRITICAL,76.20373951094214,TRANSMISSION_PRESSURE_PROXY+STATISTICAL_HOTSPOT+CONNECTED_HOTSPOT_CLUSTER+TESTING_CENTER_GAP+NEIGHBOR_INFECTIOUS_PRESSURE,DYNAMIC SPATIOTEMPORAL WATCH,SCENARIO-BASED; VERIFY WITH OFFICIAL SURVEILLANCE
2025-01,1206315000,South Cotabato,TANTANGAN,0.28503972755317275,14.89051330496189,HOT_SPOT_95,1,11,84.08935404417463,CRITICAL,71.47389309769154,TRANSMISSION_PRESSURE_PROXY+STATISTICAL_HOTSPOT+CONNECTED_HOTSPOT_CLUSTER+TESTING_CENTER_GAP+NEIGHBOR_INFECTIOUS_PRESSURE,DYNAMIC SPATIOTEMPORAL WATCH,SCENARIO-BASED; VERIFY WITH OFFICIAL SURVEILLANCE
2025-01,1206318000,South Cotabato,SANTO NIÑO,0.23968768168702137,19.940679244982917,HOT_SPOT_95,1,11,82.90172262403989,CRITICAL,70.96145144378144,TRANSMISSION_PRESSURE_PROXY+STATISTICAL_HOTSPOT+CONNECTED_HOTSPOT_CLUSTER+TESTING_CENTER_GAP+NEIGHBOR_INFECTIOUS_PRESSURE,DYNAMIC SPATIOTEMPORAL WATCH,SCENARIO-BASED; VERIFY WITH OFFICIAL SURVEILLANCE
2025-01,1206314000,South Cotabato,TAMPAKAN,0.23468757907042218,12.289153992545362,HOT_SPOT_99,1,11,81.17009245054075,CRITICAL,74.04710933994258,TRANSMISSION_PRESSURE_PROXY+STATISTICAL_HOTSPOT+CONNECTED_HOTSPOT_CLUSTER+TESTING_CENTER_GAP+NEIGHBOR_INFECTIOUS_PRESSURE,DYNAMIC SPATIOTEMPORAL WATCH,SCENARIO-BASED; VERIFY WITH OFFICIAL SURVEILLANCE
2025-01,1206306000,South Cotabato,KORONADAL,2.5291704901918584,33.133405048939316,HOT_SPOT_95,1,11,79.6080277276681,HIGH,69.44239716635424,TRANSMISSION_PRESSURE_PROXY+STATISTICAL_HOTSPOT+CONNECTED_HOTSPOT_CLUSTER,DYNAMIC SPATIOTEMPORAL WATCH,SCENARIO-BASED; VERIFY WITH OFFICIAL SURVEILLANCE
2025-01,1206511000,Sultan Kudarat,TACURONG,0.8811144287895225,16.8477359898643,NOT_SIGNIFICANT,0,0,79.20074430814597,HIGH,71.07679501869316,TRANSMISSION_PRESSURE_PROXY+TESTING_CENTER_GAP+NEIGHBOR_INFECTIOUS_PRESSURE,DYNAMIC SPATIOTEMPORAL WATCH,SCENARIO-BASED; VERIFY WITH OFFICIAL SURVEILLANCE
2025-01,1206312000,South Cotabato,POLOMOLOK,1.3477970580795373,18.71928085017384,HOT_SPOT_90,1,11,76.02484971532219,HIGH,81.2291875317253,TRANSMISSION_PRESSURE_PROXY+CONNECTED_HOTSPOT_CLUSTER+TESTING_CENTER_GAP,DYNAMIC SPATIOTEMPORAL WATCH,SCENARIO-BASED; VERIFY WITH OFFICIAL SURVEILLANCE
2025-01,1206317000,South Cotabato,TUPI,0.3048824492968908,13.013312760212498,HOT_SPOT_99,1,11,75.34147996818696,HIGH,78.32052529241548,TRANSMISSION_PRESSURE_PROXY+STATISTICAL_HOTSPOT+CONNECTED_HOTSPOT_CLUSTER+TESTING_CENTER_GAP+NEIGHBOR_INFECTIOUS_PRESSURE,DYNAMIC SPATIOTEMPORAL WATCH,SCENARIO-BASED; VERIFY WITH OFFICIAL SURVEILLANCE
2025-01,1206302000,South Cotabato,BANGA,0.628468150559434,10.43917437671045,HOT_SPOT_99,1,11,70.48119621615956,HIGH,58.04702463434974,TRANSMISSION_PRESSURE_PROXY+STATISTICAL_HOTSPOT+CONNECTED_HOTSPOT_CLUSTER+NEIGHBOR_INFECTIOUS_PRESSURE,DYNAMIC SPATIOTEMPORAL WATCH,SCENARIO-BASED; VERIFY WITH OFFICIAL SURVEILLANCE
2025-01,1206502000,Sultan Kudarat,COLUMBIO,0.15148266514665948,12.369918496006708,HOT_SPOT_90,1,11,66.29713806278197,HIGH,62.51367423649071,TRANSMISSION_PRESSURE_PROXY+CONNECTED_HOTSPOT_CLUSTER+NEIGHBOR_INFECTIOUS_PRESSURE,DYNAMIC SPATIOTEMPORAL WATCH,SCENARIO-BASED; VERIFY WITH OFFICIAL SURVEILLANCE
2025-01,1230800000,General Santos City,GENERAL SANTOS,5.24284000865528,21.262811944729794,NOT_SIGNIFICANT,0,0,65.61936539127397,HIGH,74.14044873511324,TRANSMISSION_PRESSURE_PROXY+TESTING_CENTER_GAP,DYNAMIC SPATIOTEMPORAL WATCH,SCENARIO-BASED; VERIFY WITH OFFICIAL SURVEILLANCE
2025-01,1208007000,Sarangani,MALUNGON,0.7337002846403796,8.911135507723644,HOT_SPOT_95,1,11,60.927781620362566,MODERATE,56.44385711404753,STATISTICAL_HOTSPOT+CONNECTED_HOTSPOT_CLUSTER+NEIGHBOR_INFECTIOUS_PRESSURE,DYNAMIC SPATIOTEMPORAL WATCH,SCENARIO-BASED; VERIFY WITH OFFICIAL SURVEILLANCE
2025-02,1206315000,South Cotabato,TANTANGAN,2.3943214299168676,19.765115737998915,HOT_SPOT_99,1,12,91.96060585845218,CRITICAL,79.0431459633092,TRANSMISSION_PRESSURE_PROXY+STATISTICAL_HOTSPOT+CONNECTED_HOTSPOT_CLUSTER+TESTING_CENTER_GAP+NEIGHBOR_INFECTIOUS_PRESSURE,DYNAMIC SPATIOTEMPORAL WATCH,SCENARIO-BASED; VERIFY WITH OFFICIAL SURVEILLANCE
2025-02,1206311000,South Cotabato,NORALA,0.9322257306429426,18.777299399872735,HOT_SPOT_99,1,12,89.04515790212842,CRITICAL,76.34318760720886,TRANSMISSION_PRESSURE_PROXY+STATISTICAL_HOTSPOT+CONNECTED_HOTSPOT_CLUSTER+TESTING_CENTER_GAP+NEIGHBOR_INFECTIOUS_PRESSURE,DYNAMIC SPATIOTEMPORAL WATCH,SCENARIO-BASED; VERIFY WITH OFFICIAL SURVEILLANCE
2025-02,1206318000,South Cotabato,SANTO NIÑO,0.9732511229133718,22.274619189765932,HOT_SPOT_95,1,12,84.24885777059907,CRITICAL,71.37694517000507,TRANSMISSION_PRESSURE_PROXY+STATISTICAL_HOTSPOT+CONNECTED_HOTSPOT_CLUSTER+TESTING_CENTER_GAP+NEIGHBOR_INFECTIOUS_PRESSURE,DYNAMIC SPATIOTEMPORAL WATCH,SCENARIO-BASED; VERIFY WITH OFFICIAL SURVEILLANCE
2025-02,1206511000,Sultan Kudarat,TACURONG,4.893726675991228,20.964893959650244,HOT_SPOT_90,1,12,82.96781019412968,CRITICAL,74.02642427631778,TRANSMISSION_PRESSURE_PROXY+CONNECTED_HOTSPOT_CLUSTER+TESTING_CENTER_GAP+NEIGHBOR_INFECTIOUS_PRESSURE,DYNAMIC SPATIOTEMPORAL WATCH,SCENARIO-BASED; VERIFY WITH OFFICIAL SURVEILLANCE
2025-02,1206314000,South Cotabato,TAMPAKAN,0.9752086506143617,14.56869924760971,HOT_SPOT_99,1,12,81.45953437899863,CRITICAL,75.19155641813305,TRANSMISSION_PRESSURE_PROXY+STATISTICAL_HOTSPOT+CONNECTED_HOTSPOT_CLUSTER+TESTING_CENTER_GAP+NEIGHBOR_INFECTIOUS_PRESSURE,DYNAMIC SPATIOTEMPORAL WATCH,SCENARIO-BASED; VERIFY WITH OFFICIAL SURVEILLANCE
2025-02,1206306000,South Cotabato,KORONADAL,10.718020021552148,37.8447205522557,HOT_SPOT_99,1,12,79.75602210621949,HIGH,68.70017088678296,TRANSMISSION_PRESSURE_PROXY+STATISTICAL_HOTSPOT+CONNECTED_HOTSPOT_CLUSTER,DYNAMIC SPATIOTEMPORAL WATCH,SCENARIO-BASED; VERIFY WITH OFFICIAL SURVEILLANCE
2025-02,1206302000,South Cotabato,BANGA,4.306216980098024,15.092638681470392,HOT_SPOT_99,1,12,79.28446014830854,HIGH,64.09462090470925,TRANSMISSION_PRESSURE_PROXY+STATISTICAL_HOTSPOT+CONNECTED_HOTSPOT_CLUSTER+NEIGHBOR_INFECTIOUS_PRESSURE,DYNAMIC SPATIOTEMPORAL WATCH,SCENARIO-BASED; VERIFY WITH OFFICIAL SURVEILLANCE
2025-02,1206317000,South Cotabato,TUPI,1.4812127214977544,14.869473329880286,HOT_SPOT_99,1,12,75.87747518803083,HIGH,79.04040893738056,TRANSMISSION_PRESSURE_PROXY+STATISTICAL_HOTSPOT+CONNECTED_HOTSPOT_CLUSTER+TESTING_CENTER_GAP+NEIGHBOR_INFECTIOUS_PRESSURE,DYNAMIC SPATIOTEMPORAL WATCH,SCENARIO-BASED; VERIFY WITH OFFICIAL SURVEILLANCE
2025-02,1206312000,South Cotabato,POLOMOLOK,5.42249420488815,21.175746017629212,HOT_SPOT_90,1,12,74.58290621029128,HIGH,79.44379934830978,TRANSMISSION_PRESSURE_PROXY+CONNECTED_HOTSPOT_CLUSTER+TESTING_CENTER_GAP,DYNAMIC SPATIOTEMPORAL WATCH,SCENARIO-BASED; VERIFY WITH OFFICIAL SURVEILLANCE
2025-02,1230800000,General Santos City,GENERAL SANTOS,24.403472968548314,24.154206157952174,NOT_SIGNIFICANT,0,0,66.24456509438158,HIGH,74.29496770849319,TRANSMISSION_PRESSURE_PROXY+TESTING_CENTER_GAP,DYNAMIC SPATIOTEMPORAL WATCH,SCENARIO-BASED; VERIFY WITH OFFICIAL SURVEILLANCE
2025-02,1206313000,South Cotabato,SURALLAH,3.7624706889851267,17.69794386974534,NOT_SIGNIFICANT,0,0,65.53878060083747,HIGH,60.68526467023632,TRANSMISSION_PRESSURE_PROXY,DYNAMIC SPATIOTEMPORAL WATCH,SCENARIO-BASED; VERIFY WITH OFFICIAL SURVEILLANCE
2025-02,1206502000,Sultan Kudarat,COLUMBIO,0.6569330676539695,14.318397571147745,HOT_SPOT_90,1,12,64.6242925727937,MODERATE,61.41658103906789,CONNECTED_HOTSPOT_CLUSTER+NEIGHBOR_INFECTIOUS_PRESSURE,DYNAMIC SPATIOTEMPORAL WATCH,SCENARIO-BASED; VERIFY WITH OFFICIAL SURVEILLANCE
2025-02,1206507000,Sultan Kudarat,LUTAYAN,0.6506344967356289,2.734142251123055,HOT_SPOT_95,1,12,56.87925977871168,MODERATE,60.494457239119896,STATISTICAL_HOTSPOT+CONNECTED_HOTSPOT_CLUSTER+NEIGHBOR_INFECTIOUS_PRESSURE,DYNAMIC SPATIOTEMPORAL WATCH,SCENARIO-BASED; VERIFY WITH OFFICIAL SURVEILLANCE
2025-03,1206311000,South Cotabato,NORALA,2.409018268611006,19.593883146885066,HOT_SPOT_99,1,12,96.56701557964729,CRITICAL,83.60910845837837,TRANSMISSION_PRESSURE_PROXY+STATISTICAL_HOTSPOT+CONNECTED_HOTSPOT_CLUSTER+TESTING_CENTER_GAP+NEIGHBOR_INFECTIOUS_PRESSURE,DYNAMIC SPATIOTEMPORAL WATCH,SCENARIO-BASED; VERIFY WITH OFFICIAL SURVEILLANCE
2025-03,1206315000,South Cotabato,TANTANGAN,1.843496184374234,21.465984356167688,HOT_SPOT_99,1,12,89.68183293143387,CRITICAL,76.86672828271732,TRANSMISSION_PRESSURE_PROXY+STATISTICAL_HOTSPOT+CONNECTED_HOTSPOT_CLUSTER+TESTING_CENTER_GAP+NEIGHBOR_INFECTIOUS_PRESSURE,DYNAMIC SPATIOTEMPORAL WATCH,SCENARIO-BASED; VERIFY WITH OFFICIAL SURVEILLANCE
2025-03,1206318000,South Cotabato,SANTO NIÑO,2.38636296746839,25.60131519887244,HOT_SPOT_95,1,12,89.50578444303005,CRITICAL,77.06715660143816,TRANSMISSION_PRESSURE_PROXY+STATISTICAL_HOTSPOT+CONNECTED_HOTSPOT_CLUSTER+TESTING_CENTER_GAP,DYNAMIC SPATIOTEMPORAL WATCH,SCENARIO-BASED; VERIFY WITH OFFICIAL SURVEILLANCE
2025-03,1206314000,South Cotabato,TAMPAKAN,1.9318982499056507,16.743646916989782,HOT_SPOT_99,1,12,86.8642500943931,CRITICAL,77.15571663287997,TRANSMISSION_PRESSURE_PROXY+STATISTICAL_HOTSPOT+CONNECTED_HOTSPOT_CLUSTER+TESTING_CENTER_GAP+NEIGHBOR_INFECTIOUS_PRESSURE,DYNAMIC SPATIOTEMPORAL WATCH,SCENARIO-BASED; VERIFY WITH OFFICIAL SURVEILLANCE
2025-03,1206511000,Sultan Kudarat,TACURONG,5.730718095615723,23.241295223132322,HOT_SPOT_90,1,12,82.16512361073558,CRITICAL,73.35957218893374,TRANSMISSION_PRESSURE_PROXY+CONNECTED_HOTSPOT_CLUSTER+TESTING_CENTER_GAP+NEIGHBOR_INFECTIOUS_PRESSURE,DYNAMIC SPATIOTEMPORAL WATCH,SCENARIO-BASED; VERIFY WITH OFFICIAL SURVEILLANCE
2025-03,1206306000,South Cotabato,KORONADAL,14.660560810007869,39.576475220612934,HOT_SPOT_99,1,12,81.60598048826951,CRITICAL,70.61144400852538,TRANSMISSION_PRESSURE_PROXY+STATISTICAL_HOTSPOT+CONNECTED_HOTSPOT_CLUSTER+TESTING_CENTER_GAP,DYNAMIC SPATIOTEMPORAL WATCH,SCENARIO-BASED; VERIFY WITH OFFICIAL SURVEILLANCE
2025-03,1206317000,South Cotabato,TUPI,2.4369163328277406,16.665859875267376,HOT_SPOT_99,1,12,81.08691261768351,CRITICAL,82.59737924015873,TRANSMISSION_PRESSURE_PROXY+STATISTICAL_HOTSPOT+CONNECTED_HOTSPOT_CLUSTER+TESTING_CENTER_GAP+NEIGHBOR_INFECTIOUS_PRESSURE,DYNAMIC SPATIOTEMPORAL WATCH,SCENARIO-BASED; VERIFY WITH OFFICIAL SURVEILLANCE
2025-03,1206312000,South Cotabato,POLOMOLOK,6.917864504205254,22.22278774737815,HOT_SPOT_90,1,12,76.86851795710416,HIGH,80.49403178764032,TRANSMISSION_PRESSURE_PROXY+CONNECTED_HOTSPOT_CLUSTER+TESTING_CENTER_GAP,DYNAMIC SPATIOTEMPORAL WATCH,SCENARIO-BASED; VERIFY WITH OFFICIAL SURVEILLANCE
2025-03,1206302000,South Cotabato,BANGA,4.1149136761051555,17.36523005592137,HOT_SPOT_99,1,12,74.76872412485834,HIGH,61.286047383838806,TRANSMISSION_PRESSURE_PROXY+STATISTICAL_HOTSPOT+CONNECTED_HOTSPOT_CLUSTER+NEIGHBOR_INFECTIOUS_PRESSURE,DYNAMIC SPATIOTEMPORAL WATCH,SCENARIO-BASED; VERIFY WITH OFFICIAL SURVEILLANCE
2025-03,1206502000,Sultan Kudarat,COLUMBIO,0.8726359191761215,13.930520373851799,NOT_SIGNIFICANT,0,0,67.03671044967071,HIGH,63.80643563447313,TRANSMISSION_PRESSURE_PROXY+NEIGHBOR_INFECTIOUS_PRESSURE,DYNAMIC SPATIOTEMPORAL WATCH,SCENARIO-BASED; VERIFY WITH OFFICIAL SURVEILLANCE
2025-03,1230800000,General Santos City,GENERAL SANTOS,22.934155954372628,25.605301689422365,NOT_SIGNIFICANT,0,0,66.39866818322538,HIGH,75.14550685352167,TRANSMISSION_PRESSURE_PROXY+TESTING_CENTER_GAP,DYNAMIC SPATIOTEMPORAL WATCH,SCENARIO-BASED; VERIFY WITH OFFICIAL SURVEILLANCE
2025-03,1206507000,Sultan Kudarat,LUTAYAN,1.11740074062931,4.424977020230818,HOT_SPOT_90,1,12,57.33325025637326,MODERATE,60.070741622904364,CONNECTED_HOTSPOT_CLUSTER+NEIGHBOR_INFECTIOUS_PRESSURE,DYNAMIC SPATIOTEMPORAL WATCH,SCENARIO-BASED; VERIFY WITH OFFICIAL SURVEILLANCE
2025-03,1208007000,Sarangani,MALUNGON,2.734679183701834,12.479972765197113,HOT_SPOT_90,1,12,55.21363493494997,MODERATE,53.42545237919444,CONNECTED_HOTSPOT_CLUSTER+NEIGHBOR_INFECTIOUS_PRESSURE,DYNAMIC SPATIOTEMPORAL WATCH,SCENARIO-BASED; VERIFY WITH OFFICIAL SURVEILLANCE
2025-04,1206314000,South Cotabato,TAMPAKAN,2.286359094504158,17.403268492116684,HOT_SPOT_99,1,12,90.03552676397315,CRITICAL,77.66693983355528,TRANSMISSION_PRESSURE_PROXY+STATISTICAL_HOTSPOT+CONNECTED_HOTSPOT_CLUSTER+TESTING_CENTER_GAP+NEIGHBOR_INFECTIOUS_PRESSURE,DYNAMIC SPATIOTEMPORAL WATCH,SCENARIO-BASED; VERIFY WITH OFFICIAL SURVEILLANCE
2025-04,1206315000,South Cotabato,TANTANGAN,1.448956687271472,22.35885857161377,HOT_SPOT_99,1,12,89.82665466632356,CRITICAL,77.1314008500212,TRANSMISSION_PRESSURE_PROXY+STATISTICAL_HOTSPOT+CONNECTED_HOTSPOT_CLUSTER+TESTING_CENTER_GAP+NEIGHBOR_INFECTIOUS_PRESSURE,DYNAMIC SPATIOTEMPORAL WATCH,SCENARIO-BASED; VERIFY WITH OFFICIAL SURVEILLANCE
2025-04,1206311000,South Cotabato,NORALA,1.0951039679001757,19.767642893538518,HOT_SPOT_99,1,12,86.8112924322918,CRITICAL,74.51174891294542,TRANSMISSION_PRESSURE_PROXY+STATISTICAL_HOTSPOT+CONNECTED_HOTSPOT_CLUSTER+TESTING_CENTER_GAP+NEIGHBOR_INFECTIOUS_PRESSURE,DYNAMIC SPATIOTEMPORAL WATCH,SCENARIO-BASED; VERIFY WITH OFFICIAL SURVEILLANCE
2025-04,1206318000,South Cotabato,SANTO NIÑO,1.1382530112079041,25.909164452677445,HOT_SPOT_99,1,12,85.28602541617288,CRITICAL,72.96873331827507,TRANSMISSION_PRESSURE_PROXY+STATISTICAL_HOTSPOT+CONNECTED_HOTSPOT_CLUSTER+TESTING_CENTER_GAP,DYNAMIC SPATIOTEMPORAL WATCH,SCENARIO-BASED; VERIFY WITH OFFICIAL SURVEILLANCE
2025-04,1206317000,South Cotabato,TUPI,1.9555317278358517,17.852194544324686,HOT_SPOT_99,1,12,82.7596721667648,CRITICAL,86.3295392232113,TRANSMISSION_PRESSURE_PROXY+STATISTICAL_HOTSPOT+CONNECTED_HOTSPOT_CLUSTER+TESTING_CENTER_GAP+NEIGHBOR_INFECTIOUS_PRESSURE,DYNAMIC SPATIOTEMPORAL WATCH,SCENARIO-BASED; VERIFY WITH OFFICIAL SURVEILLANCE
2025-04,1206306000,South Cotabato,KORONADAL,11.839211379051319,39.922676660168996,HOT_SPOT_99,1,12,82.33095509619692,CRITICAL,71.5229957432518,TRANSMISSION_PRESSURE_PROXY+STATISTICAL_HOTSPOT+CONNECTED_HOTSPOT_CLUSTER+TESTING_CENTER_GAP,DYNAMIC SPATIOTEMPORAL WATCH,SCENARIO-BASED; VERIFY WITH OFFICIAL SURVEILLANCE
2025-04,1206511000,Sultan Kudarat,TACURONG,4.605835944845895,24.56055968424867,HOT_SPOT_90,1,12,82.26007694314153,CRITICAL,73.53919819710774,TRANSMISSION_PRESSURE_PROXY+CONNECTED_HOTSPOT_CLUSTER+TESTING_CENTER_GAP+NEIGHBOR_INFECTIOUS_PRESSURE,DYNAMIC SPATIOTEMPORAL WATCH,SCENARIO-BASED; VERIFY WITH OFFICIAL SURVEILLANCE
2025-04,1206312000,South Cotabato,POLOMOLOK,6.181564341631754,23.413693888853622,HOT_SPOT_95,1,12,78.60449909215156,HIGH,82.47918079720021,TRANSMISSION_PRESSURE_PROXY+STATISTICAL_HOTSPOT+CONNECTED_HOTSPOT_CLUSTER+TESTING_CENTER_GAP,DYNAMIC SPATIOTEMPORAL WATCH,SCENARIO-BASED; VERIFY WITH OFFICIAL SURVEILLANCE
2025-04,1206302000,South Cotabato,BANGA,3.2373990537462016,19.764984457381036,HOT_SPOT_99,1,12,75.04369048634041,HIGH,62.313422751902834,TRANSMISSION_PRESSURE_PROXY+STATISTICAL_HOTSPOT+CONNECTED_HOTSPOT_CLUSTER+NEIGHBOR_INFECTIOUS_PRESSURE,DYNAMIC SPATIOTEMPORAL WATCH,SCENARIO-BASED; VERIFY WITH OFFICIAL SURVEILLANCE
2025-04,1206502000,Sultan Kudarat,COLUMBIO,0.8722496322424931,13.54204883165115,NOT_SIGNIFICANT,0,0,68.759441715582,HIGH,64.23285084861598,TRANSMISSION_PRESSURE_PROXY+NEIGHBOR_INFECTIOUS_PRESSURE,DYNAMIC SPATIOTEMPORAL WATCH,SCENARIO-BASED; VERIFY WITH OFFICIAL SURVEILLANCE
2025-04,1230800000,General Santos City,GENERAL SANTOS,19.228412980669066,27.22616347907118,NOT_SIGNIFICANT,0,0,67.44862162603249,HIGH,76.85640507980273,TRANSMISSION_PRESSURE_PROXY+TESTING_CENTER_GAP,DYNAMIC SPATIOTEMPORAL WATCH,SCENARIO-BASED; VERIFY WITH OFFICIAL SURVEILLANCE
2025-04,1208007000,Sarangani,MALUNGON,2.154312740498668,13.524663847045272,HOT_SPOT_95,1,12,54.55276508759043,MODERATE,54.138942307205795,STATISTICAL_HOTSPOT+CONNECTED_HOTSPOT_CLUSTER+NEIGHBOR_INFECTIOUS_PRESSURE,DYNAMIC SPATIOTEMPORAL WATCH,SCENARIO-BASED; VERIFY WITH OFFICIAL SURVEILLANCE
2025-05,1206315000,South Cotabato,TANTANGAN,0.5845803321015194,21.489864090427474,HOT_SPOT_99,1,11,90.28775105767376,CRITICAL,77.63146838044872,TRANSMISSION_PRESSURE_PROXY+STATISTICAL_HOTSPOT+CONNECTED_HOTSPOT_CLUSTER+TESTING_CENTER_GAP+NEIGHBOR_INFECTIOUS_PRESSURE,DYNAMIC SPATIOTEMPORAL WATCH,SCENARIO-BASED; VERIFY WITH OFFICIAL SURVEILLANCE
2025-05,1206318000,South Cotabato,SANTO NIÑO,0.44308628883274287,24.540266105759997,HOT_SPOT_95,1,11,85.31809089280247,CRITICAL,72.88834689481422,TRANSMISSION_PRESSURE_PROXY+STATISTICAL_HOTSPOT+CONNECTED_HOTSPOT_CLUSTER+TESTING_CENTER_GAP,DYNAMIC SPATIOTEMPORAL WATCH,SCENARIO-BASED; VERIFY WITH OFFICIAL SURVEILLANCE
2025-05,1206311000,South Cotabato,NORALA,0.3852591062085666,18.49354252490785,HOT_SPOT_99,1,11,85.28682155140356,CRITICAL,73.06937366191806,TRANSMISSION_PRESSURE_PROXY+STATISTICAL_HOTSPOT+CONNECTED_HOTSPOT_CLUSTER+TESTING_CENTER_GAP+NEIGHBOR_INFECTIOUS_PRESSURE,DYNAMIC SPATIOTEMPORAL WATCH,SCENARIO-BASED; VERIFY WITH OFFICIAL SURVEILLANCE
2025-05,1206312000,South Cotabato,POLOMOLOK,3.0682534578335967,22.862132772697333,HOT_SPOT_95,1,11,83.69614672660843,CRITICAL,86.87488799001619,TRANSMISSION_PRESSURE_PROXY+STATISTICAL_HOTSPOT+CONNECTED_HOTSPOT_CLUSTER+TESTING_CENTER_GAP,DYNAMIC SPATIOTEMPORAL WATCH,SCENARIO-BASED; VERIFY WITH OFFICIAL SURVEILLANCE
2025-05,1206306000,South Cotabato,KORONADAL,4.321166809742133,38.55089233823326,HOT_SPOT_99,1,11,81.87672069065958,CRITICAL,70.92781844550362,TRANSMISSION_PRESSURE_PROXY+STATISTICAL_HOTSPOT+CONNECTED_HOTSPOT_CLUSTER+TESTING_CENTER_GAP,DYNAMIC SPATIOTEMPORAL WATCH,SCENARIO-BASED; VERIFY WITH OFFICIAL SURVEILLANCE
2025-05,1206511000,Sultan Kudarat,TACURONG,1.6206164358134263,24.202542525333236,HOT_SPOT_90,1,11,80.30233965668899,CRITICAL,72.01559443463809,TRANSMISSION_PRESSURE_PROXY+CONNECTED_HOTSPOT_CLUSTER+TESTING_CENTER_GAP+NEIGHBOR_INFECTIOUS_PRESSURE,DYNAMIC SPATIOTEMPORAL WATCH,SCENARIO-BASED; VERIFY WITH OFFICIAL SURVEILLANCE
2025-05,1206317000,South Cotabato,TUPI,0.6605027990749374,17.406944739536762,HOT_SPOT_99,1,11,79.66518553176567,HIGH,84.26223683613476,TRANSMISSION_PRESSURE_PROXY+STATISTICAL_HOTSPOT+CONNECTED_HOTSPOT_CLUSTER+TESTING_CENTER_GAP+NEIGHBOR_INFECTIOUS_PRESSURE,DYNAMIC SPATIOTEMPORAL WATCH,SCENARIO-BASED; VERIFY WITH OFFICIAL SURVEILLANCE
2025-05,1206314000,South Cotabato,TAMPAKAN,0.4613187897544432,18.47165724553068,HOT_SPOT_99,1,11,76.30974092911971,HIGH,70.04983689773903,TRANSMISSION_PRESSURE_PROXY+STATISTICAL_HOTSPOT+CONNECTED_HOTSPOT_CLUSTER+TESTING_CENTER_GAP+NEIGHBOR_INFECTIOUS_PRESSURE,DYNAMIC SPATIOTEMPORAL WATCH,SCENARIO-BASED; VERIFY WITH OFFICIAL SURVEILLANCE
2025-05,1230800000,General Santos City,GENERAL SANTOS,9.152889151881434,26.109514164740286,NOT_SIGNIFICANT,0,0,72.00191312901696,HIGH,80.42550856190277,TRANSMISSION_PRESSURE_PROXY+TESTING_CENTER_GAP,DYNAMIC SPATIOTEMPORAL WATCH,SCENARIO-BASED; VERIFY WITH OFFICIAL SURVEILLANCE
2025-05,1206302000,South Cotabato,BANGA,1.0712681570882394,19.82056701040717,HOT_SPOT_99,1,11,70.82372156423759,HIGH,60.86756888545973,TRANSMISSION_PRESSURE_PROXY+STATISTICAL_HOTSPOT+CONNECTED_HOTSPOT_CLUSTER+NEIGHBOR_INFECTIOUS_PRESSURE,DYNAMIC SPATIOTEMPORAL WATCH,SCENARIO-BASED; VERIFY WITH OFFICIAL SURVEILLANCE
2025-05,1206502000,Sultan Kudarat,COLUMBIO,0.3563638046022666,11.620731444026296,NOT_SIGNIFICANT,0,0,69.81324032788024,HIGH,63.35582552563686,TRANSMISSION_PRESSURE_PROXY+NEIGHBOR_INFECTIOUS_PRESSURE,DYNAMIC SPATIOTEMPORAL WATCH,SCENARIO-BASED; VERIFY WITH OFFICIAL SURVEILLANCE
2025-05,1208007000,Sarangani,MALUNGON,1.0079279406648392,13.521438587517569,HOT_SPOT_90,1,11,58.511978148653874,MODERATE,58.23396788666065,CONNECTED_HOTSPOT_CLUSTER+NEIGHBOR_INFECTIOUS_PRESSURE,DYNAMIC SPATIOTEMPORAL WATCH,SCENARIO-BASED; VERIFY WITH OFFICIAL SURVEILLANCE
2025-06,1206315000,South Cotabato,TANTANGAN,0.7391168898398875,20.936838840065587,HOT_SPOT_99,1,13,88.05101802146076,CRITICAL,76.21696777107319,TRANSMISSION_PRESSURE_PROXY+STATISTICAL_HOTSPOT+CONNECTED_HOTSPOT_CLUSTER+TESTING_CENTER_GAP+NEIGHBOR_INFECTIOUS_PRESSURE+CENTER_EXPANSION_PENDING,DYNAMIC SPATIOTEMPORAL WATCH,SCENARIO-BASED; VERIFY WITH OFFICIAL SURVEILLANCE
2025-06,1206502000,Sultan Kudarat,COLUMBIO,2.9361964829117646,20.335677240504626,HOT_SPOT_95,1,13,87.28530485362623,CRITICAL,76.30287324960769,TRANSMISSION_PRESSURE_PROXY+STATISTICAL_HOTSPOT+CONNECTED_HOTSPOT_CLUSTER+TESTING_CENTER_GAP+NEIGHBOR_INFECTIOUS_PRESSURE+CENTER_EXPANSION_PENDING,DYNAMIC SPATIOTEMPORAL WATCH,SCENARIO-BASED; VERIFY WITH OFFICIAL SURVEILLANCE
2025-06,1206311000,South Cotabato,NORALA,0.6735380479384602,17.809115989447765,HOT_SPOT_99,1,13,84.93845663290597,CRITICAL,72.62867769020448,TRANSMISSION_PRESSURE_PROXY+STATISTICAL_HOTSPOT+CONNECTED_HOTSPOT_CLUSTER+TESTING_CENTER_GAP+NEIGHBOR_INFECTIOUS_PRESSURE+CENTER_EXPANSION_PENDING,DYNAMIC SPATIOTEMPORAL WATCH,SCENARIO-BASED; VERIFY WITH OFFICIAL SURVEILLANCE
2025-06,1206318000,South Cotabato,SANTO NIÑO,0.651889948940632,23.676850452687248,HOT_SPOT_95,1,13,82.70396261307098,CRITICAL,70.94616245638446,TRANSMISSION_PRESSURE_PROXY+STATISTICAL_HOTSPOT+CONNECTED_HOTSPOT_CLUSTER+TESTING_CENTER_GAP+CENTER_EXPANSION_PENDING,DYNAMIC SPATIOTEMPORAL WATCH,SCENARIO-BASED; VERIFY WITH OFFICIAL SURVEILLANCE
2025-06,1206306000,South Cotabato,KORONADAL,7.646407483862693,37.828251888872664,HOT_SPOT_99,1,13,82.43002402664162,CRITICAL,70.693056483152,TRANSMISSION_PRESSURE_PROXY+STATISTICAL_HOTSPOT+CONNECTED_HOTSPOT_CLUSTER+TESTING_CENTER_GAP+CENTER_EXPANSION_PENDING,DYNAMIC SPATIOTEMPORAL WATCH,SCENARIO-BASED; VERIFY WITH OFFICIAL SURVEILLANCE
2025-06,1206317000,South Cotabato,TUPI,1.2582529583827546,16.457091408983366,HOT_SPOT_99,1,13,79.58796840029785,HIGH,83.29272049627025,TRANSMISSION_PRESSURE_PROXY+STATISTICAL_HOTSPOT+CONNECTED_HOTSPOT_CLUSTER+TESTING_CENTER_GAP+NEIGHBOR_INFECTIOUS_PRESSURE+CENTER_EXPANSION_PENDING,DYNAMIC SPATIOTEMPORAL WATCH,SCENARIO-BASED; VERIFY WITH OFFICIAL SURVEILLANCE
2025-06,1206511000,Sultan Kudarat,TACURONG,2.428805158089529,25.366111828337136,HOT_SPOT_90,1,13,78.09807059365636,HIGH,70.62552804341318,TRANSMISSION_PRESSURE_PROXY+CONNECTED_HOTSPOT_CLUSTER+TESTING_CENTER_GAP+NEIGHBOR_INFECTIOUS_PRESSURE+CENTER_EXPANSION_PENDING,DYNAMIC SPATIOTEMPORAL WATCH,SCENARIO-BASED; VERIFY WITH OFFICIAL SURVEILLANCE
2025-06,1230800000,General Santos City,GENERAL SANTOS,20.651955366907483,25.878948307941364,NOT_SIGNIFICANT,0,0,76.39491247540096,HIGH,83.67267338793357,TRANSMISSION_PRESSURE_PROXY+TESTING_CENTER_GAP+CENTER_EXPANSION_PENDING,DYNAMIC SPATIOTEMPORAL WATCH,SCENARIO-BASED; VERIFY WITH OFFICIAL SURVEILLANCE
2025-06,1206312000,South Cotabato,POLOMOLOK,4.40081581619798,22.497326753616285,HOT_SPOT_90,1,13,75.5140307435332,HIGH,81.2525774700449,TRANSMISSION_PRESSURE_PROXY+CONNECTED_HOTSPOT_CLUSTER+TESTING_CENTER_GAP+CENTER_EXPANSION_PENDING,DYNAMIC SPATIOTEMPORAL WATCH,SCENARIO-BASED; VERIFY WITH OFFICIAL SURVEILLANCE
2025-06,1206314000,South Cotabato,TAMPAKAN,0.6873591213531967,17.727761316702427,HOT_SPOT_99,1,13,75.42084913730255,HIGH,69.72246849896302,TRANSMISSION_PRESSURE_PROXY+STATISTICAL_HOTSPOT+CONNECTED_HOTSPOT_CLUSTER+NEIGHBOR_INFECTIOUS_PRESSURE+CENTER_EXPANSION_PENDING,DYNAMIC SPATIOTEMPORAL WATCH,SCENARIO-BASED; VERIFY WITH OFFICIAL SURVEILLANCE
2025-06,1206302000,South Cotabato,BANGA,1.7871507974123462,20.647993376329097,HOT_SPOT_99,1,13,73.00028045151798,HIGH,62.41723738315501,TRANSMISSION_PRESSURE_PROXY+STATISTICAL_HOTSPOT+CONNECTED_HOTSPOT_CLUSTER+NEIGHBOR_INFECTIOUS_PRESSURE+CENTER_EXPANSION_PENDING,DYNAMIC SPATIOTEMPORAL WATCH,SCENARIO-BASED; VERIFY WITH OFFICIAL SURVEILLANCE
2025-06,1206507000,Sultan Kudarat,LUTAYAN,0.733748632095316,6.911467925777108,HOT_SPOT_95,1,13,60.35485870100937,MODERATE,63.82864876798787,STATISTICAL_HOTSPOT+CONNECTED_HOTSPOT_CLUSTER+NEIGHBOR_INFECTIOUS_PRESSURE,DYNAMIC SPATIOTEMPORAL WATCH,SCENARIO-BASED; VERIFY WITH OFFICIAL SURVEILLANCE
2025-06,1208007000,Sarangani,MALUNGON,1.872484985682361,14.306661881191902,HOT_SPOT_90,1,13,57.41614662556411,MODERATE,58.05414142714825,CONNECTED_HOTSPOT_CLUSTER+NEIGHBOR_INFECTIOUS_PRESSURE,DYNAMIC SPATIOTEMPORAL WATCH,SCENARIO-BASED; VERIFY WITH OFFICIAL SURVEILLANCE
2025-07,1206315000,South Cotabato,TANTANGAN,0.5052993403922703,21.941643856010483,HOT_SPOT_99,1,13,88.8339685444007,CRITICAL,76.55911824946597,TRANSMISSION_PRESSURE_PROXY+STATISTICAL_HOTSPOT+CONNECTED_HOTSPOT_CLUSTER+TESTING_CENTER_GAP+NEIGHBOR_INFECTIOUS_PRESSURE+CENTER_EXPANSION_PENDING,DYNAMIC SPATIOTEMPORAL WATCH,SCENARIO-BASED; VERIFY WITH OFFICIAL SURVEILLANCE
2025-07,1206314000,South Cotabato,TAMPAKAN,0.8199681588281457,19.633085375025104,HOT_SPOT_99,1,13,85.84343522440261,CRITICAL,74.37704727554413,TRANSMISSION_PRESSURE_PROXY+STATISTICAL_HOTSPOT+CONNECTED_HOTSPOT_CLUSTER+TESTING_CENTER_GAP+NEIGHBOR_INFECTIOUS_PRESSURE+CENTER_EXPANSION_PENDING,DYNAMIC SPATIOTEMPORAL WATCH,SCENARIO-BASED; VERIFY WITH OFFICIAL SURVEILLANCE
2025-07,1206311000,South Cotabato,NORALA,0.46052320783786194,16.69295182380053,HOT_SPOT_99,1,13,85.64445482896112,CRITICAL,73.18475046633591,TRANSMISSION_PRESSURE_PROXY+STATISTICAL_HOTSPOT+CONNECTED_HOTSPOT_CLUSTER+TESTING_CENTER_GAP+NEIGHBOR_INFECTIOUS_PRESSURE+CENTER_EXPANSION_PENDING,DYNAMIC SPATIOTEMPORAL WATCH,SCENARIO-BASED; VERIFY WITH OFFICIAL SURVEILLANCE
2025-07,1206511000,Sultan Kudarat,TACURONG,2.948280487062473,25.28330941113504,HOT_SPOT_90,1,13,85.40830838235314,CRITICAL,77.88010937977678,TRANSMISSION_PRESSURE_PROXY+CONNECTED_HOTSPOT_CLUSTER+TESTING_CENTER_GAP+NEIGHBOR_INFECTIOUS_PRESSURE+CENTER_EXPANSION_PENDING,DYNAMIC SPATIOTEMPORAL WATCH,SCENARIO-BASED; VERIFY WITH OFFICIAL SURVEILLANCE
2025-07,1206306000,South Cotabato,KORONADAL,6.134926744174729,37.832115044391244,HOT_SPOT_99,1,13,84.57449735018491,CRITICAL,72.15243537478503,TRANSMISSION_PRESSURE_PROXY+STATISTICAL_HOTSPOT+CONNECTED_HOTSPOT_CLUSTER+TESTING_CENTER_GAP+NEIGHBOR_INFECTIOUS_PRESSURE+CENTER_EXPANSION_PENDING,DYNAMIC SPATIOTEMPORAL WATCH,SCENARIO-BASED; VERIFY WITH OFFICIAL SURVEILLANCE
2025-07,1206318000,South Cotabato,SANTO NIÑO,0.41557036375919043,24.652489100586543,HOT_SPOT_95,1,13,83.38945436930108,CRITICAL,71.94256880258068,TRANSMISSION_PRESSURE_PROXY+STATISTICAL_HOTSPOT+CONNECTED_HOTSPOT_CLUSTER+TESTING_CENTER_GAP+CENTER_EXPANSION_PENDING,DYNAMIC SPATIOTEMPORAL WATCH,SCENARIO-BASED; VERIFY WITH OFFICIAL SURVEILLANCE
2025-07,1206317000,South Cotabato,TUPI,0.8046544068823654,16.195180328820562,HOT_SPOT_99,1,13,77.34668250694888,HIGH,81.17726365020486,TRANSMISSION_PRESSURE_PROXY+STATISTICAL_HOTSPOT+CONNECTED_HOTSPOT_CLUSTER+TESTING_CENTER_GAP+NEIGHBOR_INFECTIOUS_PRESSURE+CENTER_EXPANSION_PENDING,DYNAMIC SPATIOTEMPORAL WATCH,SCENARIO-BASED; VERIFY WITH OFFICIAL SURVEILLANCE
2025-07,1206312000,South Cotabato,POLOMOLOK,3.3627031892657415,22.112597905364087,HOT_SPOT_90,1,13,76.69009364799189,HIGH,80.66505403405034,TRANSMISSION_PRESSURE_PROXY+CONNECTED_HOTSPOT_CLUSTER+TESTING_CENTER_GAP+CENTER_EXPANSION_PENDING,DYNAMIC SPATIOTEMPORAL WATCH,SCENARIO-BASED; VERIFY WITH OFFICIAL SURVEILLANCE
2025-07,1206302000,South Cotabato,BANGA,1.2618265883721633,20.90788763288773,HOT_SPOT_99,1,13,72.69603251363681,HIGH,62.10119484786193,TRANSMISSION_PRESSURE_PROXY+STATISTICAL_HOTSPOT+CONNECTED_HOTSPOT_CLUSTER+NEIGHBOR_INFECTIOUS_PRESSURE+CENTER_EXPANSION_PENDING,DYNAMIC SPATIOTEMPORAL WATCH,SCENARIO-BASED; VERIFY WITH OFFICIAL SURVEILLANCE
2025-07,1206502000,Sultan Kudarat,COLUMBIO,0.5764878194042796,22.03474446664064,HOT_SPOT_95,1,13,72.49515374639056,HIGH,68.18461849586164,TRANSMISSION_PRESSURE_PROXY+STATISTICAL_HOTSPOT+CONNECTED_HOTSPOT_CLUSTER+NEIGHBOR_INFECTIOUS_PRESSURE+CENTER_EXPANSION_PENDING,DYNAMIC SPATIOTEMPORAL WATCH,SCENARIO-BASED; VERIFY WITH OFFICIAL SURVEILLANCE
2025-07,1230800000,General Santos City,GENERAL SANTOS,12.461228503146407,25.759449209354287,NOT_SIGNIFICANT,0,0,70.39472551764825,HIGH,78.0097593102538,TRANSMISSION_PRESSURE_PROXY+TESTING_CENTER_GAP+CENTER_EXPANSION_PENDING,DYNAMIC SPATIOTEMPORAL WATCH,SCENARIO-BASED; VERIFY WITH OFFICIAL SURVEILLANCE
2025-07,1208007000,Sarangani,MALUNGON,1.4250245209110703,14.682941760695751,HOT_SPOT_90,1,13,56.65401774763944,MODERATE,57.13361706443846,CONNECTED_HOTSPOT_CLUSTER+NEIGHBOR_INFECTIOUS_PRESSURE+CENTER_EXPANSION_PENDING,DYNAMIC SPATIOTEMPORAL WATCH,SCENARIO-BASED; VERIFY WITH OFFICIAL SURVEILLANCE
2025-07,1206507000,Sultan Kudarat,LUTAYAN,0.35901054774474994,7.447755754074606,HOT_SPOT_95,1,13,54.45880224841439,MODERATE,59.039188379021496,STATISTICAL_HOTSPOT+CONNECTED_HOTSPOT_CLUSTER+NEIGHBOR_INFECTIOUS_PRESSURE,DYNAMIC SPATIOTEMPORAL WATCH,SCENARIO-BASED; VERIFY WITH OFFICIAL SURVEILLANCE
2025-08,1206315000,South Cotabato,TANTANGAN,0.5518179940338319,23.039268646287788,HOT_SPOT_99,1,13,91.36566162301705,CRITICAL,79.21842203560459,TRANSMISSION_PRESSURE_PROXY+STATISTICAL_HOTSPOT+CONNECTED_HOTSPOT_CLUSTER+TESTING_CENTER_GAP+NEIGHBOR_INFECTIOUS_PRESSURE+CENTER_EXPANSION_PENDING,DYNAMIC SPATIOTEMPORAL WATCH,SCENARIO-BASED; VERIFY WITH OFFICIAL SURVEILLANCE
2025-08,1206311000,South Cotabato,NORALA,0.5178732867687719,17.728308736572835,HOT_SPOT_99,1,13,88.10624410803484,CRITICAL,76.10344498060012,TRANSMISSION_PRESSURE_PROXY+STATISTICAL_HOTSPOT+CONNECTED_HOTSPOT_CLUSTER+TESTING_CENTER_GAP+NEIGHBOR_INFECTIOUS_PRESSURE+CENTER_EXPANSION_PENDING,DYNAMIC SPATIOTEMPORAL WATCH,SCENARIO-BASED; VERIFY WITH OFFICIAL SURVEILLANCE
2025-08,1206318000,South Cotabato,SANTO NIÑO,0.4354352819028368,25.674415223672725,HOT_SPOT_95,1,13,84.9802939269613,CRITICAL,73.84362680987651,TRANSMISSION_PRESSURE_PROXY+STATISTICAL_HOTSPOT+CONNECTED_HOTSPOT_CLUSTER+TESTING_CENTER_GAP+CENTER_EXPANSION_PENDING,DYNAMIC SPATIOTEMPORAL WATCH,SCENARIO-BASED; VERIFY WITH OFFICIAL SURVEILLANCE
2025-08,1206306000,South Cotabato,KORONADAL,5.753015050633409,39.10804771188807,HOT_SPOT_99,1,13,84.01950539479839,CRITICAL,71.64937363451487,TRANSMISSION_PRESSURE_PROXY+STATISTICAL_HOTSPOT+CONNECTED_HOTSPOT_CLUSTER+TESTING_CENTER_GAP+NEIGHBOR_INFECTIOUS_PRESSURE+CENTER_EXPANSION_PENDING,DYNAMIC SPATIOTEMPORAL WATCH,SCENARIO-BASED; VERIFY WITH OFFICIAL SURVEILLANCE
2025-08,1206511000,Sultan Kudarat,TACURONG,2.3482268225458514,26.375718521242444,HOT_SPOT_90,1,13,81.42671139142723,CRITICAL,74.03870890632854,TRANSMISSION_PRESSURE_PROXY+CONNECTED_HOTSPOT_CLUSTER+TESTING_CENTER_GAP+NEIGHBOR_INFECTIOUS_PRESSURE+CENTER_EXPANSION_PENDING,DYNAMIC SPATIOTEMPORAL WATCH,SCENARIO-BASED; VERIFY WITH OFFICIAL SURVEILLANCE
2025-08,1206314000,South Cotabato,TAMPAKAN,0.5267585575839665,20.850730726608447,HOT_SPOT_99,1,13,79.94528213869322,HIGH,73.15980472128082,TRANSMISSION_PRESSURE_PROXY+STATISTICAL_HOTSPOT+CONNECTED_HOTSPOT_CLUSTER+TESTING_CENTER_GAP+NEIGHBOR_INFECTIOUS_PRESSURE+CENTER_EXPANSION_PENDING,DYNAMIC SPATIOTEMPORAL WATCH,SCENARIO-BASED; VERIFY WITH OFFICIAL SURVEILLANCE
2025-08,1206317000,South Cotabato,TUPI,0.81475312997377,17.20077032171563,HOT_SPOT_99,1,13,78.14281492332069,HIGH,82.87100880656745,TRANSMISSION_PRESSURE_PROXY+STATISTICAL_HOTSPOT+CONNECTED_HOTSPOT_CLUSTER+TESTING_CENTER_GAP+NEIGHBOR_INFECTIOUS_PRESSURE+CENTER_EXPANSION_PENDING,DYNAMIC SPATIOTEMPORAL WATCH,SCENARIO-BASED; VERIFY WITH OFFICIAL SURVEILLANCE
2025-08,1206312000,South Cotabato,POLOMOLOK,3.5088258119764513,23.479685682511466,HOT_SPOT_90,1,13,75.6589108996876,HIGH,80.75761059486786,TRANSMISSION_PRESSURE_PROXY+CONNECTED_HOTSPOT_CLUSTER+TESTING_CENTER_GAP+CENTER_EXPANSION_PENDING,DYNAMIC SPATIOTEMPORAL WATCH,SCENARIO-BASED; VERIFY WITH OFFICIAL SURVEILLANCE
2025-08,1206302000,South Cotabato,BANGA,1.2913078301234036,22.27561434022232,HOT_SPOT_99,1,13,73.8117923653493,HIGH,63.83834350025269,TRANSMISSION_PRESSURE_PROXY+STATISTICAL_HOTSPOT+CONNECTED_HOTSPOT_CLUSTER+NEIGHBOR_INFECTIOUS_PRESSURE+CENTER_EXPANSION_PENDING,DYNAMIC SPATIOTEMPORAL WATCH,SCENARIO-BASED; VERIFY WITH OFFICIAL SURVEILLANCE
2025-08,1230800000,General Santos City,GENERAL SANTOS,14.91216448743399,26.24382977682953,NOT_SIGNIFICANT,0,0,71.43363183542553,HIGH,78.76177864975269,TRANSMISSION_PRESSURE_PROXY+TESTING_CENTER_GAP+CENTER_EXPANSION_PENDING,DYNAMIC SPATIOTEMPORAL WATCH,SCENARIO-BASED; VERIFY WITH OFFICIAL SURVEILLANCE
2025-08,1206502000,Sultan Kudarat,COLUMBIO,0.3389760713113132,23.02698743500518,HOT_SPOT_95,1,13,71.34623476168505,HIGH,67.82662209033725,TRANSMISSION_PRESSURE_PROXY+STATISTICAL_HOTSPOT+CONNECTED_HOTSPOT_CLUSTER+NEIGHBOR_INFECTIOUS_PRESSURE+CENTER_EXPANSION_PENDING,DYNAMIC SPATIOTEMPORAL WATCH,SCENARIO-BASED; VERIFY WITH OFFICIAL SURVEILLANCE
2025-08,1208007000,Sarangani,MALUNGON,1.8427787200177868,15.439087632821286,HOT_SPOT_90,1,13,59.236502247608655,MODERATE,59.10588069599481,CONNECTED_HOTSPOT_CLUSTER+NEIGHBOR_INFECTIOUS_PRESSURE+CENTER_EXPANSION_PENDING,DYNAMIC SPATIOTEMPORAL WATCH,SCENARIO-BASED; VERIFY WITH OFFICIAL SURVEILLANCE
2025-08,1206507000,Sultan Kudarat,LUTAYAN,0.3326960156423896,7.943513407972922,HOT_SPOT_95,1,13,53.246407106726636,MODERATE,58.39609339848232,STATISTICAL_HOTSPOT+CONNECTED_HOTSPOT_CLUSTER+NEIGHBOR_INFECTIOUS_PRESSURE,DYNAMIC SPATIOTEMPORAL WATCH,SCENARIO-BASED; VERIFY WITH OFFICIAL SURVEILLANCE
2025-09,1206315000,South Cotabato,TANTANGAN,0.4861540931996518,24.00223097448658,HOT_SPOT_99,1,13,96.72096375973078,CRITICAL,84.34094800932563,TRANSMISSION_PRESSURE_PROXY+STATISTICAL_HOTSPOT+CONNECTED_HOTSPOT_CLUSTER+TESTING_CENTER_GAP+NEIGHBOR_INFECTIOUS_PRESSURE+CENTER_EXPANSION_PENDING,DYNAMIC SPATIOTEMPORAL WATCH,SCENARIO-BASED; VERIFY WITH OFFICIAL SURVEILLANCE
2025-09,1206318000,South Cotabato,SANTO NIÑO,0.47316533373225295,24.384770507172142,HOT_SPOT_95,1,13,91.61782659918518,CRITICAL,80.38696542386181,TRANSMISSION_PRESSURE_PROXY+STATISTICAL_HOTSPOT+CONNECTED_HOTSPOT_CLUSTER+TESTING_CENTER_GAP+CENTER_EXPANSION_PENDING,DYNAMIC SPATIOTEMPORAL WATCH,SCENARIO-BASED; VERIFY WITH OFFICIAL SURVEILLANCE
2025-09,1206311000,South Cotabato,NORALA,0.3500554512473558,18.421389570249502,HOT_SPOT_99,1,13,88.5155388200936,CRITICAL,76.70172113165718,TRANSMISSION_PRESSURE_PROXY+STATISTICAL_HOTSPOT+CONNECTED_HOTSPOT_CLUSTER+TESTING_CENTER_GAP+NEIGHBOR_INFECTIOUS_PRESSURE+CENTER_EXPANSION_PENDING,DYNAMIC SPATIOTEMPORAL WATCH,SCENARIO-BASED; VERIFY WITH OFFICIAL SURVEILLANCE
2025-09,1206306000,South Cotabato,KORONADAL,3.760731275016122,39.90176637528916,HOT_SPOT_99,1,13,83.88155847130517,CRITICAL,71.78574510001347,TRANSMISSION_PRESSURE_PROXY+STATISTICAL_HOTSPOT+CONNECTED_HOTSPOT_CLUSTER+TESTING_CENTER_GAP+NEIGHBOR_INFECTIOUS_PRESSURE+CENTER_EXPANSION_PENDING,DYNAMIC SPATIOTEMPORAL WATCH,SCENARIO-BASED; VERIFY WITH OFFICIAL SURVEILLANCE
2025-09,1206511000,Sultan Kudarat,TACURONG,1.4119956958215376,26.682653788502805,HOT_SPOT_90,1,13,80.87057877725634,CRITICAL,73.37124950980527,TRANSMISSION_PRESSURE_PROXY+CONNECTED_HOTSPOT_CLUSTER+TESTING_CENTER_GAP+NEIGHBOR_INFECTIOUS_PRESSURE+CENTER_EXPANSION_PENDING,DYNAMIC SPATIOTEMPORAL WATCH,SCENARIO-BASED; VERIFY WITH OFFICIAL SURVEILLANCE
2025-09,1206317000,South Cotabato,TUPI,0.4677736560844317,17.770131262079126,HOT_SPOT_99,1,13,76.81898090933392,HIGH,81.93865180097536,TRANSMISSION_PRESSURE_PROXY+STATISTICAL_HOTSPOT+CONNECTED_HOTSPOT_CLUSTER+TESTING_CENTER_GAP+NEIGHBOR_INFECTIOUS_PRESSURE+CENTER_EXPANSION_PENDING,DYNAMIC SPATIOTEMPORAL WATCH,SCENARIO-BASED; VERIFY WITH OFFICIAL SURVEILLANCE
2025-09,1206314000,South Cotabato,TAMPAKAN,0.29123005823974313,19.18173861313918,HOT_SPOT_99,1,13,76.4909266533376,HIGH,70.21302395202197,TRANSMISSION_PRESSURE_PROXY+STATISTICAL_HOTSPOT+CONNECTED_HOTSPOT_CLUSTER+TESTING_CENTER_GAP+NEIGHBOR_INFECTIOUS_PRESSURE+CENTER_EXPANSION_PENDING,DYNAMIC SPATIOTEMPORAL WATCH,SCENARIO-BASED; VERIFY WITH OFFICIAL SURVEILLANCE
2025-09,1206302000,South Cotabato,BANGA,0.8736936419189038,23.192191607050894,HOT_SPOT_99,1,13,74.50399177798025,HIGH,64.50578662166073,TRANSMISSION_PRESSURE_PROXY+STATISTICAL_HOTSPOT+CONNECTED_HOTSPOT_CLUSTER+NEIGHBOR_INFECTIOUS_PRESSURE+CENTER_EXPANSION_PENDING,DYNAMIC SPATIOTEMPORAL WATCH,SCENARIO-BASED; VERIFY WITH OFFICIAL SURVEILLANCE
2025-09,1206312000,South Cotabato,POLOMOLOK,1.8205612708498211,23.906460232430927,HOT_SPOT_95,1,13,71.89834007392221,HIGH,78.59322962851782,TRANSMISSION_PRESSURE_PROXY+STATISTICAL_HOTSPOT+CONNECTED_HOTSPOT_CLUSTER+TESTING_CENTER_GAP+CENTER_EXPANSION_PENDING,DYNAMIC SPATIOTEMPORAL WATCH,SCENARIO-BASED; VERIFY WITH OFFICIAL SURVEILLANCE
2025-09,1206502000,Sultan Kudarat,COLUMBIO,0.20234666328493572,23.612785976387286,HOT_SPOT_95,1,13,70.21910516704428,HIGH,67.22167398760529,TRANSMISSION_PRESSURE_PROXY+STATISTICAL_HOTSPOT+CONNECTED_HOTSPOT_CLUSTER+NEIGHBOR_INFECTIOUS_PRESSURE+CENTER_EXPANSION_PENDING,DYNAMIC SPATIOTEMPORAL WATCH,SCENARIO-BASED; VERIFY WITH OFFICIAL SURVEILLANCE
2025-09,1230800000,General Santos City,GENERAL SANTOS,8.092991733267326,26.48262240702154,NOT_SIGNIFICANT,0,0,68.48380081192195,HIGH,76.32766270213656,TRANSMISSION_PRESSURE_PROXY+TESTING_CENTER_GAP+CENTER_EXPANSION_PENDING,DYNAMIC SPATIOTEMPORAL WATCH,SCENARIO-BASED; VERIFY WITH OFFICIAL SURVEILLANCE
2025-09,1206507000,Sultan Kudarat,LUTAYAN,0.33704760101477177,8.445117567686143,HOT_SPOT_95,1,13,60.085352356011434,MODERATE,63.75713870108395,STATISTICAL_HOTSPOT+CONNECTED_HOTSPOT_CLUSTER+NEIGHBOR_INFECTIOUS_PRESSURE,DYNAMIC SPATIOTEMPORAL WATCH,SCENARIO-BASED; VERIFY WITH OFFICIAL SURVEILLANCE
2025-09,1206316000,South Cotabato,T'BOLI,0.7477078565798556,12.943405947185585,HOT_SPOT_95,1,13,44.79230096406513,LOW,49.846279728076865,STATISTICAL_HOTSPOT+CONNECTED_HOTSPOT_CLUSTER,DYNAMIC SPATIOTEMPORAL WATCH,SCENARIO-BASED; VERIFY WITH OFFICIAL SURVEILLANCE
2025-10,1206318000,South Cotabato,SANTO NIÑO,1.188237008026776,24.813416275850823,HOT_SPOT_95,1,13,91.47196640291574,CRITICAL,80.1977367760239,TRANSMISSION_PRESSURE_PROXY+STATISTICAL_HOTSPOT+CONNECTED_HOTSPOT_CLUSTER+TESTING_CENTER_GAP+CENTER_EXPANSION_PENDING,DYNAMIC SPATIOTEMPORAL WATCH,SCENARIO-BASED; VERIFY WITH OFFICIAL SURVEILLANCE
2025-10,1206311000,South Cotabato,NORALA,0.8549864093463985,18.10950826572259,HOT_SPOT_99,1,13,89.58483935804664,CRITICAL,77.96940190748724,TRANSMISSION_PRESSURE_PROXY+STATISTICAL_HOTSPOT+CONNECTED_HOTSPOT_CLUSTER+TESTING_CENTER_GAP+NEIGHBOR_INFECTIOUS_PRESSURE+CENTER_EXPANSION_PENDING,DYNAMIC SPATIOTEMPORAL WATCH,SCENARIO-BASED; VERIFY WITH OFFICIAL SURVEILLANCE
2025-10,1206315000,South Cotabato,TANTANGAN,0.6580995275552537,23.28679501732477,HOT_SPOT_99,1,13,88.66038114199092,CRITICAL,77.24655198415454,TRANSMISSION_PRESSURE_PROXY+STATISTICAL_HOTSPOT+CONNECTED_HOTSPOT_CLUSTER+TESTING_CENTER_GAP+NEIGHBOR_INFECTIOUS_PRESSURE+CENTER_EXPANSION_PENDING,DYNAMIC SPATIOTEMPORAL WATCH,SCENARIO-BASED; VERIFY WITH OFFICIAL SURVEILLANCE
2025-10,1206317000,South Cotabato,TUPI,1.6010528184637567,18.50566623444987,HOT_SPOT_99,1,13,87.5155934085958,CRITICAL,89.1693513505454,TRANSMISSION_PRESSURE_PROXY+STATISTICAL_HOTSPOT+CONNECTED_HOTSPOT_CLUSTER+TESTING_CENTER_GAP+NEIGHBOR_INFECTIOUS_PRESSURE+CENTER_EXPANSION_PENDING,DYNAMIC SPATIOTEMPORAL WATCH,SCENARIO-BASED; VERIFY WITH OFFICIAL SURVEILLANCE
2025-10,1206306000,South Cotabato,KORONADAL,7.3950312147274815,41.96998508106512,HOT_SPOT_99,1,13,82.94349578510824,CRITICAL,71.13968666957416,TRANSMISSION_PRESSURE_PROXY+STATISTICAL_HOTSPOT+CONNECTED_HOTSPOT_CLUSTER+TESTING_CENTER_GAP+CENTER_EXPANSION_PENDING,DYNAMIC SPATIOTEMPORAL WATCH,SCENARIO-BASED; VERIFY WITH OFFICIAL SURVEILLANCE
2025-10,1206511000,Sultan Kudarat,TACURONG,2.9709316776605372,27.457658902513142,HOT_SPOT_90,1,13,79.56688332821172,HIGH,72.42552352547823,TRANSMISSION_PRESSURE_PROXY+CONNECTED_HOTSPOT_CLUSTER+TESTING_CENTER_GAP+NEIGHBOR_INFECTIOUS_PRESSURE+CENTER_EXPANSION_PENDING,DYNAMIC SPATIOTEMPORAL WATCH,SCENARIO-BASED; VERIFY WITH OFFICIAL SURVEILLANCE
2025-10,1206302000,South Cotabato,BANGA,2.1241697325641375,24.37662614742414,HOT_SPOT_99,1,13,79.2244402080937,HIGH,66.68415317652084,TRANSMISSION_PRESSURE_PROXY+STATISTICAL_HOTSPOT+CONNECTED_HOTSPOT_CLUSTER+NEIGHBOR_INFECTIOUS_PRESSURE+CENTER_EXPANSION_PENDING,DYNAMIC SPATIOTEMPORAL WATCH,SCENARIO-BASED; VERIFY WITH OFFICIAL SURVEILLANCE
2025-10,1206314000,South Cotabato,TAMPAKAN,0.5735331460145235,20.507178533005984,HOT_SPOT_99,1,13,76.31760843599305,HIGH,70.13997957885404,TRANSMISSION_PRESSURE_PROXY+STATISTICAL_HOTSPOT+CONNECTED_HOTSPOT_CLUSTER+TESTING_CENTER_GAP+NEIGHBOR_INFECTIOUS_PRESSURE+CENTER_EXPANSION_PENDING,DYNAMIC SPATIOTEMPORAL WATCH,SCENARIO-BASED; VERIFY WITH OFFICIAL SURVEILLANCE
2025-10,1206312000,South Cotabato,POLOMOLOK,3.9859580904878724,24.979971615384176,HOT_SPOT_95,1,13,73.72524092210702,HIGH,79.24369528615102,TRANSMISSION_PRESSURE_PROXY+STATISTICAL_HOTSPOT+CONNECTED_HOTSPOT_CLUSTER+TESTING_CENTER_GAP+CENTER_EXPANSION_PENDING,DYNAMIC SPATIOTEMPORAL WATCH,SCENARIO-BASED; VERIFY WITH OFFICIAL SURVEILLANCE
2025-10,1230800000,General Santos City,GENERAL SANTOS,19.965338008627715,27.379405678283316,NOT_SIGNIFICANT,0,0,71.89164102945176,HIGH,79.01115203804747,TRANSMISSION_PRESSURE_PROXY+TESTING_CENTER_GAP+CENTER_EXPANSION_PENDING,DYNAMIC SPATIOTEMPORAL WATCH,SCENARIO-BASED; VERIFY WITH OFFICIAL SURVEILLANCE
2025-10,1206502000,Sultan Kudarat,COLUMBIO,0.39579867303193184,24.77099296215929,HOT_SPOT_95,1,13,70.38277704695393,HIGH,67.75454013898604,TRANSMISSION_PRESSURE_PROXY+STATISTICAL_HOTSPOT+CONNECTED_HOTSPOT_CLUSTER+NEIGHBOR_INFECTIOUS_PRESSURE+CENTER_EXPANSION_PENDING,DYNAMIC SPATIOTEMPORAL WATCH,SCENARIO-BASED; VERIFY WITH OFFICIAL SURVEILLANCE
2025-10,1206507000,Sultan Kudarat,LUTAYAN,0.7301081421220698,8.031742605353962,HOT_SPOT_95,1,13,61.86773735991436,MODERATE,64.7821598059466,STATISTICAL_HOTSPOT+CONNECTED_HOTSPOT_CLUSTER+NEIGHBOR_INFECTIOUS_PRESSURE+CENTER_EXPANSION_PENDING,DYNAMIC SPATIOTEMPORAL WATCH,SCENARIO-BASED; VERIFY WITH OFFICIAL SURVEILLANCE
2025-10,1208007000,Sarangani,MALUNGON,2.2297038687477224,17.332982068292512,HOT_SPOT_90,1,13,56.86484586382967,MODERATE,57.61759610466524,CONNECTED_HOTSPOT_CLUSTER+NEIGHBOR_INFECTIOUS_PRESSURE+CENTER_EXPANSION_PENDING,DYNAMIC SPATIOTEMPORAL WATCH,SCENARIO-BASED; VERIFY WITH OFFICIAL SURVEILLANCE
2025-10,1206316000,South Cotabato,T'BOLI,1.2004816146834842,14.058415179636283,HOT_SPOT_95,1,13,41.98860712816304,LOW,47.53456702846469,STATISTICAL_HOTSPOT+CONNECTED_HOTSPOT_CLUSTER,DYNAMIC SPATIOTEMPORAL WATCH,SCENARIO-BASED; VERIFY WITH OFFICIAL SURVEILLANCE
2025-11,1206315000,South Cotabato,TANTANGAN,1.9540952568064491,25.19577866270935,HOT_SPOT_99,1,14,97.50757805243529,CRITICAL,85.24651393546195,TRANSMISSION_PRESSURE_PROXY+STATISTICAL_HOTSPOT+CONNECTED_HOTSPOT_CLUSTER+TESTING_CENTER_GAP+NEIGHBOR_INFECTIOUS_PRESSURE+CENTER_EXPANSION_PENDING,DYNAMIC SPATIOTEMPORAL WATCH,SCENARIO-BASED; VERIFY WITH OFFICIAL SURVEILLANCE
2025-11,1206311000,South Cotabato,NORALA,1.6037417957185554,19.315897070660828,HOT_SPOT_99,1,14,92.53674392074949,CRITICAL,80.84685737014242,TRANSMISSION_PRESSURE_PROXY+STATISTICAL_HOTSPOT+CONNECTED_HOTSPOT_CLUSTER+TESTING_CENTER_GAP+NEIGHBOR_INFECTIOUS_PRESSURE+CENTER_EXPANSION_PENDING,DYNAMIC SPATIOTEMPORAL WATCH,SCENARIO-BASED; VERIFY WITH OFFICIAL SURVEILLANCE
2025-11,1206318000,South Cotabato,SANTO NIÑO,1.2725053657135525,25.443713368260674,HOT_SPOT_95,1,14,85.66054761092663,CRITICAL,74.71388418616408,TRANSMISSION_PRESSURE_PROXY+STATISTICAL_HOTSPOT+CONNECTED_HOTSPOT_CLUSTER+TESTING_CENTER_GAP+CENTER_EXPANSION_PENDING,DYNAMIC SPATIOTEMPORAL WATCH,SCENARIO-BASED; VERIFY WITH OFFICIAL SURVEILLANCE
2025-11,1206306000,South Cotabato,KORONADAL,10.147656307194335,43.43167090768502,HOT_SPOT_99,1,14,83.66905038107859,CRITICAL,71.87946989572956,TRANSMISSION_PRESSURE_PROXY+STATISTICAL_HOTSPOT+CONNECTED_HOTSPOT_CLUSTER+TESTING_CENTER_GAP+CENTER_EXPANSION_PENDING,DYNAMIC SPATIOTEMPORAL WATCH,SCENARIO-BASED; VERIFY WITH OFFICIAL SURVEILLANCE
2025-11,1206502000,Sultan Kudarat,COLUMBIO,0.9839384700261986,24.708008195004375,HOT_SPOT_95,1,14,82.88941684098751,CRITICAL,76.02445484627164,TRANSMISSION_PRESSURE_PROXY+STATISTICAL_HOTSPOT+CONNECTED_HOTSPOT_CLUSTER+TESTING_CENTER_GAP+NEIGHBOR_INFECTIOUS_PRESSURE+CENTER_EXPANSION_PENDING,DYNAMIC SPATIOTEMPORAL WATCH,SCENARIO-BASED; VERIFY WITH OFFICIAL SURVEILLANCE
2025-11,1206511000,Sultan Kudarat,TACURONG,3.3547664279134937,28.55229113781339,HOT_SPOT_90,1,14,79.28408688788818,HIGH,72.06479200427482,TRANSMISSION_PRESSURE_PROXY+CONNECTED_HOTSPOT_CLUSTER+TESTING_CENTER_GAP+NEIGHBOR_INFECTIOUS_PRESSURE+CENTER_EXPANSION_PENDING,DYNAMIC SPATIOTEMPORAL WATCH,SCENARIO-BASED; VERIFY WITH OFFICIAL SURVEILLANCE
2025-11,1206314000,South Cotabato,TAMPAKAN,0.72019470723541,22.172838327523962,HOT_SPOT_99,1,14,78.09548966420729,HIGH,72.45410812621236,TRANSMISSION_PRESSURE_PROXY+STATISTICAL_HOTSPOT+CONNECTED_HOTSPOT_CLUSTER+TESTING_CENTER_GAP+NEIGHBOR_INFECTIOUS_PRESSURE+CENTER_EXPANSION_PENDING,DYNAMIC SPATIOTEMPORAL WATCH,SCENARIO-BASED; VERIFY WITH OFFICIAL SURVEILLANCE
2025-11,1206312000,South Cotabato,POLOMOLOK,5.9036926981371325,26.560476499048015,HOT_SPOT_90,1,14,75.17649126159223,HIGH,80.4624735864725,TRANSMISSION_PRESSURE_PROXY+CONNECTED_HOTSPOT_CLUSTER+TESTING_CENTER_GAP+CENTER_EXPANSION_PENDING,DYNAMIC SPATIOTEMPORAL WATCH,SCENARIO-BASED; VERIFY WITH OFFICIAL SURVEILLANCE
2025-11,1206302000,South Cotabato,BANGA,2.4013756823192325,25.85671779936729,HOT_SPOT_99,1,14,74.52203969488814,HIGH,63.59564941075415,TRANSMISSION_PRESSURE_PROXY+STATISTICAL_HOTSPOT+CONNECTED_HOTSPOT_CLUSTER+NEIGHBOR_INFECTIOUS_PRESSURE+CENTER_EXPANSION_PENDING,DYNAMIC SPATIOTEMPORAL WATCH,SCENARIO-BASED; VERIFY WITH OFFICIAL SURVEILLANCE
2025-11,1206317000,South Cotabato,TUPI,1.256289693311266,18.80907025807925,HOT_SPOT_99,1,14,74.30672501837942,HIGH,80.29114105701316,TRANSMISSION_PRESSURE_PROXY+STATISTICAL_HOTSPOT+CONNECTED_HOTSPOT_CLUSTER+TESTING_CENTER_GAP+NEIGHBOR_INFECTIOUS_PRESSURE+CENTER_EXPANSION_PENDING,DYNAMIC SPATIOTEMPORAL WATCH,SCENARIO-BASED; VERIFY WITH OFFICIAL SURVEILLANCE
2025-11,1230800000,General Santos City,GENERAL SANTOS,25.251642873017264,26.966922451169573,HOT_SPOT_90,1,14,70.60133075719419,HIGH,77.44575485016875,TRANSMISSION_PRESSURE_PROXY+CONNECTED_HOTSPOT_CLUSTER+TESTING_CENTER_GAP+CENTER_EXPANSION_PENDING,DYNAMIC SPATIOTEMPORAL WATCH,SCENARIO-BASED; VERIFY WITH OFFICIAL SURVEILLANCE
2025-11,1206507000,Sultan Kudarat,LUTAYAN,1.2862617848433542,9.96139285563489,HOT_SPOT_95,1,14,65.5684424707514,HIGH,67.98053785299524,TRANSMISSION_PRESSURE_PROXY+STATISTICAL_HOTSPOT+CONNECTED_HOTSPOT_CLUSTER+NEIGHBOR_INFECTIOUS_PRESSURE+CENTER_EXPANSION_PENDING,DYNAMIC SPATIOTEMPORAL WATCH,SCENARIO-BASED; VERIFY WITH OFFICIAL SURVEILLANCE
2025-11,1206316000,South Cotabato,T'BOLI,1.7918869114699365,14.789415669775316,HOT_SPOT_95,1,14,43.8513800626907,LOW,49.09766945288361,STATISTICAL_HOTSPOT+CONNECTED_HOTSPOT_CLUSTER,DYNAMIC SPATIOTEMPORAL WATCH,SCENARIO-BASED; VERIFY WITH OFFICIAL SURVEILLANCE
2025-12,1206315000,South Cotabato,TANTANGAN,0.4147833200712117,23.98937248172164,HOT_SPOT_99,1,14,88.72242625881968,CRITICAL,76.74067894212831,TRANSMISSION_PRESSURE_PROXY+STATISTICAL_HOTSPOT+CONNECTED_HOTSPOT_CLUSTER+TESTING_CENTER_GAP+NEIGHBOR_INFECTIOUS_PRESSURE+CENTER_EXPANSION_PENDING,DYNAMIC SPATIOTEMPORAL WATCH,SCENARIO-BASED; VERIFY WITH OFFICIAL SURVEILLANCE
2025-12,1206306000,South Cotabato,KORONADAL,3.751525924449083,42.76937953849352,HOT_SPOT_99,1,14,86.62304346457107,CRITICAL,74.97549976595499,TRANSMISSION_PRESSURE_PROXY+STATISTICAL_HOTSPOT+CONNECTED_HOTSPOT_CLUSTER+TESTING_CENTER_GAP+CENTER_EXPANSION_PENDING,DYNAMIC SPATIOTEMPORAL WATCH,SCENARIO-BASED; VERIFY WITH OFFICIAL SURVEILLANCE
2025-12,1206511000,Sultan Kudarat,TACURONG,1.411329554283695,28.857839030976713,HOT_SPOT_90,1,14,85.42210879939675,CRITICAL,78.2015283233429,TRANSMISSION_PRESSURE_PROXY+CONNECTED_HOTSPOT_CLUSTER+TESTING_CENTER_GAP+NEIGHBOR_INFECTIOUS_PRESSURE+CENTER_EXPANSION_PENDING,DYNAMIC SPATIOTEMPORAL WATCH,SCENARIO-BASED; VERIFY WITH OFFICIAL SURVEILLANCE
2025-12,1206314000,South Cotabato,TAMPAKAN,0.2795208411416426,22.809358040135038,HOT_SPOT_99,1,14,84.99603716184284,CRITICAL,77.7339224464815,TRANSMISSION_PRESSURE_PROXY+STATISTICAL_HOTSPOT+CONNECTED_HOTSPOT_CLUSTER+TESTING_CENTER_GAP+NEIGHBOR_INFECTIOUS_PRESSURE+CENTER_EXPANSION_PENDING,DYNAMIC SPATIOTEMPORAL WATCH,SCENARIO-BASED; VERIFY WITH OFFICIAL SURVEILLANCE
2025-12,1206311000,South Cotabato,NORALA,0.3585684918782817,20.02385272383716,HOT_SPOT_99,1,14,84.56876637360405,CRITICAL,72.9755796969194,TRANSMISSION_PRESSURE_PROXY+STATISTICAL_HOTSPOT+CONNECTED_HOTSPOT_CLUSTER+TESTING_CENTER_GAP+NEIGHBOR_INFECTIOUS_PRESSURE+CENTER_EXPANSION_PENDING,DYNAMIC SPATIOTEMPORAL WATCH,SCENARIO-BASED; VERIFY WITH OFFICIAL SURVEILLANCE
2025-12,1206317000,South Cotabato,TUPI,0.6212578914034864,17.069408801220803,HOT_SPOT_99,1,14,84.2467636307043,CRITICAL,86.46055239792278,TRANSMISSION_PRESSURE_PROXY+STATISTICAL_HOTSPOT+CONNECTED_HOTSPOT_CLUSTER+TESTING_CENTER_GAP+CENTER_EXPANSION_PENDING,DYNAMIC SPATIOTEMPORAL WATCH,SCENARIO-BASED; VERIFY WITH OFFICIAL SURVEILLANCE
2025-12,1206318000,South Cotabato,SANTO NIÑO,0.36296438074153897,23.895426488456007,HOT_SPOT_95,1,14,80.62563964494794,CRITICAL,69.91488946906581,TRANSMISSION_PRESSURE_PROXY+STATISTICAL_HOTSPOT+CONNECTED_HOTSPOT_CLUSTER+CENTER_EXPANSION_PENDING,DYNAMIC SPATIOTEMPORAL WATCH,SCENARIO-BASED; VERIFY WITH OFFICIAL SURVEILLANCE
2025-12,1206312000,South Cotabato,POLOMOLOK,1.9436271957874225,26.498951443305668,HOT_SPOT_90,1,14,75.00575762810918,HIGH,81.13444406933677,TRANSMISSION_PRESSURE_PROXY+CONNECTED_HOTSPOT_CLUSTER+TESTING_CENTER_GAP+CENTER_EXPANSION_PENDING,DYNAMIC SPATIOTEMPORAL WATCH,SCENARIO-BASED; VERIFY WITH OFFICIAL SURVEILLANCE
2025-12,1206502000,Sultan Kudarat,COLUMBIO,0.2249053578406695,25.35822903932435,HOT_SPOT_95,1,14,73.41501820726413,HIGH,70.0685101309377,TRANSMISSION_PRESSURE_PROXY+STATISTICAL_HOTSPOT+CONNECTED_HOTSPOT_CLUSTER+TESTING_CENTER_GAP+NEIGHBOR_INFECTIOUS_PRESSURE+CENTER_EXPANSION_PENDING,DYNAMIC SPATIOTEMPORAL WATCH,SCENARIO-BASED; VERIFY WITH OFFICIAL SURVEILLANCE
2025-12,1206302000,South Cotabato,BANGA,0.7895814426360617,25.60641663969849,HOT_SPOT_99,1,14,73.20178390299678,HIGH,63.52857950128647,TRANSMISSION_PRESSURE_PROXY+STATISTICAL_HOTSPOT+CONNECTED_HOTSPOT_CLUSTER+NEIGHBOR_INFECTIOUS_PRESSURE+CENTER_EXPANSION_PENDING,DYNAMIC SPATIOTEMPORAL WATCH,SCENARIO-BASED; VERIFY WITH OFFICIAL SURVEILLANCE
2025-12,1230800000,General Santos City,GENERAL SANTOS,7.837610066984366,25.55960453034998,HOT_SPOT_90,1,14,69.56179550575706,HIGH,76.64892423424126,TRANSMISSION_PRESSURE_PROXY+CONNECTED_HOTSPOT_CLUSTER+TESTING_CENTER_GAP+CENTER_EXPANSION_PENDING,DYNAMIC SPATIOTEMPORAL WATCH,SCENARIO-BASED; VERIFY WITH OFFICIAL SURVEILLANCE
2025-12,1208007000,Sarangani,MALUNGON,0.9799116720455741,18.249436581775065,HOT_SPOT_90,1,14,59.34197088117909,MODERATE,61.778418048514965,CONNECTED_HOTSPOT_CLUSTER+NEIGHBOR_INFECTIOUS_PRESSURE+CENTER_EXPANSION_PENDING,DYNAMIC SPATIOTEMPORAL WATCH,SCENARIO-BASED; VERIFY WITH OFFICIAL SURVEILLANCE
2025-12,1206507000,Sultan Kudarat,LUTAYAN,0.2675019887333015,10.355829666875032,HOT_SPOT_95,1,14,53.99049797098856,MODERATE,59.27826598957536,STATISTICAL_HOTSPOT+CONNECTED_HOTSPOT_CLUSTER+NEIGHBOR_INFECTIOUS_PRESSURE+CENTER_EXPANSION_PENDING,DYNAMIC SPATIOTEMPORAL WATCH,SCENARIO-BASED; VERIFY WITH OFFICIAL SURVEILLANCE
2026-01,1206315000,South Cotabato,TANTANGAN,0.27158003411383536,23.939940886489527,HOT_SPOT_99,1,14,87.64682957287879,CRITICAL,75.75441393249359,TRANSMISSION_PRESSURE_PROXY+STATISTICAL_HOTSPOT+CONNECTED_HOTSPOT_CLUSTER+TESTING_CENTER_GAP+NEIGHBOR_INFECTIOUS_PRESSURE+CENTER_EXPANSION_PENDING,DYNAMIC SPATIOTEMPORAL WATCH,SCENARIO-BASED; VERIFY WITH OFFICIAL SURVEILLANCE
2026-01,1206314000,South Cotabato,TAMPAKAN,0.21168813208247111,22.74054056467801,HOT_SPOT_99,1,14,86.9356045959334,CRITICAL,78.43280471672135,TRANSMISSION_PRESSURE_PROXY+STATISTICAL_HOTSPOT+CONNECTED_HOTSPOT_CLUSTER+TESTING_CENTER_GAP+NEIGHBOR_INFECTIOUS_PRESSURE+CENTER_EXPANSION_PENDING,DYNAMIC SPATIOTEMPORAL WATCH,SCENARIO-BASED; VERIFY WITH OFFICIAL SURVEILLANCE
2026-01,1206311000,South Cotabato,NORALA,0.24197791543564687,19.9892939764746,HOT_SPOT_99,1,14,83.68418088166301,CRITICAL,72.17411543212381,TRANSMISSION_PRESSURE_PROXY+STATISTICAL_HOTSPOT+CONNECTED_HOTSPOT_CLUSTER+TESTING_CENTER_GAP+NEIGHBOR_INFECTIOUS_PRESSURE+CENTER_EXPANSION_PENDING,DYNAMIC SPATIOTEMPORAL WATCH,SCENARIO-BASED; VERIFY WITH OFFICIAL SURVEILLANCE
2026-01,1206306000,South Cotabato,KORONADAL,2.3010599752682293,42.59997225018237,HOT_SPOT_99,1,14,82.91766622326286,CRITICAL,71.40472285118565,TRANSMISSION_PRESSURE_PROXY+STATISTICAL_HOTSPOT+CONNECTED_HOTSPOT_CLUSTER+TESTING_CENTER_GAP+CENTER_EXPANSION_PENDING,DYNAMIC SPATIOTEMPORAL WATCH,SCENARIO-BASED; VERIFY WITH OFFICIAL SURVEILLANCE
2026-01,1206511000,Sultan Kudarat,TACURONG,0.8128257573658393,28.762833310742995,HOT_SPOT_90,1,14,80.49660565276004,CRITICAL,73.45202658689159,TRANSMISSION_PRESSURE_PROXY+CONNECTED_HOTSPOT_CLUSTER+TESTING_CENTER_GAP+NEIGHBOR_INFECTIOUS_PRESSURE+CENTER_EXPANSION_PENDING,DYNAMIC SPATIOTEMPORAL WATCH,SCENARIO-BASED; VERIFY WITH OFFICIAL SURVEILLANCE
2026-01,1206318000,South Cotabato,SANTO NIÑO,0.23064837854531284,23.852035603355432,HOT_SPOT_95,1,14,79.73153513524475,HIGH,69.09438058335913,TRANSMISSION_PRESSURE_PROXY+STATISTICAL_HOTSPOT+CONNECTED_HOTSPOT_CLUSTER+CENTER_EXPANSION_PENDING,DYNAMIC SPATIOTEMPORAL WATCH,SCENARIO-BASED; VERIFY WITH OFFICIAL SURVEILLANCE
2026-01,1206317000,South Cotabato,TUPI,0.29727317927250796,17.04425318256894,HOT_SPOT_99,1,14,73.1178961711153,HIGH,77.79069319421231,TRANSMISSION_PRESSURE_PROXY+STATISTICAL_HOTSPOT+CONNECTED_HOTSPOT_CLUSTER+TESTING_CENTER_GAP+CENTER_EXPANSION_PENDING,DYNAMIC SPATIOTEMPORAL WATCH,SCENARIO-BASED; VERIFY WITH OFFICIAL SURVEILLANCE
2026-01,1206302000,South Cotabato,BANGA,0.5360184977163779,25.482798626110807,HOT_SPOT_99,1,14,72.19161605983328,HIGH,62.57571123644288,TRANSMISSION_PRESSURE_PROXY+STATISTICAL_HOTSPOT+CONNECTED_HOTSPOT_CLUSTER+NEIGHBOR_INFECTIOUS_PRESSURE+CENTER_EXPANSION_PENDING,DYNAMIC SPATIOTEMPORAL WATCH,SCENARIO-BASED; VERIFY WITH OFFICIAL SURVEILLANCE
2026-01,1206312000,South Cotabato,POLOMOLOK,1.2223710046833174,26.399156999089545,HOT_SPOT_90,1,14,71.17808329410347,HIGH,77.92369035196594,TRANSMISSION_PRESSURE_PROXY+CONNECTED_HOTSPOT_CLUSTER+TESTING_CENTER_GAP+CENTER_EXPANSION_PENDING,DYNAMIC SPATIOTEMPORAL WATCH,SCENARIO-BASED; VERIFY WITH OFFICIAL SURVEILLANCE
2026-01,1206502000,Sultan Kudarat,COLUMBIO,0.13447994933222335,25.292187539291557,HOT_SPOT_95,1,14,70.68712453053224,HIGH,66.9270866083051,TRANSMISSION_PRESSURE_PROXY+STATISTICAL_HOTSPOT+CONNECTED_HOTSPOT_CLUSTER+NEIGHBOR_INFECTIOUS_PRESSURE+CENTER_EXPANSION_PENDING,DYNAMIC SPATIOTEMPORAL WATCH,SCENARIO-BASED; VERIFY WITH OFFICIAL SURVEILLANCE
2026-01,1230800000,General Santos City,GENERAL SANTOS,4.88040919026678,25.4716529259082,HOT_SPOT_90,1,14,66.44464880085786,HIGH,74.02636127040232,TRANSMISSION_PRESSURE_PROXY+CONNECTED_HOTSPOT_CLUSTER+TESTING_CENTER_GAP+CENTER_EXPANSION_PENDING,DYNAMIC SPATIOTEMPORAL WATCH,SCENARIO-BASED; VERIFY WITH OFFICIAL SURVEILLANCE
2026-01,1208007000,Sarangani,MALUNGON,0.6469123428310916,18.157042168223608,HOT_SPOT_90,1,14,55.47937479316499,MODERATE,58.68472554482179,CONNECTED_HOTSPOT_CLUSTER+NEIGHBOR_INFECTIOUS_PRESSURE+CENTER_EXPANSION_PENDING,DYNAMIC SPATIOTEMPORAL WATCH,SCENARIO-BASED; VERIFY WITH OFFICIAL SURVEILLANCE
2026-01,1206507000,Sultan Kudarat,LUTAYAN,0.1462043563101114,10.338442594879348,HOT_SPOT_95,1,14,54.01615413915134,MODERATE,59.246054031780986,STATISTICAL_HOTSPOT+CONNECTED_HOTSPOT_CLUSTER+NEIGHBOR_INFECTIOUS_PRESSURE+CENTER_EXPANSION_PENDING,DYNAMIC SPATIOTEMPORAL WATCH,SCENARIO-BASED; VERIFY WITH OFFICIAL SURVEILLANCE
2026-02,1206315000,South Cotabato,TANTANGAN,2.2685565150707694,23.663562667707815,HOT_SPOT_99,1,14,94.36168636039491,CRITICAL,82.40554913425434,TRANSMISSION_PRESSURE_PROXY+STATISTICAL_HOTSPOT+CONNECTED_HOTSPOT_CLUSTER+TESTING_CENTER_GAP+NEIGHBOR_INFECTIOUS_PRESSURE+CENTER_EXPANSION_PENDING,DYNAMIC SPATIOTEMPORAL WATCH,SCENARIO-BASED; VERIFY WITH OFFICIAL SURVEILLANCE
2026-02,1206511000,Sultan Kudarat,TACURONG,4.532334863517782,28.42325529408902,HOT_SPOT_90,1,14,83.92271831182441,CRITICAL,76.89584948199962,TRANSMISSION_PRESSURE_PROXY+CONNECTED_HOTSPOT_CLUSTER+TESTING_CENTER_GAP+NEIGHBOR_INFECTIOUS_PRESSURE+CENTER_EXPANSION_PENDING,DYNAMIC SPATIOTEMPORAL WATCH,SCENARIO-BASED; VERIFY WITH OFFICIAL SURVEILLANCE
2026-02,1206302000,South Cotabato,BANGA,3.932759720688356,25.058323740701578,HOT_SPOT_99,1,14,83.91539582375917,CRITICAL,69.34948496057545,TRANSMISSION_PRESSURE_PROXY+STATISTICAL_HOTSPOT+CONNECTED_HOTSPOT_CLUSTER+NEIGHBOR_INFECTIOUS_PRESSURE+CENTER_EXPANSION_PENDING,DYNAMIC SPATIOTEMPORAL WATCH,SCENARIO-BASED; VERIFY WITH OFFICIAL SURVEILLANCE
2026-02,1206311000,South Cotabato,NORALA,0.8786420298673449,19.861988334087133,HOT_SPOT_99,1,14,82.97784330858107,CRITICAL,71.97560922928983,TRANSMISSION_PRESSURE_PROXY+STATISTICAL_HOTSPOT+CONNECTED_HOTSPOT_CLUSTER+TESTING_CENTER_GAP+NEIGHBOR_INFECTIOUS_PRESSURE+CENTER_EXPANSION_PENDING,DYNAMIC SPATIOTEMPORAL WATCH,SCENARIO-BASED; VERIFY WITH OFFICIAL SURVEILLANCE
2026-02,1206314000,South Cotabato,TAMPAKAN,0.885950637242479,22.51763500498008,HOT_SPOT_99,1,14,82.91794877900443,CRITICAL,75.75287395181003,TRANSMISSION_PRESSURE_PROXY+STATISTICAL_HOTSPOT+CONNECTED_HOTSPOT_CLUSTER+TESTING_CENTER_GAP+NEIGHBOR_INFECTIOUS_PRESSURE+CENTER_EXPANSION_PENDING,DYNAMIC SPATIOTEMPORAL WATCH,SCENARIO-BASED; VERIFY WITH OFFICIAL SURVEILLANCE
2026-02,1206306000,South Cotabato,KORONADAL,9.749157616976499,42.073074513909134,HOT_SPOT_99,1,14,82.25631212625171,CRITICAL,70.79510632196755,TRANSMISSION_PRESSURE_PROXY+STATISTICAL_HOTSPOT+CONNECTED_HOTSPOT_CLUSTER+TESTING_CENTER_GAP+CENTER_EXPANSION_PENDING,DYNAMIC SPATIOTEMPORAL WATCH,SCENARIO-BASED; VERIFY WITH OFFICIAL SURVEILLANCE
2026-02,1206318000,South Cotabato,SANTO NIÑO,0.9077843127600591,23.673478707371004,HOT_SPOT_95,1,14,81.12596932571203,CRITICAL,70.54034572279605,TRANSMISSION_PRESSURE_PROXY+STATISTICAL_HOTSPOT+CONNECTED_HOTSPOT_CLUSTER+TESTING_CENTER_GAP+CENTER_EXPANSION_PENDING,DYNAMIC SPATIOTEMPORAL WATCH,SCENARIO-BASED; VERIFY WITH OFFICIAL SURVEILLANCE
2026-02,1206317000,South Cotabato,TUPI,1.374851731574684,16.895742783714834,HOT_SPOT_99,1,14,76.34995370892761,HIGH,81.10500100991858,TRANSMISSION_PRESSURE_PROXY+STATISTICAL_HOTSPOT+CONNECTED_HOTSPOT_CLUSTER+TESTING_CENTER_GAP+CENTER_EXPANSION_PENDING,DYNAMIC SPATIOTEMPORAL WATCH,SCENARIO-BASED; VERIFY WITH OFFICIAL SURVEILLANCE
2026-02,1206502000,Sultan Kudarat,COLUMBIO,0.588569658984977,25.07449705474603,HOT_SPOT_95,1,14,70.73943173515916,HIGH,67.62945281031759,TRANSMISSION_PRESSURE_PROXY+STATISTICAL_HOTSPOT+CONNECTED_HOTSPOT_CLUSTER+NEIGHBOR_INFECTIOUS_PRESSURE+CENTER_EXPANSION_PENDING,DYNAMIC SPATIOTEMPORAL WATCH,SCENARIO-BASED; VERIFY WITH OFFICIAL SURVEILLANCE
2026-02,1206312000,South Cotabato,POLOMOLOK,4.894901425440181,26.07672568492172,HOT_SPOT_90,1,14,69.27262584263227,HIGH,76.8261454898763,TRANSMISSION_PRESSURE_PROXY+CONNECTED_HOTSPOT_CLUSTER+TESTING_CENTER_GAP+CENTER_EXPANSION_PENDING,DYNAMIC SPATIOTEMPORAL WATCH,SCENARIO-BASED; VERIFY WITH OFFICIAL SURVEILLANCE
2026-02,1230800000,General Santos City,GENERAL SANTOS,22.611480557728658,25.191363272842384,HOT_SPOT_90,1,14,67.3821085111681,HIGH,75.64754473596652,TRANSMISSION_PRESSURE_PROXY+CONNECTED_HOTSPOT_CLUSTER+TESTING_CENTER_GAP+CENTER_EXPANSION_PENDING,DYNAMIC SPATIOTEMPORAL WATCH,SCENARIO-BASED; VERIFY WITH OFFICIAL SURVEILLANCE
2026-02,1206510000,Sultan Kudarat,PRESIDENT QUIRINO,1.8155701533399786,11.010878076054654,NOT_SIGNIFICANT,0,0,65.75474134217205,HIGH,58.603449758427615,TRANSMISSION_PRESSURE_PROXY+NEIGHBOR_INFECTIOUS_PRESSURE+CENTER_EXPANSION_PENDING,DYNAMIC SPATIOTEMPORAL WATCH,SCENARIO-BASED; VERIFY WITH OFFICIAL SURVEILLANCE
2026-02,1206507000,Sultan Kudarat,LUTAYAN,0.6006949451459389,10.255183640063441,HOT_SPOT_95,1,14,53.285659074828,MODERATE,59.13028670108288,STATISTICAL_HOTSPOT+CONNECTED_HOTSPOT_CLUSTER+NEIGHBOR_INFECTIOUS_PRESSURE+CENTER_EXPANSION_PENDING,DYNAMIC SPATIOTEMPORAL WATCH,SCENARIO-BASED; VERIFY WITH OFFICIAL SURVEILLANCE
2026-03,1206311000,South Cotabato,NORALA,2.6793289366626816,20.388280961876436,HOT_SPOT_99,1,13,88.18502394902899,CRITICAL,66.44098813465185,TRANSMISSION_PRESSURE_PROXY+STATISTICAL_HOTSPOT+CONNECTED_HOTSPOT_CLUSTER+NEIGHBOR_INFECTIOUS_PRESSURE,DYNAMIC SPATIOTEMPORAL WATCH,SCENARIO-BASED; VERIFY WITH OFFICIAL SURVEILLANCE
2026-03,1206314000,South Cotabato,TAMPAKAN,2.047496668725853,22.771470466143445,HOT_SPOT_99,1,13,85.43027993372047,CRITICAL,65.48022283840362,TRANSMISSION_PRESSURE_PROXY+STATISTICAL_HOTSPOT+CONNECTED_HOTSPOT_CLUSTER+NEIGHBOR_INFECTIOUS_PRESSURE,DYNAMIC SPATIOTEMPORAL WATCH,SCENARIO-BASED; VERIFY WITH OFFICIAL SURVEILLANCE
2026-03,1206318000,South Cotabato,SANTO NIÑO,2.6332109222055786,24.240382563510384,HOT_SPOT_95,1,13,84.399912030198,CRITICAL,65.15830849290586,TRANSMISSION_PRESSURE_PROXY+STATISTICAL_HOTSPOT+CONNECTED_HOTSPOT_CLUSTER,DYNAMIC SPATIOTEMPORAL WATCH,SCENARIO-BASED; VERIFY WITH OFFICIAL SURVEILLANCE
2026-03,1206315000,South Cotabato,TANTANGAN,2.14807031959948,24.25470399413776,HOT_SPOT_99,1,13,83.57556904332884,CRITICAL,61.75197706684263,TRANSMISSION_PRESSURE_PROXY+STATISTICAL_HOTSPOT+CONNECTED_HOTSPOT_CLUSTER+NEIGHBOR_INFECTIOUS_PRESSURE,DYNAMIC SPATIOTEMPORAL WATCH,SCENARIO-BASED; VERIFY WITH OFFICIAL SURVEILLANCE
2026-03,1206306000,South Cotabato,KORONADAL,12.724454467654962,41.0808634945083,HOT_SPOT_99,1,13,79.86313192428615,HIGH,65.21586553326728,TRANSMISSION_PRESSURE_PROXY+STATISTICAL_HOTSPOT+CONNECTED_HOTSPOT_CLUSTER,DYNAMIC SPATIOTEMPORAL WATCH,SCENARIO-BASED; VERIFY WITH OFFICIAL SURVEILLANCE
2026-03,1206511000,Sultan Kudarat,TACURONG,5.175309502012828,27.922022205257885,HOT_SPOT_90,1,13,77.51504393808129,HIGH,61.976123892968445,TRANSMISSION_PRESSURE_PROXY+CONNECTED_HOTSPOT_CLUSTER+NEIGHBOR_INFECTIOUS_PRESSURE,DYNAMIC SPATIOTEMPORAL WATCH,SCENARIO-BASED; VERIFY WITH OFFICIAL SURVEILLANCE
2026-03,1206317000,South Cotabato,TUPI,2.680605575085497,17.183249998232036,HOT_SPOT_99,1,13,76.8792552351668,HIGH,64.24658065442624,TRANSMISSION_PRESSURE_PROXY+STATISTICAL_HOTSPOT+CONNECTED_HOTSPOT_CLUSTER,DYNAMIC SPATIOTEMPORAL WATCH,SCENARIO-BASED; VERIFY WITH OFFICIAL SURVEILLANCE
2026-03,1206302000,South Cotabato,BANGA,3.522066220926105,24.39958075787948,HOT_SPOT_99,1,13,72.431788985893,HIGH,54.514459290906814,TRANSMISSION_PRESSURE_PROXY+STATISTICAL_HOTSPOT+CONNECTED_HOTSPOT_CLUSTER+NEIGHBOR_INFECTIOUS_PRESSURE,DYNAMIC SPATIOTEMPORAL WATCH,SCENARIO-BASED; VERIFY WITH OFFICIAL SURVEILLANCE
2026-03,1206312000,South Cotabato,POLOMOLOK,6.049613251369051,25.566119604929785,HOT_SPOT_90,1,13,69.28210455045372,HIGH,63.13190547120316,TRANSMISSION_PRESSURE_PROXY+CONNECTED_HOTSPOT_CLUSTER,DYNAMIC SPATIOTEMPORAL WATCH,SCENARIO-BASED; VERIFY WITH OFFICIAL SURVEILLANCE
2026-03,1206502000,Sultan Kudarat,COLUMBIO,0.9945556721998073,25.41928900260319,HOT_SPOT_95,1,13,68.1981729274098,HIGH,57.11832912166021,TRANSMISSION_PRESSURE_PROXY+STATISTICAL_HOTSPOT+CONNECTED_HOTSPOT_CLUSTER+NEIGHBOR_INFECTIOUS_PRESSURE,DYNAMIC SPATIOTEMPORAL WATCH,SCENARIO-BASED; VERIFY WITH OFFICIAL SURVEILLANCE
2026-03,1206507000,Sultan Kudarat,LUTAYAN,1.000600815632125,10.071627744909211,HOT_SPOT_95,1,13,58.934042475976945,MODERATE,66.16827742127458,STATISTICAL_HOTSPOT+CONNECTED_HOTSPOT_CLUSTER+NEIGHBOR_INFECTIOUS_PRESSURE+CENTER_EXPANSION_PENDING,DYNAMIC SPATIOTEMPORAL WATCH,SCENARIO-BASED; VERIFY WITH OFFICIAL SURVEILLANCE
2026-04,1206314000,South Cotabato,TAMPAKAN,2.309348341311013,22.809745166822193,HOT_SPOT_99,1,13,86.46796535746844,CRITICAL,64.58299459834768,TRANSMISSION_PRESSURE_PROXY+STATISTICAL_HOTSPOT+CONNECTED_HOTSPOT_CLUSTER+NEIGHBOR_INFECTIOUS_PRESSURE,DYNAMIC SPATIOTEMPORAL WATCH,SCENARIO-BASED; VERIFY WITH OFFICIAL SURVEILLANCE
2026-04,1206315000,South Cotabato,TANTANGAN,1.782787730958232,24.903029718329442,HOT_SPOT_99,1,13,84.35404246591274,CRITICAL,62.70259451960854,TRANSMISSION_PRESSURE_PROXY+STATISTICAL_HOTSPOT+CONNECTED_HOTSPOT_CLUSTER+NEIGHBOR_INFECTIOUS_PRESSURE,DYNAMIC SPATIOTEMPORAL WATCH,SCENARIO-BASED; VERIFY WITH OFFICIAL SURVEILLANCE
2026-04,1206311000,South Cotabato,NORALA,1.5546652104177172,21.29468548767048,HOT_SPOT_99,1,13,81.87737371557499,CRITICAL,60.63472844036975,TRANSMISSION_PRESSURE_PROXY+STATISTICAL_HOTSPOT+CONNECTED_HOTSPOT_CLUSTER+NEIGHBOR_INFECTIOUS_PRESSURE,DYNAMIC SPATIOTEMPORAL WATCH,SCENARIO-BASED; VERIFY WITH OFFICIAL SURVEILLANCE
2026-04,1206306000,South Cotabato,KORONADAL,10.195218871900627,40.229567187058876,HOT_SPOT_99,1,13,80.54908533016251,CRITICAL,65.84276262636648,TRANSMISSION_PRESSURE_PROXY+STATISTICAL_HOTSPOT+CONNECTED_HOTSPOT_CLUSTER,DYNAMIC SPATIOTEMPORAL WATCH,SCENARIO-BASED; VERIFY WITH OFFICIAL SURVEILLANCE
2026-04,1206511000,Sultan Kudarat,TACURONG,4.164809791662488,27.515649855256445,HOT_SPOT_90,1,13,78.72940544162903,HIGH,62.804912001813406,TRANSMISSION_PRESSURE_PROXY+CONNECTED_HOTSPOT_CLUSTER+NEIGHBOR_INFECTIOUS_PRESSURE,DYNAMIC SPATIOTEMPORAL WATCH,SCENARIO-BASED; VERIFY WITH OFFICIAL SURVEILLANCE
2026-04,1206318000,South Cotabato,SANTO NIÑO,1.5539071746225426,25.20828612441884,HOT_SPOT_95,1,13,78.28103412218084,HIGH,59.17365462754131,TRANSMISSION_PRESSURE_PROXY+STATISTICAL_HOTSPOT+CONNECTED_HOTSPOT_CLUSTER,DYNAMIC SPATIOTEMPORAL WATCH,SCENARIO-BASED; VERIFY WITH OFFICIAL SURVEILLANCE
2026-04,1206317000,South Cotabato,TUPI,2.255430550666798,17.539798790469877,HOT_SPOT_99,1,13,75.4990031286857,HIGH,64.15117045252356,TRANSMISSION_PRESSURE_PROXY+STATISTICAL_HOTSPOT+CONNECTED_HOTSPOT_CLUSTER,DYNAMIC SPATIOTEMPORAL WATCH,SCENARIO-BASED; VERIFY WITH OFFICIAL SURVEILLANCE
2026-04,1206502000,Sultan Kudarat,COLUMBIO,0.9859469423772896,25.7394874902519,HOT_SPOT_95,1,13,71.57908933512262,HIGH,59.50372547799404,TRANSMISSION_PRESSURE_PROXY+STATISTICAL_HOTSPOT+CONNECTED_HOTSPOT_CLUSTER+NEIGHBOR_INFECTIOUS_PRESSURE,DYNAMIC SPATIOTEMPORAL WATCH,SCENARIO-BASED; VERIFY WITH OFFICIAL SURVEILLANCE
2026-04,1206312000,South Cotabato,POLOMOLOK,5.394020527613114,25.100252809098958,HOT_SPOT_90,1,13,71.23149501041729,HIGH,64.87459934129484,TRANSMISSION_PRESSURE_PROXY+CONNECTED_HOTSPOT_CLUSTER,DYNAMIC SPATIOTEMPORAL WATCH,SCENARIO-BASED; VERIFY WITH OFFICIAL SURVEILLANCE
2026-04,1206302000,South Cotabato,BANGA,2.7501857072661773,23.85435864275512,HOT_SPOT_99,1,13,70.97997569984406,HIGH,53.93649732714786,TRANSMISSION_PRESSURE_PROXY+STATISTICAL_HOTSPOT+CONNECTED_HOTSPOT_CLUSTER+NEIGHBOR_INFECTIOUS_PRESSURE,DYNAMIC SPATIOTEMPORAL WATCH,SCENARIO-BASED; VERIFY WITH OFFICIAL SURVEILLANCE
2026-04,1206507000,Sultan Kudarat,LUTAYAN,0.6072266610623196,9.99061700381434,HOT_SPOT_95,1,13,54.2996462340186,MODERATE,63.27232875053126,STATISTICAL_HOTSPOT+CONNECTED_HOTSPOT_CLUSTER+NEIGHBOR_INFECTIOUS_PRESSURE+CENTER_EXPANSION_PENDING,DYNAMIC SPATIOTEMPORAL WATCH,SCENARIO-BASED; VERIFY WITH OFFICIAL SURVEILLANCE
2026-05,1206315000,South Cotabato,TANTANGAN,0.8192031917499095,25.350034238244902,HOT_SPOT_99,1,12,84.62474978043956,CRITICAL,63.126433686480226,TRANSMISSION_PRESSURE_PROXY+STATISTICAL_HOTSPOT+CONNECTED_HOTSPOT_CLUSTER+NEIGHBOR_INFECTIOUS_PRESSURE,DYNAMIC SPATIOTEMPORAL WATCH,SCENARIO-BASED; VERIFY WITH OFFICIAL SURVEILLANCE
2026-05,1206311000,South Cotabato,NORALA,0.6970231573729792,21.90112549693154,HOT_SPOT_99,1,12,81.44735499638037,CRITICAL,61.06578963918875,TRANSMISSION_PRESSURE_PROXY+STATISTICAL_HOTSPOT+CONNECTED_HOTSPOT_CLUSTER+NEIGHBOR_INFECTIOUS_PRESSURE,DYNAMIC SPATIOTEMPORAL WATCH,SCENARIO-BASED; VERIFY WITH OFFICIAL SURVEILLANCE
2026-05,1206318000,South Cotabato,SANTO NIÑO,0.7198794099819321,25.842994520739914,HOT_SPOT_95,1,12,78.5910338400452,HIGH,59.526344261766894,TRANSMISSION_PRESSURE_PROXY+STATISTICAL_HOTSPOT+CONNECTED_HOTSPOT_CLUSTER,DYNAMIC SPATIOTEMPORAL WATCH,SCENARIO-BASED; VERIFY WITH OFFICIAL SURVEILLANCE
2026-05,1206306000,South Cotabato,KORONADAL,3.726071243943766,39.88167383200865,HOT_SPOT_99,1,12,77.90023681404588,HIGH,63.45745038340576,TRANSMISSION_PRESSURE_PROXY+STATISTICAL_HOTSPOT+CONNECTED_HOTSPOT_CLUSTER,DYNAMIC SPATIOTEMPORAL WATCH,SCENARIO-BASED; VERIFY WITH OFFICIAL SURVEILLANCE
2026-05,1206511000,Sultan Kudarat,TACURONG,1.5089954608837404,27.38224088194638,HOT_SPOT_95,1,12,76.35516285349789,HIGH,60.312380839823035,TRANSMISSION_PRESSURE_PROXY+STATISTICAL_HOTSPOT+CONNECTED_HOTSPOT_CLUSTER+NEIGHBOR_INFECTIOUS_PRESSURE,DYNAMIC SPATIOTEMPORAL WATCH,SCENARIO-BASED; VERIFY WITH OFFICIAL SURVEILLANCE
2026-05,1206312000,South Cotabato,POLOMOLOK,2.649983262006805,24.83808241807852,HOT_SPOT_90,1,12,72.51999373482005,HIGH,66.53223020432115,TRANSMISSION_PRESSURE_PROXY+CONNECTED_HOTSPOT_CLUSTER,DYNAMIC SPATIOTEMPORAL WATCH,SCENARIO-BASED; VERIFY WITH OFFICIAL SURVEILLANCE
2026-05,1206317000,South Cotabato,TUPI,0.9043097327035646,17.82564384074211,HOT_SPOT_99,1,12,70.54823781760048,HIGH,61.86375839195503,TRANSMISSION_PRESSURE_PROXY+STATISTICAL_HOTSPOT+CONNECTED_HOTSPOT_CLUSTER,DYNAMIC SPATIOTEMPORAL WATCH,SCENARIO-BASED; VERIFY WITH OFFICIAL SURVEILLANCE
2026-05,1206314000,South Cotabato,TAMPAKAN,0.5953094941067731,23.10578487377038,HOT_SPOT_99,1,12,69.43228686652635,HIGH,55.65958303790522,TRANSMISSION_PRESSURE_PROXY+STATISTICAL_HOTSPOT+CONNECTED_HOTSPOT_CLUSTER+NEIGHBOR_INFECTIOUS_PRESSURE,DYNAMIC SPATIOTEMPORAL WATCH,SCENARIO-BASED; VERIFY WITH OFFICIAL SURVEILLANCE
2026-05,1206502000,Sultan Kudarat,COLUMBIO,0.43494201942979716,25.95575039087537,HOT_SPOT_95,1,12,69.1434797279062,HIGH,57.37834775615276,TRANSMISSION_PRESSURE_PROXY+STATISTICAL_HOTSPOT+CONNECTED_HOTSPOT_CLUSTER+NEIGHBOR_INFECTIOUS_PRESSURE,DYNAMIC SPATIOTEMPORAL WATCH,SCENARIO-BASED; VERIFY WITH OFFICIAL SURVEILLANCE
2026-05,1206302000,South Cotabato,BANGA,0.8946981936172647,23.641182186511546,HOT_SPOT_99,1,12,64.94659685685595,MODERATE,51.87019030604678,STATISTICAL_HOTSPOT+CONNECTED_HOTSPOT_CLUSTER+NEIGHBOR_INFECTIOUS_PRESSURE,DYNAMIC SPATIOTEMPORAL WATCH,SCENARIO-BASED; VERIFY WITH OFFICIAL SURVEILLANCE
2026-05,1206507000,Sultan Kudarat,LUTAYAN,0.25390042946404145,9.96850121663782,HOT_SPOT_95,1,12,53.99074073196124,MODERATE,63.81501616823664,STATISTICAL_HOTSPOT+CONNECTED_HOTSPOT_CLUSTER+NEIGHBOR_INFECTIOUS_PRESSURE+CENTER_EXPANSION_PENDING,DYNAMIC SPATIOTEMPORAL WATCH,SCENARIO-BASED; VERIFY WITH OFFICIAL SURVEILLANCE
2026-06,1206315000,South Cotabato,TANTANGAN,1.1561960841421517,26.162739695407634,HOT_SPOT_99,1,11,81.94671213705954,CRITICAL,61.31518003490309,TRANSMISSION_PRESSURE_PROXY+STATISTICAL_HOTSPOT+CONNECTED_HOTSPOT_CLUSTER+NEIGHBOR_INFECTIOUS_PRESSURE,DYNAMIC SPATIOTEMPORAL WATCH,SCENARIO-BASED; VERIFY WITH OFFICIAL SURVEILLANCE
2026-06,1206311000,South Cotabato,NORALA,1.1797572632035602,22.897576173462692,HOT_SPOT_99,1,11,80.96217061848613,CRITICAL,59.610195494959896,TRANSMISSION_PRESSURE_PROXY+STATISTICAL_HOTSPOT+CONNECTED_HOTSPOT_CLUSTER+NEIGHBOR_INFECTIOUS_PRESSURE,DYNAMIC SPATIOTEMPORAL WATCH,SCENARIO-BASED; VERIFY WITH OFFICIAL SURVEILLANCE
2026-06,1206306000,South Cotabato,KORONADAL,6.888375380484356,39.45653256634733,HOT_SPOT_99,1,11,78.58046280398555,HIGH,64.05852308709528,TRANSMISSION_PRESSURE_PROXY+STATISTICAL_HOTSPOT+CONNECTED_HOTSPOT_CLUSTER,DYNAMIC SPATIOTEMPORAL WATCH,SCENARIO-BASED; VERIFY WITH OFFICIAL SURVEILLANCE
2026-06,1206502000,Sultan Kudarat,COLUMBIO,2.78897666060532,25.50596514571448,HOT_SPOT_95,1,11,78.09439436101819,HIGH,59.37476929886856,TRANSMISSION_PRESSURE_PROXY+STATISTICAL_HOTSPOT+CONNECTED_HOTSPOT_CLUSTER+NEIGHBOR_INFECTIOUS_PRESSURE,DYNAMIC SPATIOTEMPORAL WATCH,SCENARIO-BASED; VERIFY WITH OFFICIAL SURVEILLANCE
2026-06,1206511000,Sultan Kudarat,TACURONG,2.3854902080973766,27.305413302909937,HOT_SPOT_95,1,11,76.22984067575855,HIGH,59.668405618635575,TRANSMISSION_PRESSURE_PROXY+STATISTICAL_HOTSPOT+CONNECTED_HOTSPOT_CLUSTER+NEIGHBOR_INFECTIOUS_PRESSURE,DYNAMIC SPATIOTEMPORAL WATCH,SCENARIO-BASED; VERIFY WITH OFFICIAL SURVEILLANCE
2026-06,1206318000,South Cotabato,SANTO NIÑO,1.1146767567517377,26.919091602292472,HOT_SPOT_95,1,11,75.09184247955663,HIGH,56.07788465458782,TRANSMISSION_PRESSURE_PROXY+STATISTICAL_HOTSPOT+CONNECTED_HOTSPOT_CLUSTER,DYNAMIC SPATIOTEMPORAL WATCH,SCENARIO-BASED; VERIFY WITH OFFICIAL SURVEILLANCE
2026-06,1206317000,South Cotabato,TUPI,1.6689204480131863,18.318112423974355,HOT_SPOT_99,1,11,70.14767142662853,HIGH,60.60721426888931,TRANSMISSION_PRESSURE_PROXY+STATISTICAL_HOTSPOT+CONNECTED_HOTSPOT_CLUSTER,DYNAMIC SPATIOTEMPORAL WATCH,SCENARIO-BASED; VERIFY WITH OFFICIAL SURVEILLANCE
2026-06,1230800000,General Santos City,GENERAL SANTOS,17.878650666290234,23.554273658152763,NOT_SIGNIFICANT,0,0,69.18342169833485,HIGH,76.46720356884548,TRANSMISSION_PRESSURE_PROXY+TESTING_CENTER_GAP,DYNAMIC SPATIOTEMPORAL WATCH,SCENARIO-BASED; VERIFY WITH OFFICIAL SURVEILLANCE
2026-06,1206312000,South Cotabato,POLOMOLOK,4.004313551032838,24.58834726996294,NOT_SIGNIFICANT,0,0,66.72827858430716,HIGH,62.81189072233069,TRANSMISSION_PRESSURE_PROXY,DYNAMIC SPATIOTEMPORAL WATCH,SCENARIO-BASED; VERIFY WITH OFFICIAL SURVEILLANCE
2026-06,1206314000,South Cotabato,TAMPAKAN,0.9654348343296022,23.735860907769933,HOT_SPOT_99,1,11,66.65550409947576,HIGH,54.017015384968985,TRANSMISSION_PRESSURE_PROXY+STATISTICAL_HOTSPOT+CONNECTED_HOTSPOT_CLUSTER+NEIGHBOR_INFECTIOUS_PRESSURE,DYNAMIC SPATIOTEMPORAL WATCH,SCENARIO-BASED; VERIFY WITH OFFICIAL SURVEILLANCE
2026-06,1206302000,South Cotabato,BANGA,1.5871629072075986,23.403379872411957,HOT_SPOT_99,1,11,65.58253109594843,HIGH,51.7524842439239,TRANSMISSION_PRESSURE_PROXY+STATISTICAL_HOTSPOT+CONNECTED_HOTSPOT_CLUSTER+NEIGHBOR_INFECTIOUS_PRESSURE,DYNAMIC SPATIOTEMPORAL WATCH,SCENARIO-BASED; VERIFY WITH OFFICIAL SURVEILLANCE
2026-06,1206507000,Sultan Kudarat,LUTAYAN,0.6919628451076597,9.89768663992047,HOT_SPOT_95,1,11,61.52240732541373,MODERATE,69.71904808298768,STATISTICAL_HOTSPOT+CONNECTED_HOTSPOT_CLUSTER+NEIGHBOR_INFECTIOUS_PRESSURE+CENTER_EXPANSION_PENDING,DYNAMIC SPATIOTEMPORAL WATCH,SCENARIO-BASED; VERIFY WITH OFFICIAL SURVEILLANCE
2026-07,1206511000,Sultan Kudarat,TACURONG,2.7901228007163197,27.134502788153853,HOT_SPOT_95,1,11,85.84911408787192,CRITICAL,68.8608401845094,TRANSMISSION_PRESSURE_PROXY+STATISTICAL_HOTSPOT+CONNECTED_HOTSPOT_CLUSTER+NEIGHBOR_INFECTIOUS_PRESSURE,DYNAMIC SPATIOTEMPORAL WATCH,SCENARIO-BASED; VERIFY WITH OFFICIAL SURVEILLANCE
2026-07,1206311000,South Cotabato,NORALA,0.8611519816831623,23.679917255743387,HOT_SPOT_99,1,11,84.2134920176676,CRITICAL,63.29180677212557,TRANSMISSION_PRESSURE_PROXY+STATISTICAL_HOTSPOT+CONNECTED_HOTSPOT_CLUSTER+NEIGHBOR_INFECTIOUS_PRESSURE,DYNAMIC SPATIOTEMPORAL WATCH,SCENARIO-BASED; VERIFY WITH OFFICIAL SURVEILLANCE
2026-07,1206315000,South Cotabato,TANTANGAN,0.856376755323436,26.84151639720281,HOT_SPOT_99,1,11,82.83469407498266,CRITICAL,62.40897818070658,TRANSMISSION_PRESSURE_PROXY+STATISTICAL_HOTSPOT+CONNECTED_HOTSPOT_CLUSTER+NEIGHBOR_INFECTIOUS_PRESSURE,DYNAMIC SPATIOTEMPORAL WATCH,SCENARIO-BASED; VERIFY WITH OFFICIAL SURVEILLANCE
2026-07,1206306000,South Cotabato,KORONADAL,5.53980276499769,39.11123425497428,HOT_SPOT_99,1,11,81.36946460380656,CRITICAL,66.80169305162757,TRANSMISSION_PRESSURE_PROXY+STATISTICAL_HOTSPOT+CONNECTED_HOTSPOT_CLUSTER,DYNAMIC SPATIOTEMPORAL WATCH,SCENARIO-BASED; VERIFY WITH OFFICIAL SURVEILLANCE
2026-07,1206318000,South Cotabato,SANTO NIÑO,0.7877063514524091,27.77771072174483,HOT_SPOT_95,1,11,77.2786888315553,HIGH,58.22213384420189,TRANSMISSION_PRESSURE_PROXY+STATISTICAL_HOTSPOT+CONNECTED_HOTSPOT_CLUSTER,DYNAMIC SPATIOTEMPORAL WATCH,SCENARIO-BASED; VERIFY WITH OFFICIAL SURVEILLANCE
2026-07,1206314000,South Cotabato,TAMPAKAN,0.9962521512192841,24.12900009683444,HOT_SPOT_99,1,11,76.75810510406075,HIGH,58.23471903712736,TRANSMISSION_PRESSURE_PROXY+STATISTICAL_HOTSPOT+CONNECTED_HOTSPOT_CLUSTER+NEIGHBOR_INFECTIOUS_PRESSURE,DYNAMIC SPATIOTEMPORAL WATCH,SCENARIO-BASED; VERIFY WITH OFFICIAL SURVEILLANCE
2026-07,1206317000,South Cotabato,TUPI,1.1379659406727602,18.713763374842046,HOT_SPOT_99,1,11,68.93369438200017,HIGH,60.32640711143013,TRANSMISSION_PRESSURE_PROXY+STATISTICAL_HOTSPOT+CONNECTED_HOTSPOT_CLUSTER,DYNAMIC SPATIOTEMPORAL WATCH,SCENARIO-BASED; VERIFY WITH OFFICIAL SURVEILLANCE
2026-07,1206312000,South Cotabato,POLOMOLOK,3.073493186367819,24.398483439824368,NOT_SIGNIFICANT,0,0,68.81102478488474,HIGH,63.38335139566003,TRANSMISSION_PRESSURE_PROXY,DYNAMIC SPATIOTEMPORAL WATCH,SCENARIO-BASED; VERIFY WITH OFFICIAL SURVEILLANCE
2026-07,1206302000,South Cotabato,BANGA,1.1077989225121998,23.215205816571878,HOT_SPOT_99,1,11,66.29781375860463,HIGH,52.77995289694444,TRANSMISSION_PRESSURE_PROXY+STATISTICAL_HOTSPOT+CONNECTED_HOTSPOT_CLUSTER+NEIGHBOR_INFECTIOUS_PRESSURE,DYNAMIC SPATIOTEMPORAL WATCH,SCENARIO-BASED; VERIFY WITH OFFICIAL SURVEILLANCE
2026-07,1206502000,Sultan Kudarat,COLUMBIO,0.6400151163724833,25.677747272372418,HOT_SPOT_95,1,11,58.61138465943504,MODERATE,49.1595057696626,STATISTICAL_HOTSPOT+CONNECTED_HOTSPOT_CLUSTER+NEIGHBOR_INFECTIOUS_PRESSURE,DYNAMIC SPATIOTEMPORAL WATCH,SCENARIO-BASED; VERIFY WITH OFFICIAL SURVEILLANCE
2026-07,1206507000,Sultan Kudarat,LUTAYAN,0.536961177992355,10.155630401162409,HOT_SPOT_95,1,11,56.7842008606414,MODERATE,49.41485298732347,STATISTICAL_HOTSPOT+CONNECTED_HOTSPOT_CLUSTER+NEIGHBOR_INFECTIOUS_PRESSURE,DYNAMIC SPATIOTEMPORAL WATCH,SCENARIO-BASED; VERIFY WITH OFFICIAL SURVEILLANCE
2026-08,1206311000,South Cotabato,NORALA,0.9493149345514246,24.52309402777991,HOT_SPOT_99,1,10,85.74297331623615,CRITICAL,64.16840906413995,TRANSMISSION_PRESSURE_PROXY+STATISTICAL_HOTSPOT+CONNECTED_HOTSPOT_CLUSTER+NEIGHBOR_INFECTIOUS_PRESSURE,DYNAMIC SPATIOTEMPORAL WATCH,SCENARIO-BASED; VERIFY WITH OFFICIAL SURVEILLANCE
2026-08,1206315000,South Cotabato,TANTANGAN,0.9310078453122137,27.575898888031706,HOT_SPOT_99,1,10,85.12146863236389,CRITICAL,63.478500081177856,TRANSMISSION_PRESSURE_PROXY+STATISTICAL_HOTSPOT+CONNECTED_HOTSPOT_CLUSTER+NEIGHBOR_INFECTIOUS_PRESSURE,DYNAMIC SPATIOTEMPORAL WATCH,SCENARIO-BASED; VERIFY WITH OFFICIAL SURVEILLANCE
2026-08,1206511000,Sultan Kudarat,TACURONG,2.2856570155716547,27.04406254494902,HOT_SPOT_95,1,10,81.20701877658146,CRITICAL,63.805236224415125,TRANSMISSION_PRESSURE_PROXY+STATISTICAL_HOTSPOT+CONNECTED_HOTSPOT_CLUSTER+NEIGHBOR_INFECTIOUS_PRESSURE,DYNAMIC SPATIOTEMPORAL WATCH,SCENARIO-BASED; VERIFY WITH OFFICIAL SURVEILLANCE
2026-08,1206306000,South Cotabato,KORONADAL,5.324553912299759,38.84817495896182,HOT_SPOT_99,1,10,80.44306777909443,CRITICAL,65.77212242572529,TRANSMISSION_PRESSURE_PROXY+STATISTICAL_HOTSPOT+CONNECTED_HOTSPOT_CLUSTER,DYNAMIC SPATIOTEMPORAL WATCH,SCENARIO-BASED; VERIFY WITH OFFICIAL SURVEILLANCE
2026-08,1206318000,South Cotabato,SANTO NIÑO,0.8399010907052078,28.712027958600228,HOT_SPOT_99,1,10,78.23617160316103,HIGH,59.0818728666887,TRANSMISSION_PRESSURE_PROXY+STATISTICAL_HOTSPOT+CONNECTED_HOTSPOT_CLUSTER,DYNAMIC SPATIOTEMPORAL WATCH,SCENARIO-BASED; VERIFY WITH OFFICIAL SURVEILLANCE
2026-08,1206317000,South Cotabato,TUPI,1.1855925470871955,19.155516254699393,HOT_SPOT_99,1,10,70.13932792462897,HIGH,60.91031930642474,TRANSMISSION_PRESSURE_PROXY+STATISTICAL_HOTSPOT+CONNECTED_HOTSPOT_CLUSTER,DYNAMIC SPATIOTEMPORAL WATCH,SCENARIO-BASED; VERIFY WITH OFFICIAL SURVEILLANCE
2026-08,1206314000,South Cotabato,TAMPAKAN,0.747407846629447,24.624462684283262,HOT_SPOT_99,1,10,69.98547802798628,HIGH,56.350192660861715,TRANSMISSION_PRESSURE_PROXY+STATISTICAL_HOTSPOT+CONNECTED_HOTSPOT_CLUSTER+NEIGHBOR_INFECTIOUS_PRESSURE,DYNAMIC SPATIOTEMPORAL WATCH,SCENARIO-BASED; VERIFY WITH OFFICIAL SURVEILLANCE
2026-08,1206312000,South Cotabato,POLOMOLOK,3.2877507286903516,24.247246941158853,NOT_SIGNIFICANT,0,0,68.63258478449352,HIGH,63.054738844615486,TRANSMISSION_PRESSURE_PROXY,DYNAMIC SPATIOTEMPORAL WATCH,SCENARIO-BASED; VERIFY WITH OFFICIAL SURVEILLANCE
2026-08,1206302000,South Cotabato,BANGA,1.15344791872514,23.045103521703652,HOT_SPOT_99,1,10,68.22020713174018,HIGH,54.40293867581613,TRANSMISSION_PRESSURE_PROXY+STATISTICAL_HOTSPOT+CONNECTED_HOTSPOT_CLUSTER+NEIGHBOR_INFECTIOUS_PRESSURE,DYNAMIC SPATIOTEMPORAL WATCH,SCENARIO-BASED; VERIFY WITH OFFICIAL SURVEILLANCE
2026-08,1206502000,Sultan Kudarat,COLUMBIO,0.4608509183822936,26.021093118023757,HOT_SPOT_95,1,10,58.1866719903109,MODERATE,48.4824265026442,STATISTICAL_HOTSPOT+CONNECTED_HOTSPOT_CLUSTER+NEIGHBOR_INFECTIOUS_PRESSURE,DYNAMIC SPATIOTEMPORAL WATCH,SCENARIO-BASED; VERIFY WITH OFFICIAL SURVEILLANCE
2026-08,1206507000,Sultan Kudarat,LUTAYAN,0.5608279279838116,10.488235851702846,HOT_SPOT_95,1,10,53.28101418023792,MODERATE,45.68909277058456,STATISTICAL_HOTSPOT+CONNECTED_HOTSPOT_CLUSTER+NEIGHBOR_INFECTIOUS_PRESSURE,DYNAMIC SPATIOTEMPORAL WATCH,SCENARIO-BASED; VERIFY WITH OFFICIAL SURVEILLANCE
2026-09,1206315000,South Cotabato,TANTANGAN,0.7588305761850385,28.096162896513835,HOT_SPOT_99,1,10,89.46245689351419,CRITICAL,67.27923294521918,TRANSMISSION_PRESSURE_PROXY+STATISTICAL_HOTSPOT+CONNECTED_HOTSPOT_CLUSTER+NEIGHBOR_INFECTIOUS_PRESSURE,DYNAMIC SPATIOTEMPORAL WATCH,SCENARIO-BASED; VERIFY WITH OFFICIAL SURVEILLANCE
2026-09,1206311000,South Cotabato,NORALA,0.6614773654251409,25.124491816353274,HOT_SPOT_99,1,10,86.33106464131075,CRITICAL,64.62378012205386,TRANSMISSION_PRESSURE_PROXY+STATISTICAL_HOTSPOT+CONNECTED_HOTSPOT_CLUSTER+NEIGHBOR_INFECTIOUS_PRESSURE,DYNAMIC SPATIOTEMPORAL WATCH,SCENARIO-BASED; VERIFY WITH OFFICIAL SURVEILLANCE
2026-09,1206318000,South Cotabato,SANTO NIÑO,0.7553503089371801,29.35507378151743,HOT_SPOT_99,1,10,84.112500638795,CRITICAL,64.80391636243073,TRANSMISSION_PRESSURE_PROXY+STATISTICAL_HOTSPOT+CONNECTED_HOTSPOT_CLUSTER,DYNAMIC SPATIOTEMPORAL WATCH,SCENARIO-BASED; VERIFY WITH OFFICIAL SURVEILLANCE
2026-09,1206306000,South Cotabato,KORONADAL,3.506237396510782,38.670988531136416,HOT_SPOT_99,1,10,79.5871661911649,HIGH,64.89359256212282,TRANSMISSION_PRESSURE_PROXY+STATISTICAL_HOTSPOT+CONNECTED_HOTSPOT_CLUSTER,DYNAMIC SPATIOTEMPORAL WATCH,SCENARIO-BASED; VERIFY WITH OFFICIAL SURVEILLANCE
2026-09,1206511000,Sultan Kudarat,TACURONG,1.403125599262821,26.99963125632737,HOT_SPOT_95,1,10,79.5379075801944,HIGH,61.86119980312162,TRANSMISSION_PRESSURE_PROXY+STATISTICAL_HOTSPOT+CONNECTED_HOTSPOT_CLUSTER+NEIGHBOR_INFECTIOUS_PRESSURE,DYNAMIC SPATIOTEMPORAL WATCH,SCENARIO-BASED; VERIFY WITH OFFICIAL SURVEILLANCE
2026-09,1206317000,South Cotabato,TUPI,0.7478921750383258,19.484535711338157,HOT_SPOT_99,1,10,68.33640998229316,HIGH,59.854367374530284,TRANSMISSION_PRESSURE_PROXY+STATISTICAL_HOTSPOT+CONNECTED_HOTSPOT_CLUSTER,DYNAMIC SPATIOTEMPORAL WATCH,SCENARIO-BASED; VERIFY WITH OFFICIAL SURVEILLANCE
2026-09,1206302000,South Cotabato,BANGA,0.7772090884952823,22.91994376674328,HOT_SPOT_99,1,10,67.24845594198014,HIGH,53.92426408466471,TRANSMISSION_PRESSURE_PROXY+STATISTICAL_HOTSPOT+CONNECTED_HOTSPOT_CLUSTER+NEIGHBOR_INFECTIOUS_PRESSURE,DYNAMIC SPATIOTEMPORAL WATCH,SCENARIO-BASED; VERIFY WITH OFFICIAL SURVEILLANCE
2026-09,1206314000,South Cotabato,TAMPAKAN,0.4528353237091903,24.98251211893291,HOT_SPOT_99,1,10,66.99393536355531,HIGH,54.268181780762156,TRANSMISSION_PRESSURE_PROXY+STATISTICAL_HOTSPOT+CONNECTED_HOTSPOT_CLUSTER+NEIGHBOR_INFECTIOUS_PRESSURE,DYNAMIC SPATIOTEMPORAL WATCH,SCENARIO-BASED; VERIFY WITH OFFICIAL SURVEILLANCE
2026-09,1206507000,Sultan Kudarat,LUTAYAN,0.49901315905615834,10.721660207496742,HOT_SPOT_95,1,10,58.22369768167655,MODERATE,49.41770325587787,STATISTICAL_HOTSPOT+CONNECTED_HOTSPOT_CLUSTER+NEIGHBOR_INFECTIOUS_PRESSURE,DYNAMIC SPATIOTEMPORAL WATCH,SCENARIO-BASED; VERIFY WITH OFFICIAL SURVEILLANCE
2026-09,1206502000,Sultan Kudarat,COLUMBIO,0.29578476066709714,26.280234165911974,HOT_SPOT_95,1,10,57.219306678978874,MODERATE,47.97960608567881,STATISTICAL_HOTSPOT+CONNECTED_HOTSPOT_CLUSTER+NEIGHBOR_INFECTIOUS_PRESSURE,DYNAMIC SPATIOTEMPORAL WATCH,SCENARIO-BASED; VERIFY WITH OFFICIAL SURVEILLANCE
2026-10,1206311000,South Cotabato,NORALA,1.4015657626020228,26.196906714180518,HOT_SPOT_99,1,10,87.52739594124756,CRITICAL,65.47671074389721,TRANSMISSION_PRESSURE_PROXY+STATISTICAL_HOTSPOT+CONNECTED_HOTSPOT_CLUSTER+NEIGHBOR_INFECTIOUS_PRESSURE,DYNAMIC SPATIOTEMPORAL WATCH,SCENARIO-BASED; VERIFY WITH OFFICIAL SURVEILLANCE
2026-10,1206318000,South Cotabato,SANTO NIÑO,1.6773048717994465,30.488340657860633,HOT_SPOT_99,1,10,84.04094150056261,CRITICAL,64.75014451087563,TRANSMISSION_PRESSURE_PROXY+STATISTICAL_HOTSPOT+CONNECTED_HOTSPOT_CLUSTER,DYNAMIC SPATIOTEMPORAL WATCH,SCENARIO-BASED; VERIFY WITH OFFICIAL SURVEILLANCE
2026-10,1206315000,South Cotabato,TANTANGAN,1.131474975932922,29.01806408547484,HOT_SPOT_99,1,10,82.23872709264803,CRITICAL,61.625107312560004,TRANSMISSION_PRESSURE_PROXY+STATISTICAL_HOTSPOT+CONNECTED_HOTSPOT_CLUSTER+NEIGHBOR_INFECTIOUS_PRESSURE,DYNAMIC SPATIOTEMPORAL WATCH,SCENARIO-BASED; VERIFY WITH OFFICIAL SURVEILLANCE
2026-10,1206511000,Sultan Kudarat,TACURONG,3.061902456659043,27.038939828563148,HOT_SPOT_95,1,10,80.70933195101506,CRITICAL,62.60729727259755,TRANSMISSION_PRESSURE_PROXY+STATISTICAL_HOTSPOT+CONNECTED_HOTSPOT_CLUSTER+NEIGHBOR_INFECTIOUS_PRESSURE,DYNAMIC SPATIOTEMPORAL WATCH,SCENARIO-BASED; VERIFY WITH OFFICIAL SURVEILLANCE
2026-10,1206306000,South Cotabato,KORONADAL,7.226953703341389,38.53764698378449,HOT_SPOT_99,1,10,80.25662866662748,CRITICAL,65.54772079279526,TRANSMISSION_PRESSURE_PROXY+STATISTICAL_HOTSPOT+CONNECTED_HOTSPOT_CLUSTER,DYNAMIC SPATIOTEMPORAL WATCH,SCENARIO-BASED; VERIFY WITH OFFICIAL SURVEILLANCE
2026-10,1206317000,South Cotabato,TUPI,2.0884930831852637,20.069972181049785,HOT_SPOT_99,1,10,79.13515245588417,HIGH,66.33767835222021,TRANSMISSION_PRESSURE_PROXY+STATISTICAL_HOTSPOT+CONNECTED_HOTSPOT_CLUSTER,DYNAMIC SPATIOTEMPORAL WATCH,SCENARIO-BASED; VERIFY WITH OFFICIAL SURVEILLANCE
2026-10,1206302000,South Cotabato,BANGA,2.0553152303800113,22.824993961994412,HOT_SPOT_99,1,10,75.15762069572529,HIGH,58.7726650410275,TRANSMISSION_PRESSURE_PROXY+STATISTICAL_HOTSPOT+CONNECTED_HOTSPOT_CLUSTER+NEIGHBOR_INFECTIOUS_PRESSURE,DYNAMIC SPATIOTEMPORAL WATCH,SCENARIO-BASED; VERIFY WITH OFFICIAL SURVEILLANCE
2026-10,1206314000,South Cotabato,TAMPAKAN,0.854258767974947,25.615857050105774,HOT_SPOT_99,1,10,66.1876359355721,HIGH,53.60420094594049,TRANSMISSION_PRESSURE_PROXY+STATISTICAL_HOTSPOT+CONNECTED_HOTSPOT_CLUSTER+NEIGHBOR_INFECTIOUS_PRESSURE,DYNAMIC SPATIOTEMPORAL WATCH,SCENARIO-BASED; VERIFY WITH OFFICIAL SURVEILLANCE
2026-10,1206312000,South Cotabato,POLOMOLOK,3.94793592678835,24.112220032678504,NOT_SIGNIFICANT,0,0,65.49422642202738,HIGH,61.361739793093896,TRANSMISSION_PRESSURE_PROXY,DYNAMIC SPATIOTEMPORAL WATCH,SCENARIO-BASED; VERIFY WITH OFFICIAL SURVEILLANCE
2026-10,1230800000,General Santos City,GENERAL SANTOS,18.92237537909169,22.701537620282046,NOT_SIGNIFICANT,0,0,65.28624864550915,HIGH,72.1269776984639,TRANSMISSION_PRESSURE_PROXY+TESTING_CENTER_GAP,DYNAMIC SPATIOTEMPORAL WATCH,SCENARIO-BASED; VERIFY WITH OFFICIAL SURVEILLANCE
2026-10,1206507000,Sultan Kudarat,LUTAYAN,1.0181569114160636,11.142955228966477,HOT_SPOT_95,1,10,57.410495469874746,MODERATE,48.12078387174868,STATISTICAL_HOTSPOT+CONNECTED_HOTSPOT_CLUSTER+NEIGHBOR_INFECTIOUS_PRESSURE,DYNAMIC SPATIOTEMPORAL WATCH,SCENARIO-BASED; VERIFY WITH OFFICIAL SURVEILLANCE
2026-10,1206502000,Sultan Kudarat,COLUMBIO,0.5642386850994474,26.75959472126437,HOT_SPOT_95,1,10,57.3371625813034,MODERATE,48.60271032670516,STATISTICAL_HOTSPOT+CONNECTED_HOTSPOT_CLUSTER+NEIGHBOR_INFECTIOUS_PRESSURE,DYNAMIC SPATIOTEMPORAL WATCH,SCENARIO-BASED; VERIFY WITH OFFICIAL SURVEILLANCE
2026-11,1206315000,South Cotabato,TANTANGAN,2.5289687783131893,30.14191601900306,HOT_SPOT_99,1,10,90.74876243724748,CRITICAL,68.09250932511985,TRANSMISSION_PRESSURE_PROXY+STATISTICAL_HOTSPOT+CONNECTED_HOTSPOT_CLUSTER+NEIGHBOR_INFECTIOUS_PRESSURE,DYNAMIC SPATIOTEMPORAL WATCH,SCENARIO-BASED; VERIFY WITH OFFICIAL SURVEILLANCE
2026-11,1206311000,South Cotabato,NORALA,2.277735321773361,27.52311268869786,HOT_SPOT_99,1,10,90.50429075253079,CRITICAL,68.29160643187709,TRANSMISSION_PRESSURE_PROXY+STATISTICAL_HOTSPOT+CONNECTED_HOTSPOT_CLUSTER+NEIGHBOR_INFECTIOUS_PRESSURE,DYNAMIC SPATIOTEMPORAL WATCH,SCENARIO-BASED; VERIFY WITH OFFICIAL SURVEILLANCE
2026-11,1206306000,South Cotabato,KORONADAL,10.08202747409648,38.45497898381919,HOT_SPOT_99,1,10,81.28350176260773,CRITICAL,66.5566726008584,TRANSMISSION_PRESSURE_PROXY+STATISTICAL_HOTSPOT+CONNECTED_HOTSPOT_CLUSTER,DYNAMIC SPATIOTEMPORAL WATCH,SCENARIO-BASED; VERIFY WITH OFFICIAL SURVEILLANCE
2026-11,1206511000,Sultan Kudarat,TACURONG,3.5502504849018703,27.16510762152393,HOT_SPOT_95,1,10,80.17481158995031,CRITICAL,61.64331297856553,TRANSMISSION_PRESSURE_PROXY+STATISTICAL_HOTSPOT+CONNECTED_HOTSPOT_CLUSTER+NEIGHBOR_INFECTIOUS_PRESSURE,DYNAMIC SPATIOTEMPORAL WATCH,SCENARIO-BASED; VERIFY WITH OFFICIAL SURVEILLANCE
2026-11,1206318000,South Cotabato,SANTO NIÑO,1.8652515242224839,31.865835951286265,HOT_SPOT_99,1,10,78.30645344899013,HIGH,59.14927118833249,TRANSMISSION_PRESSURE_PROXY+STATISTICAL_HOTSPOT+CONNECTED_HOTSPOT_CLUSTER,DYNAMIC SPATIOTEMPORAL WATCH,SCENARIO-BASED; VERIFY WITH OFFICIAL SURVEILLANCE
2026-11,1206502000,Sultan Kudarat,COLUMBIO,1.17400000760724,27.301871893686414,HOT_SPOT_95,1,10,68.89540792033483,HIGH,55.98742896774699,TRANSMISSION_PRESSURE_PROXY+STATISTICAL_HOTSPOT+CONNECTED_HOTSPOT_CLUSTER+NEIGHBOR_INFECTIOUS_PRESSURE,DYNAMIC SPATIOTEMPORAL WATCH,SCENARIO-BASED; VERIFY WITH OFFICIAL SURVEILLANCE
2026-11,1206302000,South Cotabato,BANGA,2.4065764413096913,22.809221164609138,HOT_SPOT_99,1,10,67.58397575190715,HIGH,53.60252588235342,TRANSMISSION_PRESSURE_PROXY+STATISTICAL_HOTSPOT+CONNECTED_HOTSPOT_CLUSTER+NEIGHBOR_INFECTIOUS_PRESSURE,DYNAMIC SPATIOTEMPORAL WATCH,SCENARIO-BASED; VERIFY WITH OFFICIAL SURVEILLANCE
2026-11,1206312000,South Cotabato,POLOMOLOK,5.926152114935443,24.097767032866127,NOT_SIGNIFICANT,0,0,67.07128455946982,HIGH,62.97263884862096,TRANSMISSION_PRESSURE_PROXY,DYNAMIC SPATIOTEMPORAL WATCH,SCENARIO-BASED; VERIFY WITH OFFICIAL SURVEILLANCE
2026-11,1206314000,South Cotabato,TAMPAKAN,1.0559018805904787,26.375578817133302,HOT_SPOT_99,1,10,65.96276607787385,HIGH,54.30409053416366,TRANSMISSION_PRESSURE_PROXY+STATISTICAL_HOTSPOT+CONNECTED_HOTSPOT_CLUSTER+NEIGHBOR_INFECTIOUS_PRESSURE,DYNAMIC SPATIOTEMPORAL WATCH,SCENARIO-BASED; VERIFY WITH OFFICIAL SURVEILLANCE
2026-11,1206317000,South Cotabato,TUPI,1.811314414570502,20.738277700316146,HOT_SPOT_99,1,10,64.7007755307945,MODERATE,57.201499779522294,STATISTICAL_HOTSPOT+CONNECTED_HOTSPOT_CLUSTER,DYNAMIC SPATIOTEMPORAL WATCH,SCENARIO-BASED; VERIFY WITH OFFICIAL SURVEILLANCE
2026-11,1206507000,Sultan Kudarat,LUTAYAN,1.6343155276482308,11.653155439235265,HOT_SPOT_95,1,10,59.219420911316135,MODERATE,49.30155093181708,STATISTICAL_HOTSPOT+CONNECTED_HOTSPOT_CLUSTER+NEIGHBOR_INFECTIOUS_PRESSURE,DYNAMIC SPATIOTEMPORAL WATCH,SCENARIO-BASED; VERIFY WITH OFFICIAL SURVEILLANCE
2026-12,1206511000,Sultan Kudarat,TACURONG,1.4653535510067337,27.175417925368723,HOT_SPOT_95,1,10,82.98645573160618,CRITICAL,64.08796190810467,TRANSMISSION_PRESSURE_PROXY+STATISTICAL_HOTSPOT+CONNECTED_HOTSPOT_CLUSTER+NEIGHBOR_INFECTIOUS_PRESSURE+CENTER_EXPANSION_PENDING,DYNAMIC SPATIOTEMPORAL WATCH,SCENARIO-BASED; VERIFY WITH OFFICIAL SURVEILLANCE
2026-12,1206315000,South Cotabato,TANTANGAN,0.6747986134658167,30.63472753388741,HOT_SPOT_99,1,10,82.08419991026743,CRITICAL,59.72714602164793,TRANSMISSION_PRESSURE_PROXY+STATISTICAL_HOTSPOT+CONNECTED_HOTSPOT_CLUSTER+NEIGHBOR_INFECTIOUS_PRESSURE+CENTER_EXPANSION_PENDING,DYNAMIC SPATIOTEMPORAL WATCH,SCENARIO-BASED; VERIFY WITH OFFICIAL SURVEILLANCE
2026-12,1206311000,South Cotabato,NORALA,0.6478525865877964,28.077302962161653,HOT_SPOT_99,1,10,81.94393724350955,CRITICAL,59.76944024665144,TRANSMISSION_PRESSURE_PROXY+STATISTICAL_HOTSPOT+CONNECTED_HOTSPOT_CLUSTER+NEIGHBOR_INFECTIOUS_PRESSURE+CENTER_EXPANSION_PENDING,DYNAMIC SPATIOTEMPORAL WATCH,SCENARIO-BASED; VERIFY WITH OFFICIAL SURVEILLANCE
2026-12,1206306000,South Cotabato,KORONADAL,3.6457389614252795,38.35418986560959,HOT_SPOT_99,1,10,79.77327760721383,HIGH,65.10283719686423,TRANSMISSION_PRESSURE_PROXY+STATISTICAL_HOTSPOT+CONNECTED_HOTSPOT_CLUSTER+CENTER_EXPANSION_PENDING,DYNAMIC SPATIOTEMPORAL WATCH,SCENARIO-BASED; VERIFY WITH OFFICIAL SURVEILLANCE
2026-12,1206317000,South Cotabato,TUPI,0.8820679347068294,21.042129484212484,HOT_SPOT_99,1,10,74.91897577405794,HIGH,62.57025956960806,TRANSMISSION_PRESSURE_PROXY+STATISTICAL_HOTSPOT+CONNECTED_HOTSPOT_CLUSTER+CENTER_EXPANSION_PENDING,DYNAMIC SPATIOTEMPORAL WATCH,SCENARIO-BASED; VERIFY WITH OFFICIAL SURVEILLANCE
2026-12,1206318000,South Cotabato,SANTO NIÑO,0.6265199515856783,32.46184808709537,HOT_SPOT_99,1,10,74.4993029486613,HIGH,55.33157195624366,TRANSMISSION_PRESSURE_PROXY+STATISTICAL_HOTSPOT+CONNECTED_HOTSPOT_CLUSTER,DYNAMIC SPATIOTEMPORAL WATCH,SCENARIO-BASED; VERIFY WITH OFFICIAL SURVEILLANCE
2026-12,1206314000,South Cotabato,TAMPAKAN,0.4291184981958705,26.704061878370258,HOT_SPOT_99,1,10,69.41124106061804,HIGH,56.778397744852285,TRANSMISSION_PRESSURE_PROXY+STATISTICAL_HOTSPOT+CONNECTED_HOTSPOT_CLUSTER+NEIGHBOR_INFECTIOUS_PRESSURE,DYNAMIC SPATIOTEMPORAL WATCH,SCENARIO-BASED; VERIFY WITH OFFICIAL SURVEILLANCE
2026-12,1206302000,South Cotabato,BANGA,0.7303268192401048,22.725403264186752,HOT_SPOT_99,1,10,61.3711253496089,MODERATE,48.07163477584713,STATISTICAL_HOTSPOT+CONNECTED_HOTSPOT_CLUSTER+NEIGHBOR_INFECTIOUS_PRESSURE,DYNAMIC SPATIOTEMPORAL WATCH,SCENARIO-BASED; VERIFY WITH OFFICIAL SURVEILLANCE
2026-12,1206502000,Sultan Kudarat,COLUMBIO,0.30617994294402867,27.523862384094002,HOT_SPOT_95,1,10,55.22896937969332,MODERATE,47.11924792963771,STATISTICAL_HOTSPOT+CONNECTED_HOTSPOT_CLUSTER+NEIGHBOR_INFECTIOUS_PRESSURE,DYNAMIC SPATIOTEMPORAL WATCH,SCENARIO-BASED; VERIFY WITH OFFICIAL SURVEILLANCE
2026-12,1206507000,Sultan Kudarat,LUTAYAN,0.424984122771547,11.87875840156291,HOT_SPOT_99,1,10,46.169677652375526,MODERATE,39.52140714839693,STATISTICAL_HOTSPOT+CONNECTED_HOTSPOT_CLUSTER+NEIGHBOR_INFECTIOUS_PRESSURE,DYNAMIC SPATIOTEMPORAL WATCH,SCENARIO-BASED; VERIFY WITH OFFICIAL SURVEILLANCE
2027-01,1206311000,South Cotabato,NORALA,0.4579864250359476,28.483845162298064,HOT_SPOT_99,1,10,82.63220158207034,CRITICAL,60.29897305105615,TRANSMISSION_PRESSURE_PROXY+STATISTICAL_HOTSPOT+CONNECTED_HOTSPOT_CLUSTER+NEIGHBOR_INFECTIOUS_PRESSURE+CENTER_EXPANSION_PENDING,DYNAMIC SPATIOTEMPORAL WATCH,SCENARIO-BASED; VERIFY WITH OFFICIAL SURVEILLANCE
2027-01,1206315000,South Cotabato,TANTANGAN,0.4702689168891729,31.004046682971907,HOT_SPOT_99,1,10,82.21845367516674,CRITICAL,60.18908461087172,TRANSMISSION_PRESSURE_PROXY+STATISTICAL_HOTSPOT+CONNECTED_HOTSPOT_CLUSTER+NEIGHBOR_INFECTIOUS_PRESSURE+CENTER_EXPANSION_PENDING,DYNAMIC SPATIOTEMPORAL WATCH,SCENARIO-BASED; VERIFY WITH OFFICIAL SURVEILLANCE
2027-01,1206511000,Sultan Kudarat,TACURONG,0.8459181832918267,27.1682652467882,HOT_SPOT_95,1,10,79.1049643509202,HIGH,60.052180586299684,TRANSMISSION_PRESSURE_PROXY+STATISTICAL_HOTSPOT+CONNECTED_HOTSPOT_CLUSTER+NEIGHBOR_INFECTIOUS_PRESSURE+CENTER_EXPANSION_PENDING,DYNAMIC SPATIOTEMPORAL WATCH,SCENARIO-BASED; VERIFY WITH OFFICIAL SURVEILLANCE
2027-01,1206306000,South Cotabato,KORONADAL,2.2067731926394596,38.2586880107046,HOT_SPOT_99,1,10,76.643044061472,HIGH,62.14466899898302,TRANSMISSION_PRESSURE_PROXY+STATISTICAL_HOTSPOT+CONNECTED_HOTSPOT_CLUSTER+CENTER_EXPANSION_PENDING,DYNAMIC SPATIOTEMPORAL WATCH,SCENARIO-BASED; VERIFY WITH OFFICIAL SURVEILLANCE
2027-01,1206318000,South Cotabato,SANTO NIÑO,0.43072617195222357,32.90651467416011,HOT_SPOT_99,1,10,75.25271744393346,HIGH,55.91839118321662,TRANSMISSION_PRESSURE_PROXY+STATISTICAL_HOTSPOT+CONNECTED_HOTSPOT_CLUSTER,DYNAMIC SPATIOTEMPORAL WATCH,SCENARIO-BASED; VERIFY WITH OFFICIAL SURVEILLANCE
2027-01,1206314000,South Cotabato,TAMPAKAN,0.32309116529548704,26.943880224547836,HOT_SPOT_99,1,10,71.20817330013901,HIGH,57.939365400593495,TRANSMISSION_PRESSURE_PROXY+STATISTICAL_HOTSPOT+CONNECTED_HOTSPOT_CLUSTER+NEIGHBOR_INFECTIOUS_PRESSURE,DYNAMIC SPATIOTEMPORAL WATCH,SCENARIO-BASED; VERIFY WITH OFFICIAL SURVEILLANCE
2027-01,1206317000,South Cotabato,TUPI,0.4934818179939715,21.26562455379372,HOT_SPOT_99,1,10,65.30388819898329,HIGH,57.38222207734981,TRANSMISSION_PRESSURE_PROXY+STATISTICAL_HOTSPOT+CONNECTED_HOTSPOT_CLUSTER+CENTER_EXPANSION_PENDING,DYNAMIC SPATIOTEMPORAL WATCH,SCENARIO-BASED; VERIFY WITH OFFICIAL SURVEILLANCE
2027-01,1206302000,South Cotabato,BANGA,0.48452911460739695,22.649843105079817,HOT_SPOT_99,1,10,60.23249164790955,MODERATE,47.79100950324255,STATISTICAL_HOTSPOT+CONNECTED_HOTSPOT_CLUSTER+NEIGHBOR_INFECTIOUS_PRESSURE,DYNAMIC SPATIOTEMPORAL WATCH,SCENARIO-BASED; VERIFY WITH OFFICIAL SURVEILLANCE
2027-01,1206502000,Sultan Kudarat,COLUMBIO,0.19398334035551318,27.681687337496648,HOT_SPOT_95,1,10,53.70429368903253,MODERATE,45.604996747332365,STATISTICAL_HOTSPOT+CONNECTED_HOTSPOT_CLUSTER+NEIGHBOR_INFECTIOUS_PRESSURE,DYNAMIC SPATIOTEMPORAL WATCH,SCENARIO-BASED; VERIFY WITH OFFICIAL SURVEILLANCE
2027-01,1206507000,Sultan Kudarat,LUTAYAN,0.26574016526649497,12.047508807896222,HOT_SPOT_99,1,10,45.38510589681092,MODERATE,39.383330544177326,STATISTICAL_HOTSPOT+CONNECTED_HOTSPOT_CLUSTER+NEIGHBOR_INFECTIOUS_PRESSURE,DYNAMIC SPATIOTEMPORAL WATCH,SCENARIO-BASED; VERIFY WITH OFFICIAL SURVEILLANCE
2027-02,1206315000,South Cotabato,TANTANGAN,2.9475898975664454,32.33048070965898,HOT_SPOT_99,1,10,87.54501395581103,CRITICAL,64.5005562341226,TRANSMISSION_PRESSURE_PROXY+STATISTICAL_HOTSPOT+CONNECTED_HOTSPOT_CLUSTER+NEIGHBOR_INFECTIOUS_PRESSURE+CENTER_EXPANSION_PENDING,DYNAMIC SPATIOTEMPORAL WATCH,SCENARIO-BASED; VERIFY WITH OFFICIAL SURVEILLANCE
2027-02,1206511000,Sultan Kudarat,TACURONG,4.940303200838042,27.4668393106257,HOT_SPOT_95,1,10,85.16920692002627,CRITICAL,65.62397935058371,TRANSMISSION_PRESSURE_PROXY+STATISTICAL_HOTSPOT+CONNECTED_HOTSPOT_CLUSTER+NEIGHBOR_INFECTIOUS_PRESSURE+CENTER_EXPANSION_PENDING,DYNAMIC SPATIOTEMPORAL WATCH,SCENARIO-BASED; VERIFY WITH OFFICIAL SURVEILLANCE
2027-02,1206311000,South Cotabato,NORALA,1.5212477697114066,29.74129018598815,HOT_SPOT_99,1,10,79.59943944799815,HIGH,58.648787447551136,TRANSMISSION_PRESSURE_PROXY+STATISTICAL_HOTSPOT+CONNECTED_HOTSPOT_CLUSTER+NEIGHBOR_INFECTIOUS_PRESSURE+CENTER_EXPANSION_PENDING,DYNAMIC SPATIOTEMPORAL WATCH,SCENARIO-BASED; VERIFY WITH OFFICIAL SURVEILLANCE
2027-02,1206306000,South Cotabato,KORONADAL,10.049065447295119,38.34842866922846,HOT_SPOT_99,1,10,78.32247760744914,HIGH,63.894089573866374,TRANSMISSION_PRESSURE_PROXY+STATISTICAL_HOTSPOT+CONNECTED_HOTSPOT_CLUSTER+CENTER_EXPANSION_PENDING,DYNAMIC SPATIOTEMPORAL WATCH,SCENARIO-BASED; VERIFY WITH OFFICIAL SURVEILLANCE
2027-02,1206302000,South Cotabato,BANGA,4.112113555545748,22.818109464638813,HOT_SPOT_99,1,10,75.37709117861469,HIGH,57.037625102312774,TRANSMISSION_PRESSURE_PROXY+STATISTICAL_HOTSPOT+CONNECTED_HOTSPOT_CLUSTER+NEIGHBOR_INFECTIOUS_PRESSURE,DYNAMIC SPATIOTEMPORAL WATCH,SCENARIO-BASED; VERIFY WITH OFFICIAL SURVEILLANCE
2027-02,1206318000,South Cotabato,SANTO NIÑO,1.5562049143540195,34.4093808034575,HOT_SPOT_99,1,10,75.1195883861761,HIGH,56.11812312293195,TRANSMISSION_PRESSURE_PROXY+STATISTICAL_HOTSPOT+CONNECTED_HOTSPOT_CLUSTER,DYNAMIC SPATIOTEMPORAL WATCH,SCENARIO-BASED; VERIFY WITH OFFICIAL SURVEILLANCE
2027-02,1206314000,South Cotabato,TAMPAKAN,1.2805917728233258,27.83732208406079,HOT_SPOT_99,1,10,68.67692590032904,HIGH,56.08006431605885,TRANSMISSION_PRESSURE_PROXY+STATISTICAL_HOTSPOT+CONNECTED_HOTSPOT_CLUSTER+NEIGHBOR_INFECTIOUS_PRESSURE,DYNAMIC SPATIOTEMPORAL WATCH,SCENARIO-BASED; VERIFY WITH OFFICIAL SURVEILLANCE
2027-02,1206317000,South Cotabato,TUPI,2.0141911487871282,22.034806869234725,HOT_SPOT_99,1,10,67.52093149090969,HIGH,59.301426340971545,TRANSMISSION_PRESSURE_PROXY+STATISTICAL_HOTSPOT+CONNECTED_HOTSPOT_CLUSTER+CENTER_EXPANSION_PENDING,DYNAMIC SPATIOTEMPORAL WATCH,SCENARIO-BASED; VERIFY WITH OFFICIAL SURVEILLANCE
2027-02,1206502000,Sultan Kudarat,COLUMBIO,0.7835911447072176,28.237034448946336,HOT_SPOT_95,1,10,53.79167014715449,MODERATE,45.82213154336801,STATISTICAL_HOTSPOT+CONNECTED_HOTSPOT_CLUSTER+NEIGHBOR_INFECTIOUS_PRESSURE,DYNAMIC SPATIOTEMPORAL WATCH,SCENARIO-BASED; VERIFY WITH OFFICIAL SURVEILLANCE
2027-02,1206507000,Sultan Kudarat,LUTAYAN,0.9498182654423276,12.557347465241044,HOT_SPOT_99,1,10,44.91564024870097,LOW,39.48454366927027,STATISTICAL_HOTSPOT+CONNECTED_HOTSPOT_CLUSTER+NEIGHBOR_INFECTIOUS_PRESSURE,DYNAMIC SPATIOTEMPORAL WATCH,SCENARIO-BASED; VERIFY WITH OFFICIAL SURVEILLANCE
2027-03,1206311000,South Cotabato,NORALA,3.0906491994647007,30.534113350683768,HOT_SPOT_99,1,10,90.530693809704,CRITICAL,67.60435402382343,TRANSMISSION_PRESSURE_PROXY+STATISTICAL_HOTSPOT+CONNECTED_HOTSPOT_CLUSTER+NEIGHBOR_INFECTIOUS_PRESSURE+CENTER_EXPANSION_PENDING,DYNAMIC SPATIOTEMPORAL WATCH,SCENARIO-BASED; VERIFY WITH OFFICIAL SURVEILLANCE
2027-03,1206318000,South Cotabato,SANTO NIÑO,3.0275227666233127,35.30880242078244,HOT_SPOT_99,1,10,83.20053706553196,CRITICAL,63.55573305358463,TRANSMISSION_PRESSURE_PROXY+STATISTICAL_HOTSPOT+CONNECTED_HOTSPOT_CLUSTER,DYNAMIC SPATIOTEMPORAL WATCH,SCENARIO-BASED; VERIFY WITH OFFICIAL SURVEILLANCE
2027-03,1206511000,Sultan Kudarat,TACURONG,5.775178704221572,27.92006332631211,HOT_SPOT_95,1,10,81.62302057861316,CRITICAL,62.03079904442313,TRANSMISSION_PRESSURE_PROXY+STATISTICAL_HOTSPOT+CONNECTED_HOTSPOT_CLUSTER+NEIGHBOR_INFECTIOUS_PRESSURE+CENTER_EXPANSION_PENDING,DYNAMIC SPATIOTEMPORAL WATCH,SCENARIO-BASED; VERIFY WITH OFFICIAL SURVEILLANCE
2027-03,1206315000,South Cotabato,TANTANGAN,2.36386913562143,32.73041518118287,HOT_SPOT_99,1,10,80.90485968687837,CRITICAL,57.73538294933021,TRANSMISSION_PRESSURE_PROXY+STATISTICAL_HOTSPOT+CONNECTED_HOTSPOT_CLUSTER+NEIGHBOR_INFECTIOUS_PRESSURE+CENTER_EXPANSION_PENDING,DYNAMIC SPATIOTEMPORAL WATCH,SCENARIO-BASED; VERIFY WITH OFFICIAL SURVEILLANCE
2027-03,1206306000,South Cotabato,KORONADAL,14.056927768554642,38.923475283462196,HOT_SPOT_99,1,10,79.82809141551445,HIGH,65.54848650043294,TRANSMISSION_PRESSURE_PROXY+STATISTICAL_HOTSPOT+CONNECTED_HOTSPOT_CLUSTER+CENTER_EXPANSION_PENDING,DYNAMIC SPATIOTEMPORAL WATCH,SCENARIO-BASED; VERIFY WITH OFFICIAL SURVEILLANCE
2027-03,1206314000,South Cotabato,TAMPAKAN,2.2870676308439397,28.371787258948203,HOT_SPOT_99,1,10,78.09111050567154,HIGH,60.30672655791443,TRANSMISSION_PRESSURE_PROXY+STATISTICAL_HOTSPOT+CONNECTED_HOTSPOT_CLUSTER+NEIGHBOR_INFECTIOUS_PRESSURE,DYNAMIC SPATIOTEMPORAL WATCH,SCENARIO-BASED; VERIFY WITH OFFICIAL SURVEILLANCE
2027-03,1206317000,South Cotabato,TUPI,3.0288534164798104,22.44353611495825,HOT_SPOT_99,1,10,72.39652896860352,HIGH,61.08668485754298,TRANSMISSION_PRESSURE_PROXY+STATISTICAL_HOTSPOT+CONNECTED_HOTSPOT_CLUSTER+CENTER_EXPANSION_PENDING,DYNAMIC SPATIOTEMPORAL WATCH,SCENARIO-BASED; VERIFY WITH OFFICIAL SURVEILLANCE
2027-03,1206302000,South Cotabato,BANGA,3.8830376386210124,23.177349347980332,HOT_SPOT_99,1,10,67.30716025144163,HIGH,49.97731648759688,TRANSMISSION_PRESSURE_PROXY+STATISTICAL_HOTSPOT+CONNECTED_HOTSPOT_CLUSTER+NEIGHBOR_INFECTIOUS_PRESSURE,DYNAMIC SPATIOTEMPORAL WATCH,SCENARIO-BASED; VERIFY WITH OFFICIAL SURVEILLANCE
2027-03,1206502000,Sultan Kudarat,COLUMBIO,1.0542656729553634,28.394981106151175,HOT_SPOT_95,1,10,56.49261305317751,MODERATE,48.96857739594682,STATISTICAL_HOTSPOT+CONNECTED_HOTSPOT_CLUSTER+NEIGHBOR_INFECTIOUS_PRESSURE,DYNAMIC SPATIOTEMPORAL WATCH,SCENARIO-BASED; VERIFY WITH OFFICIAL SURVEILLANCE
2027-03,1206507000,Sultan Kudarat,LUTAYAN,1.442108863664029,13.203530526043822,HOT_SPOT_99,1,10,52.34972999122734,MODERATE,45.286338629000326,STATISTICAL_HOTSPOT+CONNECTED_HOTSPOT_CLUSTER+NEIGHBOR_INFECTIOUS_PRESSURE,DYNAMIC SPATIOTEMPORAL WATCH,SCENARIO-BASED; VERIFY WITH OFFICIAL SURVEILLANCE
2027-04,1206315000,South Cotabato,TANTANGAN,1.8855789471942876,32.90380829527683,HOT_SPOT_99,1,10,81.97516856296107,CRITICAL,58.633695587960844,TRANSMISSION_PRESSURE_PROXY+STATISTICAL_HOTSPOT+CONNECTED_HOTSPOT_CLUSTER+NEIGHBOR_INFECTIOUS_PRESSURE+CENTER_EXPANSION_PENDING,DYNAMIC SPATIOTEMPORAL WATCH,SCENARIO-BASED; VERIFY WITH OFFICIAL SURVEILLANCE
2027-04,1206511000,Sultan Kudarat,TACURONG,4.619003412847826,28.251867327231142,HOT_SPOT_95,1,10,81.44180041166021,CRITICAL,61.81691804298927,TRANSMISSION_PRESSURE_PROXY+STATISTICAL_HOTSPOT+CONNECTED_HOTSPOT_CLUSTER+NEIGHBOR_INFECTIOUS_PRESSURE+CENTER_EXPANSION_PENDING,DYNAMIC SPATIOTEMPORAL WATCH,SCENARIO-BASED; VERIFY WITH OFFICIAL SURVEILLANCE
2027-04,1206311000,South Cotabato,NORALA,1.6269303495958447,30.64871030922108,HOT_SPOT_99,1,10,80.74935143917833,CRITICAL,58.99312489173988,TRANSMISSION_PRESSURE_PROXY+STATISTICAL_HOTSPOT+CONNECTED_HOTSPOT_CLUSTER+NEIGHBOR_INFECTIOUS_PRESSURE+CENTER_EXPANSION_PENDING,DYNAMIC SPATIOTEMPORAL WATCH,SCENARIO-BASED; VERIFY WITH OFFICIAL SURVEILLANCE
2027-04,1206314000,South Cotabato,TAMPAKAN,2.5941965907185502,29.009931710866645,HOT_SPOT_99,1,10,80.36242083593685,CRITICAL,59.90647376922338,TRANSMISSION_PRESSURE_PROXY+STATISTICAL_HOTSPOT+CONNECTED_HOTSPOT_CLUSTER+NEIGHBOR_INFECTIOUS_PRESSURE,DYNAMIC SPATIOTEMPORAL WATCH,SCENARIO-BASED; VERIFY WITH OFFICIAL SURVEILLANCE
2027-04,1206306000,South Cotabato,KORONADAL,11.228120451903651,39.35372146434654,HOT_SPOT_99,1,10,78.76577684120541,HIGH,64.59554399725688,TRANSMISSION_PRESSURE_PROXY+STATISTICAL_HOTSPOT+CONNECTED_HOTSPOT_CLUSTER+CENTER_EXPANSION_PENDING,DYNAMIC SPATIOTEMPORAL WATCH,SCENARIO-BASED; VERIFY WITH OFFICIAL SURVEILLANCE
2027-04,1206318000,South Cotabato,SANTO NIÑO,1.6499721855764606,35.50226756894194,HOT_SPOT_99,1,10,74.6021615198935,HIGH,55.141814217595126,TRANSMISSION_PRESSURE_PROXY+STATISTICAL_HOTSPOT+CONNECTED_HOTSPOT_CLUSTER,DYNAMIC SPATIOTEMPORAL WATCH,SCENARIO-BASED; VERIFY WITH OFFICIAL SURVEILLANCE
2027-04,1206317000,South Cotabato,TUPI,2.461963638252157,22.676627914017537,HOT_SPOT_99,1,10,70.75845398837012,HIGH,60.68161375591208,TRANSMISSION_PRESSURE_PROXY+STATISTICAL_HOTSPOT+CONNECTED_HOTSPOT_CLUSTER+CENTER_EXPANSION_PENDING,DYNAMIC SPATIOTEMPORAL WATCH,SCENARIO-BASED; VERIFY WITH OFFICIAL SURVEILLANCE
2027-04,1206302000,South Cotabato,BANGA,3.011806353815307,23.430497835598963,HOT_SPOT_99,1,10,65.93696824362544,HIGH,49.27861282503285,TRANSMISSION_PRESSURE_PROXY+STATISTICAL_HOTSPOT+CONNECTED_HOTSPOT_CLUSTER+NEIGHBOR_INFECTIOUS_PRESSURE,DYNAMIC SPATIOTEMPORAL WATCH,SCENARIO-BASED; VERIFY WITH OFFICIAL SURVEILLANCE
2027-04,1206312000,South Cotabato,POLOMOLOK,5.902412397797707,24.620453288863338,NOT_SIGNIFICANT,0,0,65.03699991849697,HIGH,60.24094917636941,TRANSMISSION_PRESSURE_PROXY+CENTER_EXPANSION_PENDING,DYNAMIC SPATIOTEMPORAL WATCH,SCENARIO-BASED; VERIFY WITH OFFICIAL SURVEILLANCE
2027-04,1206502000,Sultan Kudarat,COLUMBIO,1.0183438141864132,28.472762690462957,HOT_SPOT_95,1,10,61.09830208705894,MODERATE,51.55914882129726,STATISTICAL_HOTSPOT+CONNECTED_HOTSPOT_CLUSTER+NEIGHBOR_INFECTIOUS_PRESSURE,DYNAMIC SPATIOTEMPORAL WATCH,SCENARIO-BASED; VERIFY WITH OFFICIAL SURVEILLANCE
2027-04,1206507000,Sultan Kudarat,LUTAYAN,0.921416728919831,13.659485647752497,HOT_SPOT_99,1,10,47.135333298574075,MODERATE,42.09806253465737,STATISTICAL_HOTSPOT+CONNECTED_HOTSPOT_CLUSTER+NEIGHBOR_INFECTIOUS_PRESSURE,DYNAMIC SPATIOTEMPORAL WATCH,SCENARIO-BASED; VERIFY WITH OFFICIAL SURVEILLANCE
2027-05,1206315000,South Cotabato,TANTANGAN,0.8241098726242291,32.88160344683258,HOT_SPOT_99,1,10,83.7456514982811,CRITICAL,60.24313202629027,TRANSMISSION_PRESSURE_PROXY+STATISTICAL_HOTSPOT+CONNECTED_HOTSPOT_CLUSTER+NEIGHBOR_INFECTIOUS_PRESSURE+CENTER_EXPANSION_PENDING,DYNAMIC SPATIOTEMPORAL WATCH,SCENARIO-BASED; VERIFY WITH OFFICIAL SURVEILLANCE
2027-05,1206311000,South Cotabato,NORALA,0.6681450397684724,30.56110838078719,HOT_SPOT_99,1,10,80.96225272510105,CRITICAL,59.7514549658379,TRANSMISSION_PRESSURE_PROXY+STATISTICAL_HOTSPOT+CONNECTED_HOTSPOT_CLUSTER+NEIGHBOR_INFECTIOUS_PRESSURE+CENTER_EXPANSION_PENDING,DYNAMIC SPATIOTEMPORAL WATCH,SCENARIO-BASED; VERIFY WITH OFFICIAL SURVEILLANCE
2027-05,1206511000,Sultan Kudarat,TACURONG,1.5507365140940983,28.245782615414743,HOT_SPOT_95,1,10,78.8066873738297,HIGH,59.1083473759526,TRANSMISSION_PRESSURE_PROXY+STATISTICAL_HOTSPOT+CONNECTED_HOTSPOT_CLUSTER+NEIGHBOR_INFECTIOUS_PRESSURE+CENTER_EXPANSION_PENDING,DYNAMIC SPATIOTEMPORAL WATCH,SCENARIO-BASED; VERIFY WITH OFFICIAL SURVEILLANCE
2027-05,1206318000,South Cotabato,SANTO NIÑO,0.7024069622162071,35.42725139057302,HOT_SPOT_99,1,10,75.79266390801438,HIGH,56.25810944501272,TRANSMISSION_PRESSURE_PROXY+STATISTICAL_HOTSPOT+CONNECTED_HOTSPOT_CLUSTER,DYNAMIC SPATIOTEMPORAL WATCH,SCENARIO-BASED; VERIFY WITH OFFICIAL SURVEILLANCE
2027-05,1206306000,South Cotabato,KORONADAL,3.808453037063321,39.33390237866937,HOT_SPOT_99,1,10,75.73791505773431,HIGH,61.642288114212604,TRANSMISSION_PRESSURE_PROXY+STATISTICAL_HOTSPOT+CONNECTED_HOTSPOT_CLUSTER+CENTER_EXPANSION_PENDING,DYNAMIC SPATIOTEMPORAL WATCH,SCENARIO-BASED; VERIFY WITH OFFICIAL SURVEILLANCE
2027-05,1206312000,South Cotabato,POLOMOLOK,2.869569522292357,24.70953866647084,NOT_SIGNIFICANT,0,0,68.91197038319017,HIGH,63.862060846777965,TRANSMISSION_PRESSURE_PROXY+CENTER_EXPANSION_PENDING,DYNAMIC SPATIOTEMPORAL WATCH,SCENARIO-BASED; VERIFY WITH OFFICIAL SURVEILLANCE
2027-05,1206317000,South Cotabato,TUPI,0.9043195272157396,22.655012097150145,HOT_SPOT_99,1,10,66.71612463100074,HIGH,58.94946003057662,TRANSMISSION_PRESSURE_PROXY+STATISTICAL_HOTSPOT+CONNECTED_HOTSPOT_CLUSTER+CENTER_EXPANSION_PENDING,DYNAMIC SPATIOTEMPORAL WATCH,SCENARIO-BASED; VERIFY WITH OFFICIAL SURVEILLANCE
2027-05,1206314000,South Cotabato,TAMPAKAN,0.5654869931839211,28.922142077123528,HOT_SPOT_99,1,10,61.2733894660452,MODERATE,49.96628304114262,STATISTICAL_HOTSPOT+CONNECTED_HOTSPOT_CLUSTER+NEIGHBOR_INFECTIOUS_PRESSURE,DYNAMIC SPATIOTEMPORAL WATCH,SCENARIO-BASED; VERIFY WITH OFFICIAL SURVEILLANCE
2027-05,1206502000,Sultan Kudarat,COLUMBIO,0.4075671063358304,28.37542936229635,HOT_SPOT_95,1,10,60.73163900075593,MODERATE,50.973351230449325,STATISTICAL_HOTSPOT+CONNECTED_HOTSPOT_CLUSTER+NEIGHBOR_INFECTIOUS_PRESSURE,DYNAMIC SPATIOTEMPORAL WATCH,SCENARIO-BASED; VERIFY WITH OFFICIAL SURVEILLANCE
2027-05,1206302000,South Cotabato,BANGA,0.8623634703626035,23.372867325413747,HOT_SPOT_99,1,10,58.70664576922204,MODERATE,46.50006616124182,STATISTICAL_HOTSPOT+CONNECTED_HOTSPOT_CLUSTER+NEIGHBOR_INFECTIOUS_PRESSURE,DYNAMIC SPATIOTEMPORAL WATCH,SCENARIO-BASED; VERIFY WITH OFFICIAL SURVEILLANCE
2027-05,1206507000,Sultan Kudarat,LUTAYAN,0.40661293568741425,13.875018818427536,HOT_SPOT_99,1,10,49.3762646853994,MODERATE,44.37171089823107,STATISTICAL_HOTSPOT+CONNECTED_HOTSPOT_CLUSTER+NEIGHBOR_INFECTIOUS_PRESSURE,DYNAMIC SPATIOTEMPORAL WATCH,SCENARIO-BASED; VERIFY WITH OFFICIAL SURVEILLANCE
2027-06,1206311000,South Cotabato,NORALA,1.104495876326078,30.381231965376298,HOT_SPOT_99,1,10,80.86898206151724,CRITICAL,57.74841906387461,TRANSMISSION_PRESSURE_PROXY+STATISTICAL_HOTSPOT+CONNECTED_HOTSPOT_CLUSTER+NEIGHBOR_INFECTIOUS_PRESSURE+CENTER_EXPANSION_PENDING,DYNAMIC SPATIOTEMPORAL WATCH,SCENARIO-BASED; VERIFY WITH OFFICIAL SURVEILLANCE
2027-06,1206315000,South Cotabato,TANTANGAN,1.0753627082675195,32.68888506838356,HOT_SPOT_99,1,10,79.97062949347024,HIGH,57.53600465650234,TRANSMISSION_PRESSURE_PROXY+STATISTICAL_HOTSPOT+CONNECTED_HOTSPOT_CLUSTER+NEIGHBOR_INFECTIOUS_PRESSURE+CENTER_EXPANSION_PENDING,DYNAMIC SPATIOTEMPORAL WATCH,SCENARIO-BASED; VERIFY WITH OFFICIAL SURVEILLANCE
2027-06,1206511000,Sultan Kudarat,TACURONG,2.330910063896776,28.16107678312815,HOT_SPOT_95,1,10,76.93717998826645,HIGH,57.14959154263656,TRANSMISSION_PRESSURE_PROXY+STATISTICAL_HOTSPOT+CONNECTED_HOTSPOT_CLUSTER+NEIGHBOR_INFECTIOUS_PRESSURE+CENTER_EXPANSION_PENDING,DYNAMIC SPATIOTEMPORAL WATCH,SCENARIO-BASED; VERIFY WITH OFFICIAL SURVEILLANCE
2027-06,1206306000,South Cotabato,KORONADAL,6.915089455853881,39.28757220213419,HOT_SPOT_99,1,10,75.22930455041997,HIGH,61.08643794909325,TRANSMISSION_PRESSURE_PROXY+STATISTICAL_HOTSPOT+CONNECTED_HOTSPOT_CLUSTER+CENTER_EXPANSION_PENDING,DYNAMIC SPATIOTEMPORAL WATCH,SCENARIO-BASED; VERIFY WITH OFFICIAL SURVEILLANCE
2027-06,1206318000,South Cotabato,SANTO NIÑO,1.0331156348932415,35.20133074217207,HOT_SPOT_99,1,10,72.13368259414308,HIGH,52.67440461258575,TRANSMISSION_PRESSURE_PROXY+STATISTICAL_HOTSPOT+CONNECTED_HOTSPOT_CLUSTER,DYNAMIC SPATIOTEMPORAL WATCH,SCENARIO-BASED; VERIFY WITH OFFICIAL SURVEILLANCE
2027-06,1206502000,Sultan Kudarat,COLUMBIO,3.1218740688400515,29.33282573757923,HOT_SPOT_95,1,10,71.41007625197857,HIGH,53.57422796503307,TRANSMISSION_PRESSURE_PROXY+STATISTICAL_HOTSPOT+CONNECTED_HOTSPOT_CLUSTER+NEIGHBOR_INFECTIOUS_PRESSURE,DYNAMIC SPATIOTEMPORAL WATCH,SCENARIO-BASED; VERIFY WITH OFFICIAL SURVEILLANCE
2027-06,1206317000,South Cotabato,TUPI,1.6564840876363682,22.618052794694478,HOT_SPOT_95,1,10,67.36354612664145,HIGH,57.69030563935316,TRANSMISSION_PRESSURE_PROXY+STATISTICAL_HOTSPOT+CONNECTED_HOTSPOT_CLUSTER+CENTER_EXPANSION_PENDING,DYNAMIC SPATIOTEMPORAL WATCH,SCENARIO-BASED; VERIFY WITH OFFICIAL SURVEILLANCE
2027-06,1206314000,South Cotabato,TAMPAKAN,0.8689458171540038,28.680948813315055,HOT_SPOT_99,1,10,59.87941907114042,MODERATE,49.19233861484554,STATISTICAL_HOTSPOT+CONNECTED_HOTSPOT_CLUSTER+NEIGHBOR_INFECTIOUS_PRESSURE,DYNAMIC SPATIOTEMPORAL WATCH,SCENARIO-BASED; VERIFY WITH OFFICIAL SURVEILLANCE
2027-06,1206302000,South Cotabato,BANGA,1.501117270860482,23.258674762711518,HOT_SPOT_99,1,10,59.55782729400412,MODERATE,45.811294088930126,STATISTICAL_HOTSPOT+CONNECTED_HOTSPOT_CLUSTER+NEIGHBOR_INFECTIOUS_PRESSURE,DYNAMIC SPATIOTEMPORAL WATCH,SCENARIO-BASED; VERIFY WITH OFFICIAL SURVEILLANCE
2027-06,1206507000,Sultan Kudarat,LUTAYAN,0.9585669373453579,14.259009381616623,HOT_SPOT_99,1,10,55.21788046667676,MODERATE,48.18902037475,STATISTICAL_HOTSPOT+CONNECTED_HOTSPOT_CLUSTER+NEIGHBOR_INFECTIOUS_PRESSURE,DYNAMIC SPATIOTEMPORAL WATCH,SCENARIO-BASED; VERIFY WITH OFFICIAL SURVEILLANCE
2027-07,1206511000,Sultan Kudarat,TACURONG,2.893491860730813,28.205403334497642,HOT_SPOT_95,1,10,86.72152726373936,CRITICAL,66.4945268204815,TRANSMISSION_PRESSURE_PROXY+STATISTICAL_HOTSPOT+CONNECTED_HOTSPOT_CLUSTER+NEIGHBOR_INFECTIOUS_PRESSURE+CENTER_EXPANSION_PENDING,DYNAMIC SPATIOTEMPORAL WATCH,SCENARIO-BASED; VERIFY WITH OFFICIAL SURVEILLANCE
2027-07,1206311000,South Cotabato,NORALA,0.7851124372976186,30.2004277674005,HOT_SPOT_99,1,10,83.60112339053742,CRITICAL,60.6324008624362,TRANSMISSION_PRESSURE_PROXY+STATISTICAL_HOTSPOT+CONNECTED_HOTSPOT_CLUSTER+NEIGHBOR_INFECTIOUS_PRESSURE+CENTER_EXPANSION_PENDING,DYNAMIC SPATIOTEMPORAL WATCH,SCENARIO-BASED; VERIFY WITH OFFICIAL SURVEILLANCE
2027-07,1206315000,South Cotabato,TANTANGAN,0.765686111233661,32.47724592196234,HOT_SPOT_99,1,10,80.87984344734159,CRITICAL,58.5904003463456,TRANSMISSION_PRESSURE_PROXY+STATISTICAL_HOTSPOT+CONNECTED_HOTSPOT_CLUSTER+NEIGHBOR_INFECTIOUS_PRESSURE+CENTER_EXPANSION_PENDING,DYNAMIC SPATIOTEMPORAL WATCH,SCENARIO-BASED; VERIFY WITH OFFICIAL SURVEILLANCE
2027-07,1206306000,South Cotabato,KORONADAL,5.528238613636187,39.224118749002606,HOT_SPOT_99,1,10,77.48358978092021,HIGH,63.221990035103474,TRANSMISSION_PRESSURE_PROXY+STATISTICAL_HOTSPOT+CONNECTED_HOTSPOT_CLUSTER+CENTER_EXPANSION_PENDING,DYNAMIC SPATIOTEMPORAL WATCH,SCENARIO-BASED; VERIFY WITH OFFICIAL SURVEILLANCE
2027-07,1206318000,South Cotabato,SANTO NIÑO,0.6990264532342303,34.9593818150741,HOT_SPOT_99,1,10,73.90515393722504,HIGH,54.70226644727604,TRANSMISSION_PRESSURE_PROXY+STATISTICAL_HOTSPOT+CONNECTED_HOTSPOT_CLUSTER,DYNAMIC SPATIOTEMPORAL WATCH,SCENARIO-BASED; VERIFY WITH OFFICIAL SURVEILLANCE
2027-07,1206314000,South Cotabato,TAMPAKAN,0.94962676453338,28.554833451380127,HOT_SPOT_99,1,10,71.4871105143968,HIGH,52.667114779141905,TRANSMISSION_PRESSURE_PROXY+STATISTICAL_HOTSPOT+CONNECTED_HOTSPOT_CLUSTER+NEIGHBOR_INFECTIOUS_PRESSURE,DYNAMIC SPATIOTEMPORAL WATCH,SCENARIO-BASED; VERIFY WITH OFFICIAL SURVEILLANCE
2027-07,1206317000,South Cotabato,TUPI,1.0815538368304711,22.527367737176526,HOT_SPOT_95,1,10,65.43578279596306,HIGH,56.739548653435364,TRANSMISSION_PRESSURE_PROXY+STATISTICAL_HOTSPOT+CONNECTED_HOTSPOT_CLUSTER+CENTER_EXPANSION_PENDING,DYNAMIC SPATIOTEMPORAL WATCH,SCENARIO-BASED; VERIFY WITH OFFICIAL SURVEILLANCE
2027-07,1206302000,South Cotabato,BANGA,0.9978568758703893,23.119774468342907,HOT_SPOT_99,1,10,60.531788050168046,MODERATE,46.81103992140146,STATISTICAL_HOTSPOT+CONNECTED_HOTSPOT_CLUSTER+NEIGHBOR_INFECTIOUS_PRESSURE,DYNAMIC SPATIOTEMPORAL WATCH,SCENARIO-BASED; VERIFY WITH OFFICIAL SURVEILLANCE
2027-07,1206502000,Sultan Kudarat,COLUMBIO,0.6142758722787524,29.23987066625074,HOT_SPOT_95,1,10,51.18188052434759,MODERATE,43.57075384373788,STATISTICAL_HOTSPOT+CONNECTED_HOTSPOT_CLUSTER+NEIGHBOR_INFECTIOUS_PRESSURE,DYNAMIC SPATIOTEMPORAL WATCH,SCENARIO-BASED; VERIFY WITH OFFICIAL SURVEILLANCE
2027-07,1206507000,Sultan Kudarat,LUTAYAN,0.5208009097504629,14.22359472851,HOT_SPOT_99,1,10,49.2919097224087,MODERATE,43.62850466358251,STATISTICAL_HOTSPOT+CONNECTED_HOTSPOT_CLUSTER+NEIGHBOR_INFECTIOUS_PRESSURE,DYNAMIC SPATIOTEMPORAL WATCH,SCENARIO-BASED; VERIFY WITH OFFICIAL SURVEILLANCE
2027-08,1206311000,South Cotabato,NORALA,0.8524785611662719,29.979293687276307,HOT_SPOT_99,1,10,85.13280456197766,CRITICAL,61.31356652141659,TRANSMISSION_PRESSURE_PROXY+STATISTICAL_HOTSPOT+CONNECTED_HOTSPOT_CLUSTER+NEIGHBOR_INFECTIOUS_PRESSURE+CENTER_EXPANSION_PENDING,DYNAMIC SPATIOTEMPORAL WATCH,SCENARIO-BASED; VERIFY WITH OFFICIAL SURVEILLANCE
2027-08,1206315000,South Cotabato,TANTANGAN,0.8158007112177151,32.218026064629996,HOT_SPOT_99,1,10,83.38438544881805,CRITICAL,59.854440236283246,TRANSMISSION_PRESSURE_PROXY+STATISTICAL_HOTSPOT+CONNECTED_HOTSPOT_CLUSTER+NEIGHBOR_INFECTIOUS_PRESSURE+CENTER_EXPANSION_PENDING,DYNAMIC SPATIOTEMPORAL WATCH,SCENARIO-BASED; VERIFY WITH OFFICIAL SURVEILLANCE
2027-08,1206511000,Sultan Kudarat,TACURONG,2.225847463233518,28.118380269446686,HOT_SPOT_95,1,10,81.98068824165749,CRITICAL,61.52784759060346,TRANSMISSION_PRESSURE_PROXY+STATISTICAL_HOTSPOT+CONNECTED_HOTSPOT_CLUSTER+NEIGHBOR_INFECTIOUS_PRESSURE+CENTER_EXPANSION_PENDING,DYNAMIC SPATIOTEMPORAL WATCH,SCENARIO-BASED; VERIFY WITH OFFICIAL SURVEILLANCE
2027-08,1206306000,South Cotabato,KORONADAL,5.0651618481996135,39.0463574546881,HOT_SPOT_99,1,10,75.78282979957937,HIGH,61.71755515200916,TRANSMISSION_PRESSURE_PROXY+STATISTICAL_HOTSPOT+CONNECTED_HOTSPOT_CLUSTER+CENTER_EXPANSION_PENDING,DYNAMIC SPATIOTEMPORAL WATCH,SCENARIO-BASED; VERIFY WITH OFFICIAL SURVEILLANCE
2027-08,1206318000,South Cotabato,SANTO NIÑO,0.7276672129415115,34.66320400350175,HOT_SPOT_99,1,10,75.0254877898917,HIGH,55.41544052559394,TRANSMISSION_PRESSURE_PROXY+STATISTICAL_HOTSPOT+CONNECTED_HOTSPOT_CLUSTER,DYNAMIC SPATIOTEMPORAL WATCH,SCENARIO-BASED; VERIFY WITH OFFICIAL SURVEILLANCE
2027-08,1206317000,South Cotabato,TUPI,1.0892098389292126,22.38824682686738,HOT_SPOT_95,1,10,65.65277834995553,HIGH,56.93747405338294,TRANSMISSION_PRESSURE_PROXY+STATISTICAL_HOTSPOT+CONNECTED_HOTSPOT_CLUSTER+CENTER_EXPANSION_PENDING,DYNAMIC SPATIOTEMPORAL WATCH,SCENARIO-BASED; VERIFY WITH OFFICIAL SURVEILLANCE
2027-08,1206302000,South Cotabato,BANGA,0.9959987979984108,22.931690601785693,HOT_SPOT_99,1,10,62.25273709035958,MODERATE,48.547530770496294,STATISTICAL_HOTSPOT+CONNECTED_HOTSPOT_CLUSTER+NEIGHBOR_INFECTIOUS_PRESSURE,DYNAMIC SPATIOTEMPORAL WATCH,SCENARIO-BASED; VERIFY WITH OFFICIAL SURVEILLANCE
2027-08,1206314000,South Cotabato,TAMPAKAN,0.6245890013236212,28.25369195719275,HOT_SPOT_99,1,10,62.19863109560596,MODERATE,50.33857731920983,STATISTICAL_HOTSPOT+CONNECTED_HOTSPOT_CLUSTER+NEIGHBOR_INFECTIOUS_PRESSURE,DYNAMIC SPATIOTEMPORAL WATCH,SCENARIO-BASED; VERIFY WITH OFFICIAL SURVEILLANCE
2027-08,1206502000,Sultan Kudarat,COLUMBIO,0.34823064403000387,28.89296563632181,HOT_SPOT_95,1,10,50.97055313719068,MODERATE,43.1937295792128,STATISTICAL_HOTSPOT+CONNECTED_HOTSPOT_CLUSTER+NEIGHBOR_INFECTIOUS_PRESSURE,DYNAMIC SPATIOTEMPORAL WATCH,SCENARIO-BASED; VERIFY WITH OFFICIAL SURVEILLANCE
2027-08,1206507000,Sultan Kudarat,LUTAYAN,0.49601621028563614,14.116373638802473,HOT_SPOT_99,1,10,47.896372009430735,MODERATE,42.15479288788187,STATISTICAL_HOTSPOT+CONNECTED_HOTSPOT_CLUSTER+NEIGHBOR_INFECTIOUS_PRESSURE,DYNAMIC SPATIOTEMPORAL WATCH,SCENARIO-BASED; VERIFY WITH OFFICIAL SURVEILLANCE
2027-09,1206315000,South Cotabato,TANTANGAN,0.6921401845566505,32.0562875935734,HOT_SPOT_99,1,10,89.4902534177515,CRITICAL,62.875556448642186,TRANSMISSION_PRESSURE_PROXY+STATISTICAL_HOTSPOT+CONNECTED_HOTSPOT_CLUSTER+NEIGHBOR_INFECTIOUS_PRESSURE,DYNAMIC SPATIOTEMPORAL WATCH,SCENARIO-BASED; VERIFY WITH OFFICIAL SURVEILLANCE
2027-09,1206311000,South Cotabato,NORALA,0.6007299568702537,29.83100046528165,HOT_SPOT_99,1,10,85.26202632081964,CRITICAL,60.392452675748345,TRANSMISSION_PRESSURE_PROXY+STATISTICAL_HOTSPOT+CONNECTED_HOTSPOT_CLUSTER+NEIGHBOR_INFECTIOUS_PRESSURE,DYNAMIC SPATIOTEMPORAL WATCH,SCENARIO-BASED; VERIFY WITH OFFICIAL SURVEILLANCE
2027-09,1206318000,South Cotabato,SANTO NIÑO,0.6737655096274284,34.44040192428575,HOT_SPOT_95,1,10,81.21145196594286,CRITICAL,61.44473943667113,TRANSMISSION_PRESSURE_PROXY+STATISTICAL_HOTSPOT+CONNECTED_HOTSPOT_CLUSTER,DYNAMIC SPATIOTEMPORAL WATCH,SCENARIO-BASED; VERIFY WITH OFFICIAL SURVEILLANCE
2027-09,1206511000,Sultan Kudarat,TACURONG,1.3306808843854605,28.022867640751517,HOT_SPOT_95,1,10,80.58384507481898,CRITICAL,56.453408987977056,TRANSMISSION_PRESSURE_PROXY+STATISTICAL_HOTSPOT+CONNECTED_HOTSPOT_CLUSTER+NEIGHBOR_INFECTIOUS_PRESSURE,DYNAMIC SPATIOTEMPORAL WATCH,SCENARIO-BASED; VERIFY WITH OFFICIAL SURVEILLANCE
2027-09,1206306000,South Cotabato,KORONADAL,3.28853599845765,38.89078079799607,HOT_SPOT_99,1,10,74.82089765691234,HIGH,58.09157023919906,TRANSMISSION_PRESSURE_PROXY+STATISTICAL_HOTSPOT+CONNECTED_HOTSPOT_CLUSTER,DYNAMIC SPATIOTEMPORAL WATCH,SCENARIO-BASED; VERIFY WITH OFFICIAL SURVEILLANCE
2027-09,1206317000,South Cotabato,TUPI,0.7025862292227937,22.312478931818312,HOT_SPOT_95,1,10,62.8307845857131,MODERATE,48.50092642992557,STATISTICAL_HOTSPOT+CONNECTED_HOTSPOT_CLUSTER,DYNAMIC SPATIOTEMPORAL WATCH,SCENARIO-BASED; VERIFY WITH OFFICIAL SURVEILLANCE
2027-09,1206302000,South Cotabato,BANGA,0.6413962239834032,22.76731071974379,HOT_SPOT_99,1,10,61.2378184628275,MODERATE,49.29294697108101,STATISTICAL_HOTSPOT+CONNECTED_HOTSPOT_CLUSTER+NEIGHBOR_INFECTIOUS_PRESSURE,DYNAMIC SPATIOTEMPORAL WATCH,SCENARIO-BASED; VERIFY WITH OFFICIAL SURVEILLANCE
2027-09,1206314000,South Cotabato,TAMPAKAN,0.3458711160523628,27.98942735369922,HOT_SPOT_99,1,10,58.753924071110355,MODERATE,48.46860900688296,STATISTICAL_HOTSPOT+CONNECTED_HOTSPOT_CLUSTER+NEIGHBOR_INFECTIOUS_PRESSURE,DYNAMIC SPATIOTEMPORAL WATCH,SCENARIO-BASED; VERIFY WITH OFFICIAL SURVEILLANCE
2027-09,1206507000,Sultan Kudarat,LUTAYAN,0.45043920026475415,14.033527792731975,HOT_SPOT_99,1,10,54.30200318752198,MODERATE,47.56139533627867,STATISTICAL_HOTSPOT+CONNECTED_HOTSPOT_CLUSTER+NEIGHBOR_INFECTIOUS_PRESSURE,DYNAMIC SPATIOTEMPORAL WATCH,SCENARIO-BASED; VERIFY WITH OFFICIAL SURVEILLANCE
2027-09,1206502000,Sultan Kudarat,COLUMBIO,0.19925099843386554,28.593424968139004,HOT_SPOT_95,1,10,50.857607532459895,MODERATE,42.91643726201603,STATISTICAL_HOTSPOT+CONNECTED_HOTSPOT_CLUSTER+NEIGHBOR_INFECTIOUS_PRESSURE,DYNAMIC SPATIOTEMPORAL WATCH,SCENARIO-BASED; VERIFY WITH OFFICIAL SURVEILLANCE
2027-10,1206311000,South Cotabato,NORALA,1.3024969753005835,29.607824798141994,HOT_SPOT_99,1,10,87.56151948477464,CRITICAL,61.309375218722124,TRANSMISSION_PRESSURE_PROXY+STATISTICAL_HOTSPOT+CONNECTED_HOTSPOT_CLUSTER+NEIGHBOR_INFECTIOUS_PRESSURE,DYNAMIC SPATIOTEMPORAL WATCH,SCENARIO-BASED; VERIFY WITH OFFICIAL SURVEILLANCE
2027-10,1206318000,South Cotabato,SANTO NIÑO,1.5015503569016526,33.99796987702733,HOT_SPOT_95,1,10,80.9789641697244,CRITICAL,61.148978974292476,TRANSMISSION_PRESSURE_PROXY+STATISTICAL_HOTSPOT+CONNECTED_HOTSPOT_CLUSTER,DYNAMIC SPATIOTEMPORAL WATCH,SCENARIO-BASED; VERIFY WITH OFFICIAL SURVEILLANCE
2027-10,1206511000,Sultan Kudarat,TACURONG,2.9003470733162855,27.85699552697223,HOT_SPOT_95,1,10,80.84499929467626,CRITICAL,56.60479449990184,TRANSMISSION_PRESSURE_PROXY+STATISTICAL_HOTSPOT+CONNECTED_HOTSPOT_CLUSTER+NEIGHBOR_INFECTIOUS_PRESSURE,DYNAMIC SPATIOTEMPORAL WATCH,SCENARIO-BASED; VERIFY WITH OFFICIAL SURVEILLANCE
2027-10,1206315000,South Cotabato,TANTANGAN,0.9930443513667612,31.753638220561307,HOT_SPOT_99,1,10,80.36723911231377,CRITICAL,56.545031925896005,TRANSMISSION_PRESSURE_PROXY+STATISTICAL_HOTSPOT+CONNECTED_HOTSPOT_CLUSTER+NEIGHBOR_INFECTIOUS_PRESSURE,DYNAMIC SPATIOTEMPORAL WATCH,SCENARIO-BASED; VERIFY WITH OFFICIAL SURVEILLANCE
2027-10,1206306000,South Cotabato,KORONADAL,6.699453944146154,38.592981547504486,HOT_SPOT_99,1,10,74.7171164788859,HIGH,58.140490271104944,TRANSMISSION_PRESSURE_PROXY+STATISTICAL_HOTSPOT+CONNECTED_HOTSPOT_CLUSTER,DYNAMIC SPATIOTEMPORAL WATCH,SCENARIO-BASED; VERIFY WITH OFFICIAL SURVEILLANCE
2027-10,1206317000,South Cotabato,TUPI,2.0226550762653255,22.212243103678787,HOT_SPOT_95,1,10,73.63237289400502,HIGH,54.12110920704509,TRANSMISSION_PRESSURE_PROXY+STATISTICAL_HOTSPOT+CONNECTED_HOTSPOT_CLUSTER,DYNAMIC SPATIOTEMPORAL WATCH,SCENARIO-BASED; VERIFY WITH OFFICIAL SURVEILLANCE
2027-10,1206302000,South Cotabato,BANGA,1.7903159453377544,22.468328780697266,HOT_SPOT_99,1,10,70.65264026077165,HIGH,54.930631428369345,TRANSMISSION_PRESSURE_PROXY+STATISTICAL_HOTSPOT+CONNECTED_HOTSPOT_CLUSTER+NEIGHBOR_INFECTIOUS_PRESSURE,DYNAMIC SPATIOTEMPORAL WATCH,SCENARIO-BASED; VERIFY WITH OFFICIAL SURVEILLANCE
2027-10,1206314000,South Cotabato,TAMPAKAN,0.6574499706440298,27.519209002337444,HOT_SPOT_99,1,10,58.16341214922871,MODERATE,47.93906439274558,STATISTICAL_HOTSPOT+CONNECTED_HOTSPOT_CLUSTER+NEIGHBOR_INFECTIOUS_PRESSURE,DYNAMIC SPATIOTEMPORAL WATCH,SCENARIO-BASED; VERIFY WITH OFFICIAL SURVEILLANCE
2027-10,1206507000,Sultan Kudarat,LUTAYAN,0.9112215489483456,13.864754960084403,HOT_SPOT_99,1,10,56.5600740407859,MODERATE,48.86920635368621,STATISTICAL_HOTSPOT+CONNECTED_HOTSPOT_CLUSTER+NEIGHBOR_INFECTIOUS_PRESSURE,DYNAMIC SPATIOTEMPORAL WATCH,SCENARIO-BASED; VERIFY WITH OFFICIAL SURVEILLANCE
2027-10,1206502000,Sultan Kudarat,COLUMBIO,0.3934418705186091,28.07733560872277,HOT_SPOT_95,1,10,51.068662782577256,MODERATE,42.98386650464938,STATISTICAL_HOTSPOT+CONNECTED_HOTSPOT_CLUSTER+NEIGHBOR_INFECTIOUS_PRESSURE,DYNAMIC SPATIOTEMPORAL WATCH,SCENARIO-BASED; VERIFY WITH OFFICIAL SURVEILLANCE
2027-11,1206311000,South Cotabato,NORALA,2.1319301522924357,29.29308097390458,HOT_SPOT_99,1,10,89.67968658633403,CRITICAL,63.25930584473693,TRANSMISSION_PRESSURE_PROXY+STATISTICAL_HOTSPOT+CONNECTED_HOTSPOT_CLUSTER+NEIGHBOR_INFECTIOUS_PRESSURE,DYNAMIC SPATIOTEMPORAL WATCH,SCENARIO-BASED; VERIFY WITH OFFICIAL SURVEILLANCE
2027-11,1206315000,South Cotabato,TANTANGAN,2.3252353430951054,31.322957297047495,HOT_SPOT_99,1,10,89.5551129009383,CRITICAL,62.67315990697465,TRANSMISSION_PRESSURE_PROXY+STATISTICAL_HOTSPOT+CONNECTED_HOTSPOT_CLUSTER+NEIGHBOR_INFECTIOUS_PRESSURE,DYNAMIC SPATIOTEMPORAL WATCH,SCENARIO-BASED; VERIFY WITH OFFICIAL SURVEILLANCE
2027-11,1206511000,Sultan Kudarat,TACURONG,3.2948015415392073,27.616758751711565,HOT_SPOT_95,1,10,79.95555381991953,HIGH,55.69704725744148,TRANSMISSION_PRESSURE_PROXY+STATISTICAL_HOTSPOT+CONNECTED_HOTSPOT_CLUSTER+NEIGHBOR_INFECTIOUS_PRESSURE,DYNAMIC SPATIOTEMPORAL WATCH,SCENARIO-BASED; VERIFY WITH OFFICIAL SURVEILLANCE
2027-11,1206306000,South Cotabato,KORONADAL,9.34303372533632,38.19881992354369,HOT_SPOT_99,1,10,75.2744798498458,HIGH,58.789398275191026,TRANSMISSION_PRESSURE_PROXY+STATISTICAL_HOTSPOT+CONNECTED_HOTSPOT_CLUSTER,DYNAMIC SPATIOTEMPORAL WATCH,SCENARIO-BASED; VERIFY WITH OFFICIAL SURVEILLANCE
2027-11,1206318000,South Cotabato,SANTO NIÑO,1.633399365881255,33.42546785009319,HOT_SPOT_95,1,10,75.24072802581621,HIGH,55.493656944551404,TRANSMISSION_PRESSURE_PROXY+STATISTICAL_HOTSPOT+CONNECTED_HOTSPOT_CLUSTER,DYNAMIC SPATIOTEMPORAL WATCH,SCENARIO-BASED; VERIFY WITH OFFICIAL SURVEILLANCE
2027-11,1206502000,Sultan Kudarat,COLUMBIO,0.9664714449792875,27.45464358168807,HOT_SPOT_95,1,10,64.79116293197657,MODERATE,51.78664673329901,STATISTICAL_HOTSPOT+CONNECTED_HOTSPOT_CLUSTER+NEIGHBOR_INFECTIOUS_PRESSURE,DYNAMIC SPATIOTEMPORAL WATCH,SCENARIO-BASED; VERIFY WITH OFFICIAL SURVEILLANCE
2027-11,1206302000,South Cotabato,BANGA,2.071176661652233,22.096556772003893,HOT_SPOT_99,1,10,63.95015200247644,MODERATE,50.39566459028618,STATISTICAL_HOTSPOT+CONNECTED_HOTSPOT_CLUSTER+NEIGHBOR_INFECTIOUS_PRESSURE,DYNAMIC SPATIOTEMPORAL WATCH,SCENARIO-BASED; VERIFY WITH OFFICIAL SURVEILLANCE
2027-11,1206317000,South Cotabato,TUPI,1.7006963992999822,22.05781446309625,HOT_SPOT_95,1,10,59.30159499130141,MODERATE,45.53899505929708,STATISTICAL_HOTSPOT+CONNECTED_HOTSPOT_CLUSTER,DYNAMIC SPATIOTEMPORAL WATCH,SCENARIO-BASED; VERIFY WITH OFFICIAL SURVEILLANCE
2027-11,1206314000,South Cotabato,TAMPAKAN,0.8202241615012208,26.960430522155583,HOT_SPOT_99,1,10,58.88649337664762,MODERATE,49.47691097771991,STATISTICAL_HOTSPOT+CONNECTED_HOTSPOT_CLUSTER+NEIGHBOR_INFECTIOUS_PRESSURE,DYNAMIC SPATIOTEMPORAL WATCH,SCENARIO-BASED; VERIFY WITH OFFICIAL SURVEILLANCE
2027-11,1206507000,Sultan Kudarat,LUTAYAN,1.4781675776165528,13.623709861999512,HOT_SPOT_99,1,10,58.718064796335725,MODERATE,49.56854506669144,STATISTICAL_HOTSPOT+CONNECTED_HOTSPOT_CLUSTER+NEIGHBOR_INFECTIOUS_PRESSURE,DYNAMIC SPATIOTEMPORAL WATCH,SCENARIO-BASED; VERIFY WITH OFFICIAL SURVEILLANCE
2027-12,1206511000,Sultan Kudarat,TACURONG,1.3376401084361575,27.480660550161495,HOT_SPOT_95,1,10,85.09127597056143,CRITICAL,60.42026970444361,TRANSMISSION_PRESSURE_PROXY+STATISTICAL_HOTSPOT+CONNECTED_HOTSPOT_CLUSTER+NEIGHBOR_INFECTIOUS_PRESSURE,DYNAMIC SPATIOTEMPORAL WATCH,SCENARIO-BASED; VERIFY WITH OFFICIAL SURVEILLANCE
2027-12,1206311000,South Cotabato,NORALA,0.577658965327033,29.128760231739083,HOT_SPOT_99,1,10,81.7300857045455,CRITICAL,55.45887527249019,TRANSMISSION_PRESSURE_PROXY+STATISTICAL_HOTSPOT+CONNECTED_HOTSPOT_CLUSTER+NEIGHBOR_INFECTIOUS_PRESSURE,DYNAMIC SPATIOTEMPORAL WATCH,SCENARIO-BASED; VERIFY WITH OFFICIAL SURVEILLANCE
2027-12,1206315000,South Cotabato,TANTANGAN,0.5835776429807127,31.11566739453704,HOT_SPOT_99,1,10,80.48187559542683,CRITICAL,55.252261176316026,TRANSMISSION_PRESSURE_PROXY+STATISTICAL_HOTSPOT+CONNECTED_HOTSPOT_CLUSTER+NEIGHBOR_INFECTIOUS_PRESSURE,DYNAMIC SPATIOTEMPORAL WATCH,SCENARIO-BASED; VERIFY WITH OFFICIAL SURVEILLANCE
2027-12,1206306000,South Cotabato,KORONADAL,3.2764103467979453,37.978642639510156,HOT_SPOT_99,1,10,75.51446680003879,HIGH,59.09658538477946,TRANSMISSION_PRESSURE_PROXY+STATISTICAL_HOTSPOT+CONNECTED_HOTSPOT_CLUSTER,DYNAMIC SPATIOTEMPORAL WATCH,SCENARIO-BASED; VERIFY WITH OFFICIAL SURVEILLANCE
2027-12,1206318000,South Cotabato,SANTO NIÑO,0.5228044036258702,33.15426241594379,HOT_SPOT_95,1,10,71.6812613204684,HIGH,52.00207264054299,TRANSMISSION_PRESSURE_PROXY+STATISTICAL_HOTSPOT+CONNECTED_HOTSPOT_CLUSTER,DYNAMIC SPATIOTEMPORAL WATCH,SCENARIO-BASED; VERIFY WITH OFFICIAL SURVEILLANCE
2027-12,1206317000,South Cotabato,TUPI,0.8132997295310487,21.954947231686777,HOT_SPOT_95,1,10,71.6583973115284,HIGH,52.69747475267944,TRANSMISSION_PRESSURE_PROXY+STATISTICAL_HOTSPOT+CONNECTED_HOTSPOT_CLUSTER,DYNAMIC SPATIOTEMPORAL WATCH,SCENARIO-BASED; VERIFY WITH OFFICIAL SURVEILLANCE
2027-12,1206314000,South Cotabato,TAMPAKAN,0.3127153750145768,26.6759864793125,HOT_SPOT_99,1,10,62.84536907617735,MODERATE,53.09663350250934,STATISTICAL_HOTSPOT+CONNECTED_HOTSPOT_CLUSTER+NEIGHBOR_INFECTIOUS_PRESSURE,DYNAMIC SPATIOTEMPORAL WATCH,SCENARIO-BASED; VERIFY WITH OFFICIAL SURVEILLANCE
2027-12,1206302000,South Cotabato,BANGA,0.5765831962699369,21.915866230482955,HOT_SPOT_99,1,10,56.82682056930177,MODERATE,44.86383837032011,STATISTICAL_HOTSPOT+CONNECTED_HOTSPOT_CLUSTER+NEIGHBOR_INFECTIOUS_PRESSURE,DYNAMIC SPATIOTEMPORAL WATCH,SCENARIO-BASED; VERIFY WITH OFFICIAL SURVEILLANCE
2027-12,1206502000,Sultan Kudarat,COLUMBIO,0.20785026005083784,27.15119317706087,HOT_SPOT_95,1,10,50.25091017902717,MODERATE,42.21256613352965,STATISTICAL_HOTSPOT+CONNECTED_HOTSPOT_CLUSTER+NEIGHBOR_INFECTIOUS_PRESSURE,DYNAMIC SPATIOTEMPORAL WATCH,SCENARIO-BASED; VERIFY WITH OFFICIAL SURVEILLANCE
2027-12,1206507000,Sultan Kudarat,LUTAYAN,0.35543730619126385,13.510874249377691,HOT_SPOT_99,1,10,44.51080473827836,LOW,39.623566500446046,STATISTICAL_HOTSPOT+CONNECTED_HOTSPOT_CLUSTER+NEIGHBOR_INFECTIOUS_PRESSURE,DYNAMIC SPATIOTEMPORAL WATCH,SCENARIO-BASED; VERIFY WITH OFFICIAL SURVEILLANCE
2028-01,1206311000,South Cotabato,NORALA,0.3898100020317804,28.968565648591742,HOT_SPOT_99,1,10,81.98944428046406,CRITICAL,55.512167250254564,TRANSMISSION_PRESSURE_PROXY+STATISTICAL_HOTSPOT+CONNECTED_HOTSPOT_CLUSTER+NEIGHBOR_INFECTIOUS_PRESSURE,DYNAMIC SPATIOTEMPORAL WATCH,SCENARIO-BASED; VERIFY WITH OFFICIAL SURVEILLANCE
2028-01,1206315000,South Cotabato,TANTANGAN,0.3868450170972388,30.923981999993504,HOT_SPOT_99,1,10,80.92201569791604,CRITICAL,55.186679398268716,TRANSMISSION_PRESSURE_PROXY+STATISTICAL_HOTSPOT+CONNECTED_HOTSPOT_CLUSTER+NEIGHBOR_INFECTIOUS_PRESSURE,DYNAMIC SPATIOTEMPORAL WATCH,SCENARIO-BASED; VERIFY WITH OFFICIAL SURVEILLANCE
2028-01,1206511000,Sultan Kudarat,TACURONG,0.7274177418606628,27.352037412782373,HOT_SPOT_95,1,10,79.27572922763659,HIGH,54.638429971416464,TRANSMISSION_PRESSURE_PROXY+STATISTICAL_HOTSPOT+CONNECTED_HOTSPOT_CLUSTER+NEIGHBOR_INFECTIOUS_PRESSURE,DYNAMIC SPATIOTEMPORAL WATCH,SCENARIO-BASED; VERIFY WITH OFFICIAL SURVEILLANCE
2028-01,1206318000,South Cotabato,SANTO NIÑO,0.343762704646644,32.92255781865753,HOT_SPOT_95,1,10,72.12444083766736,HIGH,52.425797013638004,TRANSMISSION_PRESSURE_PROXY+STATISTICAL_HOTSPOT+CONNECTED_HOTSPOT_CLUSTER,DYNAMIC SPATIOTEMPORAL WATCH,SCENARIO-BASED; VERIFY WITH OFFICIAL SURVEILLANCE
2028-01,1206306000,South Cotabato,KORONADAL,1.8856712932607635,37.78107991084074,HOT_SPOT_99,1,10,70.64968636013215,HIGH,54.55013285269504,TRANSMISSION_PRESSURE_PROXY+STATISTICAL_HOTSPOT+CONNECTED_HOTSPOT_CLUSTER,DYNAMIC SPATIOTEMPORAL WATCH,SCENARIO-BASED; VERIFY WITH OFFICIAL SURVEILLANCE
2028-01,1206314000,South Cotabato,TAMPAKAN,0.22824086222664142,26.44131610158689,HOT_SPOT_99,1,10,64.16199466476644,MODERATE,53.103483031077516,STATISTICAL_HOTSPOT+CONNECTED_HOTSPOT_CLUSTER+NEIGHBOR_INFECTIOUS_PRESSURE,DYNAMIC SPATIOTEMPORAL WATCH,SCENARIO-BASED; VERIFY WITH OFFICIAL SURVEILLANCE
2028-01,1206317000,South Cotabato,TUPI,0.4327349424300858,21.861954748590875,HOT_SPOT_95,1,10,59.56648172076052,MODERATE,45.79128343729741,STATISTICAL_HOTSPOT+CONNECTED_HOTSPOT_CLUSTER,DYNAMIC SPATIOTEMPORAL WATCH,SCENARIO-BASED; VERIFY WITH OFFICIAL SURVEILLANCE
2028-01,1206302000,South Cotabato,BANGA,0.357264428054918,21.76309383672512,HOT_SPOT_99,1,10,56.161310830489455,MODERATE,44.72033953679736,STATISTICAL_HOTSPOT+CONNECTED_HOTSPOT_CLUSTER+NEIGHBOR_INFECTIOUS_PRESSURE,DYNAMIC SPATIOTEMPORAL WATCH,SCENARIO-BASED; VERIFY WITH OFFICIAL SURVEILLANCE
2028-01,1206502000,Sultan Kudarat,COLUMBIO,0.11411184234242858,26.901932633724794,HOT_SPOT_95,1,10,49.57782975792111,MODERATE,41.5190461546728,STATISTICAL_HOTSPOT+CONNECTED_HOTSPOT_CLUSTER+NEIGHBOR_INFECTIOUS_PRESSURE,DYNAMIC SPATIOTEMPORAL WATCH,SCENARIO-BASED; VERIFY WITH OFFICIAL SURVEILLANCE
2028-01,1206507000,Sultan Kudarat,LUTAYAN,0.20711997678543717,13.414287502197249,HOT_SPOT_99,1,10,43.63818430883852,LOW,39.25129953525503,STATISTICAL_HOTSPOT+CONNECTED_HOTSPOT_CLUSTER+NEIGHBOR_INFECTIOUS_PRESSURE,DYNAMIC SPATIOTEMPORAL WATCH,SCENARIO-BASED; VERIFY WITH OFFICIAL SURVEILLANCE
2028-01,1204711000,Cotabato,PIGKAWAYAN,0.12216543451475251,8.755125031576824,NOT_SIGNIFICANT,0,0,42.88070034135518,LOW,51.91264325385549,NEIGHBOR_INFECTIOUS_PRESSURE,DYNAMIC SPATIOTEMPORAL WATCH,SCENARIO-BASED; VERIFY WITH OFFICIAL SURVEILLANCE
2028-02,1206315000,South Cotabato,TANTANGAN,2.5140785871775173,30.04136969954116,HOT_SPOT_99,1,10,86.15363742531163,CRITICAL,59.00967370116125,TRANSMISSION_PRESSURE_PROXY+STATISTICAL_HOTSPOT+CONNECTED_HOTSPOT_CLUSTER+NEIGHBOR_INFECTIOUS_PRESSURE,DYNAMIC SPATIOTEMPORAL WATCH,SCENARIO-BASED; VERIFY WITH OFFICIAL SURVEILLANCE
2028-02,1206511000,Sultan Kudarat,TACURONG,4.315930625504079,26.81548943221877,HOT_SPOT_95,1,10,83.74310033664828,CRITICAL,59.28158282222948,TRANSMISSION_PRESSURE_PROXY+STATISTICAL_HOTSPOT+CONNECTED_HOTSPOT_CLUSTER+NEIGHBOR_INFECTIOUS_PRESSURE,DYNAMIC SPATIOTEMPORAL WATCH,SCENARIO-BASED; VERIFY WITH OFFICIAL SURVEILLANCE
2028-02,1206311000,South Cotabato,NORALA,1.292326844576808,28.4906347428406,HOT_SPOT_99,1,10,77.58099180541296,HIGH,53.48572816737329,TRANSMISSION_PRESSURE_PROXY+STATISTICAL_HOTSPOT+CONNECTED_HOTSPOT_CLUSTER+NEIGHBOR_INFECTIOUS_PRESSURE,DYNAMIC SPATIOTEMPORAL WATCH,SCENARIO-BASED; VERIFY WITH OFFICIAL SURVEILLANCE
2028-02,1206302000,South Cotabato,BANGA,3.42865690071518,21.02885279616457,HOT_SPOT_99,1,10,72.20766297015473,HIGH,54.15698611883803,TRANSMISSION_PRESSURE_PROXY+STATISTICAL_HOTSPOT+CONNECTED_HOTSPOT_CLUSTER+NEIGHBOR_INFECTIOUS_PRESSURE,DYNAMIC SPATIOTEMPORAL WATCH,SCENARIO-BASED; VERIFY WITH OFFICIAL SURVEILLANCE
2028-02,1206306000,South Cotabato,KORONADAL,8.618440786363927,37.066815297999824,HOT_SPOT_99,1,10,71.21132822158702,HIGH,55.30938423230334,TRANSMISSION_PRESSURE_PROXY+STATISTICAL_HOTSPOT+CONNECTED_HOTSPOT_CLUSTER,DYNAMIC SPATIOTEMPORAL WATCH,SCENARIO-BASED; VERIFY WITH OFFICIAL SURVEILLANCE
2028-02,1206318000,South Cotabato,SANTO NIÑO,1.2080371814786879,32.08012881947349,HOT_SPOT_95,1,10,69.92506730741319,HIGH,51.70955216648425,TRANSMISSION_PRESSURE_PROXY+STATISTICAL_HOTSPOT+CONNECTED_HOTSPOT_CLUSTER,DYNAMIC SPATIOTEMPORAL WATCH,SCENARIO-BASED; VERIFY WITH OFFICIAL SURVEILLANCE
2028-02,1206314000,South Cotabato,TAMPAKAN,0.9491856947406137,25.665028621997624,HOT_SPOT_99,1,10,61.86124616835752,MODERATE,51.27270166049074,STATISTICAL_HOTSPOT+CONNECTED_HOTSPOT_CLUSTER+NEIGHBOR_INFECTIOUS_PRESSURE,DYNAMIC SPATIOTEMPORAL WATCH,SCENARIO-BASED; VERIFY WITH OFFICIAL SURVEILLANCE
2028-02,1206317000,South Cotabato,TUPI,1.7582718825898003,21.53075983973536,HOT_SPOT_95,1,10,61.191774263275924,MODERATE,47.09518264516805,STATISTICAL_HOTSPOT+CONNECTED_HOTSPOT_CLUSTER,DYNAMIC SPATIOTEMPORAL WATCH,SCENARIO-BASED; VERIFY WITH OFFICIAL SURVEILLANCE
2028-02,1206502000,Sultan Kudarat,COLUMBIO,0.5309594787140933,26.14974382791902,HOT_SPOT_95,1,10,49.36633817267334,MODERATE,41.5058536988186,STATISTICAL_HOTSPOT+CONNECTED_HOTSPOT_CLUSTER+NEIGHBOR_INFECTIOUS_PRESSURE,DYNAMIC SPATIOTEMPORAL WATCH,SCENARIO-BASED; VERIFY WITH OFFICIAL SURVEILLANCE
2028-02,1206507000,Sultan Kudarat,LUTAYAN,0.7469248762489168,13.105172103469496,HOT_SPOT_99,1,10,42.47489662173523,LOW,38.52320893012602,STATISTICAL_HOTSPOT+CONNECTED_HOTSPOT_CLUSTER+NEIGHBOR_INFECTIOUS_PRESSURE,DYNAMIC SPATIOTEMPORAL WATCH,SCENARIO-BASED; VERIFY WITH OFFICIAL SURVEILLANCE
2028-02,1204711000,Cotabato,PIGKAWAYAN,0.32827639763303346,8.686971843798425,NOT_SIGNIFICANT,0,0,40.102820045164364,LOW,51.00098406134579,NEIGHBOR_INFECTIOUS_PRESSURE,DYNAMIC SPATIOTEMPORAL WATCH,SCENARIO-BASED; VERIFY WITH OFFICIAL SURVEILLANCE
2028-03,1206311000,South Cotabato,NORALA,2.6651673358404007,27.624965595385497,HOT_SPOT_99,1,10,89.54299606536617,CRITICAL,62.514051675859136,TRANSMISSION_PRESSURE_PROXY+STATISTICAL_HOTSPOT+CONNECTED_HOTSPOT_CLUSTER+NEIGHBOR_INFECTIOUS_PRESSURE,DYNAMIC SPATIOTEMPORAL WATCH,SCENARIO-BASED; VERIFY WITH OFFICIAL SURVEILLANCE
2028-03,1206511000,Sultan Kudarat,TACURONG,5.040418988748738,26.19029151307566,HOT_SPOT_95,1,10,80.77962385782719,CRITICAL,56.31631196213061,TRANSMISSION_PRESSURE_PROXY+STATISTICAL_HOTSPOT+CONNECTED_HOTSPOT_CLUSTER+NEIGHBOR_INFECTIOUS_PRESSURE,DYNAMIC SPATIOTEMPORAL WATCH,SCENARIO-BASED; VERIFY WITH OFFICIAL SURVEILLANCE
2028-03,1206315000,South Cotabato,TANTANGAN,1.9887856056914535,29.27483573869305,HOT_SPOT_99,1,10,79.96490590031658,HIGH,52.80536989612777,TRANSMISSION_PRESSURE_PROXY+STATISTICAL_HOTSPOT+CONNECTED_HOTSPOT_CLUSTER+NEIGHBOR_INFECTIOUS_PRESSURE,DYNAMIC SPATIOTEMPORAL WATCH,SCENARIO-BASED; VERIFY WITH OFFICIAL SURVEILLANCE
2028-03,1206318000,South Cotabato,SANTO NIÑO,2.5061240147565367,30.833882606080575,HOT_SPOT_95,1,10,79.0394128871155,HIGH,59.388243321853665,TRANSMISSION_PRESSURE_PROXY+STATISTICAL_HOTSPOT+CONNECTED_HOTSPOT_CLUSTER,DYNAMIC SPATIOTEMPORAL WATCH,SCENARIO-BASED; VERIFY WITH OFFICIAL SURVEILLANCE
2028-03,1206306000,South Cotabato,KORONADAL,12.108304199496704,36.112141924104364,HOT_SPOT_99,1,10,73.28931122681189,HIGH,57.455607858475716,TRANSMISSION_PRESSURE_PROXY+STATISTICAL_HOTSPOT+CONNECTED_HOTSPOT_CLUSTER,DYNAMIC SPATIOTEMPORAL WATCH,SCENARIO-BASED; VERIFY WITH OFFICIAL SURVEILLANCE
2028-03,1206314000,South Cotabato,TAMPAKAN,1.8084481569036959,24.55269276923629,HOT_SPOT_99,1,10,72.13140943381757,HIGH,55.11535546144178,TRANSMISSION_PRESSURE_PROXY+STATISTICAL_HOTSPOT+CONNECTED_HOTSPOT_CLUSTER+NEIGHBOR_INFECTIOUS_PRESSURE,DYNAMIC SPATIOTEMPORAL WATCH,SCENARIO-BASED; VERIFY WITH OFFICIAL SURVEILLANCE
2028-03,1206317000,South Cotabato,TUPI,2.647969758219384,21.047433758487546,HOT_SPOT_95,1,10,68.10893075074085,HIGH,49.704396863343725,TRANSMISSION_PRESSURE_PROXY+STATISTICAL_HOTSPOT+CONNECTED_HOTSPOT_CLUSTER,DYNAMIC SPATIOTEMPORAL WATCH,SCENARIO-BASED; VERIFY WITH OFFICIAL SURVEILLANCE
2028-03,1206302000,South Cotabato,BANGA,3.198432402226456,20.294281115101587,HOT_SPOT_99,1,10,65.65611544138991,HIGH,47.87750375462019,TRANSMISSION_PRESSURE_PROXY+STATISTICAL_HOTSPOT+CONNECTED_HOTSPOT_CLUSTER+NEIGHBOR_INFECTIOUS_PRESSURE,DYNAMIC SPATIOTEMPORAL WATCH,SCENARIO-BASED; VERIFY WITH OFFICIAL SURVEILLANCE
2028-03,1204711000,Cotabato,PIGKAWAYAN,0.823841458680206,8.488652656289133,NOT_SIGNIFICANT,0,0,54.987896610252506,MODERATE,60.96180015356961,NEIGHBOR_INFECTIOUS_PRESSURE,DYNAMIC SPATIOTEMPORAL WATCH,SCENARIO-BASED; VERIFY WITH OFFICIAL SURVEILLANCE
2028-03,1206502000,Sultan Kudarat,COLUMBIO,0.7314279700731746,25.194109127962005,HOT_SPOT_95,1,10,54.460475259991966,MODERATE,46.53233049299571,STATISTICAL_HOTSPOT+CONNECTED_HOTSPOT_CLUSTER+NEIGHBOR_INFECTIOUS_PRESSURE,DYNAMIC SPATIOTEMPORAL WATCH,SCENARIO-BASED; VERIFY WITH OFFICIAL SURVEILLANCE
2028-03,1206507000,Sultan Kudarat,LUTAYAN,1.1714224822577899,12.696571262542982,HOT_SPOT_99,1,10,50.70970823443369,MODERATE,44.436977640098185,STATISTICAL_HOTSPOT+CONNECTED_HOTSPOT_CLUSTER+NEIGHBOR_INFECTIOUS_PRESSURE,DYNAMIC SPATIOTEMPORAL WATCH,SCENARIO-BASED; VERIFY WITH OFFICIAL SURVEILLANCE
2028-03,1204701000,Cotabato,ALAMADA,0.45003956607092527,5.703785558187127,COLD_SPOT_90,0,0,34.520530096164656,LOW,52.67248167442854,NEIGHBOR_INFECTIOUS_PRESSURE,DYNAMIC SPATIOTEMPORAL WATCH,SCENARIO-BASED; VERIFY WITH OFFICIAL SURVEILLANCE
2028-04,1206315000,South Cotabato,TANTANGAN,1.5706907069919238,28.627600973325052,HOT_SPOT_99,1,10,80.42788116754227,CRITICAL,53.32338528304517,TRANSMISSION_PRESSURE_PROXY+STATISTICAL_HOTSPOT+CONNECTED_HOTSPOT_CLUSTER+NEIGHBOR_INFECTIOUS_PRESSURE,DYNAMIC SPATIOTEMPORAL WATCH,SCENARIO-BASED; VERIFY WITH OFFICIAL SURVEILLANCE
2028-04,1206511000,Sultan Kudarat,TACURONG,4.020376381791952,25.674863115108383,HOT_SPOT_95,1,10,80.39644931396259,CRITICAL,55.72555868935872,TRANSMISSION_PRESSURE_PROXY+STATISTICAL_HOTSPOT+CONNECTED_HOTSPOT_CLUSTER+NEIGHBOR_INFECTIOUS_PRESSURE,DYNAMIC SPATIOTEMPORAL WATCH,SCENARIO-BASED; VERIFY WITH OFFICIAL SURVEILLANCE
2028-04,1206311000,South Cotabato,NORALA,1.3917603968397874,27.135497085297107,HOT_SPOT_99,1,10,79.45791788277751,HIGH,54.097907746820425,TRANSMISSION_PRESSURE_PROXY+STATISTICAL_HOTSPOT+CONNECTED_HOTSPOT_CLUSTER+NEIGHBOR_INFECTIOUS_PRESSURE,DYNAMIC SPATIOTEMPORAL WATCH,SCENARIO-BASED; VERIFY WITH OFFICIAL SURVEILLANCE
2028-04,1206314000,South Cotabato,TAMPAKAN,2.1039545997852995,23.415169096784748,HOT_SPOT_99,1,10,73.7929798970697,HIGH,54.53453296475245,TRANSMISSION_PRESSURE_PROXY+STATISTICAL_HOTSPOT+CONNECTED_HOTSPOT_CLUSTER+NEIGHBOR_INFECTIOUS_PRESSURE,DYNAMIC SPATIOTEMPORAL WATCH,SCENARIO-BASED; VERIFY WITH OFFICIAL SURVEILLANCE
2028-04,1206306000,South Cotabato,KORONADAL,9.617687162756262,35.31521339908826,HOT_SPOT_99,1,10,71.80149562125587,HIGH,55.99316760980064,TRANSMISSION_PRESSURE_PROXY+STATISTICAL_HOTSPOT+CONNECTED_HOTSPOT_CLUSTER,DYNAMIC SPATIOTEMPORAL WATCH,SCENARIO-BASED; VERIFY WITH OFFICIAL SURVEILLANCE
2028-04,1206318000,South Cotabato,SANTO NIÑO,1.302853031400205,29.995888449290472,HOT_SPOT_95,1,10,70.71683122654562,HIGH,51.05307355510298,TRANSMISSION_PRESSURE_PROXY+STATISTICAL_HOTSPOT+CONNECTED_HOTSPOT_CLUSTER,DYNAMIC SPATIOTEMPORAL WATCH,SCENARIO-BASED; VERIFY WITH OFFICIAL SURVEILLANCE
2028-04,1206317000,South Cotabato,TUPI,2.145939391150553,20.64352240045992,HOT_SPOT_95,1,10,65.98226032745916,HIGH,48.97696662692914,TRANSMISSION_PRESSURE_PROXY+STATISTICAL_HOTSPOT+CONNECTED_HOTSPOT_CLUSTER,DYNAMIC SPATIOTEMPORAL WATCH,SCENARIO-BASED; VERIFY WITH OFFICIAL SURVEILLANCE
2028-04,1206302000,South Cotabato,BANGA,2.4392863942658662,19.677571591897586,HOT_SPOT_99,1,10,63.552523452726774,MODERATE,46.57674491032962,STATISTICAL_HOTSPOT+CONNECTED_HOTSPOT_CLUSTER+NEIGHBOR_INFECTIOUS_PRESSURE,DYNAMIC SPATIOTEMPORAL WATCH,SCENARIO-BASED; VERIFY WITH OFFICIAL SURVEILLANCE
2028-04,1206502000,Sultan Kudarat,COLUMBIO,0.7223168028680655,24.317664931604984,HOT_SPOT_95,1,10,58.545200160807006,MODERATE,48.76298057523083,STATISTICAL_HOTSPOT+CONNECTED_HOTSPOT_CLUSTER+NEIGHBOR_INFECTIOUS_PRESSURE,DYNAMIC SPATIOTEMPORAL WATCH,SCENARIO-BASED; VERIFY WITH OFFICIAL SURVEILLANCE
2028-04,1204701000,Cotabato,ALAMADA,0.8692605015568083,5.537425437686358,COLD_SPOT_90,0,0,46.56701474650353,MODERATE,59.306921687262985,NEIGHBOR_INFECTIOUS_PRESSURE,DYNAMIC SPATIOTEMPORAL WATCH,SCENARIO-BASED; VERIFY WITH OFFICIAL SURVEILLANCE
2028-04,1206507000,Sultan Kudarat,LUTAYAN,0.7215658086851631,12.392659333962156,HOT_SPOT_99,1,10,43.92742041423272,LOW,39.746558885836265,STATISTICAL_HOTSPOT+CONNECTED_HOTSPOT_CLUSTER+NEIGHBOR_INFECTIOUS_PRESSURE,DYNAMIC SPATIOTEMPORAL WATCH,SCENARIO-BASED; VERIFY WITH OFFICIAL SURVEILLANCE
2028-04,1204711000,Cotabato,PIGKAWAYAN,0.39957312906349557,8.4046734042018,NOT_SIGNIFICANT,0,0,43.108405899337036,LOW,52.73590855486748,NEIGHBOR_INFECTIOUS_PRESSURE,DYNAMIC SPATIOTEMPORAL WATCH,SCENARIO-BASED; VERIFY WITH OFFICIAL SURVEILLANCE
2028-05,1206315000,South Cotabato,TANTANGAN,0.6609654195180006,28.27969797217793,HOT_SPOT_99,1,10,81.67000209451967,CRITICAL,54.71269997426716,TRANSMISSION_PRESSURE_PROXY+STATISTICAL_HOTSPOT+CONNECTED_HOTSPOT_CLUSTER+NEIGHBOR_INFECTIOUS_PRESSURE,DYNAMIC SPATIOTEMPORAL WATCH,SCENARIO-BASED; VERIFY WITH OFFICIAL SURVEILLANCE
2028-05,1206311000,South Cotabato,NORALA,0.5518653970264928,26.880701709418023,HOT_SPOT_99,1,10,79.88640692814677,HIGH,55.0424759916392,TRANSMISSION_PRESSURE_PROXY+STATISTICAL_HOTSPOT+CONNECTED_HOTSPOT_CLUSTER+NEIGHBOR_INFECTIOUS_PRESSURE,DYNAMIC SPATIOTEMPORAL WATCH,SCENARIO-BASED; VERIFY WITH OFFICIAL SURVEILLANCE
2028-05,1206511000,Sultan Kudarat,TACURONG,1.322628047804835,25.457160759779768,HOT_SPOT_95,1,10,77.97171426215925,HIGH,53.480460736907844,TRANSMISSION_PRESSURE_PROXY+STATISTICAL_HOTSPOT+CONNECTED_HOTSPOT_CLUSTER+NEIGHBOR_INFECTIOUS_PRESSURE,DYNAMIC SPATIOTEMPORAL WATCH,SCENARIO-BASED; VERIFY WITH OFFICIAL SURVEILLANCE
2028-05,1206318000,South Cotabato,SANTO NIÑO,0.5440257970697258,29.59898150724873,HOT_SPOT_95,1,10,72.29350407914664,HIGH,52.55799823147606,TRANSMISSION_PRESSURE_PROXY+STATISTICAL_HOTSPOT+CONNECTED_HOTSPOT_CLUSTER,DYNAMIC SPATIOTEMPORAL WATCH,SCENARIO-BASED; VERIFY WITH OFFICIAL SURVEILLANCE
2028-05,1206306000,South Cotabato,KORONADAL,3.1360320096779857,34.95372108664696,HOT_SPOT_99,1,10,69.18653793766413,HIGH,53.4032877156961,TRANSMISSION_PRESSURE_PROXY+STATISTICAL_HOTSPOT+CONNECTED_HOTSPOT_CLUSTER,DYNAMIC SPATIOTEMPORAL WATCH,SCENARIO-BASED; VERIFY WITH OFFICIAL SURVEILLANCE
2028-05,1206312000,South Cotabato,POLOMOLOK,2.463588983021346,22.457004406068556,NOT_SIGNIFICANT,0,0,67.42320671909594,HIGH,55.96716665673795,TRANSMISSION_PRESSURE_PROXY,DYNAMIC SPATIOTEMPORAL WATCH,SCENARIO-BASED; VERIFY WITH OFFICIAL SURVEILLANCE
2028-05,1206317000,South Cotabato,TUPI,0.7759695868848347,20.468340173021282,HOT_SPOT_95,1,10,61.920326109229386,MODERATE,47.656693687318445,STATISTICAL_HOTSPOT+CONNECTED_HOTSPOT_CLUSTER,DYNAMIC SPATIOTEMPORAL WATCH,SCENARIO-BASED; VERIFY WITH OFFICIAL SURVEILLANCE
2028-05,1206502000,Sultan Kudarat,COLUMBIO,0.26512857827211106,23.88890286109173,HOT_SPOT_95,1,10,56.29327084558881,MODERATE,46.44682976054241,STATISTICAL_HOTSPOT+CONNECTED_HOTSPOT_CLUSTER+NEIGHBOR_INFECTIOUS_PRESSURE,DYNAMIC SPATIOTEMPORAL WATCH,SCENARIO-BASED; VERIFY WITH OFFICIAL SURVEILLANCE
2028-05,1206302000,South Cotabato,BANGA,0.6360678503197826,19.422603303025824,HOT_SPOT_99,1,10,55.693649675483236,MODERATE,44.01551297345526,STATISTICAL_HOTSPOT+CONNECTED_HOTSPOT_CLUSTER+NEIGHBOR_INFECTIOUS_PRESSURE,DYNAMIC SPATIOTEMPORAL WATCH,SCENARIO-BASED; VERIFY WITH OFFICIAL SURVEILLANCE
2028-05,1204711000,Cotabato,PIGKAWAYAN,0.23472808296567432,8.353156289644364,NOT_SIGNIFICANT,0,0,53.37052476141586,MODERATE,59.854916354070085,NEIGHBOR_INFECTIOUS_PRESSURE,DYNAMIC SPATIOTEMPORAL WATCH,SCENARIO-BASED; VERIFY WITH OFFICIAL SURVEILLANCE
2028-05,1206314000,South Cotabato,TAMPAKAN,0.40355425694835056,23.02971550964277,HOT_SPOT_99,1,10,53.29798180435608,MODERATE,44.511549526685094,STATISTICAL_HOTSPOT+CONNECTED_HOTSPOT_CLUSTER+NEIGHBOR_INFECTIOUS_PRESSURE,DYNAMIC SPATIOTEMPORAL WATCH,SCENARIO-BASED; VERIFY WITH OFFICIAL SURVEILLANCE
2028-05,1206507000,Sultan Kudarat,LUTAYAN,0.3050261180491604,12.23355995947737,HOT_SPOT_99,1,10,45.338867373431256,MODERATE,41.322352353799545,STATISTICAL_HOTSPOT+CONNECTED_HOTSPOT_CLUSTER,DYNAMIC SPATIOTEMPORAL WATCH,SCENARIO-BASED; VERIFY WITH OFFICIAL SURVEILLANCE
2028-05,1204701000,Cotabato,ALAMADA,0.21316031676291697,5.511943596416888,COLD_SPOT_90,0,0,39.965443551215344,LOW,55.57004837538595,NEIGHBOR_INFECTIOUS_PRESSURE,DYNAMIC SPATIOTEMPORAL WATCH,SCENARIO-BASED; VERIFY WITH OFFICIAL SURVEILLANCE
2028-06,1206311000,South Cotabato,NORALA,0.919864063944281,26.491741339770197,HOT_SPOT_99,1,10,80.29532932524724,CRITICAL,53.22314226455488,TRANSMISSION_PRESSURE_PROXY+STATISTICAL_HOTSPOT+CONNECTED_HOTSPOT_CLUSTER+NEIGHBOR_INFECTIOUS_PRESSURE,DYNAMIC SPATIOTEMPORAL WATCH,SCENARIO-BASED; VERIFY WITH OFFICIAL SURVEILLANCE
2028-06,1206315000,South Cotabato,TANTANGAN,0.8480715810262376,27.806216263749697,HOT_SPOT_99,1,10,76.76904035921265,HIGH,51.82138383798609,TRANSMISSION_PRESSURE_PROXY+STATISTICAL_HOTSPOT+CONNECTED_HOTSPOT_CLUSTER+NEIGHBOR_INFECTIOUS_PRESSURE,DYNAMIC SPATIOTEMPORAL WATCH,SCENARIO-BASED; VERIFY WITH OFFICIAL SURVEILLANCE
2028-06,1206511000,Sultan Kudarat,TACURONG,1.9762652451395015,25.13845831224277,HOT_SPOT_99,1,10,75.97349156909121,HIGH,51.48972334924761,TRANSMISSION_PRESSURE_PROXY+STATISTICAL_HOTSPOT+CONNECTED_HOTSPOT_CLUSTER,DYNAMIC SPATIOTEMPORAL WATCH,SCENARIO-BASED; VERIFY WITH OFFICIAL SURVEILLANCE
2028-06,1206318000,South Cotabato,SANTO NIÑO,0.7844015447311299,28.992272050467243,HOT_SPOT_95,1,10,68.56285225638855,HIGH,48.92803574538131,TRANSMISSION_PRESSURE_PROXY+STATISTICAL_HOTSPOT+CONNECTED_HOTSPOT_CLUSTER,DYNAMIC SPATIOTEMPORAL WATCH,SCENARIO-BASED; VERIFY WITH OFFICIAL SURVEILLANCE
2028-06,1206306000,South Cotabato,KORONADAL,5.644018611951577,34.316093430636286,HOT_SPOT_99,1,10,68.31711555586409,HIGH,52.904001983522896,TRANSMISSION_PRESSURE_PROXY+STATISTICAL_HOTSPOT+CONNECTED_HOTSPOT_CLUSTER,DYNAMIC SPATIOTEMPORAL WATCH,SCENARIO-BASED; VERIFY WITH OFFICIAL SURVEILLANCE
2028-06,1230800000,General Santos City,GENERAL SANTOS,16.391213464822922,20.763453380730493,NOT_SIGNIFICANT,0,0,65.44806548271896,HIGH,69.6555916860447,TRANSMISSION_PRESSURE_PROXY,DYNAMIC SPATIOTEMPORAL WATCH,SCENARIO-BASED; VERIFY WITH OFFICIAL SURVEILLANCE
2028-06,1206317000,South Cotabato,TUPI,1.4222366681270373,20.164705279608665,HOT_SPOT_99,1,10,63.74156974667324,MODERATE,47.07928793284101,STATISTICAL_HOTSPOT+CONNECTED_HOTSPOT_CLUSTER,DYNAMIC SPATIOTEMPORAL WATCH,SCENARIO-BASED; VERIFY WITH OFFICIAL SURVEILLANCE
2028-06,1206502000,Sultan Kudarat,COLUMBIO,1.000591460178894,17.70993999177344,HOT_SPOT_95,1,10,62.17354363931026,MODERATE,44.729887626272834,STATISTICAL_HOTSPOT+CONNECTED_HOTSPOT_CLUSTER,DYNAMIC SPATIOTEMPORAL WATCH,SCENARIO-BASED; VERIFY WITH OFFICIAL SURVEILLANCE
2028-06,1206302000,South Cotabato,BANGA,1.0992830445248267,18.98525027719248,HOT_SPOT_99,1,10,57.499260826606545,MODERATE,43.8907612204948,STATISTICAL_HOTSPOT+CONNECTED_HOTSPOT_CLUSTER+NEIGHBOR_INFECTIOUS_PRESSURE,DYNAMIC SPATIOTEMPORAL WATCH,SCENARIO-BASED; VERIFY WITH OFFICIAL SURVEILLANCE
2028-06,1206314000,South Cotabato,TAMPAKAN,0.5900038935681807,22.377406727395442,HOT_SPOT_99,1,10,52.09346410916294,MODERATE,43.90320844302224,STATISTICAL_HOTSPOT+CONNECTED_HOTSPOT_CLUSTER+NEIGHBOR_INFECTIOUS_PRESSURE,DYNAMIC SPATIOTEMPORAL WATCH,SCENARIO-BASED; VERIFY WITH OFFICIAL SURVEILLANCE
2028-06,1206507000,Sultan Kudarat,LUTAYAN,0.7478314537385381,11.91437083985119,HOT_SPOT_95,1,10,49.97050727696599,MODERATE,43.77816195310605,STATISTICAL_HOTSPOT+CONNECTED_HOTSPOT_CLUSTER,DYNAMIC SPATIOTEMPORAL WATCH,SCENARIO-BASED; VERIFY WITH OFFICIAL SURVEILLANCE
2028-06,1204711000,Cotabato,PIGKAWAYAN,0.33922709763217734,8.272908153884918,NOT_SIGNIFICANT,0,0,47.01501758626092,MODERATE,54.30724457386793,NEIGHBOR_INFECTIOUS_PRESSURE,DYNAMIC SPATIOTEMPORAL WATCH,SCENARIO-BASED; VERIFY WITH OFFICIAL SURVEILLANCE
2028-06,1204701000,Cotabato,ALAMADA,0.2624344580769776,5.473451608354882,COLD_SPOT_90,0,0,33.57669250068407,LOW,49.923937823691254,NEIGHBOR_INFECTIOUS_PRESSURE,DYNAMIC SPATIOTEMPORAL WATCH,SCENARIO-BASED; VERIFY WITH OFFICIAL SURVEILLANCE
2028-07,1206511000,Sultan Kudarat,TACURONG,2.3909229557400633,24.702705735465788,HOT_SPOT_99,1,10,84.14582463672603,CRITICAL,59.81987405568269,TRANSMISSION_PRESSURE_PROXY+STATISTICAL_HOTSPOT+CONNECTED_HOTSPOT_CLUSTER,DYNAMIC SPATIOTEMPORAL WATCH,SCENARIO-BASED; VERIFY WITH OFFICIAL SURVEILLANCE
2028-07,1206311000,South Cotabato,NORALA,0.6304921562348375,26.162747397181075,HOT_SPOT_99,1,10,81.34924938514936,CRITICAL,55.93957761641873,TRANSMISSION_PRESSURE_PROXY+STATISTICAL_HOTSPOT+CONNECTED_HOTSPOT_CLUSTER+NEIGHBOR_INFECTIOUS_PRESSURE,DYNAMIC SPATIOTEMPORAL WATCH,SCENARIO-BASED; VERIFY WITH OFFICIAL SURVEILLANCE
2028-07,1206315000,South Cotabato,TANTANGAN,0.5806373458444866,27.416811115226277,HOT_SPOT_99,1,10,75.073682752214,HIGH,52.34403622075939,TRANSMISSION_PRESSURE_PROXY+STATISTICAL_HOTSPOT+CONNECTED_HOTSPOT_CLUSTER+NEIGHBOR_INFECTIOUS_PRESSURE,DYNAMIC SPATIOTEMPORAL WATCH,SCENARIO-BASED; VERIFY WITH OFFICIAL SURVEILLANCE
2028-07,1206306000,South Cotabato,KORONADAL,4.392124697317018,33.74316893744358,HOT_SPOT_99,1,10,70.74670254920032,HIGH,55.267095036086204,TRANSMISSION_PRESSURE_PROXY+STATISTICAL_HOTSPOT+CONNECTED_HOTSPOT_CLUSTER,DYNAMIC SPATIOTEMPORAL WATCH,SCENARIO-BASED; VERIFY WITH OFFICIAL SURVEILLANCE
2028-07,1206318000,South Cotabato,SANTO NIÑO,0.5151204111790147,28.537717076610736,HOT_SPOT_95,1,10,68.71513475949979,HIGH,50.999051121316626,TRANSMISSION_PRESSURE_PROXY+STATISTICAL_HOTSPOT+CONNECTED_HOTSPOT_CLUSTER,DYNAMIC SPATIOTEMPORAL WATCH,SCENARIO-BASED; VERIFY WITH OFFICIAL SURVEILLANCE
2028-07,1206314000,South Cotabato,TAMPAKAN,0.666391489981381,21.716158508171123,HOT_SPOT_99,1,10,64.00578532555532,MODERATE,47.07660389346075,STATISTICAL_HOTSPOT+CONNECTED_HOTSPOT_CLUSTER+NEIGHBOR_INFECTIOUS_PRESSURE,DYNAMIC SPATIOTEMPORAL WATCH,SCENARIO-BASED; VERIFY WITH OFFICIAL SURVEILLANCE
2028-07,1206317000,South Cotabato,TUPI,0.8937509355036469,19.918167899773223,HOT_SPOT_99,1,10,60.03016096640539,MODERATE,46.019484797715386,STATISTICAL_HOTSPOT+CONNECTED_HOTSPOT_CLUSTER,DYNAMIC SPATIOTEMPORAL WATCH,SCENARIO-BASED; VERIFY WITH OFFICIAL SURVEILLANCE
2028-07,1206302000,South Cotabato,BANGA,0.6945983052454913,18.651451595495207,HOT_SPOT_99,1,10,57.32522007795712,MODERATE,44.792344322973065,STATISTICAL_HOTSPOT+CONNECTED_HOTSPOT_CLUSTER+NEIGHBOR_INFECTIOUS_PRESSURE,DYNAMIC SPATIOTEMPORAL WATCH,SCENARIO-BASED; VERIFY WITH OFFICIAL SURVEILLANCE
2028-07,1204711000,Cotabato,PIGKAWAYAN,0.25327166528718753,8.19762748236582,NOT_SIGNIFICANT,0,0,51.66523382063109,MODERATE,57.86991991459769,NEIGHBOR_INFECTIOUS_PRESSURE,DYNAMIC SPATIOTEMPORAL WATCH,SCENARIO-BASED; VERIFY WITH OFFICIAL SURVEILLANCE
2028-07,1206507000,Sultan Kudarat,LUTAYAN,0.3850073673279674,11.70571985750886,HOT_SPOT_95,1,10,43.39438105345119,LOW,39.39036355299725,STATISTICAL_HOTSPOT+CONNECTED_HOTSPOT_CLUSTER,DYNAMIC SPATIOTEMPORAL WATCH,SCENARIO-BASED; VERIFY WITH OFFICIAL SURVEILLANCE
2028-07,1204701000,Cotabato,ALAMADA,0.20824957713324607,5.438347175770638,COLD_SPOT_90,0,0,35.597266294991044,LOW,50.732313063107,NEIGHBOR_INFECTIOUS_PRESSURE,DYNAMIC SPATIOTEMPORAL WATCH,SCENARIO-BASED; VERIFY WITH OFFICIAL SURVEILLANCE
2028-08,1206311000,South Cotabato,NORALA,0.6746114136375071,25.789220352185758,HOT_SPOT_99,1,10,84.18586355914738,CRITICAL,56.558719650690406,TRANSMISSION_PRESSURE_PROXY+STATISTICAL_HOTSPOT+CONNECTED_HOTSPOT_CLUSTER+NEIGHBOR_INFECTIOUS_PRESSURE,DYNAMIC SPATIOTEMPORAL WATCH,SCENARIO-BASED; VERIFY WITH OFFICIAL SURVEILLANCE
2028-08,1206511000,Sultan Kudarat,TACURONG,1.815768316141084,24.342935439146395,HOT_SPOT_99,1,10,78.09213721945405,HIGH,54.412658723877676,TRANSMISSION_PRESSURE_PROXY+STATISTICAL_HOTSPOT+CONNECTED_HOTSPOT_CLUSTER,DYNAMIC SPATIOTEMPORAL WATCH,SCENARIO-BASED; VERIFY WITH OFFICIAL SURVEILLANCE
2028-08,1206315000,South Cotabato,TANTANGAN,0.6106112896396972,26.98912987696277,HOT_SPOT_99,1,10,76.71303396214284,HIGH,52.85227811392801,TRANSMISSION_PRESSURE_PROXY+STATISTICAL_HOTSPOT+CONNECTED_HOTSPOT_CLUSTER+NEIGHBOR_INFECTIOUS_PRESSURE,DYNAMIC SPATIOTEMPORAL WATCH,SCENARIO-BASED; VERIFY WITH OFFICIAL SURVEILLANCE
2028-08,1206318000,South Cotabato,SANTO NIÑO,0.528531004779758,28.04910165776016,HOT_SPOT_95,1,10,69.92171925452368,HIGH,51.37487386106303,TRANSMISSION_PRESSURE_PROXY+STATISTICAL_HOTSPOT+CONNECTED_HOTSPOT_CLUSTER,DYNAMIC SPATIOTEMPORAL WATCH,SCENARIO-BASED; VERIFY WITH OFFICIAL SURVEILLANCE
2028-08,1206306000,South Cotabato,KORONADAL,3.945837182902903,33.18091213861325,HOT_SPOT_99,1,10,69.75145190214782,HIGH,54.15607765091394,TRANSMISSION_PRESSURE_PROXY+STATISTICAL_HOTSPOT+CONNECTED_HOTSPOT_CLUSTER,DYNAMIC SPATIOTEMPORAL WATCH,SCENARIO-BASED; VERIFY WITH OFFICIAL SURVEILLANCE
2028-08,1206317000,South Cotabato,TUPI,0.8818301712607827,19.648674730632564,HOT_SPOT_99,1,10,59.51281576378133,MODERATE,45.549509531545596,STATISTICAL_HOTSPOT+CONNECTED_HOTSPOT_CLUSTER,DYNAMIC SPATIOTEMPORAL WATCH,SCENARIO-BASED; VERIFY WITH OFFICIAL SURVEILLANCE
2028-08,1206302000,South Cotabato,BANGA,0.6754848615370915,18.300723482711646,HOT_SPOT_99,1,10,59.505367593355274,MODERATE,46.53909201235514,STATISTICAL_HOTSPOT+CONNECTED_HOTSPOT_CLUSTER+NEIGHBOR_INFECTIOUS_PRESSURE,DYNAMIC SPATIOTEMPORAL WATCH,SCENARIO-BASED; VERIFY WITH OFFICIAL SURVEILLANCE
2028-08,1206314000,South Cotabato,TAMPAKAN,0.3975442359501587,21.18402691483648,HOT_SPOT_99,1,10,52.49945842750796,MODERATE,44.12544268677236,STATISTICAL_HOTSPOT+CONNECTED_HOTSPOT_CLUSTER+NEIGHBOR_INFECTIOUS_PRESSURE,DYNAMIC SPATIOTEMPORAL WATCH,SCENARIO-BASED; VERIFY WITH OFFICIAL SURVEILLANCE
2028-08,1204711000,Cotabato,PIGKAWAYAN,0.21352962841737314,8.136591706149849,NOT_SIGNIFICANT,0,0,47.49980629914457,MODERATE,54.44887031427951,NEIGHBOR_INFECTIOUS_PRESSURE,DYNAMIC SPATIOTEMPORAL WATCH,SCENARIO-BASED; VERIFY WITH OFFICIAL SURVEILLANCE
2028-08,1204701000,Cotabato,ALAMADA,0.32568260588110776,5.362017619392674,COLD_SPOT_90,0,0,47.22729405687783,MODERATE,59.767035161280944,NEIGHBOR_INFECTIOUS_PRESSURE,DYNAMIC SPATIOTEMPORAL WATCH,SCENARIO-BASED; VERIFY WITH OFFICIAL SURVEILLANCE
2028-08,1206507000,Sultan Kudarat,LUTAYAN,0.3561225736677965,11.491501341197067,HOT_SPOT_95,1,10,40.88295212334764,LOW,37.07023462729115,STATISTICAL_HOTSPOT+CONNECTED_HOTSPOT_CLUSTER,DYNAMIC SPATIOTEMPORAL WATCH,SCENARIO-BASED; VERIFY WITH OFFICIAL SURVEILLANCE
2028-09,1206311000,South Cotabato,NORALA,0.4460533360915112,25.462563638833643,HOT_SPOT_99,1,10,82.98220600715905,CRITICAL,57.23124777633127,TRANSMISSION_PRESSURE_PROXY+STATISTICAL_HOTSPOT+CONNECTED_HOTSPOT_CLUSTER+NEIGHBOR_INFECTIOUS_PRESSURE,DYNAMIC SPATIOTEMPORAL WATCH,SCENARIO-BASED; VERIFY WITH OFFICIAL SURVEILLANCE
2028-09,1206315000,South Cotabato,TANTANGAN,0.4961016564862735,26.580844113940735,HOT_SPOT_99,1,10,82.67183963607584,CRITICAL,57.310117706843464,TRANSMISSION_PRESSURE_PROXY+STATISTICAL_HOTSPOT+CONNECTED_HOTSPOT_CLUSTER+NEIGHBOR_INFECTIOUS_PRESSURE,DYNAMIC SPATIOTEMPORAL WATCH,SCENARIO-BASED; VERIFY WITH OFFICIAL SURVEILLANCE
2028-09,1206318000,South Cotabato,SANTO NIÑO,0.5012477769759323,27.623868507141925,HOT_SPOT_95,1,10,76.57476300245558,HIGH,57.26187460200981,TRANSMISSION_PRESSURE_PROXY+STATISTICAL_HOTSPOT+CONNECTED_HOTSPOT_CLUSTER,DYNAMIC SPATIOTEMPORAL WATCH,SCENARIO-BASED; VERIFY WITH OFFICIAL SURVEILLANCE
2028-09,1206511000,Sultan Kudarat,TACURONG,1.028924607077202,24.071742598224393,HOT_SPOT_99,1,10,76.31290686396012,HIGH,52.78916360388397,TRANSMISSION_PRESSURE_PROXY+STATISTICAL_HOTSPOT+CONNECTED_HOTSPOT_CLUSTER,DYNAMIC SPATIOTEMPORAL WATCH,SCENARIO-BASED; VERIFY WITH OFFICIAL SURVEILLANCE
2028-09,1206306000,South Cotabato,KORONADAL,2.447243576535514,32.749943414864646,HOT_SPOT_99,1,10,69.55474232074857,HIGH,53.91291796647133,TRANSMISSION_PRESSURE_PROXY+STATISTICAL_HOTSPOT+CONNECTED_HOTSPOT_CLUSTER,DYNAMIC SPATIOTEMPORAL WATCH,SCENARIO-BASED; VERIFY WITH OFFICIAL SURVEILLANCE
2028-09,1204711000,Cotabato,PIGKAWAYAN,0.3713992787272642,7.985318953515127,NOT_SIGNIFICANT,0,0,60.534585751804535,MODERATE,61.52342960809321,NEIGHBOR_INFECTIOUS_PRESSURE,DYNAMIC SPATIOTEMPORAL WATCH,SCENARIO-BASED; VERIFY WITH OFFICIAL SURVEILLANCE
2028-09,1206302000,South Cotabato,BANGA,0.4240504099639757,18.058251471243352,HOT_SPOT_99,1,10,58.76089606026107,MODERATE,46.85883207889032,STATISTICAL_HOTSPOT+CONNECTED_HOTSPOT_CLUSTER+NEIGHBOR_INFECTIOUS_PRESSURE,DYNAMIC SPATIOTEMPORAL WATCH,SCENARIO-BASED; VERIFY WITH OFFICIAL SURVEILLANCE
2028-09,1206317000,South Cotabato,TUPI,0.5164577536144039,19.40586598514916,HOT_SPOT_99,1,10,56.35315415280964,MODERATE,44.6635658963573,STATISTICAL_HOTSPOT+CONNECTED_HOTSPOT_CLUSTER,DYNAMIC SPATIOTEMPORAL WATCH,SCENARIO-BASED; VERIFY WITH OFFICIAL SURVEILLANCE
2028-09,1206314000,South Cotabato,TAMPAKAN,0.20175498657292648,20.8417482114567,HOT_SPOT_99,1,10,49.36470952431855,MODERATE,42.12272481920219,STATISTICAL_HOTSPOT+CONNECTED_HOTSPOT_CLUSTER,DYNAMIC SPATIOTEMPORAL WATCH,SCENARIO-BASED; VERIFY WITH OFFICIAL SURVEILLANCE
2028-09,1206507000,Sultan Kudarat,LUTAYAN,0.3268899746726485,11.301718271997585,HOT_SPOT_95,1,10,47.649952112615686,MODERATE,41.41827895443205,STATISTICAL_HOTSPOT+CONNECTED_HOTSPOT_CLUSTER,DYNAMIC SPATIOTEMPORAL WATCH,SCENARIO-BASED; VERIFY WITH OFFICIAL SURVEILLANCE
2028-09,1204705000,Cotabato,LIBUNGAN,0.32638502806499564,12.29791828422384,COLD_SPOT_95,0,0,47.00725778286978,MODERATE,42.078847840636584,NEIGHBOR_INFECTIOUS_PRESSURE,DYNAMIC SPATIOTEMPORAL WATCH,SCENARIO-BASED; VERIFY WITH OFFICIAL SURVEILLANCE
2028-09,1204701000,Cotabato,ALAMADA,0.17702055745982426,5.328520941690863,COLD_SPOT_90,0,0,43.80014847929825,LOW,57.34404847633843,NEIGHBOR_INFECTIOUS_PRESSURE,DYNAMIC SPATIOTEMPORAL WATCH,SCENARIO-BASED; VERIFY WITH OFFICIAL SURVEILLANCE
2028-10,1206311000,South Cotabato,NORALA,0.9592879098060864,24.767461289449475,HOT_SPOT_99,1,11,86.07634484499975,CRITICAL,58.26734100942016,TRANSMISSION_PRESSURE_PROXY+STATISTICAL_HOTSPOT+CONNECTED_HOTSPOT_CLUSTER+NEIGHBOR_INFECTIOUS_PRESSURE,DYNAMIC SPATIOTEMPORAL WATCH,SCENARIO-BASED; VERIFY WITH OFFICIAL SURVEILLANCE
2028-10,1206511000,Sultan Kudarat,TACURONG,2.19125466774723,23.477830929288142,HOT_SPOT_99,1,11,76.07141232851342,HIGH,52.53855816384885,TRANSMISSION_PRESSURE_PROXY+STATISTICAL_HOTSPOT+CONNECTED_HOTSPOT_CLUSTER,DYNAMIC SPATIOTEMPORAL WATCH,SCENARIO-BASED; VERIFY WITH OFFICIAL SURVEILLANCE
2028-10,1206318000,South Cotabato,SANTO NIÑO,1.1134985701552793,26.69979393390449,HOT_SPOT_95,1,11,75.97240296215723,HIGH,56.86669209672688,TRANSMISSION_PRESSURE_PROXY+STATISTICAL_HOTSPOT+CONNECTED_HOTSPOT_CLUSTER,DYNAMIC SPATIOTEMPORAL WATCH,SCENARIO-BASED; VERIFY WITH OFFICIAL SURVEILLANCE
2028-10,1206315000,South Cotabato,TANTANGAN,0.6970755444130887,25.978206660445775,HOT_SPOT_99,1,11,73.01126386342985,HIGH,51.63341470175402,TRANSMISSION_PRESSURE_PROXY+STATISTICAL_HOTSPOT+CONNECTED_HOTSPOT_CLUSTER+NEIGHBOR_INFECTIOUS_PRESSURE,DYNAMIC SPATIOTEMPORAL WATCH,SCENARIO-BASED; VERIFY WITH OFFICIAL SURVEILLANCE
2028-10,1206306000,South Cotabato,KORONADAL,5.013706353379133,31.93338541848849,HOT_SPOT_99,1,11,70.06953421156139,HIGH,54.37911973937078,TRANSMISSION_PRESSURE_PROXY+STATISTICAL_HOTSPOT+CONNECTED_HOTSPOT_CLUSTER,DYNAMIC SPATIOTEMPORAL WATCH,SCENARIO-BASED; VERIFY WITH OFFICIAL SURVEILLANCE
2028-10,1206302000,South Cotabato,BANGA,1.2386938150339084,17.46989893767336,HOT_SPOT_99,1,11,68.69262938540265,HIGH,52.29290250398334,TRANSMISSION_PRESSURE_PROXY+STATISTICAL_HOTSPOT+CONNECTED_HOTSPOT_CLUSTER+NEIGHBOR_INFECTIOUS_PRESSURE,DYNAMIC SPATIOTEMPORAL WATCH,SCENARIO-BASED; VERIFY WITH OFFICIAL SURVEILLANCE
2028-10,1206317000,South Cotabato,TUPI,1.4788870688009619,18.73084066905457,HOT_SPOT_99,1,11,68.1001615201143,HIGH,50.67558398585351,TRANSMISSION_PRESSURE_PROXY+STATISTICAL_HOTSPOT+CONNECTED_HOTSPOT_CLUSTER,DYNAMIC SPATIOTEMPORAL WATCH,SCENARIO-BASED; VERIFY WITH OFFICIAL SURVEILLANCE
2028-10,1204711000,Cotabato,PIGKAWAYAN,0.34592836128696197,7.86767245035739,NOT_SIGNIFICANT,0,0,49.33410677533468,MODERATE,55.23935708117625,NEIGHBOR_INFECTIOUS_PRESSURE,DYNAMIC SPATIOTEMPORAL WATCH,SCENARIO-BASED; VERIFY WITH OFFICIAL SURVEILLANCE
2028-10,1206507000,Sultan Kudarat,LUTAYAN,0.6630096738102071,10.929839718298929,HOT_SPOT_95,1,11,48.82266754504979,MODERATE,42.38673007527017,STATISTICAL_HOTSPOT+CONNECTED_HOTSPOT_CLUSTER,DYNAMIC SPATIOTEMPORAL WATCH,SCENARIO-BASED; VERIFY WITH OFFICIAL SURVEILLANCE
2028-10,1206314000,South Cotabato,TAMPAKAN,0.40204400751769387,20.246342279874977,HOT_SPOT_99,1,11,47.545199900651106,MODERATE,41.135528915716634,STATISTICAL_HOTSPOT+CONNECTED_HOTSPOT_CLUSTER,DYNAMIC SPATIOTEMPORAL WATCH,SCENARIO-BASED; VERIFY WITH OFFICIAL SURVEILLANCE
2028-10,1204705000,Cotabato,LIBUNGAN,0.5969164803918952,12.077203110371942,COLD_SPOT_95,0,0,47.06746499336817,MODERATE,40.542141424155005,NEIGHBOR_INFECTIOUS_PRESSURE,DYNAMIC SPATIOTEMPORAL WATCH,SCENARIO-BASED; VERIFY WITH OFFICIAL SURVEILLANCE
2028-10,1204701000,Cotabato,ALAMADA,0.24699970960735537,5.284644195453006,COLD_SPOT_90,0,0,36.91842829566569,LOW,51.6689748667967,NEIGHBOR_INFECTIOUS_PRESSURE,DYNAMIC SPATIOTEMPORAL WATCH,SCENARIO-BASED; VERIFY WITH OFFICIAL SURVEILLANCE
2028-11,1206311000,South Cotabato,NORALA,1.5505066131759024,23.60732274858518,HOT_SPOT_99,1,11,88.60266671333677,CRITICAL,60.75316389396599,TRANSMISSION_PRESSURE_PROXY+STATISTICAL_HOTSPOT+CONNECTED_HOTSPOT_CLUSTER+NEIGHBOR_INFECTIOUS_PRESSURE,DYNAMIC SPATIOTEMPORAL WATCH,SCENARIO-BASED; VERIFY WITH OFFICIAL SURVEILLANCE
2028-11,1206315000,South Cotabato,TANTANGAN,1.684860718955653,24.703050571628957,HOT_SPOT_99,1,11,83.08840378131914,CRITICAL,57.88565306527387,TRANSMISSION_PRESSURE_PROXY+STATISTICAL_HOTSPOT+CONNECTED_HOTSPOT_CLUSTER+NEIGHBOR_INFECTIOUS_PRESSURE,DYNAMIC SPATIOTEMPORAL WATCH,SCENARIO-BASED; VERIFY WITH OFFICIAL SURVEILLANCE
2028-11,1206511000,Sultan Kudarat,TACURONG,2.4458394756022495,22.774869176511615,HOT_SPOT_99,1,11,74.61036922266493,HIGH,51.59252523787069,TRANSMISSION_PRESSURE_PROXY+STATISTICAL_HOTSPOT+CONNECTED_HOTSPOT_CLUSTER,DYNAMIC SPATIOTEMPORAL WATCH,SCENARIO-BASED; VERIFY WITH OFFICIAL SURVEILLANCE
2028-11,1206306000,South Cotabato,KORONADAL,7.005941469113404,30.820867357932755,HOT_SPOT_99,1,11,71.0800872317558,HIGH,55.70868592418344,TRANSMISSION_PRESSURE_PROXY+STATISTICAL_HOTSPOT+CONNECTED_HOTSPOT_CLUSTER,DYNAMIC SPATIOTEMPORAL WATCH,SCENARIO-BASED; VERIFY WITH OFFICIAL SURVEILLANCE
2028-11,1206318000,South Cotabato,SANTO NIÑO,1.1761462663501898,25.617272795347652,HOT_SPOT_95,1,11,70.03070636756566,HIGH,51.26643577631713,TRANSMISSION_PRESSURE_PROXY+STATISTICAL_HOTSPOT+CONNECTED_HOTSPOT_CLUSTER,DYNAMIC SPATIOTEMPORAL WATCH,SCENARIO-BASED; VERIFY WITH OFFICIAL SURVEILLANCE
2028-11,1206302000,South Cotabato,BANGA,1.395421501225602,16.754253938279483,HOT_SPOT_99,1,11,62.484727813105124,MODERATE,47.76914620021476,STATISTICAL_HOTSPOT+CONNECTED_HOTSPOT_CLUSTER+NEIGHBOR_INFECTIOUS_PRESSURE,DYNAMIC SPATIOTEMPORAL WATCH,SCENARIO-BASED; VERIFY WITH OFFICIAL SURVEILLANCE
2028-11,1204711000,Cotabato,PIGKAWAYAN,0.6244090070056229,7.582349379643277,NOT_SIGNIFICANT,0,0,56.28128167944146,MODERATE,59.61554835140475,NEIGHBOR_INFECTIOUS_PRESSURE,DYNAMIC SPATIOTEMPORAL WATCH,SCENARIO-BASED; VERIFY WITH OFFICIAL SURVEILLANCE
2028-11,1206317000,South Cotabato,TUPI,1.213789322454732,18.126071642935088,HOT_SPOT_99,1,11,52.797227256750624,MODERATE,41.74883526090318,STATISTICAL_HOTSPOT+CONNECTED_HOTSPOT_CLUSTER,DYNAMIC SPATIOTEMPORAL WATCH,SCENARIO-BASED; VERIFY WITH OFFICIAL SURVEILLANCE
2028-11,1206507000,Sultan Kudarat,LUTAYAN,1.0766010156410066,10.334242001943538,HOT_SPOT_95,1,11,50.41488051829057,MODERATE,42.05081798466649,STATISTICAL_HOTSPOT+CONNECTED_HOTSPOT_CLUSTER,DYNAMIC SPATIOTEMPORAL WATCH,SCENARIO-BASED; VERIFY WITH OFFICIAL SURVEILLANCE
2028-11,1206314000,South Cotabato,TAMPAKAN,0.5014528023675646,19.507428004656088,HOT_SPOT_99,1,11,49.47740370688214,MODERATE,43.10652167016677,STATISTICAL_HOTSPOT+CONNECTED_HOTSPOT_CLUSTER,DYNAMIC SPATIOTEMPORAL WATCH,SCENARIO-BASED; VERIFY WITH OFFICIAL SURVEILLANCE
2028-11,1204701000,Cotabato,ALAMADA,0.45520811351054447,5.151622002137703,NOT_SIGNIFICANT,0,0,42.47714640746703,LOW,56.214982960946244,NEIGHBOR_INFECTIOUS_PRESSURE,DYNAMIC SPATIOTEMPORAL WATCH,SCENARIO-BASED; VERIFY WITH OFFICIAL SURVEILLANCE
2028-11,1204705000,Cotabato,LIBUNGAN,0.6066299522804389,11.841489037441724,COLD_SPOT_90,0,0,41.96056384195469,LOW,37.00355270700448,NEIGHBOR_INFECTIOUS_PRESSURE,DYNAMIC SPATIOTEMPORAL WATCH,SCENARIO-BASED; VERIFY WITH OFFICIAL SURVEILLANCE
2028-12,1206511000,Sultan Kudarat,TACURONG,0.9666679989575601,22.453899673481867,HOT_SPOT_99,1,11,77.6971921166331,HIGH,54.534377790991094,TRANSMISSION_PRESSURE_PROXY+STATISTICAL_HOTSPOT+CONNECTED_HOTSPOT_CLUSTER,DYNAMIC SPATIOTEMPORAL WATCH,SCENARIO-BASED; VERIFY WITH OFFICIAL SURVEILLANCE
2028-12,1206311000,South Cotabato,NORALA,0.4091335563124941,23.25760829841919,HOT_SPOT_99,1,11,77.46352558326403,HIGH,52.36567218890026,TRANSMISSION_PRESSURE_PROXY+STATISTICAL_HOTSPOT+CONNECTED_HOTSPOT_CLUSTER+NEIGHBOR_INFECTIOUS_PRESSURE,DYNAMIC SPATIOTEMPORAL WATCH,SCENARIO-BASED; VERIFY WITH OFFICIAL SURVEILLANCE
2028-12,1206315000,South Cotabato,TANTANGAN,0.3991866139159269,24.321884424800732,HOT_SPOT_99,1,11,70.56727157626625,HIGH,49.564835581149595,TRANSMISSION_PRESSURE_PROXY+STATISTICAL_HOTSPOT+CONNECTED_HOTSPOT_CLUSTER+NEIGHBOR_INFECTIOUS_PRESSURE,DYNAMIC SPATIOTEMPORAL WATCH,SCENARIO-BASED; VERIFY WITH OFFICIAL SURVEILLANCE
2028-12,1206306000,South Cotabato,KORONADAL,2.3406548357183024,30.35451513854912,HOT_SPOT_99,1,11,69.50013281024984,HIGH,54.19612308733555,TRANSMISSION_PRESSURE_PROXY+STATISTICAL_HOTSPOT+CONNECTED_HOTSPOT_CLUSTER,DYNAMIC SPATIOTEMPORAL WATCH,SCENARIO-BASED; VERIFY WITH OFFICIAL SURVEILLANCE
2028-12,1206318000,South Cotabato,SANTO NIÑO,0.3701609965133536,25.242549466637886,HOT_SPOT_95,1,11,65.9377164390652,HIGH,47.44485880733384,TRANSMISSION_PRESSURE_PROXY+STATISTICAL_HOTSPOT+CONNECTED_HOTSPOT_CLUSTER,DYNAMIC SPATIOTEMPORAL WATCH,SCENARIO-BASED; VERIFY WITH OFFICIAL SURVEILLANCE
2028-12,1206317000,South Cotabato,TUPI,0.5731221585725177,17.82071522961464,HOT_SPOT_99,1,11,62.5023955119103,MODERATE,47.20573528469784,STATISTICAL_HOTSPOT+CONNECTED_HOTSPOT_CLUSTER,DYNAMIC SPATIOTEMPORAL WATCH,SCENARIO-BASED; VERIFY WITH OFFICIAL SURVEILLANCE
2028-12,1206302000,South Cotabato,BANGA,0.3635342649068651,16.519178779928986,HOT_SPOT_99,1,11,53.48399536443379,MODERATE,41.91804435336996,STATISTICAL_HOTSPOT+CONNECTED_HOTSPOT_CLUSTER+NEIGHBOR_INFECTIOUS_PRESSURE,DYNAMIC SPATIOTEMPORAL WATCH,SCENARIO-BASED; VERIFY WITH OFFICIAL SURVEILLANCE
2028-12,1206314000,South Cotabato,TAMPAKAN,0.17592659318457357,19.183678437378173,HOT_SPOT_95,1,11,50.221843697163635,MODERATE,43.98531366436302,STATISTICAL_HOTSPOT+CONNECTED_HOTSPOT_CLUSTER,DYNAMIC SPATIOTEMPORAL WATCH,SCENARIO-BASED; VERIFY WITH OFFICIAL SURVEILLANCE
2028-12,1204705000,Cotabato,LIBUNGAN,0.27862078061267426,11.734334669014856,COLD_SPOT_90,0,0,49.85123180298909,MODERATE,43.32137558158658,NEIGHBOR_INFECTIOUS_PRESSURE,DYNAMIC SPATIOTEMPORAL WATCH,SCENARIO-BASED; VERIFY WITH OFFICIAL SURVEILLANCE
2028-12,1204711000,Cotabato,PIGKAWAYAN,0.1452370585479364,7.52914776997485,NOT_SIGNIFICANT,0,0,46.84448660526087,MODERATE,52.11810453079648,NEIGHBOR_INFECTIOUS_PRESSURE,DYNAMIC SPATIOTEMPORAL WATCH,SCENARIO-BASED; VERIFY WITH OFFICIAL SURVEILLANCE
2028-12,1204701000,Cotabato,ALAMADA,0.1360503252167113,5.122442087710434,NOT_SIGNIFICANT,0,0,40.83784222377458,LOW,54.12425425718406,NEIGHBOR_INFECTIOUS_PRESSURE,DYNAMIC SPATIOTEMPORAL WATCH,SCENARIO-BASED; VERIFY WITH OFFICIAL SURVEILLANCE
2028-12,1206507000,Sultan Kudarat,LUTAYAN,0.24655013938196949,10.16748684283038,HOT_SPOT_95,1,11,34.95964296263512,LOW,32.12035235098611,STATISTICAL_HOTSPOT+CONNECTED_HOTSPOT_CLUSTER,DYNAMIC SPATIOTEMPORAL WATCH,SCENARIO-BASED; VERIFY WITH OFFICIAL SURVEILLANCE
2029-01,1206311000,South Cotabato,NORALA,0.27284068014696133,23.009206585675113,HOT_SPOT_99,1,10,79.21406014726459,HIGH,52.15199814124155,TRANSMISSION_PRESSURE_PROXY+STATISTICAL_HOTSPOT+CONNECTED_HOTSPOT_CLUSTER+NEIGHBOR_INFECTIOUS_PRESSURE,DYNAMIC SPATIOTEMPORAL WATCH,SCENARIO-BASED; VERIFY WITH OFFICIAL SURVEILLANCE
2029-01,1206511000,Sultan Kudarat,TACURONG,0.5126225528428795,22.25747498393063,HOT_SPOT_99,1,10,72.13264860046691,HIGH,49.84273643517221,TRANSMISSION_PRESSURE_PROXY+STATISTICAL_HOTSPOT+CONNECTED_HOTSPOT_CLUSTER,DYNAMIC SPATIOTEMPORAL WATCH,SCENARIO-BASED; VERIFY WITH OFFICIAL SURVEILLANCE
2029-01,1206315000,South Cotabato,TANTANGAN,0.25698797631062614,24.047789576994834,HOT_SPOT_99,1,10,72.12141234118296,HIGH,49.105701913780074,TRANSMISSION_PRESSURE_PROXY+STATISTICAL_HOTSPOT+CONNECTED_HOTSPOT_CLUSTER,DYNAMIC SPATIOTEMPORAL WATCH,SCENARIO-BASED; VERIFY WITH OFFICIAL SURVEILLANCE
2029-01,1206318000,South Cotabato,SANTO NIÑO,0.23845560709704608,24.977920952574415,HOT_SPOT_95,1,10,66.4025416086122,HIGH,47.75864049334687,TRANSMISSION_PRESSURE_PROXY+STATISTICAL_HOTSPOT+CONNECTED_HOTSPOT_CLUSTER,DYNAMIC SPATIOTEMPORAL WATCH,SCENARIO-BASED; VERIFY WITH OFFICIAL SURVEILLANCE
2029-01,1206306000,South Cotabato,KORONADAL,1.306984840478294,30.052625358355872,HOT_SPOT_99,1,10,66.07000192972423,HIGH,50.78101401830682,TRANSMISSION_PRESSURE_PROXY+STATISTICAL_HOTSPOT+CONNECTED_HOTSPOT_CLUSTER,DYNAMIC SPATIOTEMPORAL WATCH,SCENARIO-BASED; VERIFY WITH OFFICIAL SURVEILLANCE
2029-01,1204705000,Cotabato,LIBUNGAN,0.3766429621171428,11.539112729736866,COLD_SPOT_90,0,0,56.660724376170016,MODERATE,45.483886290539225,NEIGHBOR_INFECTIOUS_PRESSURE,DYNAMIC SPATIOTEMPORAL WATCH,SCENARIO-BASED; VERIFY WITH OFFICIAL SURVEILLANCE
2029-01,1206302000,South Cotabato,BANGA,0.2146010148891093,16.357260628193636,HOT_SPOT_99,1,10,53.65555908158874,MODERATE,41.703840956758754,STATISTICAL_HOTSPOT+CONNECTED_HOTSPOT_CLUSTER+NEIGHBOR_INFECTIOUS_PRESSURE,DYNAMIC SPATIOTEMPORAL WATCH,SCENARIO-BASED; VERIFY WITH OFFICIAL SURVEILLANCE
2029-01,1206317000,South Cotabato,TUPI,0.2962387209457189,17.641029299937827,HOT_SPOT_99,1,10,52.12111081644124,MODERATE,41.38452317355318,STATISTICAL_HOTSPOT+CONNECTED_HOTSPOT_CLUSTER,DYNAMIC SPATIOTEMPORAL WATCH,SCENARIO-BASED; VERIFY WITH OFFICIAL SURVEILLANCE
2029-01,1206314000,South Cotabato,TAMPAKAN,0.12403294134713352,18.934444471945902,HOT_SPOT_95,1,10,51.06252173626115,MODERATE,43.849621568060684,STATISTICAL_HOTSPOT+CONNECTED_HOTSPOT_CLUSTER,DYNAMIC SPATIOTEMPORAL WATCH,SCENARIO-BASED; VERIFY WITH OFFICIAL SURVEILLANCE
2029-01,1204711000,Cotabato,PIGKAWAYAN,0.10281971661257619,7.489427594010465,NOT_SIGNIFICANT,0,0,50.01687434993308,MODERATE,53.619322799755196,NEIGHBOR_INFECTIOUS_PRESSURE,DYNAMIC SPATIOTEMPORAL WATCH,SCENARIO-BASED; VERIFY WITH OFFICIAL SURVEILLANCE
2029-01,1204701000,Cotabato,ALAMADA,0.11785663480351058,5.090056107680143,NOT_SIGNIFICANT,0,0,47.63523127122216,MODERATE,58.2762166835552,NEIGHBOR_INFECTIOUS_PRESSURE,DYNAMIC SPATIOTEMPORAL WATCH,SCENARIO-BASED; VERIFY WITH OFFICIAL SURVEILLANCE
2029-01,1206507000,Sultan Kudarat,LUTAYAN,0.13875091931022326,10.06014887774207,HOT_SPOT_95,1,10,34.505316705386726,LOW,31.728235230868137,STATISTICAL_HOTSPOT+CONNECTED_HOTSPOT_CLUSTER,DYNAMIC SPATIOTEMPORAL WATCH,SCENARIO-BASED; VERIFY WITH OFFICIAL SURVEILLANCE
2029-02,1206315000,South Cotabato,TANTANGAN,1.7623117480305694,22.55971586089211,HOT_SPOT_99,1,9,77.94695531181257,HIGH,53.65139457005344,TRANSMISSION_PRESSURE_PROXY+STATISTICAL_HOTSPOT+CONNECTED_HOTSPOT_CLUSTER,DYNAMIC SPATIOTEMPORAL WATCH,SCENARIO-BASED; VERIFY WITH OFFICIAL SURVEILLANCE
2029-02,1206511000,Sultan Kudarat,TACURONG,3.094465184312151,21.26233810978963,HOT_SPOT_99,1,9,77.45880899576214,HIGH,54.99539590465158,TRANSMISSION_PRESSURE_PROXY+STATISTICAL_HOTSPOT+CONNECTED_HOTSPOT_CLUSTER,DYNAMIC SPATIOTEMPORAL WATCH,SCENARIO-BASED; VERIFY WITH OFFICIAL SURVEILLANCE
2029-02,1206311000,South Cotabato,NORALA,0.911415156055589,22.24505041384555,HOT_SPOT_99,1,9,73.25534462412271,HIGH,50.34870780779535,TRANSMISSION_PRESSURE_PROXY+STATISTICAL_HOTSPOT+CONNECTED_HOTSPOT_CLUSTER+NEIGHBOR_INFECTIOUS_PRESSURE,DYNAMIC SPATIOTEMPORAL WATCH,SCENARIO-BASED; VERIFY WITH OFFICIAL SURVEILLANCE
2029-02,1206302000,South Cotabato,BANGA,2.353472285545554,15.23129884569749,HOT_SPOT_99,1,9,69.70759072929789,HIGH,50.27189137520253,TRANSMISSION_PRESSURE_PROXY+STATISTICAL_HOTSPOT+CONNECTED_HOTSPOT_CLUSTER+NEIGHBOR_INFECTIOUS_PRESSURE,DYNAMIC SPATIOTEMPORAL WATCH,SCENARIO-BASED; VERIFY WITH OFFICIAL SURVEILLANCE
2029-02,1206306000,South Cotabato,KORONADAL,6.136365315018664,28.87930935673018,HOT_SPOT_99,1,9,67.78741294138989,HIGH,52.67520486606716,TRANSMISSION_PRESSURE_PROXY+STATISTICAL_HOTSPOT+CONNECTED_HOTSPOT_CLUSTER,DYNAMIC SPATIOTEMPORAL WATCH,SCENARIO-BASED; VERIFY WITH OFFICIAL SURVEILLANCE
2029-02,1206318000,South Cotabato,SANTO NIÑO,0.8290220699425753,24.080197170656668,HOT_SPOT_95,1,9,63.48630483578977,MODERATE,47.59588744035263,STATISTICAL_HOTSPOT+CONNECTED_HOTSPOT_CLUSTER,DYNAMIC SPATIOTEMPORAL WATCH,SCENARIO-BASED; VERIFY WITH OFFICIAL SURVEILLANCE
2029-02,1206317000,South Cotabato,TUPI,1.2099197928290049,16.964328976652727,HOT_SPOT_99,1,9,53.923233234599465,MODERATE,42.899266302239496,STATISTICAL_HOTSPOT+CONNECTED_HOTSPOT_CLUSTER,DYNAMIC SPATIOTEMPORAL WATCH,SCENARIO-BASED; VERIFY WITH OFFICIAL SURVEILLANCE
2029-02,1206314000,South Cotabato,TAMPAKAN,0.5716468869968532,18.06417580534533,HOT_SPOT_95,1,9,51.0902143355109,MODERATE,44.65260430692442,STATISTICAL_HOTSPOT+CONNECTED_HOTSPOT_CLUSTER,DYNAMIC SPATIOTEMPORAL WATCH,SCENARIO-BASED; VERIFY WITH OFFICIAL SURVEILLANCE
2029-02,1204705000,Cotabato,LIBUNGAN,0.8486022285808997,11.109608037877749,COLD_SPOT_90,0,0,48.336677069321354,MODERATE,40.86270606809444,NEIGHBOR_INFECTIOUS_PRESSURE,DYNAMIC SPATIOTEMPORAL WATCH,SCENARIO-BASED; VERIFY WITH OFFICIAL SURVEILLANCE
2029-02,1204711000,Cotabato,PIGKAWAYAN,0.2719915391239118,7.383625777137724,NOT_SIGNIFICANT,0,0,44.55349348392974,LOW,52.181806078967824,NEIGHBOR_INFECTIOUS_PRESSURE,DYNAMIC SPATIOTEMPORAL WATCH,SCENARIO-BASED; VERIFY WITH OFFICIAL SURVEILLANCE
2029-02,1204701000,Cotabato,ALAMADA,0.27110322484251564,5.019992715545033,NOT_SIGNIFICANT,0,0,35.56561199740347,LOW,50.58835825364997,NEIGHBOR_INFECTIOUS_PRESSURE,DYNAMIC SPATIOTEMPORAL WATCH,SCENARIO-BASED; VERIFY WITH OFFICIAL SURVEILLANCE
2029-02,1206507000,Sultan Kudarat,LUTAYAN,0.5114208319542809,9.708878450353446,HOT_SPOT_95,1,9,33.362457965721774,LOW,30.956589127502617,STATISTICAL_HOTSPOT+CONNECTED_HOTSPOT_CLUSTER,DYNAMIC SPATIOTEMPORAL WATCH,SCENARIO-BASED; VERIFY WITH OFFICIAL SURVEILLANCE
2029-03,1206311000,South Cotabato,NORALA,1.8269024730673185,20.588733058137567,HOT_SPOT_99,1,9,86.4211202401812,CRITICAL,59.39483626007485,TRANSMISSION_PRESSURE_PROXY+STATISTICAL_HOTSPOT+CONNECTED_HOTSPOT_CLUSTER,DYNAMIC SPATIOTEMPORAL WATCH,SCENARIO-BASED; VERIFY WITH OFFICIAL SURVEILLANCE
2029-03,1206511000,Sultan Kudarat,TACURONG,3.601387932005127,20.096314525178926,HOT_SPOT_99,1,9,75.60834525356297,HIGH,53.00046908744246,TRANSMISSION_PRESSURE_PROXY+STATISTICAL_HOTSPOT+CONNECTED_HOTSPOT_CLUSTER,DYNAMIC SPATIOTEMPORAL WATCH,SCENARIO-BASED; VERIFY WITH OFFICIAL SURVEILLANCE
2029-03,1206318000,South Cotabato,SANTO NIÑO,1.7031979338154648,22.203714606078304,HOT_SPOT_95,1,9,74.10199352631676,HIGH,55.506721259125015,TRANSMISSION_PRESSURE_PROXY+STATISTICAL_HOTSPOT+CONNECTED_HOTSPOT_CLUSTER,DYNAMIC SPATIOTEMPORAL WATCH,SCENARIO-BASED; VERIFY WITH OFFICIAL SURVEILLANCE
2029-03,1206315000,South Cotabato,TANTANGAN,1.368927562816474,21.33100087634615,HOT_SPOT_99,1,9,71.7626115533206,HIGH,47.68507634411952,TRANSMISSION_PRESSURE_PROXY+STATISTICAL_HOTSPOT+CONNECTED_HOTSPOT_CLUSTER,DYNAMIC SPATIOTEMPORAL WATCH,SCENARIO-BASED; VERIFY WITH OFFICIAL SURVEILLANCE
2029-03,1206306000,South Cotabato,KORONADAL,8.630162247334571,27.252337810327905,HOT_SPOT_99,1,9,70.91413844384874,HIGH,55.97571912459343,TRANSMISSION_PRESSURE_PROXY+STATISTICAL_HOTSPOT+CONNECTED_HOTSPOT_CLUSTER,DYNAMIC SPATIOTEMPORAL WATCH,SCENARIO-BASED; VERIFY WITH OFFICIAL SURVEILLANCE
2029-03,1206302000,South Cotabato,BANGA,2.159912041365776,14.144874765997702,HOT_SPOT_99,1,9,63.62549683231293,MODERATE,44.03911153132263,STATISTICAL_HOTSPOT+CONNECTED_HOTSPOT_CLUSTER+NEIGHBOR_INFECTIOUS_PRESSURE,DYNAMIC SPATIOTEMPORAL WATCH,SCENARIO-BASED; VERIFY WITH OFFICIAL SURVEILLANCE
2029-03,1206317000,South Cotabato,TUPI,1.8050867828549348,15.933289208712605,HOT_SPOT_99,1,9,61.933097578660735,MODERATE,45.50241589498078,STATISTICAL_HOTSPOT+CONNECTED_HOTSPOT_CLUSTER,DYNAMIC SPATIOTEMPORAL WATCH,SCENARIO-BASED; VERIFY WITH OFFICIAL SURVEILLANCE
2029-03,1206314000,South Cotabato,TAMPAKAN,1.1522804065201977,16.562012998039677,HOT_SPOT_95,1,9,60.74306789381404,MODERATE,46.623909995664334,STATISTICAL_HOTSPOT+CONNECTED_HOTSPOT_CLUSTER,DYNAMIC SPATIOTEMPORAL WATCH,SCENARIO-BASED; VERIFY WITH OFFICIAL SURVEILLANCE
2029-03,1204711000,Cotabato,PIGKAWAYAN,0.6247693929081023,7.022573146875473,NOT_SIGNIFICANT,0,0,59.90187625137011,MODERATE,62.041319160732364,NEIGHBOR_INFECTIOUS_PRESSURE,DYNAMIC SPATIOTEMPORAL WATCH,SCENARIO-BASED; VERIFY WITH OFFICIAL SURVEILLANCE
2029-03,1204705000,Cotabato,LIBUNGAN,0.7737826162764015,10.70755531318443,COLD_SPOT_90,0,0,43.72660601124789,LOW,35.88149012718419,NEIGHBOR_INFECTIOUS_PRESSURE,DYNAMIC SPATIOTEMPORAL WATCH,SCENARIO-BASED; VERIFY WITH OFFICIAL SURVEILLANCE
2029-03,1204701000,Cotabato,ALAMADA,0.35734616197100566,4.892235508158173,NOT_SIGNIFICANT,0,0,40.100097895866064,LOW,54.33194119897212,NEIGHBOR_INFECTIOUS_PRESSURE,DYNAMIC SPATIOTEMPORAL WATCH,SCENARIO-BASED; VERIFY WITH OFFICIAL SURVEILLANCE
2029-03,1204712000,Cotabato,PIKIT,0.3182283469843651,4.0888304094020675,NOT_SIGNIFICANT,0,0,36.01697284036733,LOW,50.9879173462685,NEIGHBOR_INFECTIOUS_PRESSURE,DYNAMIC SPATIOTEMPORAL WATCH,SCENARIO-BASED; VERIFY WITH OFFICIAL SURVEILLANCE
2029-04,1206311000,South Cotabato,NORALA,1.0008455806981684,19.807574261250295,HOT_SPOT_99,1,9,76.01729678818853,HIGH,51.17905215787802,TRANSMISSION_PRESSURE_PROXY+STATISTICAL_HOTSPOT+CONNECTED_HOTSPOT_CLUSTER,DYNAMIC SPATIOTEMPORAL WATCH,SCENARIO-BASED; VERIFY WITH OFFICIAL SURVEILLANCE
2029-04,1206511000,Sultan Kudarat,TACURONG,2.9461308387261695,19.220952378286636,HOT_SPOT_99,1,9,74.32052725914322,HIGH,51.557542217630754,TRANSMISSION_PRESSURE_PROXY+STATISTICAL_HOTSPOT+CONNECTED_HOTSPOT_CLUSTER,DYNAMIC SPATIOTEMPORAL WATCH,SCENARIO-BASED; VERIFY WITH OFFICIAL SURVEILLANCE
2029-04,1206315000,South Cotabato,TANTANGAN,1.0963885968005933,20.387641281365415,HOT_SPOT_99,1,9,71.63149025843283,HIGH,47.7420443532134,TRANSMISSION_PRESSURE_PROXY+STATISTICAL_HOTSPOT+CONNECTED_HOTSPOT_CLUSTER,DYNAMIC SPATIOTEMPORAL WATCH,SCENARIO-BASED; VERIFY WITH OFFICIAL SURVEILLANCE
2029-04,1206306000,South Cotabato,KORONADAL,6.975066100541508,26.00983295652419,HOT_SPOT_95,1,9,67.69564201801013,HIGH,53.09999680596744,TRANSMISSION_PRESSURE_PROXY+STATISTICAL_HOTSPOT+CONNECTED_HOTSPOT_CLUSTER,DYNAMIC SPATIOTEMPORAL WATCH,SCENARIO-BASED; VERIFY WITH OFFICIAL SURVEILLANCE
2029-04,1206318000,South Cotabato,SANTO NIÑO,0.9233165462947929,21.307742591265647,HOT_SPOT_95,1,9,66.01154946194335,HIGH,47.34093778709885,TRANSMISSION_PRESSURE_PROXY+STATISTICAL_HOTSPOT+CONNECTED_HOTSPOT_CLUSTER,DYNAMIC SPATIOTEMPORAL WATCH,SCENARIO-BASED; VERIFY WITH OFFICIAL SURVEILLANCE
2029-04,1206314000,South Cotabato,TAMPAKAN,1.4110344477563106,14.978293848516552,HOT_SPOT_95,1,9,61.27195258228206,MODERATE,44.386003858093574,STATISTICAL_HOTSPOT+CONNECTED_HOTSPOT_CLUSTER,DYNAMIC SPATIOTEMPORAL WATCH,SCENARIO-BASED; VERIFY WITH OFFICIAL SURVEILLANCE
2029-04,1206302000,South Cotabato,BANGA,1.6669666399255547,13.334822755391512,HOT_SPOT_99,1,9,60.70298859420979,MODERATE,41.35105902416194,STATISTICAL_HOTSPOT+CONNECTED_HOTSPOT_CLUSTER+NEIGHBOR_INFECTIOUS_PRESSURE,DYNAMIC SPATIOTEMPORAL WATCH,SCENARIO-BASED; VERIFY WITH OFFICIAL SURVEILLANCE
2029-04,1206317000,South Cotabato,TUPI,1.5031493991002036,15.144808325148386,HOT_SPOT_95,1,9,58.54287583997415,MODERATE,43.23174948621844,STATISTICAL_HOTSPOT+CONNECTED_HOTSPOT_CLUSTER,DYNAMIC SPATIOTEMPORAL WATCH,SCENARIO-BASED; VERIFY WITH OFFICIAL SURVEILLANCE
2029-04,1204701000,Cotabato,ALAMADA,0.6691729224798242,4.6203994592914,NOT_SIGNIFICANT,0,0,52.38120892724748,MODERATE,60.7566628781306,NEIGHBOR_INFECTIOUS_PRESSURE,DYNAMIC SPATIOTEMPORAL WATCH,SCENARIO-BASED; VERIFY WITH OFFICIAL SURVEILLANCE
2029-04,1204711000,Cotabato,PIGKAWAYAN,0.3290431142142074,6.891690898751895,NOT_SIGNIFICANT,0,0,47.920417206278955,MODERATE,53.96245854005116,NEIGHBOR_INFECTIOUS_PRESSURE,DYNAMIC SPATIOTEMPORAL WATCH,SCENARIO-BASED; VERIFY WITH OFFICIAL SURVEILLANCE
2029-04,1204705000,Cotabato,LIBUNGAN,0.5777740259563547,10.464827652258089,COLD_SPOT_90,0,0,42.83310110445518,LOW,36.08678315236152,NEIGHBOR_INFECTIOUS_PRESSURE,DYNAMIC SPATIOTEMPORAL WATCH,SCENARIO-BASED; VERIFY WITH OFFICIAL SURVEILLANCE
2029-04,1204712000,Cotabato,PIKIT,0.26439433453097466,4.0178698007885565,NOT_SIGNIFICANT,0,0,38.15267695547542,LOW,51.939869288301125,NEIGHBOR_INFECTIOUS_PRESSURE,DYNAMIC SPATIOTEMPORAL WATCH,SCENARIO-BASED; VERIFY WITH OFFICIAL SURVEILLANCE
2029-05,1206311000,South Cotabato,NORALA,0.3851061382644487,19.464391360079667,HOT_SPOT_99,1,10,75.91058669849467,HIGH,51.7520147034022,TRANSMISSION_PRESSURE_PROXY+STATISTICAL_HOTSPOT+CONNECTED_HOTSPOT_CLUSTER,DYNAMIC SPATIOTEMPORAL WATCH,SCENARIO-BASED; VERIFY WITH OFFICIAL SURVEILLANCE
2029-05,1206315000,South Cotabato,TANTANGAN,0.4452988470720627,19.949216025421077,HOT_SPOT_99,1,10,72.69981872331077,HIGH,48.873437079925054,TRANSMISSION_PRESSURE_PROXY+STATISTICAL_HOTSPOT+CONNECTED_HOTSPOT_CLUSTER,DYNAMIC SPATIOTEMPORAL WATCH,SCENARIO-BASED; VERIFY WITH OFFICIAL SURVEILLANCE
2029-05,1206511000,Sultan Kudarat,TACURONG,0.9370222709322106,18.891404153849912,HOT_SPOT_99,1,10,71.55994044389182,HIGH,49.22123186653246,TRANSMISSION_PRESSURE_PROXY+STATISTICAL_HOTSPOT+CONNECTED_HOTSPOT_CLUSTER,DYNAMIC SPATIOTEMPORAL WATCH,SCENARIO-BASED; VERIFY WITH OFFICIAL SURVEILLANCE
2029-05,1206318000,South Cotabato,SANTO NIÑO,0.3794981679289786,20.909108293279694,HOT_SPOT_95,1,10,67.33554287102946,HIGH,48.68144459264256,TRANSMISSION_PRESSURE_PROXY+STATISTICAL_HOTSPOT+CONNECTED_HOTSPOT_CLUSTER,DYNAMIC SPATIOTEMPORAL WATCH,SCENARIO-BASED; VERIFY WITH OFFICIAL SURVEILLANCE
2029-05,1206306000,South Cotabato,KORONADAL,2.188689639509991,25.54272314341955,HOT_SPOT_95,1,10,64.61231407040063,MODERATE,50.19721570499985,STATISTICAL_HOTSPOT+CONNECTED_HOTSPOT_CLUSTER,DYNAMIC SPATIOTEMPORAL WATCH,SCENARIO-BASED; VERIFY WITH OFFICIAL SURVEILLANCE
2029-05,1204711000,Cotabato,PIGKAWAYAN,0.18789620951573238,6.803280929241968,NOT_SIGNIFICANT,0,0,58.41541828800454,MODERATE,60.19240529557828,NEIGHBOR_INFECTIOUS_PRESSURE,DYNAMIC SPATIOTEMPORAL WATCH,SCENARIO-BASED; VERIFY WITH OFFICIAL SURVEILLANCE
2029-05,1204705000,Cotabato,LIBUNGAN,0.3673664440695054,10.302872648490444,COLD_SPOT_90,0,0,55.82050623042154,MODERATE,45.00878711616942,NEIGHBOR_INFECTIOUS_PRESSURE,DYNAMIC SPATIOTEMPORAL WATCH,SCENARIO-BASED; VERIFY WITH OFFICIAL SURVEILLANCE
2029-05,1206317000,South Cotabato,TUPI,0.5336921156680875,14.839622194364779,HOT_SPOT_95,1,10,54.09584089954193,MODERATE,41.55422883964973,STATISTICAL_HOTSPOT+CONNECTED_HOTSPOT_CLUSTER,DYNAMIC SPATIOTEMPORAL WATCH,SCENARIO-BASED; VERIFY WITH OFFICIAL SURVEILLANCE
2029-05,1206302000,South Cotabato,BANGA,0.40355891586319476,13.082598552410992,HOT_SPOT_99,1,10,52.31621382836102,MODERATE,38.98370533926421,STATISTICAL_HOTSPOT+CONNECTED_HOTSPOT_CLUSTER+NEIGHBOR_INFECTIOUS_PRESSURE,DYNAMIC SPATIOTEMPORAL WATCH,SCENARIO-BASED; VERIFY WITH OFFICIAL SURVEILLANCE
2029-05,1204712000,Cotabato,PIKIT,0.15470508299041275,3.9746562655634046,NOT_SIGNIFICANT,0,0,48.3030959720914,MODERATE,59.19325253457725,NEIGHBOR_INFECTIOUS_PRESSURE,DYNAMIC SPATIOTEMPORAL WATCH,SCENARIO-BASED; VERIFY WITH OFFICIAL SURVEILLANCE
2029-05,1204701000,Cotabato,ALAMADA,0.17803975234864375,4.570317943133621,NOT_SIGNIFICANT,0,0,45.88549780691097,MODERATE,57.197849704634024,NEIGHBOR_INFECTIOUS_PRESSURE,DYNAMIC SPATIOTEMPORAL WATCH,SCENARIO-BASED; VERIFY WITH OFFICIAL SURVEILLANCE
2029-05,1206314000,South Cotabato,TAMPAKAN,0.23544245712543427,14.587254527082344,HOT_SPOT_95,1,10,41.08862874054437,LOW,34.27945186488115,STATISTICAL_HOTSPOT+CONNECTED_HOTSPOT_CLUSTER,DYNAMIC SPATIOTEMPORAL WATCH,SCENARIO-BASED; VERIFY WITH OFFICIAL SURVEILLANCE
2029-06,1206311000,South Cotabato,NORALA,0.6861303775379278,18.991336197835867,HOT_SPOT_99,1,9,75.75331002493735,HIGH,49.67609260274972,TRANSMISSION_PRESSURE_PROXY+STATISTICAL_HOTSPOT+CONNECTED_HOTSPOT_CLUSTER,DYNAMIC SPATIOTEMPORAL WATCH,SCENARIO-BASED; VERIFY WITH OFFICIAL SURVEILLANCE
2029-06,1206511000,Sultan Kudarat,TACURONG,1.505342088588571,18.495210545299564,HOT_SPOT_99,1,9,69.77477049589169,HIGH,47.23906067170505,TRANSMISSION_PRESSURE_PROXY+STATISTICAL_HOTSPOT+CONNECTED_HOTSPOT_CLUSTER,DYNAMIC SPATIOTEMPORAL WATCH,SCENARIO-BASED; VERIFY WITH OFFICIAL SURVEILLANCE
2029-06,1206315000,South Cotabato,TANTANGAN,0.6070966946163505,19.462268771329768,HOT_SPOT_99,1,9,67.31564118979159,HIGH,46.11468840984247,TRANSMISSION_PRESSURE_PROXY+STATISTICAL_HOTSPOT+CONNECTED_HOTSPOT_CLUSTER,DYNAMIC SPATIOTEMPORAL WATCH,SCENARIO-BASED; VERIFY WITH OFFICIAL SURVEILLANCE
2029-06,1206306000,South Cotabato,KORONADAL,4.214294352205922,24.857026558201394,HOT_SPOT_95,1,9,64.08302802187113,MODERATE,49.69076082377025,STATISTICAL_HOTSPOT+CONNECTED_HOTSPOT_CLUSTER,DYNAMIC SPATIOTEMPORAL WATCH,SCENARIO-BASED; VERIFY WITH OFFICIAL SURVEILLANCE
2029-06,1206318000,South Cotabato,SANTO NIÑO,0.5829068926361879,20.425881307402033,HOT_SPOT_95,1,9,64.06186881861568,MODERATE,45.32091821842396,STATISTICAL_HOTSPOT+CONNECTED_HOTSPOT_CLUSTER,DYNAMIC SPATIOTEMPORAL WATCH,SCENARIO-BASED; VERIFY WITH OFFICIAL SURVEILLANCE
2029-06,1206317000,South Cotabato,TUPI,1.0361142676384363,14.361929019438314,HOT_SPOT_95,1,9,56.56932056936118,MODERATE,40.67303425985273,STATISTICAL_HOTSPOT+CONNECTED_HOTSPOT_CLUSTER,DYNAMIC SPATIOTEMPORAL WATCH,SCENARIO-BASED; VERIFY WITH OFFICIAL SURVEILLANCE
2029-06,1206302000,South Cotabato,BANGA,0.7401095205527012,12.700322961757559,HOT_SPOT_99,1,9,53.1105666294445,MODERATE,37.94103469223473,STATISTICAL_HOTSPOT+CONNECTED_HOTSPOT_CLUSTER+NEIGHBOR_INFECTIOUS_PRESSURE,DYNAMIC SPATIOTEMPORAL WATCH,SCENARIO-BASED; VERIFY WITH OFFICIAL SURVEILLANCE
2029-06,1204711000,Cotabato,PIGKAWAYAN,0.292437640194456,6.715060061012218,NOT_SIGNIFICANT,0,0,52.652960648485916,MODERATE,55.75480599541068,NEIGHBOR_INFECTIOUS_PRESSURE,DYNAMIC SPATIOTEMPORAL WATCH,SCENARIO-BASED; VERIFY WITH OFFICIAL SURVEILLANCE
2029-06,1204705000,Cotabato,LIBUNGAN,0.5044670860707656,10.163302478657565,COLD_SPOT_90,0,0,49.17532396839198,MODERATE,40.80054808408018,NEIGHBOR_INFECTIOUS_PRESSURE,DYNAMIC SPATIOTEMPORAL WATCH,SCENARIO-BASED; VERIFY WITH OFFICIAL SURVEILLANCE
2029-06,1204701000,Cotabato,ALAMADA,0.2389351700890866,4.535886149792846,NOT_SIGNIFICANT,0,0,39.63549075860969,LOW,52.023331872875374,NEIGHBOR_INFECTIOUS_PRESSURE,DYNAMIC SPATIOTEMPORAL WATCH,SCENARIO-BASED; VERIFY WITH OFFICIAL SURVEILLANCE
2029-07,1206511000,Sultan Kudarat,TACURONG,1.9196354825030615,18.100036228738034,HOT_SPOT_99,1,9,78.27836839389694,HIGH,55.80276723823853,TRANSMISSION_PRESSURE_PROXY+STATISTICAL_HOTSPOT+CONNECTED_HOTSPOT_CLUSTER,DYNAMIC SPATIOTEMPORAL WATCH,SCENARIO-BASED; VERIFY WITH OFFICIAL SURVEILLANCE
2029-07,1206311000,South Cotabato,NORALA,0.48799036751584446,18.696782290774337,HOT_SPOT_99,1,9,73.82020538348868,HIGH,51.069841332955946,TRANSMISSION_PRESSURE_PROXY+STATISTICAL_HOTSPOT+CONNECTED_HOTSPOT_CLUSTER,DYNAMIC SPATIOTEMPORAL WATCH,SCENARIO-BASED; VERIFY WITH OFFICIAL SURVEILLANCE
2029-07,1206306000,South Cotabato,KORONADAL,3.4613711428599316,24.40044582794344,HOT_SPOT_95,1,9,66.35986662374572,HIGH,51.84061954738494,TRANSMISSION_PRESSURE_PROXY+STATISTICAL_HOTSPOT+CONNECTED_HOTSPOT_CLUSTER,DYNAMIC SPATIOTEMPORAL WATCH,SCENARIO-BASED; VERIFY WITH OFFICIAL SURVEILLANCE
2029-07,1206315000,South Cotabato,TANTANGAN,0.4278815926314484,19.147802371844424,HOT_SPOT_99,1,9,64.44170600200445,MODERATE,46.0951424273109,STATISTICAL_HOTSPOT+CONNECTED_HOTSPOT_CLUSTER,DYNAMIC SPATIOTEMPORAL WATCH,SCENARIO-BASED; VERIFY WITH OFFICIAL SURVEILLANCE
2029-07,1206318000,South Cotabato,SANTO NIÑO,0.4000587351414744,20.14273054786152,HOT_SPOT_95,1,9,63.41321568019516,MODERATE,46.957947600783896,STATISTICAL_HOTSPOT+CONNECTED_HOTSPOT_CLUSTER,DYNAMIC SPATIOTEMPORAL WATCH,SCENARIO-BASED; VERIFY WITH OFFICIAL SURVEILLANCE
2029-07,1204711000,Cotabato,PIGKAWAYAN,0.22822839320107355,6.6657582749965965,NOT_SIGNIFICANT,0,0,56.21010507553276,MODERATE,58.44458875350769,NEIGHBOR_INFECTIOUS_PRESSURE,DYNAMIC SPATIOTEMPORAL WATCH,SCENARIO-BASED; VERIFY WITH OFFICIAL SURVEILLANCE
2029-07,1206317000,South Cotabato,TUPI,0.6900408211244471,14.104371595156598,HOT_SPOT_95,1,9,52.54969907789826,MODERATE,39.373816898820266,STATISTICAL_HOTSPOT+CONNECTED_HOTSPOT_CLUSTER,DYNAMIC SPATIOTEMPORAL WATCH,SCENARIO-BASED; VERIFY WITH OFFICIAL SURVEILLANCE
2029-07,1204705000,Cotabato,LIBUNGAN,0.40382661974959216,10.084617543687557,COLD_SPOT_90,0,0,50.32544468679697,MODERATE,41.71055284737095,NEIGHBOR_INFECTIOUS_PRESSURE,DYNAMIC SPATIOTEMPORAL WATCH,SCENARIO-BASED; VERIFY WITH OFFICIAL SURVEILLANCE
2029-07,1206302000,South Cotabato,BANGA,0.4949098088141184,12.482982373604337,HOT_SPOT_99,1,9,50.32361450077671,MODERATE,37.22968269792757,STATISTICAL_HOTSPOT+CONNECTED_HOTSPOT_CLUSTER,DYNAMIC SPATIOTEMPORAL WATCH,SCENARIO-BASED; VERIFY WITH OFFICIAL SURVEILLANCE
2029-07,1204712000,Cotabato,PIKIT,0.19105418028913057,3.9205047328647904,NOT_SIGNIFICANT,0,0,44.30109670142549,LOW,55.69808690827105,NEIGHBOR_INFECTIOUS_PRESSURE,DYNAMIC SPATIOTEMPORAL WATCH,SCENARIO-BASED; VERIFY WITH OFFICIAL SURVEILLANCE
2029-07,1204701000,Cotabato,ALAMADA,0.19693546815510432,4.517835030762861,NOT_SIGNIFICANT,0,0,41.61952639321751,LOW,52.57413488366767,NEIGHBOR_INFECTIOUS_PRESSURE,DYNAMIC SPATIOTEMPORAL WATCH,SCENARIO-BASED; VERIFY WITH OFFICIAL SURVEILLANCE
2029-08,1206311000,South Cotabato,NORALA,0.5436056846316073,18.425460156249464,HOT_SPOT_99,1,9,76.14707623327061,HIGH,51.74272974009317,TRANSMISSION_PRESSURE_PROXY+STATISTICAL_HOTSPOT+CONNECTED_HOTSPOT_CLUSTER,DYNAMIC SPATIOTEMPORAL WATCH,SCENARIO-BASED; VERIFY WITH OFFICIAL SURVEILLANCE
2029-08,1206511000,Sultan Kudarat,TACURONG,1.528160974487242,17.851102743380572,HOT_SPOT_99,1,9,72.82177054693013,HIGH,50.50910016050552,TRANSMISSION_PRESSURE_PROXY+STATISTICAL_HOTSPOT+CONNECTED_HOTSPOT_CLUSTER,DYNAMIC SPATIOTEMPORAL WATCH,SCENARIO-BASED; VERIFY WITH OFFICIAL SURVEILLANCE
2029-08,1206315000,South Cotabato,TANTANGAN,0.47034239307291853,18.858496317958362,HOT_SPOT_99,1,9,67.38446965333168,HIGH,47.52514424717659,TRANSMISSION_PRESSURE_PROXY+STATISTICAL_HOTSPOT+CONNECTED_HOTSPOT_CLUSTER,DYNAMIC SPATIOTEMPORAL WATCH,SCENARIO-BASED; VERIFY WITH OFFICIAL SURVEILLANCE
2029-08,1206306000,South Cotabato,KORONADAL,3.269782470046739,24.06163846170991,HOT_SPOT_95,1,9,65.7216143265101,HIGH,51.068671757531064,TRANSMISSION_PRESSURE_PROXY+STATISTICAL_HOTSPOT+CONNECTED_HOTSPOT_CLUSTER,DYNAMIC SPATIOTEMPORAL WATCH,SCENARIO-BASED; VERIFY WITH OFFICIAL SURVEILLANCE
2029-08,1206318000,South Cotabato,SANTO NIÑO,0.42563549129465417,19.888429511019833,HOT_SPOT_95,1,9,65.27510863313358,HIGH,47.89898580642028,TRANSMISSION_PRESSURE_PROXY+STATISTICAL_HOTSPOT+CONNECTED_HOTSPOT_CLUSTER,DYNAMIC SPATIOTEMPORAL WATCH,SCENARIO-BASED; VERIFY WITH OFFICIAL SURVEILLANCE
2029-08,1204701000,Cotabato,ALAMADA,0.310478912642566,4.494604108537734,NOT_SIGNIFICANT,0,0,54.07423774950443,MODERATE,61.950976173920225,NEIGHBOR_INFECTIOUS_PRESSURE,DYNAMIC SPATIOTEMPORAL WATCH,SCENARIO-BASED; VERIFY WITH OFFICIAL SURVEILLANCE
2029-08,1206317000,South Cotabato,TUPI,0.7130035648197487,13.889381590683724,HOT_SPOT_95,1,9,53.35986503513832,MODERATE,39.60991670132527,STATISTICAL_HOTSPOT+CONNECTED_HOTSPOT_CLUSTER,DYNAMIC SPATIOTEMPORAL WATCH,SCENARIO-BASED; VERIFY WITH OFFICIAL SURVEILLANCE
2029-08,1206302000,South Cotabato,BANGA,0.5077434863724779,12.299124233975583,HOT_SPOT_99,1,9,52.30903208047473,MODERATE,39.387371068636206,STATISTICAL_HOTSPOT+CONNECTED_HOTSPOT_CLUSTER,DYNAMIC SPATIOTEMPORAL WATCH,SCENARIO-BASED; VERIFY WITH OFFICIAL SURVEILLANCE
2029-08,1204711000,Cotabato,PIGKAWAYAN,0.20488546877227415,6.645786376755806,NOT_SIGNIFICANT,0,0,51.88070442043191,MODERATE,55.234265718078625,NEIGHBOR_INFECTIOUS_PRESSURE,DYNAMIC SPATIOTEMPORAL WATCH,SCENARIO-BASED; VERIFY WITH OFFICIAL SURVEILLANCE
2029-08,1204705000,Cotabato,LIBUNGAN,0.4593431283958708,10.020256273808593,NOT_SIGNIFICANT,0,0,51.724199290848006,MODERATE,41.232648137226846,NEIGHBOR_INFECTIOUS_PRESSURE,DYNAMIC SPATIOTEMPORAL WATCH,SCENARIO-BASED; VERIFY WITH OFFICIAL SURVEILLANCE
2029-08,1204712000,Cotabato,PIKIT,0.22743182016561356,3.9124204177462434,NOT_SIGNIFICANT,0,0,46.0852026407467,MODERATE,55.84485806936128,NEIGHBOR_INFECTIOUS_PRESSURE,DYNAMIC SPATIOTEMPORAL WATCH,SCENARIO-BASED; VERIFY WITH OFFICIAL SURVEILLANCE
2029-09,1206311000,South Cotabato,NORALA,0.3523877995792299,18.22759489965824,HOT_SPOT_99,1,9,75.12983274642056,HIGH,52.26304174929247,TRANSMISSION_PRESSURE_PROXY+STATISTICAL_HOTSPOT+CONNECTED_HOTSPOT_CLUSTER,DYNAMIC SPATIOTEMPORAL WATCH,SCENARIO-BASED; VERIFY WITH OFFICIAL SURVEILLANCE
2029-09,1206315000,South Cotabato,TANTANGAN,0.38531675818523986,18.62735564235184,HOT_SPOT_99,1,9,74.55514832662423,HIGH,52.46532015592288,TRANSMISSION_PRESSURE_PROXY+STATISTICAL_HOTSPOT+CONNECTED_HOTSPOT_CLUSTER,DYNAMIC SPATIOTEMPORAL WATCH,SCENARIO-BASED; VERIFY WITH OFFICIAL SURVEILLANCE
2029-09,1206318000,South Cotabato,SANTO NIÑO,0.4088711183933203,19.659217342122222,HOT_SPOT_95,1,9,73.41308561168748,HIGH,54.363717351527185,TRANSMISSION_PRESSURE_PROXY+STATISTICAL_HOTSPOT+CONNECTED_HOTSPOT_CLUSTER,DYNAMIC SPATIOTEMPORAL WATCH,SCENARIO-BASED; VERIFY WITH OFFICIAL SURVEILLANCE
2029-09,1206511000,Sultan Kudarat,TACURONG,0.8382809583356963,17.679867797282565,HOT_SPOT_99,1,9,70.64714587092841,HIGH,48.57716120320192,TRANSMISSION_PRESSURE_PROXY+STATISTICAL_HOTSPOT+CONNECTED_HOTSPOT_CLUSTER,DYNAMIC SPATIOTEMPORAL WATCH,SCENARIO-BASED; VERIFY WITH OFFICIAL SURVEILLANCE
2029-09,1206306000,South Cotabato,KORONADAL,1.9865411294159152,23.822553031104725,HOT_SPOT_95,1,9,65.49834726468451,HIGH,50.795153403232774,TRANSMISSION_PRESSURE_PROXY+STATISTICAL_HOTSPOT+CONNECTED_HOTSPOT_CLUSTER,DYNAMIC SPATIOTEMPORAL WATCH,SCENARIO-BASED; VERIFY WITH OFFICIAL SURVEILLANCE
2029-09,1204711000,Cotabato,PIGKAWAYAN,0.345158391207516,6.594551217013455,NOT_SIGNIFICANT,0,0,64.62110256209961,MODERATE,62.54941367785929,NEIGHBOR_INFECTIOUS_PRESSURE,DYNAMIC SPATIOTEMPORAL WATCH,SCENARIO-BASED; VERIFY WITH OFFICIAL SURVEILLANCE
2029-09,1204712000,Cotabato,PIKIT,0.2187873854040459,3.895510897691359,NOT_SIGNIFICANT,0,0,53.52983850429671,MODERATE,59.96191920844596,NEIGHBOR_INFECTIOUS_PRESSURE,DYNAMIC SPATIOTEMPORAL WATCH,SCENARIO-BASED; VERIFY WITH OFFICIAL SURVEILLANCE
2029-09,1204705000,Cotabato,LIBUNGAN,0.2976837249845154,9.965117261921506,NOT_SIGNIFICANT,0,0,51.72122034313995,MODERATE,42.51188692629794,NEIGHBOR_INFECTIOUS_PRESSURE,DYNAMIC SPATIOTEMPORAL WATCH,SCENARIO-BASED; VERIFY WITH OFFICIAL SURVEILLANCE
2029-09,1206302000,South Cotabato,BANGA,0.30592120639215736,12.166867521658641,HOT_SPOT_99,1,9,51.22835189377379,MODERATE,39.2352905133086,STATISTICAL_HOTSPOT+CONNECTED_HOTSPOT_CLUSTER,DYNAMIC SPATIOTEMPORAL WATCH,SCENARIO-BASED; VERIFY WITH OFFICIAL SURVEILLANCE
2029-09,1206317000,South Cotabato,TUPI,0.40220256176151564,13.74052808531364,HOT_SPOT_95,1,9,50.74271174057845,MODERATE,38.68697344231909,STATISTICAL_HOTSPOT+CONNECTED_HOTSPOT_CLUSTER,DYNAMIC SPATIOTEMPORAL WATCH,SCENARIO-BASED; VERIFY WITH OFFICIAL SURVEILLANCE
2029-09,1204701000,Cotabato,ALAMADA,0.17197401970095202,4.485011689442322,NOT_SIGNIFICANT,0,0,50.71440427107036,MODERATE,59.29795979516457,NEIGHBOR_INFECTIOUS_PRESSURE,DYNAMIC SPATIOTEMPORAL WATCH,SCENARIO-BASED; VERIFY WITH OFFICIAL SURVEILLANCE
2029-09,1204717000,Cotabato,ALEOSAN,0.10882486234596134,8.272992711098745,NOT_SIGNIFICANT,0,0,49.235369825007375,MODERATE,47.65119636662089,NEIGHBOR_INFECTIOUS_PRESSURE,DYNAMIC SPATIOTEMPORAL WATCH,SCENARIO-BASED; VERIFY WITH OFFICIAL SURVEILLANCE
2029-10,1206311000,South Cotabato,NORALA,0.8455790565763402,17.991635920782958,HOT_SPOT_99,1,9,79.04062546467239,HIGH,54.003799679312486,TRANSMISSION_PRESSURE_PROXY+STATISTICAL_HOTSPOT+CONNECTED_HOTSPOT_CLUSTER,DYNAMIC SPATIOTEMPORAL WATCH,SCENARIO-BASED; VERIFY WITH OFFICIAL SURVEILLANCE
2029-10,1206318000,South Cotabato,SANTO NIÑO,1.0102977997041738,19.40598321354338,HOT_SPOT_95,1,9,73.51004680713368,HIGH,54.306372090114316,TRANSMISSION_PRESSURE_PROXY+STATISTICAL_HOTSPOT+CONNECTED_HOTSPOT_CLUSTER,DYNAMIC SPATIOTEMPORAL WATCH,SCENARIO-BASED; VERIFY WITH OFFICIAL SURVEILLANCE
2029-10,1206511000,Sultan Kudarat,TACURONG,1.9530089477046095,17.47249157404881,HOT_SPOT_99,1,9,71.64328044589115,HIGH,49.23141847724379,TRANSMISSION_PRESSURE_PROXY+STATISTICAL_HOTSPOT+CONNECTED_HOTSPOT_CLUSTER,DYNAMIC SPATIOTEMPORAL WATCH,SCENARIO-BASED; VERIFY WITH OFFICIAL SURVEILLANCE
2029-10,1206306000,South Cotabato,KORONADAL,4.441342402093767,23.534648117375326,HOT_SPOT_95,1,9,66.48756209547075,HIGH,51.76539276048905,TRANSMISSION_PRESSURE_PROXY+STATISTICAL_HOTSPOT+CONNECTED_HOTSPOT_CLUSTER,DYNAMIC SPATIOTEMPORAL WATCH,SCENARIO-BASED; VERIFY WITH OFFICIAL SURVEILLANCE
2029-10,1206315000,South Cotabato,TANTANGAN,0.5722395331095325,18.36982392383182,HOT_SPOT_99,1,9,64.54776691366894,MODERATE,47.12100201195461,STATISTICAL_HOTSPOT+CONNECTED_HOTSPOT_CLUSTER,DYNAMIC SPATIOTEMPORAL WATCH,SCENARIO-BASED; VERIFY WITH OFFICIAL SURVEILLANCE
2029-10,1206317000,South Cotabato,TUPI,1.3142460747809375,13.531840286961147,HOT_SPOT_95,1,9,63.848549216717664,MODERATE,45.414875193509076,STATISTICAL_HOTSPOT+CONNECTED_HOTSPOT_CLUSTER,DYNAMIC SPATIOTEMPORAL WATCH,SCENARIO-BASED; VERIFY WITH OFFICIAL SURVEILLANCE
2029-10,1206302000,South Cotabato,BANGA,1.0673286836196978,11.980510827432575,HOT_SPOT_99,1,9,61.548501173250955,MODERATE,45.25303095724596,STATISTICAL_HOTSPOT+CONNECTED_HOTSPOT_CLUSTER,DYNAMIC SPATIOTEMPORAL WATCH,SCENARIO-BASED; VERIFY WITH OFFICIAL SURVEILLANCE
2029-10,1204711000,Cotabato,PIGKAWAYAN,0.350912510412905,6.599007294980947,NOT_SIGNIFICANT,0,0,53.66092091359279,MODERATE,56.48535485392403,NEIGHBOR_INFECTIOUS_PRESSURE,DYNAMIC SPATIOTEMPORAL WATCH,SCENARIO-BASED; VERIFY WITH OFFICIAL SURVEILLANCE
2029-10,1204705000,Cotabato,LIBUNGAN,0.5803205005147647,9.930059784045504,NOT_SIGNIFICANT,0,0,51.07188470300191,MODERATE,41.29551090616101,NEIGHBOR_INFECTIOUS_PRESSURE,DYNAMIC SPATIOTEMPORAL WATCH,SCENARIO-BASED; VERIFY WITH OFFICIAL SURVEILLANCE
2029-10,1204717000,Cotabato,ALEOSAN,0.19160074318996317,8.259829483914,NOT_SIGNIFICANT,0,0,48.19532229580485,MODERATE,47.71974271836124,NEIGHBOR_INFECTIOUS_PRESSURE,DYNAMIC SPATIOTEMPORAL WATCH,SCENARIO-BASED; VERIFY WITH OFFICIAL SURVEILLANCE
2029-10,1204712000,Cotabato,PIKIT,0.3229337403872089,3.9038285328335367,NOT_SIGNIFICANT,0,0,45.77878552515804,MODERATE,55.32292152790764,NEIGHBOR_INFECTIOUS_PRESSURE,DYNAMIC SPATIOTEMPORAL WATCH,SCENARIO-BASED; VERIFY WITH OFFICIAL SURVEILLANCE
2029-10,1204701000,Cotabato,ALAMADA,0.2580926470724888,4.497036531634781,NOT_SIGNIFICANT,0,0,44.201252851555815,LOW,54.6175435678754,NEIGHBOR_INFECTIOUS_PRESSURE,DYNAMIC SPATIOTEMPORAL WATCH,SCENARIO-BASED; VERIFY WITH OFFICIAL SURVEILLANCE
2029-11,1206311000,South Cotabato,NORALA,1.5300936023623404,17.93728310320427,HOT_SPOT_99,1,8,81.20095264841221,CRITICAL,56.27255873431936,TRANSMISSION_PRESSURE_PROXY+STATISTICAL_HOTSPOT+CONNECTED_HOTSPOT_CLUSTER,DYNAMIC SPATIOTEMPORAL WATCH,SCENARIO-BASED; VERIFY WITH OFFICIAL SURVEILLANCE
2029-11,1206315000,South Cotabato,TANTANGAN,1.6620575145886713,18.310668969388946,HOT_SPOT_99,1,8,74.92901860387823,HIGH,53.069191362171296,TRANSMISSION_PRESSURE_PROXY+STATISTICAL_HOTSPOT+CONNECTED_HOTSPOT_CLUSTER,DYNAMIC SPATIOTEMPORAL WATCH,SCENARIO-BASED; VERIFY WITH OFFICIAL SURVEILLANCE
2029-11,1206511000,Sultan Kudarat,TACURONG,2.3723070700626043,17.395411695283943,HOT_SPOT_99,1,8,69.7883632491106,HIGH,48.083515045188214,TRANSMISSION_PRESSURE_PROXY+STATISTICAL_HOTSPOT+CONNECTED_HOTSPOT_CLUSTER,DYNAMIC SPATIOTEMPORAL WATCH,SCENARIO-BASED; VERIFY WITH OFFICIAL SURVEILLANCE
2029-11,1206318000,South Cotabato,SANTO NIÑO,1.1545421896674337,19.34079554925947,HOT_SPOT_95,1,8,68.17386051543443,HIGH,49.11329045564583,TRANSMISSION_PRESSURE_PROXY+STATISTICAL_HOTSPOT+CONNECTED_HOTSPOT_CLUSTER,DYNAMIC SPATIOTEMPORAL WATCH,SCENARIO-BASED; VERIFY WITH OFFICIAL SURVEILLANCE
2029-11,1206306000,South Cotabato,KORONADAL,6.922802393876657,23.469627563481453,HOT_SPOT_95,1,8,67.60623263534012,HIGH,53.04854723540087,TRANSMISSION_PRESSURE_PROXY+STATISTICAL_HOTSPOT+CONNECTED_HOTSPOT_CLUSTER,DYNAMIC SPATIOTEMPORAL WATCH,SCENARIO-BASED; VERIFY WITH OFFICIAL SURVEILLANCE
2029-11,1204717000,Cotabato,ALEOSAN,0.42834106211250483,8.313981502842262,NOT_SIGNIFICANT,0,0,60.99934819745284,MODERATE,57.525458304365095,NEIGHBOR_INFECTIOUS_PRESSURE,DYNAMIC SPATIOTEMPORAL WATCH,SCENARIO-BASED; VERIFY WITH OFFICIAL SURVEILLANCE
2029-11,1204711000,Cotabato,PIGKAWAYAN,0.6792115997948381,6.692101289499364,NOT_SIGNIFICANT,0,0,60.28099472700374,MODERATE,60.365171901020624,NEIGHBOR_INFECTIOUS_PRESSURE,DYNAMIC SPATIOTEMPORAL WATCH,SCENARIO-BASED; VERIFY WITH OFFICIAL SURVEILLANCE
2029-11,1206302000,South Cotabato,BANGA,1.3216585157377374,11.894780357248107,HOT_SPOT_99,1,8,55.91301969162982,MODERATE,41.561982437977406,STATISTICAL_HOTSPOT+CONNECTED_HOTSPOT_CLUSTER,DYNAMIC SPATIOTEMPORAL WATCH,SCENARIO-BASED; VERIFY WITH OFFICIAL SURVEILLANCE
2029-11,1204701000,Cotabato,ALAMADA,0.49930914939657184,4.553190697010997,NOT_SIGNIFICANT,0,0,48.73238865398716,MODERATE,58.306235881632404,NEIGHBOR_INFECTIOUS_PRESSURE,DYNAMIC SPATIOTEMPORAL WATCH,SCENARIO-BASED; VERIFY WITH OFFICIAL SURVEILLANCE
2029-11,1206317000,South Cotabato,TUPI,1.1384213596719828,13.43062485708155,HOT_SPOT_95,1,8,48.28608544531966,MODERATE,36.52496293947999,STATISTICAL_HOTSPOT+CONNECTED_HOTSPOT_CLUSTER,DYNAMIC SPATIOTEMPORAL WATCH,SCENARIO-BASED; VERIFY WITH OFFICIAL SURVEILLANCE
2029-11,1204705000,Cotabato,LIBUNGAN,0.6255989155885435,9.953298345374632,NOT_SIGNIFICANT,0,0,45.5768927685544,MODERATE,37.81556818834245,NEIGHBOR_INFECTIOUS_PRESSURE,DYNAMIC SPATIOTEMPORAL WATCH,SCENARIO-BASED; VERIFY WITH OFFICIAL SURVEILLANCE
2029-11,1204712000,Cotabato,PIKIT,0.31406044868716054,3.9434692956065556,NOT_SIGNIFICANT,0,0,38.39319981967204,LOW,50.34312334055691,NEIGHBOR_INFECTIOUS_PRESSURE,DYNAMIC SPATIOTEMPORAL WATCH,SCENARIO-BASED; VERIFY WITH OFFICIAL SURVEILLANCE
2029-12,1206511000,Sultan Kudarat,TACURONG,0.9073112579656056,17.32986354845327,HOT_SPOT_99,1,8,74.35473935973862,HIGH,52.25491801053892,TRANSMISSION_PRESSURE_PROXY+STATISTICAL_HOTSPOT+CONNECTED_HOTSPOT_CLUSTER,DYNAMIC SPATIOTEMPORAL WATCH,SCENARIO-BASED; VERIFY WITH OFFICIAL SURVEILLANCE
2029-12,1206311000,South Cotabato,NORALA,0.3691751567418368,17.845296010471582,HOT_SPOT_99,1,8,70.30404473703106,HIGH,48.52324246777477,TRANSMISSION_PRESSURE_PROXY+STATISTICAL_HOTSPOT+CONNECTED_HOTSPOT_CLUSTER,DYNAMIC SPATIOTEMPORAL WATCH,SCENARIO-BASED; VERIFY WITH OFFICIAL SURVEILLANCE
2029-12,1206306000,South Cotabato,KORONADAL,2.2160373920105525,23.386368199113253,HOT_SPOT_95,1,8,66.99187536908339,HIGH,52.527691772577406,TRANSMISSION_PRESSURE_PROXY+STATISTICAL_HOTSPOT+CONNECTED_HOTSPOT_CLUSTER,DYNAMIC SPATIOTEMPORAL WATCH,SCENARIO-BASED; VERIFY WITH OFFICIAL SURVEILLANCE
2029-12,1206318000,South Cotabato,SANTO NIÑO,0.3371140489934758,19.249607720541828,HOT_SPOT_95,1,8,64.74421594266259,MODERATE,45.969523381761825,STATISTICAL_HOTSPOT+CONNECTED_HOTSPOT_CLUSTER,DYNAMIC SPATIOTEMPORAL WATCH,SCENARIO-BASED; VERIFY WITH OFFICIAL SURVEILLANCE
2029-12,1206315000,South Cotabato,TANTANGAN,0.3530598514637205,18.20661129689724,HOT_SPOT_99,1,8,62.393870709082,MODERATE,45.410200647063846,STATISTICAL_HOTSPOT+CONNECTED_HOTSPOT_CLUSTER,DYNAMIC SPATIOTEMPORAL WATCH,SCENARIO-BASED; VERIFY WITH OFFICIAL SURVEILLANCE
2029-12,1206317000,South Cotabato,TUPI,0.5312340987512479,13.36972644227278,HOT_SPOT_95,1,8,60.60350039539229,MODERATE,43.69240855132748,STATISTICAL_HOTSPOT+CONNECTED_HOTSPOT_CLUSTER,DYNAMIC SPATIOTEMPORAL WATCH,SCENARIO-BASED; VERIFY WITH OFFICIAL SURVEILLANCE
2029-12,1204717000,Cotabato,ALEOSAN,0.11428478744975067,8.321736465765044,NOT_SIGNIFICANT,0,0,54.90211119855179,MODERATE,52.7464849960966,NEIGHBOR_INFECTIOUS_PRESSURE,DYNAMIC SPATIOTEMPORAL WATCH,SCENARIO-BASED; VERIFY WITH OFFICIAL SURVEILLANCE
2029-12,1204705000,Cotabato,LIBUNGAN,0.2755433591744995,9.94058456757612,NOT_SIGNIFICANT,0,0,54.44739347602394,MODERATE,44.86594769754629,NEIGHBOR_INFECTIOUS_PRESSURE,DYNAMIC SPATIOTEMPORAL WATCH,SCENARIO-BASED; VERIFY WITH OFFICIAL SURVEILLANCE
2029-12,1204711000,Cotabato,PIGKAWAYAN,0.15821743209541,6.710753388763506,NOT_SIGNIFICANT,0,0,50.82130837844574,MODERATE,53.0365771138796,NEIGHBOR_INFECTIOUS_PRESSURE,DYNAMIC SPATIOTEMPORAL WATCH,SCENARIO-BASED; VERIFY WITH OFFICIAL SURVEILLANCE
2029-12,1204701000,Cotabato,ALAMADA,0.1488560323690128,4.567461000580643,NOT_SIGNIFICANT,0,0,49.23320906347549,MODERATE,58.0164366268035,NEIGHBOR_INFECTIOUS_PRESSURE,DYNAMIC SPATIOTEMPORAL WATCH,SCENARIO-BASED; VERIFY WITH OFFICIAL SURVEILLANCE
2029-12,1204712000,Cotabato,PIKIT,0.13051706460473755,3.954757451098468,NOT_SIGNIFICANT,0,0,45.489714878822355,MODERATE,54.75983638022919,NEIGHBOR_INFECTIOUS_PRESSURE,DYNAMIC SPATIOTEMPORAL WATCH,SCENARIO-BASED; VERIFY WITH OFFICIAL SURVEILLANCE
2029-12,1206302000,South Cotabato,BANGA,0.3040075567410895,11.823872485976695,HOT_SPOT_99,1,8,45.485456052018954,MODERATE,35.183241830314586,STATISTICAL_HOTSPOT+CONNECTED_HOTSPOT_CLUSTER,DYNAMIC SPATIOTEMPORAL WATCH,SCENARIO-BASED; VERIFY WITH OFFICIAL SURVEILLANCE
2030-01,1206311000,South Cotabato,NORALA,0.23207405615208818,17.751808508941846,HOT_SPOT_99,1,8,71.2692739778308,HIGH,47.54999352775286,TRANSMISSION_PRESSURE_PROXY+STATISTICAL_HOTSPOT+CONNECTED_HOTSPOT_CLUSTER,DYNAMIC SPATIOTEMPORAL WATCH,SCENARIO-BASED; VERIFY WITH OFFICIAL SURVEILLANCE
2030-01,1206511000,Sultan Kudarat,TACURONG,0.43336096232001253,17.248721681791494,HOT_SPOT_99,1,8,65.99195765910085,HIGH,46.05445943325584,TRANSMISSION_PRESSURE_PROXY+STATISTICAL_HOTSPOT+CONNECTED_HOTSPOT_CLUSTER,DYNAMIC SPATIOTEMPORAL WATCH,SCENARIO-BASED; VERIFY WITH OFFICIAL SURVEILLANCE
2030-01,1206318000,South Cotabato,SANTO NIÑO,0.2030104529759674,19.152983231800288,HOT_SPOT_95,1,8,64.35021416296824,MODERATE,45.5008817330282,STATISTICAL_HOTSPOT+CONNECTED_HOTSPOT_CLUSTER,DYNAMIC SPATIOTEMPORAL WATCH,SCENARIO-BASED; VERIFY WITH OFFICIAL SURVEILLANCE
2030-01,1206315000,South Cotabato,TANTANGAN,0.2087176601523315,18.098492715134775,HOT_SPOT_99,1,8,63.27079465364343,MODERATE,44.101188808657824,STATISTICAL_HOTSPOT+CONNECTED_HOTSPOT_CLUSTER,DYNAMIC SPATIOTEMPORAL WATCH,SCENARIO-BASED; VERIFY WITH OFFICIAL SURVEILLANCE
2030-01,1206306000,South Cotabato,KORONADAL,1.1245510112995392,23.27698549019897,HOT_SPOT_95,1,8,62.101916559286785,MODERATE,47.721646736895245,STATISTICAL_HOTSPOT+CONNECTED_HOTSPOT_CLUSTER,DYNAMIC SPATIOTEMPORAL WATCH,SCENARIO-BASED; VERIFY WITH OFFICIAL SURVEILLANCE
2030-01,1204705000,Cotabato,LIBUNGAN,0.3879984537162257,9.951388320604877,NOT_SIGNIFICANT,0,0,59.74938265758091,MODERATE,46.35966543947488,NEIGHBOR_INFECTIOUS_PRESSURE,DYNAMIC SPATIOTEMPORAL WATCH,SCENARIO-BASED; VERIFY WITH OFFICIAL SURVEILLANCE
2030-01,1204701000,Cotabato,ALAMADA,0.12722740387177317,4.577125195745021,NOT_SIGNIFICANT,0,0,55.440066351867046,MODERATE,60.947572525337435,NEIGHBOR_INFECTIOUS_PRESSURE,DYNAMIC SPATIOTEMPORAL WATCH,SCENARIO-BASED; VERIFY WITH OFFICIAL SURVEILLANCE
2030-01,1204711000,Cotabato,PIGKAWAYAN,0.10900454793699829,6.717302011412742,NOT_SIGNIFICANT,0,0,55.41476525844461,MODERATE,55.501062484735485,NEIGHBOR_INFECTIOUS_PRESSURE,DYNAMIC SPATIOTEMPORAL WATCH,SCENARIO-BASED; VERIFY WITH OFFICIAL SURVEILLANCE
2030-01,1204717000,Cotabato,ALEOSAN,0.07422786971622386,8.320032146857661,NOT_SIGNIFICANT,0,0,54.8660877588227,MODERATE,51.41699629426884,NEIGHBOR_INFECTIOUS_PRESSURE,DYNAMIC SPATIOTEMPORAL WATCH,SCENARIO-BASED; VERIFY WITH OFFICIAL SURVEILLANCE
2030-01,1204712000,Cotabato,PIKIT,0.09239507994744157,3.960926675826943,NOT_SIGNIFICANT,0,0,48.6885490104959,MODERATE,56.27561180957737,NEIGHBOR_INFECTIOUS_PRESSURE,DYNAMIC SPATIOTEMPORAL WATCH,SCENARIO-BASED; VERIFY WITH OFFICIAL SURVEILLANCE
2030-01,1206317000,South Cotabato,TUPI,0.2438633313121313,13.296332095468312,HOT_SPOT_95,1,8,47.30718226409099,MODERATE,36.147336139675815,STATISTICAL_HOTSPOT+CONNECTED_HOTSPOT_CLUSTER,DYNAMIC SPATIOTEMPORAL WATCH,SCENARIO-BASED; VERIFY WITH OFFICIAL SURVEILLANCE
2030-01,1206302000,South Cotabato,BANGA,0.15572257581438,11.75369125414228,HOT_SPOT_99,1,8,45.40047543488036,MODERATE,34.84643609175035,STATISTICAL_HOTSPOT+CONNECTED_HOTSPOT_CLUSTER,DYNAMIC SPATIOTEMPORAL WATCH,SCENARIO-BASED; VERIFY WITH OFFICIAL SURVEILLANCE
2030-02,1206511000,Sultan Kudarat,TACURONG,2.8584146108659114,17.044669160165835,HOT_SPOT_99,1,8,73.62984994590639,HIGH,51.752612860066776,TRANSMISSION_PRESSURE_PROXY+STATISTICAL_HOTSPOT+CONNECTED_HOTSPOT_CLUSTER,DYNAMIC SPATIOTEMPORAL WATCH,SCENARIO-BASED; VERIFY WITH OFFICIAL SURVEILLANCE
2030-02,1206315000,South Cotabato,TANTANGAN,1.6200249112285414,17.808630571696533,HOT_SPOT_99,1,8,70.7327611823413,HIGH,49.314335709226036,TRANSMISSION_PRESSURE_PROXY+STATISTICAL_HOTSPOT+CONNECTED_HOTSPOT_CLUSTER,DYNAMIC SPATIOTEMPORAL WATCH,SCENARIO-BASED; VERIFY WITH OFFICIAL SURVEILLANCE
2030-02,1206311000,South Cotabato,NORALA,0.7859153971515631,17.494326071371685,HOT_SPOT_99,1,8,65.21914654804816,HIGH,45.76873616242081,TRANSMISSION_PRESSURE_PROXY+STATISTICAL_HOTSPOT+CONNECTED_HOTSPOT_CLUSTER,DYNAMIC SPATIOTEMPORAL WATCH,SCENARIO-BASED; VERIFY WITH OFFICIAL SURVEILLANCE
2030-02,1204717000,Cotabato,ALEOSAN,0.7125912390797666,8.292226053426662,NOT_SIGNIFICANT,0,0,63.84404077300179,MODERATE,57.651015537486415,NEIGHBOR_INFECTIOUS_PRESSURE,DYNAMIC SPATIOTEMPORAL WATCH,SCENARIO-BASED; VERIFY WITH OFFICIAL SURVEILLANCE
2030-02,1206306000,South Cotabato,KORONADAL,5.524971909403339,22.97375605367331,HOT_SPOT_95,1,8,63.65807681803331,MODERATE,49.42520608314207,STATISTICAL_HOTSPOT+CONNECTED_HOTSPOT_CLUSTER,DYNAMIC SPATIOTEMPORAL WATCH,SCENARIO-BASED; VERIFY WITH OFFICIAL SURVEILLANCE
2030-02,1206302000,South Cotabato,BANGA,2.1891674826112677,11.575611765142472,HOT_SPOT_99,1,8,61.789292641988794,MODERATE,43.986819299472714,STATISTICAL_HOTSPOT+CONNECTED_HOTSPOT_CLUSTER,DYNAMIC SPATIOTEMPORAL WATCH,SCENARIO-BASED; VERIFY WITH OFFICIAL SURVEILLANCE
2030-02,1206318000,South Cotabato,SANTO NIÑO,0.7164780337556397,18.879690307844147,HOT_SPOT_95,1,8,60.75518829401246,MODERATE,45.304899080361885,STATISTICAL_HOTSPOT+CONNECTED_HOTSPOT_CLUSTER,DYNAMIC SPATIOTEMPORAL WATCH,SCENARIO-BASED; VERIFY WITH OFFICIAL SURVEILLANCE
2030-02,1204705000,Cotabato,LIBUNGAN,0.8232387381388805,9.902215252142101,NOT_SIGNIFICANT,0,0,51.57076033350605,MODERATE,42.10258120371806,NEIGHBOR_INFECTIOUS_PRESSURE,DYNAMIC SPATIOTEMPORAL WATCH,SCENARIO-BASED; VERIFY WITH OFFICIAL SURVEILLANCE
2030-02,1206317000,South Cotabato,TUPI,1.048124632641657,13.092159801647115,HOT_SPOT_95,1,8,49.07749089209821,MODERATE,37.85731256005516,STATISTICAL_HOTSPOT+CONNECTED_HOTSPOT_CLUSTER,DYNAMIC SPATIOTEMPORAL WATCH,SCENARIO-BASED; VERIFY WITH OFFICIAL SURVEILLANCE
2030-02,1204711000,Cotabato,PIGKAWAYAN,0.27373530896512965,6.7159282757964105,NOT_SIGNIFICANT,0,0,47.64339952778484,MODERATE,53.06653903365954,NEIGHBOR_INFECTIOUS_PRESSURE,DYNAMIC SPATIOTEMPORAL WATCH,SCENARIO-BASED; VERIFY WITH OFFICIAL SURVEILLANCE
2030-02,1204712000,Cotabato,PIKIT,0.31588570035250846,3.966245748734453,NOT_SIGNIFICANT,0,0,43.40998963805707,LOW,54.88546984998406,NEIGHBOR_INFECTIOUS_PRESSURE,DYNAMIC SPATIOTEMPORAL WATCH,SCENARIO-BASED; VERIFY WITH OFFICIAL SURVEILLANCE
2030-02,1204701000,Cotabato,ALAMADA,0.27798672592179374,4.58345081055319,NOT_SIGNIFICANT,0,0,41.72278816452089,LOW,53.04151925280382,NEIGHBOR_INFECTIOUS_PRESSURE,DYNAMIC SPATIOTEMPORAL WATCH,SCENARIO-BASED; VERIFY WITH OFFICIAL SURVEILLANCE
2030-02,1204716000,Cotabato,BANISILAN,0.17847077833423558,3.8473886717836474,NOT_SIGNIFICANT,0,0,36.065201861874826,LOW,44.703782589106375,NEIGHBOR_INFECTIOUS_PRESSURE,DYNAMIC SPATIOTEMPORAL WATCH,SCENARIO-BASED; VERIFY WITH OFFICIAL SURVEILLANCE
2030-03,1206311000,South Cotabato,NORALA,1.8716647561108646,17.56589662639448,HOT_SPOT_99,1,8,78.29876631769294,HIGH,54.45656558177616,TRANSMISSION_PRESSURE_PROXY+STATISTICAL_HOTSPOT+CONNECTED_HOTSPOT_CLUSTER,DYNAMIC SPATIOTEMPORAL WATCH,SCENARIO-BASED; VERIFY WITH OFFICIAL SURVEILLANCE
2030-03,1206511000,Sultan Kudarat,TACURONG,3.7211382783033757,17.1182489790545,HOT_SPOT_99,1,8,72.40254544831399,HIGH,50.707086601018304,TRANSMISSION_PRESSURE_PROXY+STATISTICAL_HOTSPOT+CONNECTED_HOTSPOT_CLUSTER,DYNAMIC SPATIOTEMPORAL WATCH,SCENARIO-BASED; VERIFY WITH OFFICIAL SURVEILLANCE
2030-03,1206318000,South Cotabato,SANTO NIÑO,1.737548504873318,18.942550475475546,HOT_SPOT_95,1,8,71.98329208754637,HIGH,53.277602396009215,TRANSMISSION_PRESSURE_PROXY+STATISTICAL_HOTSPOT+CONNECTED_HOTSPOT_CLUSTER,DYNAMIC SPATIOTEMPORAL WATCH,SCENARIO-BASED; VERIFY WITH OFFICIAL SURVEILLANCE
2030-03,1206306000,South Cotabato,KORONADAL,8.873728703512695,23.055285036203262,HOT_SPOT_90,1,8,68.13307673028051,HIGH,54.33114475247523,TRANSMISSION_PRESSURE_PROXY+CONNECTED_HOTSPOT_CLUSTER,DYNAMIC SPATIOTEMPORAL WATCH,SCENARIO-BASED; VERIFY WITH OFFICIAL SURVEILLANCE
2030-03,1206315000,South Cotabato,TANTANGAN,1.355157486264683,17.76697154794962,HOT_SPOT_99,1,8,64.46011304760651,MODERATE,43.484572593095024,STATISTICAL_HOTSPOT+CONNECTED_HOTSPOT_CLUSTER,DYNAMIC SPATIOTEMPORAL WATCH,SCENARIO-BASED; VERIFY WITH OFFICIAL SURVEILLANCE
2030-03,1204711000,Cotabato,PIGKAWAYAN,0.6906655565731608,6.828310272010516,NOT_SIGNIFICANT,0,0,63.06534948538259,MODERATE,63.013304153177685,NEIGHBOR_INFECTIOUS_PRESSURE,DYNAMIC SPATIOTEMPORAL WATCH,SCENARIO-BASED; VERIFY WITH OFFICIAL SURVEILLANCE
2030-03,1206317000,South Cotabato,TUPI,1.805129879551688,13.081250961349493,HOT_SPOT_95,1,8,58.215023631939154,MODERATE,42.28535924762146,STATISTICAL_HOTSPOT+CONNECTED_HOTSPOT_CLUSTER,DYNAMIC SPATIOTEMPORAL WATCH,SCENARIO-BASED; VERIFY WITH OFFICIAL SURVEILLANCE
2030-03,1206302000,South Cotabato,BANGA,2.216759921382138,11.623598587558014,HOT_SPOT_99,1,8,57.081995391162486,MODERATE,39.687784092870814,STATISTICAL_HOTSPOT+CONNECTED_HOTSPOT_CLUSTER,DYNAMIC SPATIOTEMPORAL WATCH,SCENARIO-BASED; VERIFY WITH OFFICIAL SURVEILLANCE
2030-03,1204717000,Cotabato,ALEOSAN,0.38138633784670783,8.364263762026349,NOT_SIGNIFICANT,0,0,47.72647778298112,MODERATE,48.04432662357965,NEIGHBOR_INFECTIOUS_PRESSURE,DYNAMIC SPATIOTEMPORAL WATCH,SCENARIO-BASED; VERIFY WITH OFFICIAL SURVEILLANCE
2030-03,1204705000,Cotabato,LIBUNGAN,0.8170848110209975,9.964742052749955,NOT_SIGNIFICANT,0,0,46.54697815436795,MODERATE,37.06948533885407,NEIGHBOR_INFECTIOUS_PRESSURE,DYNAMIC SPATIOTEMPORAL WATCH,SCENARIO-BASED; VERIFY WITH OFFICIAL SURVEILLANCE
2030-03,1204701000,Cotabato,ALAMADA,0.3988874637850225,4.635982508008472,NOT_SIGNIFICANT,0,0,45.349330933743126,MODERATE,56.259350856638456,NEIGHBOR_INFECTIOUS_PRESSURE,DYNAMIC SPATIOTEMPORAL WATCH,SCENARIO-BASED; VERIFY WITH OFFICIAL SURVEILLANCE
2030-03,1204712000,Cotabato,PIKIT,0.3552771717430841,4.016234002939513,NOT_SIGNIFICANT,0,0,41.26835160116328,LOW,52.96093519756093,NEIGHBOR_INFECTIOUS_PRESSURE,DYNAMIC SPATIOTEMPORAL WATCH,SCENARIO-BASED; VERIFY WITH OFFICIAL SURVEILLANCE
2030-03,1204716000,Cotabato,BANISILAN,0.2061128000071249,3.8857667252133923,NOT_SIGNIFICANT,0,0,34.14857672641949,LOW,43.062356094304164,NEIGHBOR_INFECTIOUS_PRESSURE,DYNAMIC SPATIOTEMPORAL WATCH,SCENARIO-BASED; VERIFY WITH OFFICIAL SURVEILLANCE
2030-04,1206511000,Sultan Kudarat,TACURONG,3.177869655602614,17.278311111849906,HOT_SPOT_99,1,8,69.71128647893771,HIGH,48.30528157916027,TRANSMISSION_PRESSURE_PROXY+STATISTICAL_HOTSPOT+CONNECTED_HOTSPOT_CLUSTER,DYNAMIC SPATIOTEMPORAL WATCH,SCENARIO-BASED; VERIFY WITH OFFICIAL SURVEILLANCE
2030-04,1206311000,South Cotabato,NORALA,1.0198111562924896,17.587158025611057,HOT_SPOT_99,1,8,67.60527890543885,HIGH,46.21819224822573,TRANSMISSION_PRESSURE_PROXY+STATISTICAL_HOTSPOT+CONNECTED_HOTSPOT_CLUSTER,DYNAMIC SPATIOTEMPORAL WATCH,SCENARIO-BASED; VERIFY WITH OFFICIAL SURVEILLANCE
2030-04,1206315000,South Cotabato,TANTANGAN,1.1191518630013388,17.795474931766666,HOT_SPOT_99,1,8,64.05411592170219,MODERATE,43.23915072072815,STATISTICAL_HOTSPOT+CONNECTED_HOTSPOT_CLUSTER,DYNAMIC SPATIOTEMPORAL WATCH,SCENARIO-BASED; VERIFY WITH OFFICIAL SURVEILLANCE
2030-04,1206318000,South Cotabato,SANTO NIÑO,0.9503918983461254,18.988289752551925,HOT_SPOT_95,1,8,63.89510668310302,MODERATE,45.222978214080605,STATISTICAL_HOTSPOT+CONNECTED_HOTSPOT_CLUSTER,DYNAMIC SPATIOTEMPORAL WATCH,SCENARIO-BASED; VERIFY WITH OFFICIAL SURVEILLANCE
2030-04,1206306000,South Cotabato,KORONADAL,7.5229102396527585,23.272493908165917,HOT_SPOT_90,1,8,63.10749185180845,MODERATE,50.14879796655478,CONNECTED_HOTSPOT_CLUSTER,DYNAMIC SPATIOTEMPORAL WATCH,SCENARIO-BASED; VERIFY WITH OFFICIAL SURVEILLANCE
2030-04,1204701000,Cotabato,ALAMADA,0.7860377404460949,4.788836165095884,NOT_SIGNIFICANT,0,0,57.798359659944474,MODERATE,62.941943864114144,NEIGHBOR_INFECTIOUS_PRESSURE,DYNAMIC SPATIOTEMPORAL WATCH,SCENARIO-BASED; VERIFY WITH OFFICIAL SURVEILLANCE
2030-04,1206302000,South Cotabato,BANGA,1.8023138936855378,11.751402309904877,HOT_SPOT_99,1,8,53.87682820434888,MODERATE,36.76539453060025,STATISTICAL_HOTSPOT+CONNECTED_HOTSPOT_CLUSTER,DYNAMIC SPATIOTEMPORAL WATCH,SCENARIO-BASED; VERIFY WITH OFFICIAL SURVEILLANCE
2030-04,1204711000,Cotabato,PIGKAWAYAN,0.37930133340708216,6.912774692025264,NOT_SIGNIFICANT,0,0,50.1864778170911,MODERATE,54.80884219522465,NEIGHBOR_INFECTIOUS_PRESSURE,DYNAMIC SPATIOTEMPORAL WATCH,SCENARIO-BASED; VERIFY WITH OFFICIAL SURVEILLANCE
2030-04,1204717000,Cotabato,ALEOSAN,0.25637994853855894,8.424353702248201,NOT_SIGNIFICANT,0,0,48.22038742256893,MODERATE,48.14473497091599,NEIGHBOR_INFECTIOUS_PRESSURE,DYNAMIC SPATIOTEMPORAL WATCH,SCENARIO-BASED; VERIFY WITH OFFICIAL SURVEILLANCE
2030-04,1204705000,Cotabato,LIBUNGAN,0.6110016505627455,10.010599651723163,NOT_SIGNIFICANT,0,0,45.35481386238184,MODERATE,37.06640203801953,NEIGHBOR_INFECTIOUS_PRESSURE,DYNAMIC SPATIOTEMPORAL WATCH,SCENARIO-BASED; VERIFY WITH OFFICIAL SURVEILLANCE
2030-04,1204712000,Cotabato,PIKIT,0.3021619176999803,4.067161399298126,NOT_SIGNIFICANT,0,0,42.36570650447768,LOW,53.46303643780145,NEIGHBOR_INFECTIOUS_PRESSURE,DYNAMIC SPATIOTEMPORAL WATCH,SCENARIO-BASED; VERIFY WITH OFFICIAL SURVEILLANCE
2030-04,1204716000,Cotabato,BANISILAN,0.1917215543669994,3.9307871625968263,NOT_SIGNIFICANT,0,0,36.33794878112908,LOW,44.76665553301196,NEIGHBOR_INFECTIOUS_PRESSURE,DYNAMIC SPATIOTEMPORAL WATCH,SCENARIO-BASED; VERIFY WITH OFFICIAL SURVEILLANCE
2030-05,1206311000,South Cotabato,NORALA,0.3632346640305351,17.529339279109625,HOT_SPOT_99,1,6,65.59833924685086,HIGH,45.63060974327661,TRANSMISSION_PRESSURE_PROXY+STATISTICAL_HOTSPOT+CONNECTED_HOTSPOT_CLUSTER,DYNAMIC SPATIOTEMPORAL WATCH,SCENARIO-BASED; VERIFY WITH OFFICIAL SURVEILLANCE
2030-05,1206511000,Sultan Kudarat,TACURONG,0.956561365722999,17.27217745076284,HOT_SPOT_99,1,6,64.62305233816616,MODERATE,44.8775460722185,STATISTICAL_HOTSPOT+CONNECTED_HOTSPOT_CLUSTER,DYNAMIC SPATIOTEMPORAL WATCH,SCENARIO-BASED; VERIFY WITH OFFICIAL SURVEILLANCE
2030-05,1206315000,South Cotabato,TANTANGAN,0.43815126508930996,17.766022654611067,HOT_SPOT_99,1,6,64.21776063875159,MODERATE,43.64539736494774,STATISTICAL_HOTSPOT+CONNECTED_HOTSPOT_CLUSTER,DYNAMIC SPATIOTEMPORAL WATCH,SCENARIO-BASED; VERIFY WITH OFFICIAL SURVEILLANCE
2030-05,1206318000,South Cotabato,SANTO NIÑO,0.3746408059247623,18.960742132030468,HOT_SPOT_95,1,6,64.12118441547213,MODERATE,45.69280365477887,STATISTICAL_HOTSPOT+CONNECTED_HOTSPOT_CLUSTER,DYNAMIC SPATIOTEMPORAL WATCH,SCENARIO-BASED; VERIFY WITH OFFICIAL SURVEILLANCE
2030-05,1204711000,Cotabato,PIGKAWAYAN,0.2246625145843991,6.973190866949275,NOT_SIGNIFICANT,0,0,62.00407016469678,MODERATE,61.68397765619652,NEIGHBOR_INFECTIOUS_PRESSURE,DYNAMIC SPATIOTEMPORAL WATCH,SCENARIO-BASED; VERIFY WITH OFFICIAL SURVEILLANCE
2030-05,1204717000,Cotabato,ALEOSAN,0.18443621958692272,8.486543964860422,NOT_SIGNIFICANT,0,0,59.133017662541306,MODERATE,53.24114232172279,NEIGHBOR_INFECTIOUS_PRESSURE,DYNAMIC SPATIOTEMPORAL WATCH,SCENARIO-BASED; VERIFY WITH OFFICIAL SURVEILLANCE
2030-05,1204705000,Cotabato,LIBUNGAN,0.4045544022008271,10.06269147475945,NOT_SIGNIFICANT,0,0,59.08207677310651,MODERATE,46.41566400534171,NEIGHBOR_INFECTIOUS_PRESSURE,DYNAMIC SPATIOTEMPORAL WATCH,SCENARIO-BASED; VERIFY WITH OFFICIAL SURVEILLANCE
2030-05,1204712000,Cotabato,PIKIT,0.18351179408945595,4.10532405277298,NOT_SIGNIFICANT,0,0,52.66153516852703,MODERATE,60.66592337496559,NEIGHBOR_INFECTIOUS_PRESSURE,DYNAMIC SPATIOTEMPORAL WATCH,SCENARIO-BASED; VERIFY WITH OFFICIAL SURVEILLANCE
2030-05,1204701000,Cotabato,ALAMADA,0.21905758754445184,4.840454487137466,NOT_SIGNIFICANT,0,0,51.042076770907094,MODERATE,59.64825733790565,NEIGHBOR_INFECTIOUS_PRESSURE,DYNAMIC SPATIOTEMPORAL WATCH,SCENARIO-BASED; VERIFY WITH OFFICIAL SURVEILLANCE
2030-05,1206302000,South Cotabato,BANGA,0.3893154747550343,11.72619674126898,HOT_SPOT_99,1,6,43.99155456921567,LOW,33.96702641126362,STATISTICAL_HOTSPOT+CONNECTED_HOTSPOT_CLUSTER,DYNAMIC SPATIOTEMPORAL WATCH,SCENARIO-BASED; VERIFY WITH OFFICIAL SURVEILLANCE
2030-05,1204716000,Cotabato,BANISILAN,0.09762365464459846,3.9570733353457865,NOT_SIGNIFICANT,0,0,43.076126660323766,LOW,49.7672440618918,NEIGHBOR_INFECTIOUS_PRESSURE,DYNAMIC SPATIOTEMPORAL WATCH,SCENARIO-BASED; VERIFY WITH OFFICIAL SURVEILLANCE
2030-06,1206311000,South Cotabato,NORALA,0.6470902983073437,17.43845460575742,HOT_SPOT_99,1,6,67.35986156058131,HIGH,44.50612530035752,TRANSMISSION_PRESSURE_PROXY+STATISTICAL_HOTSPOT+CONNECTED_HOTSPOT_CLUSTER,DYNAMIC SPATIOTEMPORAL WATCH,SCENARIO-BASED; VERIFY WITH OFFICIAL SURVEILLANCE
2030-06,1206511000,Sultan Kudarat,TACURONG,1.4670371544337295,17.220905997553437,HOT_SPOT_99,1,6,63.718242601235396,MODERATE,43.22940526522887,STATISTICAL_HOTSPOT+CONNECTED_HOTSPOT_CLUSTER,DYNAMIC SPATIOTEMPORAL WATCH,SCENARIO-BASED; VERIFY WITH OFFICIAL SURVEILLANCE
2030-06,1206318000,South Cotabato,SANTO NIÑO,0.5472079396424453,18.862778401662382,HOT_SPOT_95,1,6,61.216034363321334,MODERATE,42.948668647201316,STATISTICAL_HOTSPOT+CONNECTED_HOTSPOT_CLUSTER,DYNAMIC SPATIOTEMPORAL WATCH,SCENARIO-BASED; VERIFY WITH OFFICIAL SURVEILLANCE
2030-06,1206315000,South Cotabato,TANTANGAN,0.545804439986561,17.632294228608934,HOT_SPOT_99,1,6,58.94569539487669,MODERATE,41.02590795225464,STATISTICAL_HOTSPOT+CONNECTED_HOTSPOT_CLUSTER,DYNAMIC SPATIOTEMPORAL WATCH,SCENARIO-BASED; VERIFY WITH OFFICIAL SURVEILLANCE
2030-06,1204711000,Cotabato,PIGKAWAYAN,0.339251700821072,7.051301063678197,NOT_SIGNIFICANT,0,0,55.553710984114865,MODERATE,56.9057365523227,NEIGHBOR_INFECTIOUS_PRESSURE,DYNAMIC SPATIOTEMPORAL WATCH,SCENARIO-BASED; VERIFY WITH OFFICIAL SURVEILLANCE
2030-06,1204705000,Cotabato,LIBUNGAN,0.5269354586970254,10.090751405968472,NOT_SIGNIFICANT,0,0,51.03406936457888,MODERATE,41.25576137821015,NEIGHBOR_INFECTIOUS_PRESSURE,DYNAMIC SPATIOTEMPORAL WATCH,SCENARIO-BASED; VERIFY WITH OFFICIAL SURVEILLANCE
2030-06,1204712000,Cotabato,PIKIT,0.2832310777577913,4.156205334070869,NOT_SIGNIFICANT,0,0,46.94951366414617,MODERATE,57.30175439442439,NEIGHBOR_INFECTIOUS_PRESSURE,DYNAMIC SPATIOTEMPORAL WATCH,SCENARIO-BASED; VERIFY WITH OFFICIAL SURVEILLANCE
2030-06,1206302000,South Cotabato,BANGA,0.7067394093379258,11.68149003029587,HOT_SPOT_99,1,6,45.73337325177411,MODERATE,33.08525050231973,STATISTICAL_HOTSPOT+CONNECTED_HOTSPOT_CLUSTER,DYNAMIC SPATIOTEMPORAL WATCH,SCENARIO-BASED; VERIFY WITH OFFICIAL SURVEILLANCE
2030-06,1204701000,Cotabato,ALAMADA,0.276216414615922,4.887030249957194,NOT_SIGNIFICANT,0,0,43.58405541739016,LOW,53.97166631709817,NEIGHBOR_INFECTIOUS_PRESSURE,DYNAMIC SPATIOTEMPORAL WATCH,SCENARIO-BASED; VERIFY WITH OFFICIAL SURVEILLANCE
2030-06,1204716000,Cotabato,BANISILAN,0.16503511578333943,3.996649736223798,NOT_SIGNIFICANT,0,0,39.888204929128875,LOW,47.800765191438735,NEIGHBOR_INFECTIOUS_PRESSURE,DYNAMIC SPATIOTEMPORAL WATCH,SCENARIO-BASED; VERIFY WITH OFFICIAL SURVEILLANCE
2030-07,1206511000,Sultan Kudarat,TACURONG,2.111362769299406,17.34877009593751,HOT_SPOT_99,1,5,71.8153940883105,HIGH,51.7081204240857,TRANSMISSION_PRESSURE_PROXY+STATISTICAL_HOTSPOT+CONNECTED_HOTSPOT_CLUSTER,DYNAMIC SPATIOTEMPORAL WATCH,SCENARIO-BASED; VERIFY WITH OFFICIAL SURVEILLANCE
2030-07,1204717000,Cotabato,ALEOSAN,0.6098863884402373,8.869097829254759,NOT_SIGNIFICANT,0,0,64.43590384705871,MODERATE,58.43752210401677,NEIGHBOR_INFECTIOUS_PRESSURE,DYNAMIC SPATIOTEMPORAL WATCH,SCENARIO-BASED; VERIFY WITH OFFICIAL SURVEILLANCE
2030-07,1206311000,South Cotabato,NORALA,0.44903524876407735,17.348029149979975,HOT_SPOT_99,1,5,63.38220959713996,MODERATE,45.47695141575293,STATISTICAL_HOTSPOT+CONNECTED_HOTSPOT_CLUSTER,DYNAMIC SPATIOTEMPORAL WATCH,SCENARIO-BASED; VERIFY WITH OFFICIAL SURVEILLANCE
2030-07,1206318000,South Cotabato,SANTO NIÑO,0.3590800301342954,18.753081487518397,HOT_SPOT_95,1,5,57.658828574573675,MODERATE,43.658026296745,STATISTICAL_HOTSPOT+CONNECTED_HOTSPOT_CLUSTER,DYNAMIC SPATIOTEMPORAL WATCH,SCENARIO-BASED; VERIFY WITH OFFICIAL SURVEILLANCE
2030-07,1204711000,Cotabato,PIGKAWAYAN,0.2710588834777353,7.122274365340647,NOT_SIGNIFICANT,0,0,57.56128665742188,MODERATE,59.2118876209959,NEIGHBOR_INFECTIOUS_PRESSURE,DYNAMIC SPATIOTEMPORAL WATCH,SCENARIO-BASED; VERIFY WITH OFFICIAL SURVEILLANCE
2030-07,1206315000,South Cotabato,TANTANGAN,0.3674051177250213,17.50050196812527,HOT_SPOT_99,1,5,54.733861588268226,MODERATE,40.83526200593288,STATISTICAL_HOTSPOT+CONNECTED_HOTSPOT_CLUSTER,DYNAMIC SPATIOTEMPORAL WATCH,SCENARIO-BASED; VERIFY WITH OFFICIAL SURVEILLANCE
2030-07,1204716000,Cotabato,BANISILAN,0.5679283116607045,4.225963601892835,NOT_SIGNIFICANT,0,0,53.061169778404164,MODERATE,51.64113959945532,NEIGHBOR_INFECTIOUS_PRESSURE,DYNAMIC SPATIOTEMPORAL WATCH,SCENARIO-BASED; VERIFY WITH OFFICIAL SURVEILLANCE
2030-07,1204705000,Cotabato,LIBUNGAN,0.4288646329139378,10.122998342777949,NOT_SIGNIFICANT,0,0,50.52295315361213,MODERATE,41.97446649257165,NEIGHBOR_INFECTIOUS_PRESSURE,DYNAMIC SPATIOTEMPORAL WATCH,SCENARIO-BASED; VERIFY WITH OFFICIAL SURVEILLANCE
2030-07,1204712000,Cotabato,PIKIT,0.22549436955130536,4.2022294069424095,NOT_SIGNIFICANT,0,0,47.18282313598455,MODERATE,56.91506788442348,NEIGHBOR_INFECTIOUS_PRESSURE,DYNAMIC SPATIOTEMPORAL WATCH,SCENARIO-BASED; VERIFY WITH OFFICIAL SURVEILLANCE
2030-07,1204701000,Cotabato,ALAMADA,0.2322498495176867,4.930935101838632,NOT_SIGNIFICANT,0,0,44.83713760815097,LOW,54.51865192143592,NEIGHBOR_INFECTIOUS_PRESSURE,DYNAMIC SPATIOTEMPORAL WATCH,SCENARIO-BASED; VERIFY WITH OFFICIAL SURVEILLANCE
2030-07,1206302000,South Cotabato,BANGA,0.4492996859343055,11.624490883349765,HOT_SPOT_99,1,5,42.296490501461996,LOW,32.41870341151717,STATISTICAL_HOTSPOT+CONNECTED_HOTSPOT_CLUSTER,DYNAMIC SPATIOTEMPORAL WATCH,SCENARIO-BASED; VERIFY WITH OFFICIAL SURVEILLANCE
2030-08,1206311000,South Cotabato,NORALA,0.5032963259528799,17.255474240444002,HOT_SPOT_99,1,5,66.50129941819995,HIGH,46.1260308278727,TRANSMISSION_PRESSURE_PROXY+STATISTICAL_HOTSPOT+CONNECTED_HOTSPOT_CLUSTER,DYNAMIC SPATIOTEMPORAL WATCH,SCENARIO-BASED; VERIFY WITH OFFICIAL SURVEILLANCE
2030-08,1206511000,Sultan Kudarat,TACURONG,1.5990820918651705,17.38314992282219,HOT_SPOT_99,1,5,65.96895229203477,HIGH,46.20265388070605,TRANSMISSION_PRESSURE_PROXY+STATISTICAL_HOTSPOT+CONNECTED_HOTSPOT_CLUSTER,DYNAMIC SPATIOTEMPORAL WATCH,SCENARIO-BASED; VERIFY WITH OFFICIAL SURVEILLANCE
2030-08,1206318000,South Cotabato,SANTO NIÑO,0.37578210260380435,18.62367454988106,HOT_SPOT_95,1,5,59.32588744766048,MODERATE,43.99191645377836,STATISTICAL_HOTSPOT+CONNECTED_HOTSPOT_CLUSTER,DYNAMIC SPATIOTEMPORAL WATCH,SCENARIO-BASED; VERIFY WITH OFFICIAL SURVEILLANCE
2030-08,1206315000,South Cotabato,TANTANGAN,0.40422477778581767,17.358406202346117,HOT_SPOT_99,1,5,58.222072211419864,MODERATE,41.99458291916196,STATISTICAL_HOTSPOT+CONNECTED_HOTSPOT_CLUSTER,DYNAMIC SPATIOTEMPORAL WATCH,SCENARIO-BASED; VERIFY WITH OFFICIAL SURVEILLANCE
2030-08,1204701000,Cotabato,ALAMADA,0.375833828854912,5.014737264389734,NOT_SIGNIFICANT,0,0,56.9223385238066,MODERATE,63.058062776419305,NEIGHBOR_INFECTIOUS_PRESSURE,DYNAMIC SPATIOTEMPORAL WATCH,SCENARIO-BASED; VERIFY WITH OFFICIAL SURVEILLANCE
2030-08,1204711000,Cotabato,PIGKAWAYAN,0.2382343062959058,7.176430622063982,NOT_SIGNIFICANT,0,0,53.33591554257142,MODERATE,55.726621223459674,NEIGHBOR_INFECTIOUS_PRESSURE,DYNAMIC SPATIOTEMPORAL WATCH,SCENARIO-BASED; VERIFY WITH OFFICIAL SURVEILLANCE
2030-08,1204705000,Cotabato,LIBUNGAN,0.49075918513547867,10.165686726714837,NOT_SIGNIFICANT,0,0,52.0354922856326,MODERATE,41.18044286237679,NEIGHBOR_INFECTIOUS_PRESSURE,DYNAMIC SPATIOTEMPORAL WATCH,SCENARIO-BASED; VERIFY WITH OFFICIAL SURVEILLANCE
2030-08,1204717000,Cotabato,ALEOSAN,0.2378422200341952,8.968034195746847,NOT_SIGNIFICANT,0,0,50.83604608857475,MODERATE,48.7797027586824,NEIGHBOR_INFECTIOUS_PRESSURE,DYNAMIC SPATIOTEMPORAL WATCH,SCENARIO-BASED; VERIFY WITH OFFICIAL SURVEILLANCE
2030-08,1204712000,Cotabato,PIKIT,0.2693251127211533,4.2587412870107295,NOT_SIGNIFICANT,0,0,48.68484716021849,MODERATE,56.673289206471175,NEIGHBOR_INFECTIOUS_PRESSURE,DYNAMIC SPATIOTEMPORAL WATCH,SCENARIO-BASED; VERIFY WITH OFFICIAL SURVEILLANCE
2030-08,1206302000,South Cotabato,BANGA,0.44539297689630925,11.550774621513748,HOT_SPOT_99,1,5,44.581924844500605,LOW,34.09411890932088,STATISTICAL_HOTSPOT+CONNECTED_HOTSPOT_CLUSTER,DYNAMIC SPATIOTEMPORAL WATCH,SCENARIO-BASED; VERIFY WITH OFFICIAL SURVEILLANCE
2030-08,1204716000,Cotabato,BANISILAN,0.21216395305277475,4.313784761804959,NOT_SIGNIFICANT,0,0,36.828737034964334,LOW,43.371900567236786,NEIGHBOR_INFECTIOUS_PRESSURE,DYNAMIC SPATIOTEMPORAL WATCH,SCENARIO-BASED; VERIFY WITH OFFICIAL SURVEILLANCE
2030-09,1206318000,South Cotabato,SANTO NIÑO,0.4239681837568397,18.64275134751012,HOT_SPOT_95,1,5,68.43226365749632,HIGH,51.03036927835328,TRANSMISSION_PRESSURE_PROXY+STATISTICAL_HOTSPOT+CONNECTED_HOTSPOT_CLUSTER,DYNAMIC SPATIOTEMPORAL WATCH,SCENARIO-BASED; VERIFY WITH OFFICIAL SURVEILLANCE
2030-09,1206315000,South Cotabato,TANTANGAN,0.3697928238067152,17.31412172591295,HOT_SPOT_99,1,5,67.17266456380023,HIGH,47.96015276720681,TRANSMISSION_PRESSURE_PROXY+STATISTICAL_HOTSPOT+CONNECTED_HOTSPOT_CLUSTER,DYNAMIC SPATIOTEMPORAL WATCH,SCENARIO-BASED; VERIFY WITH OFFICIAL SURVEILLANCE
2030-09,1204711000,Cotabato,PIGKAWAYAN,0.4448240642197599,7.347730554190977,NOT_SIGNIFICANT,0,0,66.07074664305583,HIGH,63.55960685011648,TRANSMISSION_PRESSURE_PROXY+NEIGHBOR_INFECTIOUS_PRESSURE,DYNAMIC SPATIOTEMPORAL WATCH,SCENARIO-BASED; VERIFY WITH OFFICIAL SURVEILLANCE
2030-09,1206311000,South Cotabato,NORALA,0.32810421549998503,17.19430254650102,HOT_SPOT_99,1,5,65.84074390541255,HIGH,46.5617316973905,TRANSMISSION_PRESSURE_PROXY+STATISTICAL_HOTSPOT+CONNECTED_HOTSPOT_CLUSTER,DYNAMIC SPATIOTEMPORAL WATCH,SCENARIO-BASED; VERIFY WITH OFFICIAL SURVEILLANCE
2030-09,1206511000,Sultan Kudarat,TACURONG,0.8445185146593446,17.368087532955116,HOT_SPOT_99,1,5,63.25540965568845,MODERATE,44.16315040040544,STATISTICAL_HOTSPOT+CONNECTED_HOTSPOT_CLUSTER,DYNAMIC SPATIOTEMPORAL WATCH,SCENARIO-BASED; VERIFY WITH OFFICIAL SURVEILLANCE
2030-09,1204712000,Cotabato,PIKIT,0.27766307835425985,4.339185041655105,NOT_SIGNIFICANT,0,0,57.0649564476981,MODERATE,60.94368750718763,NEIGHBOR_INFECTIOUS_PRESSURE,DYNAMIC SPATIOTEMPORAL WATCH,SCENARIO-BASED; VERIFY WITH OFFICIAL SURVEILLANCE
2030-09,1204701000,Cotabato,ALAMADA,0.2156371762827868,5.069628965515041,NOT_SIGNIFICANT,0,0,53.67808787628281,MODERATE,60.40183602560262,NEIGHBOR_INFECTIOUS_PRESSURE,DYNAMIC SPATIOTEMPORAL WATCH,SCENARIO-BASED; VERIFY WITH OFFICIAL SURVEILLANCE
2030-09,1204705000,Cotabato,LIBUNGAN,0.325552125800744,10.20276342890177,NOT_SIGNIFICANT,0,0,52.14202351119468,MODERATE,42.403185610712484,NEIGHBOR_INFECTIOUS_PRESSURE,DYNAMIC SPATIOTEMPORAL WATCH,SCENARIO-BASED; VERIFY WITH OFFICIAL SURVEILLANCE
2030-09,1204717000,Cotabato,ALEOSAN,0.12841526224920283,9.010954931420406,NOT_SIGNIFICANT,0,0,51.41245342671701,MODERATE,48.724714072581534,NEIGHBOR_INFECTIOUS_PRESSURE,DYNAMIC SPATIOTEMPORAL WATCH,SCENARIO-BASED; VERIFY WITH OFFICIAL SURVEILLANCE
2030-09,1206302000,South Cotabato,BANGA,0.25828072696347903,11.492419665225956,HOT_SPOT_99,1,5,43.83128578848805,LOW,33.99627302484379,STATISTICAL_HOTSPOT+CONNECTED_HOTSPOT_CLUSTER,DYNAMIC SPATIOTEMPORAL WATCH,SCENARIO-BASED; VERIFY WITH OFFICIAL SURVEILLANCE
2030-09,1204716000,Cotabato,BANISILAN,0.10257881380657898,4.350870979721038,NOT_SIGNIFICANT,0,0,36.72900048957837,LOW,42.09791023471701,NEIGHBOR_INFECTIOUS_PRESSURE,DYNAMIC SPATIOTEMPORAL WATCH,SCENARIO-BASED; VERIFY WITH OFFICIAL SURVEILLANCE
2030-10,1206311000,South Cotabato,NORALA,0.8378843258694986,17.16551065692938,HOT_SPOT_99,1,5,70.10598541887487,HIGH,48.76686695845648,TRANSMISSION_PRESSURE_PROXY+STATISTICAL_HOTSPOT+CONNECTED_HOTSPOT_CLUSTER,DYNAMIC SPATIOTEMPORAL WATCH,SCENARIO-BASED; VERIFY WITH OFFICIAL SURVEILLANCE
2030-10,1206318000,South Cotabato,SANTO NIÑO,1.0821190370749423,18.791236309957736,HOT_SPOT_95,1,5,68.11429021822248,HIGH,50.794402488687965,TRANSMISSION_PRESSURE_PROXY+STATISTICAL_HOTSPOT+CONNECTED_HOTSPOT_CLUSTER,DYNAMIC SPATIOTEMPORAL WATCH,SCENARIO-BASED; VERIFY WITH OFFICIAL SURVEILLANCE
2030-10,1206511000,Sultan Kudarat,TACURONG,2.011053401586783,17.3939610155483,HOT_SPOT_95,1,5,63.98405508234156,MODERATE,44.655735351615036,STATISTICAL_HOTSPOT+CONNECTED_HOTSPOT_CLUSTER,DYNAMIC SPATIOTEMPORAL WATCH,SCENARIO-BASED; VERIFY WITH OFFICIAL SURVEILLANCE
2030-10,1206315000,South Cotabato,TANTANGAN,0.489719287487313,17.14176001892351,HOT_SPOT_99,1,5,55.84282759842553,MODERATE,41.95046810175584,STATISTICAL_HOTSPOT+CONNECTED_HOTSPOT_CLUSTER,DYNAMIC SPATIOTEMPORAL WATCH,SCENARIO-BASED; VERIFY WITH OFFICIAL SURVEILLANCE
2030-10,1206302000,South Cotabato,BANGA,1.0351765208235466,11.450171779077815,HOT_SPOT_99,1,5,55.191944144864834,MODERATE,40.87985826171331,STATISTICAL_HOTSPOT+CONNECTED_HOTSPOT_CLUSTER,DYNAMIC SPATIOTEMPORAL WATCH,SCENARIO-BASED; VERIFY WITH OFFICIAL SURVEILLANCE
2030-10,1204711000,Cotabato,PIGKAWAYAN,0.42093767179592984,7.46653138978656,NOT_SIGNIFICANT,0,0,55.065957191798546,MODERATE,57.34015651964526,NEIGHBOR_INFECTIOUS_PRESSURE,DYNAMIC SPATIOTEMPORAL WATCH,SCENARIO-BASED; VERIFY WITH OFFICIAL SURVEILLANCE
2030-10,1204705000,Cotabato,LIBUNGAN,0.6127495761533251,10.247370139568533,NOT_SIGNIFICANT,0,0,50.035223227309565,MODERATE,40.7007697086869,NEIGHBOR_INFECTIOUS_PRESSURE,DYNAMIC SPATIOTEMPORAL WATCH,SCENARIO-BASED; VERIFY WITH OFFICIAL SURVEILLANCE
2030-10,1204717000,Cotabato,ALEOSAN,0.2093911568927907,9.049410737830812,NOT_SIGNIFICANT,0,0,49.22636709635575,MODERATE,48.63210224537298,NEIGHBOR_INFECTIOUS_PRESSURE,DYNAMIC SPATIOTEMPORAL WATCH,SCENARIO-BASED; VERIFY WITH OFFICIAL SURVEILLANCE
2030-10,1204712000,Cotabato,PIKIT,0.3839796791556302,4.422610994765799,NOT_SIGNIFICANT,0,0,46.88072977007627,MODERATE,55.67935145345297,NEIGHBOR_INFECTIOUS_PRESSURE,DYNAMIC SPATIOTEMPORAL WATCH,SCENARIO-BASED; VERIFY WITH OFFICIAL SURVEILLANCE
2030-10,1204701000,Cotabato,ALAMADA,0.2974122832652682,5.118702381185206,NOT_SIGNIFICANT,0,0,45.63229690185192,MODERATE,55.43119456202987,NEIGHBOR_INFECTIOUS_PRESSURE,DYNAMIC SPATIOTEMPORAL WATCH,SCENARIO-BASED; VERIFY WITH OFFICIAL SURVEILLANCE
2030-10,1204716000,Cotabato,BANISILAN,0.16501853002075134,4.388394215772129,NOT_SIGNIFICANT,0,0,35.128491248772484,LOW,42.06599904724782,NEIGHBOR_INFECTIOUS_PRESSURE,DYNAMIC SPATIOTEMPORAL WATCH,SCENARIO-BASED; VERIFY WITH OFFICIAL SURVEILLANCE
2030-11,1206311000,South Cotabato,NORALA,1.6285600133055331,17.34081061317141,HOT_SPOT_99,1,5,72.28102680490673,HIGH,50.985174428579334,TRANSMISSION_PRESSURE_PROXY+STATISTICAL_HOTSPOT+CONNECTED_HOTSPOT_CLUSTER,DYNAMIC SPATIOTEMPORAL WATCH,SCENARIO-BASED; VERIFY WITH OFFICIAL SURVEILLANCE
2030-11,1206315000,South Cotabato,TANTANGAN,1.770196467891144,17.335534667927664,HOT_SPOT_99,1,5,67.27942592055413,HIGH,48.352590040933165,TRANSMISSION_PRESSURE_PROXY+STATISTICAL_HOTSPOT+CONNECTED_HOTSPOT_CLUSTER,DYNAMIC SPATIOTEMPORAL WATCH,SCENARIO-BASED; VERIFY WITH OFFICIAL SURVEILLANCE
2030-11,1206318000,South Cotabato,SANTO NIÑO,1.2088165617774849,18.89992623930519,HOT_SPOT_95,1,5,63.026650442969135,MODERATE,46.26518480610617,STATISTICAL_HOTSPOT+CONNECTED_HOTSPOT_CLUSTER,DYNAMIC SPATIOTEMPORAL WATCH,SCENARIO-BASED; VERIFY WITH OFFICIAL SURVEILLANCE
2030-11,1206511000,Sultan Kudarat,TACURONG,2.4066943053558867,17.402057795989016,HOT_SPOT_95,1,5,62.1221685015118,MODERATE,44.33068410617263,STATISTICAL_HOTSPOT+CONNECTED_HOTSPOT_CLUSTER,DYNAMIC SPATIOTEMPORAL WATCH,SCENARIO-BASED; VERIFY WITH OFFICIAL SURVEILLANCE
2030-11,1204717000,Cotabato,ALEOSAN,0.48692847153918567,9.189410467909937,NOT_SIGNIFICANT,0,0,61.73317413233801,MODERATE,58.264869326164764,NEIGHBOR_INFECTIOUS_PRESSURE,DYNAMIC SPATIOTEMPORAL WATCH,SCENARIO-BASED; VERIFY WITH OFFICIAL SURVEILLANCE
2030-11,1204711000,Cotabato,PIGKAWAYAN,0.7952249334581175,7.666361463151859,NOT_SIGNIFICANT,0,0,61.520666312615546,MODERATE,61.18978507006882,NEIGHBOR_INFECTIOUS_PRESSURE,DYNAMIC SPATIOTEMPORAL WATCH,SCENARIO-BASED; VERIFY WITH OFFICIAL SURVEILLANCE
2030-11,1204701000,Cotabato,ALAMADA,0.5757635723040341,5.217010452690129,NOT_SIGNIFICANT,0,0,50.14503980087957,MODERATE,59.2126746843107,NEIGHBOR_INFECTIOUS_PRESSURE,DYNAMIC SPATIOTEMPORAL WATCH,SCENARIO-BASED; VERIFY WITH OFFICIAL SURVEILLANCE
2030-11,1204705000,Cotabato,LIBUNGAN,0.6325241933019932,10.25080557492389,NOT_SIGNIFICANT,0,0,44.6773411199624,LOW,37.63247853540209,NEIGHBOR_INFECTIOUS_PRESSURE,DYNAMIC SPATIOTEMPORAL WATCH,SCENARIO-BASED; VERIFY WITH OFFICIAL SURVEILLANCE
2030-11,1206302000,South Cotabato,BANGA,0.44909854528704607,10.555343500251936,HOT_SPOT_99,1,5,41.3890046724329,LOW,29.352177884372622,STATISTICAL_HOTSPOT+CONNECTED_HOTSPOT_CLUSTER,DYNAMIC SPATIOTEMPORAL WATCH,SCENARIO-BASED; VERIFY WITH OFFICIAL SURVEILLANCE
2030-11,1204712000,Cotabato,PIKIT,0.35599213582916583,4.4789877772274105,NOT_SIGNIFICANT,0,0,39.90507590646186,LOW,51.43297174894612,NEIGHBOR_INFECTIOUS_PRESSURE,DYNAMIC SPATIOTEMPORAL WATCH,SCENARIO-BASED; VERIFY WITH OFFICIAL SURVEILLANCE
2030-11,1204716000,Cotabato,BANISILAN,0.20355212595288874,4.426404459078985,NOT_SIGNIFICANT,0,0,34.62179750992982,LOW,43.03005126334701,NEIGHBOR_INFECTIOUS_PRESSURE,DYNAMIC SPATIOTEMPORAL WATCH,SCENARIO-BASED; VERIFY WITH OFFICIAL SURVEILLANCE
2030-12,1206315000,South Cotabato,TANTANGAN,,,FACILITY_NEED,0,0,97.50757805243529,LOW,40.653188014978326,TESTING_CENTER_ESTABLISHMENT_CANDIDATE,TESTING CENTER PLANNING,REQUIRES DOH/LGU FACILITY REGISTRY AND SITE FEASIBILITY REVIEW
2030-12,1206311000,South Cotabato,NORALA,,,FACILITY_NEED,0,0,96.56701557964729,LOW,43.23344993490694,TESTING_CENTER_ESTABLISHMENT_CANDIDATE,TESTING CENTER PLANNING,REQUIRES DOH/LGU FACILITY REGISTRY AND SITE FEASIBILITY REVIEW
2030-12,1204711000,Cotabato,PIGKAWAYAN,,,FACILITY_NEED,0,0,95.38124558984332,MODERATE,54.90767231392606,TESTING_CENTER_ESTABLISHMENT_CANDIDATE,TESTING CENTER PLANNING,REQUIRES DOH/LGU FACILITY REGISTRY AND SITE FEASIBILITY REVIEW
2030-12,1204701000,Cotabato,ALAMADA,,,FACILITY_NEED,0,0,93.45573701619053,MODERATE,59.718350825342824,TESTING_CENTER_ESTABLISHMENT_CANDIDATE,TESTING CENTER PLANNING,REQUIRES DOH/LGU FACILITY REGISTRY AND SITE FEASIBILITY REVIEW
2030-12,1206318000,South Cotabato,SANTO NIÑO,,,FACILITY_NEED,0,0,91.61782659918518,LOW,41.90007512300551,TESTING_CENTER_ESTABLISHMENT_CANDIDATE,TESTING CENTER PLANNING,REQUIRES DOH/LGU FACILITY REGISTRY AND SITE FEASIBILITY REVIEW
2030-12,1204717000,Cotabato,ALEOSAN,,,FACILITY_NEED,0,0,90.80022974841528,MODERATE,54.36211284127784,TESTING_CENTER_ESTABLISHMENT_CANDIDATE,TESTING CENTER PLANNING,REQUIRES DOH/LGU FACILITY REGISTRY AND SITE FEASIBILITY REVIEW
2030-12,1208005000,Sarangani,MAITUM,,,FACILITY_NEED,0,0,90.10684029677604,MODERATE,50.270189272689265,TESTING_CENTER_ESTABLISHMENT_CANDIDATE,TESTING CENTER PLANNING,REQUIRES DOH/LGU FACILITY REGISTRY AND SITE FEASIBILITY REVIEW
2030-12,1206314000,South Cotabato,TAMPAKAN,,,FACILITY_NEED,0,0,90.03552676397315,LOW,11.470074485221629,TESTING_CENTER_ESTABLISHMENT_CANDIDATE,TESTING CENTER PLANNING,REQUIRES DOH/LGU FACILITY REGISTRY AND SITE FEASIBILITY REVIEW
2030-12,1206509000,Sultan Kudarat,PALIMBANG,,,FACILITY_NEED,0,0,88.24489321399214,MODERATE,59.08376384450894,TESTING_CENTER_ESTABLISHMENT_CANDIDATE,TESTING CENTER PLANNING,REQUIRES DOH/LGU FACILITY REGISTRY AND SITE FEASIBILITY REVIEW
2030-12,1204716000,Cotabato,BANISILAN,,,FACILITY_NEED,0,0,88.03991871224258,MODERATE,50.362754349879125,TESTING_CENTER_ESTABLISHMENT_CANDIDATE,TESTING CENTER PLANNING,REQUIRES DOH/LGU FACILITY REGISTRY AND SITE FEASIBILITY REVIEW
2030-12,1206317000,South Cotabato,TUPI,,,FACILITY_NEED,0,0,87.5155934085958,LOW,37.83590282830695,TESTING_CENTER_ESTABLISHMENT_CANDIDATE,TESTING CENTER PLANNING,REQUIRES DOH/LGU FACILITY REGISTRY AND SITE FEASIBILITY REVIEW
2030-12,1206511000,Sultan Kudarat,TACURONG,,,FACILITY_NEED,0,0,86.72152726373936,MODERATE,47.72385389188422,TESTING_CENTER_ESTABLISHMENT_CANDIDATE,TESTING CENTER PLANNING,REQUIRES DOH/LGU FACILITY REGISTRY AND SITE FEASIBILITY REVIEW
2030-12,1206306000,South Cotabato,KORONADAL,,,FACILITY_NEED,0,0,86.62304346457107,MODERATE,47.018401097817225,TESTING_CENTER_ESTABLISHMENT_CANDIDATE,TESTING CENTER PLANNING,REQUIRES DOH/LGU FACILITY REGISTRY AND SITE FEASIBILITY REVIEW
2030-12,1204712000,Cotabato,PIKIT,,,FACILITY_NEED,0,0,86.15438497017617,MODERATE,55.759998682322646,TESTING_CENTER_ESTABLISHMENT_CANDIDATE,TESTING CENTER PLANNING,REQUIRES DOH/LGU FACILITY REGISTRY AND SITE FEASIBILITY REVIEW
2030-12,1206302000,South Cotabato,BANGA,,,FACILITY_NEED,0,0,83.91539582375917,LOW,29.110646951889585,TESTING_CENTER_ESTABLISHMENT_CANDIDATE,TESTING CENTER PLANNING,REQUIRES DOH/LGU FACILITY REGISTRY AND SITE FEASIBILITY REVIEW
2030-12,1204702000,Cotabato,CARMEN,,,FACILITY_NEED,0,0,77.42405756337966,MODERATE,56.32391702467915,TESTING_CENTER_ESTABLISHMENT_CANDIDATE,TESTING CENTER PLANNING,REQUIRES DOH/LGU FACILITY REGISTRY AND SITE FEASIBILITY REVIEW
2030-12,1204718000,Cotabato,ARAKAN,,,FACILITY_NEED,0,0,72.72917865725674,MODERATE,45.08500163733707,TESTING_CENTER_ESTABLISHMENT_CANDIDATE,TESTING CENTER PLANNING,REQUIRES DOH/LGU FACILITY REGISTRY AND SITE FEASIBILITY REVIEW
2030-12,1206505000,Sultan Kudarat,KALAMANSIG,,,FACILITY_NEED,0,0,72.5573990907896,MODERATE,53.37598779210693,TESTING_CENTER_ESTABLISHMENT_CANDIDATE,TESTING CENTER PLANNING,REQUIRES DOH/LGU FACILITY REGISTRY AND SITE FEASIBILITY REVIEW
2030-12,1204713000,Cotabato,PRESIDENT ROXAS,,,FACILITY_NEED,0,0,72.4052247233612,MODERATE,54.97099632607047,TESTING_CENTER_ESTABLISHMENT_CANDIDATE,TESTING CENTER PLANNING,REQUIRES DOH/LGU FACILITY REGISTRY AND SITE FEASIBILITY REVIEW
2030-12,1204706000,Cotabato,MAGPET,,,FACILITY_NEED,0,0,69.2550724367488,MODERATE,51.34743947988111,TESTING_CENTER_ESTABLISHMENT_CANDIDATE,TESTING CENTER PLANNING,REQUIRES DOH/LGU FACILITY REGISTRY AND SITE FEASIBILITY REVIEW
2030-12,1206511000,Sultan Kudarat,TACURONG,0.93072273197626,17.4018949808008,HOT_SPOT_95,1,5,66.6217161711244,HIGH,47.72385389188422,TRANSMISSION_PRESSURE_PROXY+STATISTICAL_HOTSPOT+CONNECTED_HOTSPOT_CLUSTER,DYNAMIC SPATIOTEMPORAL WATCH,SCENARIO-BASED; VERIFY WITH OFFICIAL SURVEILLANCE
2030-12,1206510000,Sultan Kudarat,PRESIDENT QUIRINO,,,FACILITY_NEED,0,0,65.75474134217205,LOW,28.637248220125045,TESTING_CENTER_ESTABLISHMENT_CANDIDATE,TESTING CENTER PLANNING,REQUIRES DOH/LGU FACILITY REGISTRY AND SITE FEASIBILITY REVIEW
2030-12,1206507000,Sultan Kudarat,LUTAYAN,,,FACILITY_NEED,0,0,65.5684424707514,LOW,25.498062350484556,TESTING_CENTER_ESTABLISHMENT_CANDIDATE,TESTING CENTER PLANNING,REQUIRES DOH/LGU FACILITY REGISTRY AND SITE FEASIBILITY REVIEW
2030-12,1206311000,South Cotabato,NORALA,0.3659917478061433,17.321038585877865,HOT_SPOT_99,1,5,60.76209880118534,MODERATE,43.23344993490694,STATISTICAL_HOTSPOT+CONNECTED_HOTSPOT_CLUSTER,DYNAMIC SPATIOTEMPORAL WATCH,SCENARIO-BASED; VERIFY WITH OFFICIAL SURVEILLANCE
2030-12,1208006000,Sarangani,MALAPATAN,,,FACILITY_NEED,0,0,60.08742964657464,MODERATE,50.103412310637836,TESTING_CENTER_ESTABLISHMENT_CANDIDATE,TESTING CENTER PLANNING,REQUIRES DOH/LGU FACILITY REGISTRY AND SITE FEASIBILITY REVIEW
2030-12,1206318000,South Cotabato,SANTO NIÑO,0.33611625333452877,18.883060829996648,HOT_SPOT_95,1,5,58.18503924893441,MODERATE,41.90007512300551,STATISTICAL_HOTSPOT+CONNECTED_HOTSPOT_CLUSTER,DYNAMIC SPATIOTEMPORAL WATCH,SCENARIO-BASED; VERIFY WITH OFFICIAL SURVEILLANCE
2030-12,1204717000,Cotabato,ALEOSAN,0.1350374521260331,9.235150531604729,NOT_SIGNIFICANT,0,0,57.30146687864804,MODERATE,54.36211284127784,NEIGHBOR_INFECTIOUS_PRESSURE,DYNAMIC SPATIOTEMPORAL WATCH,SCENARIO-BASED; VERIFY WITH OFFICIAL SURVEILLANCE
2030-12,1206512000,Sultan Kudarat,SEN. NINOY AQUINO,,,FACILITY_NEED,0,0,55.874431537565194,MODERATE,45.45580521651111,TESTING_CENTER_ESTABLISHMENT_CANDIDATE,TESTING CENTER PLANNING,REQUIRES DOH/LGU FACILITY REGISTRY AND SITE FEASIBILITY REVIEW
2030-12,1206315000,South Cotabato,TANTANGAN,0.34380754615280545,17.304226102209043,HOT_SPOT_99,1,5,53.94073154387953,MODERATE,40.653188014978326,STATISTICAL_HOTSPOT+CONNECTED_HOTSPOT_CLUSTER,DYNAMIC SPATIOTEMPORAL WATCH,SCENARIO-BASED; VERIFY WITH OFFICIAL SURVEILLANCE
2030-12,1204711000,Cotabato,PIGKAWAYAN,0.19617383597708724,7.728320530456902,NOT_SIGNIFICANT,0,0,53.88916215309526,MODERATE,54.90767231392606,NEIGHBOR_INFECTIOUS_PRESSURE,DYNAMIC SPATIOTEMPORAL WATCH,SCENARIO-BASED; VERIFY WITH OFFICIAL SURVEILLANCE
2030-12,1204705000,Cotabato,LIBUNGAN,0.2936468377637306,10.272368501506827,NOT_SIGNIFICANT,0,0,53.88579981427666,MODERATE,44.18323337411399,NEIGHBOR_INFECTIOUS_PRESSURE,DYNAMIC SPATIOTEMPORAL WATCH,SCENARIO-BASED; VERIFY WITH OFFICIAL SURVEILLANCE
2030-12,1204701000,Cotabato,ALAMADA,0.18274935613177748,5.258756606451894,NOT_SIGNIFICANT,0,0,52.267281956433784,MODERATE,59.718350825342824,NEIGHBOR_INFECTIOUS_PRESSURE,DYNAMIC SPATIOTEMPORAL WATCH,SCENARIO-BASED; VERIFY WITH OFFICIAL SURVEILLANCE
2030-12,1204712000,Cotabato,PIKIT,0.15660702630130274,4.512970630836001,NOT_SIGNIFICANT,0,0,47.87469865762228,MODERATE,55.759998682322646,NEIGHBOR_INFECTIOUS_PRESSURE,DYNAMIC SPATIOTEMPORAL WATCH,SCENARIO-BASED; VERIFY WITH OFFICIAL SURVEILLANCE
2030-12,1204716000,Cotabato,BANISILAN,0.08963381160574994,4.451160079301549,NOT_SIGNIFICANT,0,0,44.744303061881574,LOW,50.362754349879125,NEIGHBOR_INFECTIOUS_PRESSURE,DYNAMIC SPATIOTEMPORAL WATCH,SCENARIO-BASED; VERIFY WITH OFFICIAL SURVEILLANCE
2030-12,1206302000,South Cotabato,BANGA,0.17329410626847538,10.414273637693285,HOT_SPOT_99,1,5,37.069774863323914,LOW,29.110646951889585,STATISTICAL_HOTSPOT+CONNECTED_HOTSPOT_CLUSTER,DYNAMIC SPATIOTEMPORAL WATCH,SCENARIO-BASED; VERIFY WITH OFFICIAL SURVEILLANCE
2031-01,1206311000,South Cotabato,NORALA,0.2064725914462594,17.258261608893054,HOT_SPOT_99,1,5,62.12008551806826,MODERATE,42.197584960029126,STATISTICAL_HOTSPOT+CONNECTED_HOTSPOT_CLUSTER,DYNAMIC SPATIOTEMPORAL WATCH,SCENARIO-BASED; VERIFY WITH OFFICIAL SURVEILLANCE
2031-01,1204711000,Cotabato,PIGKAWAYAN,0.13247769872624338,7.764667765200163,NOT_SIGNIFICANT,0,0,59.626732896800405,MODERATE,57.751992884366935,NEIGHBOR_INFECTIOUS_PRESSURE,DYNAMIC SPATIOTEMPORAL WATCH,SCENARIO-BASED; VERIFY WITH OFFICIAL SURVEILLANCE
2031-01,1204701000,Cotabato,ALAMADA,0.15887071843312253,5.297466445589896,NOT_SIGNIFICANT,0,0,59.4526760495484,MODERATE,62.72297022534204,NEIGHBOR_INFECTIOUS_PRESSURE,DYNAMIC SPATIOTEMPORAL WATCH,SCENARIO-BASED; VERIFY WITH OFFICIAL SURVEILLANCE
2031-01,1204705000,Cotabato,LIBUNGAN,0.468439334176531,10.394548370071396,NOT_SIGNIFICANT,0,0,58.659310471726776,MODERATE,46.039264869914405,NEIGHBOR_INFECTIOUS_PRESSURE,DYNAMIC SPATIOTEMPORAL WATCH,SCENARIO-BASED; VERIFY WITH OFFICIAL SURVEILLANCE
2031-01,1204717000,Cotabato,ALEOSAN,0.08533846819832314,9.256851072974198,NOT_SIGNIFICANT,0,0,57.84229466495112,MODERATE,53.1254005873615,NEIGHBOR_INFECTIOUS_PRESSURE,DYNAMIC SPATIOTEMPORAL WATCH,SCENARIO-BASED; VERIFY WITH OFFICIAL SURVEILLANCE
2031-01,1206318000,South Cotabato,SANTO NIÑO,0.18122513874567447,18.818968606068836,HOT_SPOT_95,1,5,57.31265295117151,MODERATE,41.28941496220864,STATISTICAL_HOTSPOT+CONNECTED_HOTSPOT_CLUSTER,DYNAMIC SPATIOTEMPORAL WATCH,SCENARIO-BASED; VERIFY WITH OFFICIAL SURVEILLANCE
2031-01,1206511000,Sultan Kudarat,TACURONG,0.36707526205943947,17.332337413688737,HOT_SPOT_95,1,5,56.9481578379727,MODERATE,41.45166046925005,STATISTICAL_HOTSPOT+CONNECTED_HOTSPOT_CLUSTER,DYNAMIC SPATIOTEMPORAL WATCH,SCENARIO-BASED; VERIFY WITH OFFICIAL SURVEILLANCE
2031-01,1206315000,South Cotabato,TANTANGAN,0.1731955671221698,17.2225989408168,HOT_SPOT_99,1,5,55.00860355968182,MODERATE,39.02209077675834,STATISTICAL_HOTSPOT+CONNECTED_HOTSPOT_CLUSTER,DYNAMIC SPATIOTEMPORAL WATCH,SCENARIO-BASED; VERIFY WITH OFFICIAL SURVEILLANCE
2031-01,1204712000,Cotabato,PIKIT,0.11175710781334287,4.537429527599971,NOT_SIGNIFICANT,0,0,51.935273829405496,MODERATE,57.675583780471264,NEIGHBOR_INFECTIOUS_PRESSURE,DYNAMIC SPATIOTEMPORAL WATCH,SCENARIO-BASED; VERIFY WITH OFFICIAL SURVEILLANCE
2031-01,1204716000,Cotabato,BANISILAN,0.08296329482764209,4.478752851166703,NOT_SIGNIFICANT,0,0,48.721559934365395,MODERATE,51.768361446536076,NEIGHBOR_INFECTIOUS_PRESSURE,DYNAMIC SPATIOTEMPORAL WATCH,SCENARIO-BASED; VERIFY WITH OFFICIAL SURVEILLANCE
2031-01,1206302000,South Cotabato,BANGA,0.09709096435859799,10.346415518425344,HOT_SPOT_99,1,5,37.13294591486797,LOW,28.868587331627957,STATISTICAL_HOTSPOT+CONNECTED_HOTSPOT_CLUSTER,DYNAMIC SPATIOTEMPORAL WATCH,SCENARIO-BASED; VERIFY WITH OFFICIAL SURVEILLANCE
2031-02,1206511000,Sultan Kudarat,TACURONG,3.042704584111777,17.455679662488375,HOT_SPOT_99,1,6,67.72509733520823,HIGH,49.16247361366991,TRANSMISSION_PRESSURE_PROXY+STATISTICAL_HOTSPOT+CONNECTED_HOTSPOT_CLUSTER,DYNAMIC SPATIOTEMPORAL WATCH,SCENARIO-BASED; VERIFY WITH OFFICIAL SURVEILLANCE
2031-02,1204717000,Cotabato,ALEOSAN,0.8423884389827392,9.573299634543789,NOT_SIGNIFICANT,0,0,65.13737077071698,HIGH,59.15779620354518,TRANSMISSION_PRESSURE_PROXY+NEIGHBOR_INFECTIOUS_PRESSURE,DYNAMIC SPATIOTEMPORAL WATCH,SCENARIO-BASED; VERIFY WITH OFFICIAL SURVEILLANCE
2031-02,1206315000,South Cotabato,TANTANGAN,1.7467927293495158,17.45127766434334,HOT_SPOT_99,1,6,64.28590962533261,MODERATE,45.84133137383579,STATISTICAL_HOTSPOT+CONNECTED_HOTSPOT_CLUSTER,DYNAMIC SPATIOTEMPORAL WATCH,SCENARIO-BASED; VERIFY WITH OFFICIAL SURVEILLANCE
2031-02,1206311000,South Cotabato,NORALA,0.7443484646283053,17.16475700584117,HOT_SPOT_99,1,6,55.86598947321678,MODERATE,40.52868329318422,STATISTICAL_HOTSPOT+CONNECTED_HOTSPOT_CLUSTER,DYNAMIC SPATIOTEMPORAL WATCH,SCENARIO-BASED; VERIFY WITH OFFICIAL SURVEILLANCE
2031-02,1206302000,South Cotabato,BANGA,0.6250921656927325,8.754504046713677,HOT_SPOT_99,1,6,51.9000693850167,MODERATE,35.57328974252599,STATISTICAL_HOTSPOT+CONNECTED_HOTSPOT_CLUSTER,DYNAMIC SPATIOTEMPORAL WATCH,SCENARIO-BASED; VERIFY WITH OFFICIAL SURVEILLANCE
2031-02,1204705000,Cotabato,LIBUNGAN,0.9259297935072449,10.552323668218266,NOT_SIGNIFICANT,0,0,51.50428013964421,MODERATE,42.74154056479094,NEIGHBOR_INFECTIOUS_PRESSURE,DYNAMIC SPATIOTEMPORAL WATCH,SCENARIO-BASED; VERIFY WITH OFFICIAL SURVEILLANCE
2031-02,1204711000,Cotabato,PIGKAWAYAN,0.3127433950019806,7.828285073653625,NOT_SIGNIFICANT,0,0,49.168973368559705,MODERATE,54.33291985876019,NEIGHBOR_INFECTIOUS_PRESSURE,DYNAMIC SPATIOTEMPORAL WATCH,SCENARIO-BASED; VERIFY WITH OFFICIAL SURVEILLANCE
2031-02,1204712000,Cotabato,PIKIT,0.3704328370935784,4.611380154543607,NOT_SIGNIFICANT,0,0,45.04112918091808,MODERATE,56.17529979196962,NEIGHBOR_INFECTIOUS_PRESSURE,DYNAMIC SPATIOTEMPORAL WATCH,SCENARIO-BASED; VERIFY WITH OFFICIAL SURVEILLANCE
2031-02,1204701000,Cotabato,ALAMADA,0.32580920368615013,5.357548672894242,NOT_SIGNIFICANT,0,0,43.50994180931749,LOW,54.45042076219446,NEIGHBOR_INFECTIOUS_PRESSURE,DYNAMIC SPATIOTEMPORAL WATCH,SCENARIO-BASED; VERIFY WITH OFFICIAL SURVEILLANCE
2031-02,1204716000,Cotabato,BANISILAN,0.2080080209427953,4.534524706570849,NOT_SIGNIFICANT,0,0,38.21887267716533,LOW,46.26730154533841,NEIGHBOR_INFECTIOUS_PRESSURE,DYNAMIC SPATIOTEMPORAL WATCH,SCENARIO-BASED; VERIFY WITH OFFICIAL SURVEILLANCE
2031-03,1206311000,South Cotabato,NORALA,2.012413776044685,17.419804215569233,HOT_SPOT_99,1,6,69.5356425843625,HIGH,49.44726910225264,TRANSMISSION_PRESSURE_PROXY+STATISTICAL_HOTSPOT+CONNECTED_HOTSPOT_CLUSTER,DYNAMIC SPATIOTEMPORAL WATCH,SCENARIO-BASED; VERIFY WITH OFFICIAL SURVEILLANCE
2031-03,1204711000,Cotabato,PIGKAWAYAN,0.8016600285405165,8.018442501529416,NOT_SIGNIFICANT,0,0,64.93809833442472,MODERATE,64.39384211907439,NEIGHBOR_INFECTIOUS_PRESSURE,DYNAMIC SPATIOTEMPORAL WATCH,SCENARIO-BASED; VERIFY WITH OFFICIAL SURVEILLANCE
2031-03,1206511000,Sultan Kudarat,TACURONG,4.0350962391308585,17.67795831138402,HOT_SPOT_99,1,6,64.81087814611625,MODERATE,46.61224584169694,STATISTICAL_HOTSPOT+CONNECTED_HOTSPOT_CLUSTER,DYNAMIC SPATIOTEMPORAL WATCH,SCENARIO-BASED; VERIFY WITH OFFICIAL SURVEILLANCE
2031-03,1206315000,South Cotabato,TANTANGAN,1.4202532354101427,17.56135877334543,HOT_SPOT_99,1,6,57.277872719337864,MODERATE,39.442350953857876,STATISTICAL_HOTSPOT+CONNECTED_HOTSPOT_CLUSTER,DYNAMIC SPATIOTEMPORAL WATCH,SCENARIO-BASED; VERIFY WITH OFFICIAL SURVEILLANCE
2031-03,1204717000,Cotabato,ALEOSAN,0.4521677434172309,9.742764053721602,NOT_SIGNIFICANT,0,0,49.228651864979845,MODERATE,49.710391010739784,NEIGHBOR_INFECTIOUS_PRESSURE,DYNAMIC SPATIOTEMPORAL WATCH,SCENARIO-BASED; VERIFY WITH OFFICIAL SURVEILLANCE
2031-03,1204701000,Cotabato,ALAMADA,0.4610516165480585,5.43652510656928,NOT_SIGNIFICANT,0,0,46.38640282356303,MODERATE,56.86307643507563,NEIGHBOR_INFECTIOUS_PRESSURE,DYNAMIC SPATIOTEMPORAL WATCH,SCENARIO-BASED; VERIFY WITH OFFICIAL SURVEILLANCE
2031-03,1204705000,Cotabato,LIBUNGAN,0.8898585305060169,10.661421285189487,NOT_SIGNIFICANT,0,0,45.93386342713787,MODERATE,37.295016574423734,NEIGHBOR_INFECTIOUS_PRESSURE,DYNAMIC SPATIOTEMPORAL WATCH,SCENARIO-BASED; VERIFY WITH OFFICIAL SURVEILLANCE
2031-03,1204712000,Cotabato,PIKIT,0.4118708420406075,4.688096973188464,NOT_SIGNIFICANT,0,0,42.52281037466409,LOW,53.80970595672999,NEIGHBOR_INFECTIOUS_PRESSURE,DYNAMIC SPATIOTEMPORAL WATCH,SCENARIO-BASED; VERIFY WITH OFFICIAL SURVEILLANCE
2031-03,1206302000,South Cotabato,BANGA,0.5820183488986527,7.093593628325813,HOT_SPOT_99,1,6,41.4247141575192,LOW,25.177996720316305,STATISTICAL_HOTSPOT+CONNECTED_HOTSPOT_CLUSTER,DYNAMIC SPATIOTEMPORAL WATCH,SCENARIO-BASED; VERIFY WITH OFFICIAL SURVEILLANCE
2031-03,1204702000,Cotabato,CARMEN,0.6593911264595731,3.95692286500192,NOT_SIGNIFICANT,0,0,39.612284744783295,LOW,52.433584180081,NEIGHBOR_INFECTIOUS_PRESSURE,DYNAMIC SPATIOTEMPORAL WATCH,SCENARIO-BASED; VERIFY WITH OFFICIAL SURVEILLANCE
2031-03,1204716000,Cotabato,BANISILAN,0.23662964740912454,4.592156066939267,NOT_SIGNIFICANT,0,0,35.50797487603107,LOW,44.12135628363784,NEIGHBOR_INFECTIOUS_PRESSURE,DYNAMIC SPATIOTEMPORAL WATCH,SCENARIO-BASED; VERIFY WITH OFFICIAL SURVEILLANCE
2031-04,1206511000,Sultan Kudarat,TACURONG,3.452595266192743,17.868868142532254,HOT_SPOT_95,1,5,63.105524490310316,MODERATE,45.635935527445575,STATISTICAL_HOTSPOT+CONNECTED_HOTSPOT_CLUSTER,DYNAMIC SPATIOTEMPORAL WATCH,SCENARIO-BASED; VERIFY WITH OFFICIAL SURVEILLANCE
2031-04,1204701000,Cotabato,ALAMADA,0.9321494560587703,5.626447563627226,NOT_SIGNIFICANT,0,0,60.156003420031546,MODERATE,64.21475022103084,NEIGHBOR_INFECTIOUS_PRESSURE,DYNAMIC SPATIOTEMPORAL WATCH,SCENARIO-BASED; VERIFY WITH OFFICIAL SURVEILLANCE
2031-04,1206311000,South Cotabato,NORALA,1.0482365417063584,17.459370378758095,HOT_SPOT_99,1,5,59.82736157352162,MODERATE,42.81791128097016,STATISTICAL_HOTSPOT+CONNECTED_HOTSPOT_CLUSTER,DYNAMIC SPATIOTEMPORAL WATCH,SCENARIO-BASED; VERIFY WITH OFFICIAL SURVEILLANCE
2031-04,1206315000,South Cotabato,TANTANGAN,0.7913027724686065,16.920521339286076,HOT_SPOT_99,1,5,54.873786929328716,MODERATE,37.032878165051585,STATISTICAL_HOTSPOT+CONNECTED_HOTSPOT_CLUSTER,DYNAMIC SPATIOTEMPORAL WATCH,SCENARIO-BASED; VERIFY WITH OFFICIAL SURVEILLANCE
2031-04,1204711000,Cotabato,PIGKAWAYAN,0.445782248033904,8.130009403025484,NOT_SIGNIFICANT,0,0,54.029218580464445,MODERATE,58.053136310515185,NEIGHBOR_INFECTIOUS_PRESSURE,DYNAMIC SPATIOTEMPORAL WATCH,SCENARIO-BASED; VERIFY WITH OFFICIAL SURVEILLANCE
2031-04,1204717000,Cotabato,ALEOSAN,0.2912409066671438,9.822822066544308,NOT_SIGNIFICANT,0,0,50.23841053563313,MODERATE,49.99853999807334,NEIGHBOR_INFECTIOUS_PRESSURE,DYNAMIC SPATIOTEMPORAL WATCH,SCENARIO-BASED; VERIFY WITH OFFICIAL SURVEILLANCE
2031-04,1204705000,Cotabato,LIBUNGAN,0.6421664313795793,10.703109829856299,NOT_SIGNIFICANT,0,0,45.89440351803546,MODERATE,38.20967276435308,NEIGHBOR_INFECTIOUS_PRESSURE,DYNAMIC SPATIOTEMPORAL WATCH,SCENARIO-BASED; VERIFY WITH OFFICIAL SURVEILLANCE
2031-04,1204712000,Cotabato,PIKIT,0.34927123168792906,4.7513596946185555,NOT_SIGNIFICANT,0,0,45.50854280700989,MODERATE,55.79253591553875,NEIGHBOR_INFECTIOUS_PRESSURE,DYNAMIC SPATIOTEMPORAL WATCH,SCENARIO-BASED; VERIFY WITH OFFICIAL SURVEILLANCE
2031-04,1206302000,South Cotabato,BANGA,0.5395399277596178,5.811289180452647,HOT_SPOT_99,1,5,42.22653293415185,LOW,25.589601152127422,STATISTICAL_HOTSPOT+CONNECTED_HOTSPOT_CLUSTER,DYNAMIC SPATIOTEMPORAL WATCH,SCENARIO-BASED; VERIFY WITH OFFICIAL SURVEILLANCE
2031-04,1204716000,Cotabato,BANISILAN,0.22035400968383712,4.645983916533626,NOT_SIGNIFICANT,0,0,39.281795177479005,LOW,47.13408068348086,NEIGHBOR_INFECTIOUS_PRESSURE,DYNAMIC SPATIOTEMPORAL WATCH,SCENARIO-BASED; VERIFY WITH OFFICIAL SURVEILLANCE
2031-04,1204702000,Cotabato,CARMEN,0.32513308716028677,4.020051070397455,NOT_SIGNIFICANT,0,0,33.7101926701156,LOW,47.991636488672825,NEIGHBOR_INFECTIOUS_PRESSURE,DYNAMIC SPATIOTEMPORAL WATCH,SCENARIO-BASED; VERIFY WITH OFFICIAL SURVEILLANCE
2031-05,1204711000,Cotabato,PIGKAWAYAN,0.28132706150228826,8.224133588929588,NOT_SIGNIFICANT,0,0,65.5075808953479,HIGH,63.77048754732437,TRANSMISSION_PRESSURE_PROXY+NEIGHBOR_INFECTIOUS_PRESSURE,DYNAMIC SPATIOTEMPORAL WATCH,SCENARIO-BASED; VERIFY WITH OFFICIAL SURVEILLANCE
2031-05,1204717000,Cotabato,ALEOSAN,0.22443059938609417,9.915447405542718,NOT_SIGNIFICANT,0,0,61.88779966111433,MODERATE,55.676993984343,NEIGHBOR_INFECTIOUS_PRESSURE,DYNAMIC SPATIOTEMPORAL WATCH,SCENARIO-BASED; VERIFY WITH OFFICIAL SURVEILLANCE
2031-05,1204705000,Cotabato,LIBUNGAN,0.4611844133781523,10.785600100225643,NOT_SIGNIFICANT,0,0,58.95779145826581,MODERATE,46.2277975850347,NEIGHBOR_INFECTIOUS_PRESSURE,DYNAMIC SPATIOTEMPORAL WATCH,SCENARIO-BASED; VERIFY WITH OFFICIAL SURVEILLANCE
2031-05,1206311000,South Cotabato,NORALA,0.3375158473341699,17.395209415574705,HOT_SPOT_99,1,5,55.84668757037788,MODERATE,40.662684408000544,STATISTICAL_HOTSPOT+CONNECTED_HOTSPOT_CLUSTER,DYNAMIC SPATIOTEMPORAL WATCH,SCENARIO-BASED; VERIFY WITH OFFICIAL SURVEILLANCE
2031-05,1204712000,Cotabato,PIKIT,0.2302845512791171,4.814053165459494,NOT_SIGNIFICANT,0,0,55.32598204993639,MODERATE,61.95788294116271,NEIGHBOR_INFECTIOUS_PRESSURE,DYNAMIC SPATIOTEMPORAL WATCH,SCENARIO-BASED; VERIFY WITH OFFICIAL SURVEILLANCE
2031-05,1206511000,Sultan Kudarat,TACURONG,0.9852622809563514,17.869780094233484,HOT_SPOT_95,1,5,55.19050964363375,MODERATE,40.86778109192993,STATISTICAL_HOTSPOT+CONNECTED_HOTSPOT_CLUSTER,DYNAMIC SPATIOTEMPORAL WATCH,SCENARIO-BASED; VERIFY WITH OFFICIAL SURVEILLANCE
2031-05,1204701000,Cotabato,ALAMADA,0.2910701940906312,5.718147302117021,NOT_SIGNIFICANT,0,0,55.01991746341036,MODERATE,62.419352823320196,NEIGHBOR_INFECTIOUS_PRESSURE,DYNAMIC SPATIOTEMPORAL WATCH,SCENARIO-BASED; VERIFY WITH OFFICIAL SURVEILLANCE
2031-05,1206315000,South Cotabato,TANTANGAN,0.19226762093416824,16.436914381255185,HOT_SPOT_99,1,5,54.41732039726688,MODERATE,36.631241524525095,STATISTICAL_HOTSPOT+CONNECTED_HOTSPOT_CLUSTER,DYNAMIC SPATIOTEMPORAL WATCH,SCENARIO-BASED; VERIFY WITH OFFICIAL SURVEILLANCE
2031-05,1204716000,Cotabato,BANISILAN,0.12127954434215822,4.689911684043113,NOT_SIGNIFICANT,0,0,45.504522839299305,MODERATE,51.34443204217011,NEIGHBOR_INFECTIOUS_PRESSURE,DYNAMIC SPATIOTEMPORAL WATCH,SCENARIO-BASED; VERIFY WITH OFFICIAL SURVEILLANCE
2031-05,1204702000,Cotabato,CARMEN,0.15232652922400752,4.05494297347475,NOT_SIGNIFICANT,0,0,36.912695344520955,LOW,49.656489843897475,NEIGHBOR_INFECTIOUS_PRESSURE,DYNAMIC SPATIOTEMPORAL WATCH,SCENARIO-BASED; VERIFY WITH OFFICIAL SURVEILLANCE
2031-05,1206302000,South Cotabato,BANGA,0.22378057255081346,5.639030643361167,HOT_SPOT_99,1,5,34.78691731375426,LOW,25.30760547598719,STATISTICAL_HOTSPOT+CONNECTED_HOTSPOT_CLUSTER,DYNAMIC SPATIOTEMPORAL WATCH,SCENARIO-BASED; VERIFY WITH OFFICIAL SURVEILLANCE
2031-06,1204717000,Cotabato,ALEOSAN,0.34376986957116784,10.026033612016507,NOT_SIGNIFICANT,0,0,64.05656553891995,MODERATE,57.91304215000866,NEIGHBOR_INFECTIOUS_PRESSURE,DYNAMIC SPATIOTEMPORAL WATCH,SCENARIO-BASED; VERIFY WITH OFFICIAL SURVEILLANCE
2031-06,1204711000,Cotabato,PIGKAWAYAN,0.3987529898731339,8.323099571160164,NOT_SIGNIFICANT,0,0,60.122970076584615,MODERATE,59.64550775278096,NEIGHBOR_INFECTIOUS_PRESSURE,DYNAMIC SPATIOTEMPORAL WATCH,SCENARIO-BASED; VERIFY WITH OFFICIAL SURVEILLANCE
2031-06,1206311000,South Cotabato,NORALA,0.5789838273938205,17.250203098279997,HOT_SPOT_99,1,5,58.79828920881609,MODERATE,39.57963440463777,STATISTICAL_HOTSPOT+CONNECTED_HOTSPOT_CLUSTER,DYNAMIC SPATIOTEMPORAL WATCH,SCENARIO-BASED; VERIFY WITH OFFICIAL SURVEILLANCE
2031-06,1206511000,Sultan Kudarat,TACURONG,1.3556081720684354,17.762985899552984,HOT_SPOT_95,1,5,54.233218415705664,MODERATE,38.627864061784486,STATISTICAL_HOTSPOT+CONNECTED_HOTSPOT_CLUSTER,DYNAMIC SPATIOTEMPORAL WATCH,SCENARIO-BASED; VERIFY WITH OFFICIAL SURVEILLANCE
2031-06,1204705000,Cotabato,LIBUNGAN,0.5469379216250806,10.808988251683258,NOT_SIGNIFICANT,0,0,51.80771275153554,MODERATE,41.803527734501785,NEIGHBOR_INFECTIOUS_PRESSURE,DYNAMIC SPATIOTEMPORAL WATCH,SCENARIO-BASED; VERIFY WITH OFFICIAL SURVEILLANCE
2031-06,1206315000,South Cotabato,TANTANGAN,0.19262498419555094,15.749519034873519,HOT_SPOT_99,1,5,50.84049118331539,MODERATE,35.43330708629338,STATISTICAL_HOTSPOT+CONNECTED_HOTSPOT_CLUSTER,DYNAMIC SPATIOTEMPORAL WATCH,SCENARIO-BASED; VERIFY WITH OFFICIAL SURVEILLANCE
2031-06,1204712000,Cotabato,PIKIT,0.33357678175598166,4.881678702822279,NOT_SIGNIFICANT,0,0,50.19640311783391,MODERATE,58.98133722765913,NEIGHBOR_INFECTIOUS_PRESSURE,DYNAMIC SPATIOTEMPORAL WATCH,SCENARIO-BASED; VERIFY WITH OFFICIAL SURVEILLANCE
2031-06,1204702000,Cotabato,CARMEN,0.6109395735854563,4.183792025946289,NOT_SIGNIFICANT,0,0,49.87021185897702,MODERATE,57.98863508557528,NEIGHBOR_INFECTIOUS_PRESSURE,DYNAMIC SPATIOTEMPORAL WATCH,SCENARIO-BASED; VERIFY WITH OFFICIAL SURVEILLANCE
2031-06,1204701000,Cotabato,ALAMADA,0.3283749542415982,5.783493382143961,NOT_SIGNIFICANT,0,0,47.97824484549906,MODERATE,56.85783455536914,NEIGHBOR_INFECTIOUS_PRESSURE,DYNAMIC SPATIOTEMPORAL WATCH,SCENARIO-BASED; VERIFY WITH OFFICIAL SURVEILLANCE
2031-06,1204716000,Cotabato,BANISILAN,0.1919748750387705,4.740263693684236,NOT_SIGNIFICANT,0,0,42.56127847531319,LOW,49.46859645092072,NEIGHBOR_INFECTIOUS_PRESSURE,DYNAMIC SPATIOTEMPORAL WATCH,SCENARIO-BASED; VERIFY WITH OFFICIAL SURVEILLANCE
2031-06,1206302000,South Cotabato,BANGA,0.34890135924245924,5.273052105449021,HOT_SPOT_99,1,5,37.15230445736301,LOW,23.848427248546763,STATISTICAL_HOTSPOT+CONNECTED_HOTSPOT_CLUSTER,DYNAMIC SPATIOTEMPORAL WATCH,SCENARIO-BASED; VERIFY WITH OFFICIAL SURVEILLANCE
2031-07,1204717000,Cotabato,ALEOSAN,0.7643439031816349,10.40180308601723,NOT_SIGNIFICANT,0,0,68.10894396067495,HIGH,61.19499411149463,TRANSMISSION_PRESSURE_PROXY+NEIGHBOR_INFECTIOUS_PRESSURE,DYNAMIC SPATIOTEMPORAL WATCH,SCENARIO-BASED; VERIFY WITH OFFICIAL SURVEILLANCE
2031-07,1206511000,Sultan Kudarat,TACURONG,2.300350771530946,17.887007756584723,HOT_SPOT_95,1,4,62.17791086271327,MODERATE,46.62184114783797,STATISTICAL_HOTSPOT+CONNECTED_HOTSPOT_CLUSTER,DYNAMIC SPATIOTEMPORAL WATCH,SCENARIO-BASED; VERIFY WITH OFFICIAL SURVEILLANCE
2031-07,1204711000,Cotabato,PIGKAWAYAN,0.33217388605132186,8.424785413118176,NOT_SIGNIFICANT,0,0,60.715048351722814,MODERATE,61.456011071032265,NEIGHBOR_INFECTIOUS_PRESSURE,DYNAMIC SPATIOTEMPORAL WATCH,SCENARIO-BASED; VERIFY WITH OFFICIAL SURVEILLANCE
2031-07,1204716000,Cotabato,BANISILAN,0.7202362363280035,5.0378120559354755,NOT_SIGNIFICANT,0,0,55.64887477259266,MODERATE,53.45844359418609,NEIGHBOR_INFECTIOUS_PRESSURE,DYNAMIC SPATIOTEMPORAL WATCH,SCENARIO-BASED; VERIFY WITH OFFICIAL SURVEILLANCE
2031-07,1206311000,South Cotabato,NORALA,0.38423448643433267,17.11187587496819,HOT_SPOT_99,1,4,52.497643866076935,MODERATE,39.59193809804523,STATISTICAL_HOTSPOT+CONNECTED_HOTSPOT_CLUSTER,DYNAMIC SPATIOTEMPORAL WATCH,SCENARIO-BASED; VERIFY WITH OFFICIAL SURVEILLANCE
2031-07,1204705000,Cotabato,LIBUNGAN,0.46287166250669465,10.854917181305554,NOT_SIGNIFICANT,0,0,50.605656352090314,MODERATE,42.573388605356676,NEIGHBOR_INFECTIOUS_PRESSURE,DYNAMIC SPATIOTEMPORAL WATCH,SCENARIO-BASED; VERIFY WITH OFFICIAL SURVEILLANCE
2031-07,1204712000,Cotabato,PIKIT,0.2789376404628395,4.953572634228147,NOT_SIGNIFICANT,0,0,50.158864176332266,MODERATE,58.60408281534814,NEIGHBOR_INFECTIOUS_PRESSURE,DYNAMIC SPATIOTEMPORAL WATCH,SCENARIO-BASED; VERIFY WITH OFFICIAL SURVEILLANCE
2031-07,1204701000,Cotabato,ALAMADA,0.2862936012743511,5.851253967764771,NOT_SIGNIFICANT,0,0,48.631224277387055,MODERATE,57.01360987156394,NEIGHBOR_INFECTIOUS_PRESSURE,DYNAMIC SPATIOTEMPORAL WATCH,SCENARIO-BASED; VERIFY WITH OFFICIAL SURVEILLANCE
2031-07,1206315000,South Cotabato,TANTANGAN,0.13895344221073,15.300983997551505,HOT_SPOT_99,1,4,44.21251605727551,LOW,33.97076107002714,STATISTICAL_HOTSPOT+CONNECTED_HOTSPOT_CLUSTER,DYNAMIC SPATIOTEMPORAL WATCH,SCENARIO-BASED; VERIFY WITH OFFICIAL SURVEILLANCE
2031-07,1204702000,Cotabato,CARMEN,0.27164752874124054,4.256220042496488,NOT_SIGNIFICANT,0,0,39.47496871078317,LOW,52.41425818507777,NEIGHBOR_INFECTIOUS_PRESSURE,DYNAMIC SPATIOTEMPORAL WATCH,SCENARIO-BASED; VERIFY WITH OFFICIAL SURVEILLANCE
2031-07,1206302000,South Cotabato,BANGA,0.26762454268292313,5.085316883855717,HOT_SPOT_99,1,4,31.95321834514907,LOW,22.517864618749904,STATISTICAL_HOTSPOT+CONNECTED_HOTSPOT_CLUSTER,DYNAMIC SPATIOTEMPORAL WATCH,SCENARIO-BASED; VERIFY WITH OFFICIAL SURVEILLANCE
2031-08,1204701000,Cotabato,ALAMADA,0.4643201818564839,5.964401819674688,NOT_SIGNIFICANT,0,0,61.58514445376293,MODERATE,65.08034663617538,NEIGHBOR_INFECTIOUS_PRESSURE,DYNAMIC SPATIOTEMPORAL WATCH,SCENARIO-BASED; VERIFY WITH OFFICIAL SURVEILLANCE
2031-08,1204711000,Cotabato,PIGKAWAYAN,0.2832722174555886,8.498189797335373,NOT_SIGNIFICANT,0,0,58.08827018872896,MODERATE,58.3853708818473,NEIGHBOR_INFECTIOUS_PRESSURE,DYNAMIC SPATIOTEMPORAL WATCH,SCENARIO-BASED; VERIFY WITH OFFICIAL SURVEILLANCE
2031-08,1206311000,South Cotabato,NORALA,0.4304943855706858,16.958844615402825,HOT_SPOT_99,1,4,57.64874489311316,MODERATE,40.86061470991963,STATISTICAL_HOTSPOT+CONNECTED_HOTSPOT_CLUSTER,DYNAMIC SPATIOTEMPORAL WATCH,SCENARIO-BASED; VERIFY WITH OFFICIAL SURVEILLANCE
2031-08,1206511000,Sultan Kudarat,TACURONG,1.6434872968411136,17.900598896099847,HOT_SPOT_95,1,4,56.84895551295751,MODERATE,41.63002614166589,STATISTICAL_HOTSPOT+CONNECTED_HOTSPOT_CLUSTER,DYNAMIC SPATIOTEMPORAL WATCH,SCENARIO-BASED; VERIFY WITH OFFICIAL SURVEILLANCE
2031-08,1204717000,Cotabato,ALEOSAN,0.30224040970201577,10.55431496948721,NOT_SIGNIFICANT,0,0,56.3197578319367,MODERATE,52.573126042709944,NEIGHBOR_INFECTIOUS_PRESSURE,DYNAMIC SPATIOTEMPORAL WATCH,SCENARIO-BASED; VERIFY WITH OFFICIAL SURVEILLANCE
2031-08,1204705000,Cotabato,LIBUNGAN,0.5243977814276355,10.900340289386826,NOT_SIGNIFICANT,0,0,54.398577871977004,MODERATE,42.3803283906393,NEIGHBOR_INFECTIOUS_PRESSURE,DYNAMIC SPATIOTEMPORAL WATCH,SCENARIO-BASED; VERIFY WITH OFFICIAL SURVEILLANCE
2031-08,1204712000,Cotabato,PIKIT,0.32882922196022607,5.033895165531245,NOT_SIGNIFICANT,0,0,53.07841948801466,MODERATE,58.67124985407973,NEIGHBOR_INFECTIOUS_PRESSURE,DYNAMIC SPATIOTEMPORAL WATCH,SCENARIO-BASED; VERIFY WITH OFFICIAL SURVEILLANCE
2031-08,1206315000,South Cotabato,TANTANGAN,0.15483139691641476,14.813610307292763,HOT_SPOT_99,1,4,49.57318949962636,MODERATE,35.75199923052701,STATISTICAL_HOTSPOT+CONNECTED_HOTSPOT_CLUSTER,DYNAMIC SPATIOTEMPORAL WATCH,SCENARIO-BASED; VERIFY WITH OFFICIAL SURVEILLANCE
2031-08,1204716000,Cotabato,BANISILAN,0.2846833011648067,5.177749833511533,NOT_SIGNIFICANT,0,0,41.50862203610844,LOW,46.44456581472198,NEIGHBOR_INFECTIOUS_PRESSURE,DYNAMIC SPATIOTEMPORAL WATCH,SCENARIO-BASED; VERIFY WITH OFFICIAL SURVEILLANCE
2031-08,1204702000,Cotabato,CARMEN,0.21690502279923127,4.300467515864446,NOT_SIGNIFICANT,0,0,36.908228294045806,LOW,48.91777661705305,NEIGHBOR_INFECTIOUS_PRESSURE,DYNAMIC SPATIOTEMPORAL WATCH,SCENARIO-BASED; VERIFY WITH OFFICIAL SURVEILLANCE
2031-08,1206302000,South Cotabato,BANGA,0.2672762043662804,4.9015799436420044,HOT_SPOT_95,1,4,32.60992244940524,LOW,21.636075756133607,STATISTICAL_HOTSPOT+CONNECTED_HOTSPOT_CLUSTER,DYNAMIC SPATIOTEMPORAL WATCH,SCENARIO-BASED; VERIFY WITH OFFICIAL SURVEILLANCE
2031-09,1204711000,Cotabato,PIGKAWAYAN,0.5855097485858876,8.739213163070488,NOT_SIGNIFICANT,0,0,70.81088563160324,HIGH,66.26440134015883,TRANSMISSION_PRESSURE_PROXY+NEIGHBOR_INFECTIOUS_PRESSURE,DYNAMIC SPATIOTEMPORAL WATCH,SCENARIO-BASED; VERIFY WITH OFFICIAL SURVEILLANCE
2031-09,1204712000,Cotabato,PIKIT,0.36970570747014986,5.159750723700657,NOT_SIGNIFICANT,0,0,62.4290990663251,MODERATE,62.87131920350429,NEIGHBOR_INFECTIOUS_PRESSURE,DYNAMIC SPATIOTEMPORAL WATCH,SCENARIO-BASED; VERIFY WITH OFFICIAL SURVEILLANCE
2031-09,1204701000,Cotabato,ALAMADA,0.29025310133553617,6.059141087410248,NOT_SIGNIFICANT,0,0,58.772215075674005,MODERATE,62.59419860485963,NEIGHBOR_INFECTIOUS_PRESSURE,DYNAMIC SPATIOTEMPORAL WATCH,SCENARIO-BASED; VERIFY WITH OFFICIAL SURVEILLANCE
2031-09,1206315000,South Cotabato,TANTANGAN,0.1545298057923443,14.392276821728673,HOT_SPOT_99,1,4,58.231741090689205,MODERATE,40.84327170902497,STATISTICAL_HOTSPOT+CONNECTED_HOTSPOT_CLUSTER,DYNAMIC SPATIOTEMPORAL WATCH,SCENARIO-BASED; VERIFY WITH OFFICIAL SURVEILLANCE
2031-09,1204717000,Cotabato,ALEOSAN,0.1619824322810512,10.630484485205564,NOT_SIGNIFICANT,0,0,57.00146443039987,MODERATE,52.248047925745894,NEIGHBOR_INFECTIOUS_PRESSURE,DYNAMIC SPATIOTEMPORAL WATCH,SCENARIO-BASED; VERIFY WITH OFFICIAL SURVEILLANCE
2031-09,1206311000,South Cotabato,NORALA,0.2824305682348331,16.858096690019664,HOT_SPOT_95,1,4,56.069022731310255,MODERATE,40.51355368200907,STATISTICAL_HOTSPOT+CONNECTED_HOTSPOT_CLUSTER,DYNAMIC SPATIOTEMPORAL WATCH,SCENARIO-BASED; VERIFY WITH OFFICIAL SURVEILLANCE
2031-09,1204705000,Cotabato,LIBUNGAN,0.37060543692373293,10.964226527784431,NOT_SIGNIFICANT,0,0,54.364172947660116,MODERATE,43.385536920094296,NEIGHBOR_INFECTIOUS_PRESSURE,DYNAMIC SPATIOTEMPORAL WATCH,SCENARIO-BASED; VERIFY WITH OFFICIAL SURVEILLANCE
2031-09,1206511000,Sultan Kudarat,TACURONG,0.8147620825297287,17.85819541645558,HOT_SPOT_95,1,4,51.82130324862846,MODERATE,38.49068303393844,STATISTICAL_HOTSPOT+CONNECTED_HOTSPOT_CLUSTER,DYNAMIC SPATIOTEMPORAL WATCH,SCENARIO-BASED; VERIFY WITH OFFICIAL SURVEILLANCE
2031-09,1204716000,Cotabato,BANISILAN,0.14059935531289566,5.2495792882933925,NOT_SIGNIFICANT,0,0,41.239275850793064,LOW,44.62551336060176,NEIGHBOR_INFECTIOUS_PRESSURE,DYNAMIC SPATIOTEMPORAL WATCH,SCENARIO-BASED; VERIFY WITH OFFICIAL SURVEILLANCE
2031-09,1204702000,Cotabato,CARMEN,0.15142107720699233,4.337903553038499,NOT_SIGNIFICANT,0,0,39.79263094262845,LOW,49.97080005589376,NEIGHBOR_INFECTIOUS_PRESSURE,DYNAMIC SPATIOTEMPORAL WATCH,SCENARIO-BASED; VERIFY WITH OFFICIAL SURVEILLANCE
2031-09,1206302000,South Cotabato,BANGA,0.19908615001221858,4.837931367672977,HOT_SPOT_95,1,4,33.13186557917067,LOW,22.68264265612428,STATISTICAL_HOTSPOT+CONNECTED_HOTSPOT_CLUSTER,DYNAMIC SPATIOTEMPORAL WATCH,SCENARIO-BASED; VERIFY WITH OFFICIAL SURVEILLANCE
2031-10,1206311000,South Cotabato,NORALA,0.8099314502679776,16.7916053752807,HOT_SPOT_95,1,4,63.93865190218515,MODERATE,45.761120541013454,STATISTICAL_HOTSPOT+CONNECTED_HOTSPOT_CLUSTER,DYNAMIC SPATIOTEMPORAL WATCH,SCENARIO-BASED; VERIFY WITH OFFICIAL SURVEILLANCE
2031-10,1204711000,Cotabato,PIGKAWAYAN,0.5191689305458993,8.905632750146387,NOT_SIGNIFICANT,0,0,61.65244338746968,MODERATE,61.35019767039675,NEIGHBOR_INFECTIOUS_PRESSURE,DYNAMIC SPATIOTEMPORAL WATCH,SCENARIO-BASED; VERIFY WITH OFFICIAL SURVEILLANCE
2031-10,1204717000,Cotabato,ALEOSAN,0.22947179609229612,10.673321738081643,NOT_SIGNIFICANT,0,0,55.00473887913016,MODERATE,52.408306463272936,NEIGHBOR_INFECTIOUS_PRESSURE,DYNAMIC SPATIOTEMPORAL WATCH,SCENARIO-BASED; VERIFY WITH OFFICIAL SURVEILLANCE
2031-10,1204705000,Cotabato,LIBUNGAN,0.6468510060795964,11.010665214018456,NOT_SIGNIFICANT,0,0,53.91529396314338,MODERATE,43.159117289096784,NEIGHBOR_INFECTIOUS_PRESSURE,DYNAMIC SPATIOTEMPORAL WATCH,SCENARIO-BASED; VERIFY WITH OFFICIAL SURVEILLANCE
2031-10,1204712000,Cotabato,PIKIT,0.47051444646052243,5.277762514290455,NOT_SIGNIFICANT,0,0,52.600190432555614,MODERATE,58.67454037609903,NEIGHBOR_INFECTIOUS_PRESSURE,DYNAMIC SPATIOTEMPORAL WATCH,SCENARIO-BASED; VERIFY WITH OFFICIAL SURVEILLANCE
2031-10,1204701000,Cotabato,ALAMADA,0.35471206447326137,6.130966001666412,NOT_SIGNIFICANT,0,0,51.753884391492456,MODERATE,58.82303929280884,NEIGHBOR_INFECTIOUS_PRESSURE,DYNAMIC SPATIOTEMPORAL WATCH,SCENARIO-BASED; VERIFY WITH OFFICIAL SURVEILLANCE
2031-10,1206315000,South Cotabato,TANTANGAN,0.1590232593830075,13.752606108801936,HOT_SPOT_99,1,4,45.43949978282035,MODERATE,33.66970320982003,STATISTICAL_HOTSPOT+CONNECTED_HOTSPOT_CLUSTER,DYNAMIC SPATIOTEMPORAL WATCH,SCENARIO-BASED; VERIFY WITH OFFICIAL SURVEILLANCE
2031-10,1204702000,Cotabato,CARMEN,0.2387760792554694,4.373263028574311,NOT_SIGNIFICANT,0,0,40.87808155012852,LOW,52.27935838840874,NEIGHBOR_INFECTIOUS_PRESSURE,DYNAMIC SPATIOTEMPORAL WATCH,SCENARIO-BASED; VERIFY WITH OFFICIAL SURVEILLANCE
2031-10,1204716000,Cotabato,BANISILAN,0.1935522790407088,5.302664275401502,NOT_SIGNIFICANT,0,0,39.61998441929693,LOW,44.61186863312218,NEIGHBOR_INFECTIOUS_PRESSURE,DYNAMIC SPATIOTEMPORAL WATCH,SCENARIO-BASED; VERIFY WITH OFFICIAL SURVEILLANCE
2031-10,1206302000,South Cotabato,BANGA,0.40866761251238926,4.2041137298751785,HOT_SPOT_95,1,4,38.133045490852034,LOW,23.010364104586298,STATISTICAL_HOTSPOT+CONNECTED_HOTSPOT_CLUSTER,DYNAMIC SPATIOTEMPORAL WATCH,SCENARIO-BASED; VERIFY WITH OFFICIAL SURVEILLANCE
2031-11,1204711000,Cotabato,PIGKAWAYAN,0.9551114408296429,9.179821480176109,NOT_SIGNIFICANT,0,0,71.13519605090785,HIGH,66.5180615128181,TRANSMISSION_PRESSURE_PROXY+NEIGHBOR_INFECTIOUS_PRESSURE,DYNAMIC SPATIOTEMPORAL WATCH,SCENARIO-BASED; VERIFY WITH OFFICIAL SURVEILLANCE
2031-11,1204717000,Cotabato,ALEOSAN,0.5545736039339878,10.833634165686357,NOT_SIGNIFICANT,0,0,70.34362167002718,HIGH,63.396461626840285,TRANSMISSION_PRESSURE_PROXY+NEIGHBOR_INFECTIOUS_PRESSURE,DYNAMIC SPATIOTEMPORAL WATCH,SCENARIO-BASED; VERIFY WITH OFFICIAL SURVEILLANCE
2031-11,1206311000,South Cotabato,NORALA,1.7236419828658205,16.959309624666233,HOT_SPOT_95,1,5,64.10307969942312,MODERATE,45.4759798907307,STATISTICAL_HOTSPOT+CONNECTED_HOTSPOT_CLUSTER,DYNAMIC SPATIOTEMPORAL WATCH,SCENARIO-BASED; VERIFY WITH OFFICIAL SURVEILLANCE
2031-11,1204701000,Cotabato,ALAMADA,0.6876674618444553,6.274652967688575,NOT_SIGNIFICANT,0,0,59.34541817334167,MODERATE,64.08791089600375,NEIGHBOR_INFECTIOUS_PRESSURE,DYNAMIC SPATIOTEMPORAL WATCH,SCENARIO-BASED; VERIFY WITH OFFICIAL SURVEILLANCE
2031-11,1206315000,South Cotabato,TANTANGAN,0.4381892715239073,11.213018073362699,HOT_SPOT_95,1,5,54.15103896720834,MODERATE,36.014169565594614,STATISTICAL_HOTSPOT+CONNECTED_HOTSPOT_CLUSTER,DYNAMIC SPATIOTEMPORAL WATCH,SCENARIO-BASED; VERIFY WITH OFFICIAL SURVEILLANCE
2031-11,1204705000,Cotabato,LIBUNGAN,0.6711459088662494,11.064439411456542,NOT_SIGNIFICANT,0,0,51.55036766552066,MODERATE,41.885304050143375,NEIGHBOR_INFECTIOUS_PRESSURE,DYNAMIC SPATIOTEMPORAL WATCH,SCENARIO-BASED; VERIFY WITH OFFICIAL SURVEILLANCE
2031-11,1204712000,Cotabato,PIKIT,0.43643096401668935,5.387116911736844,NOT_SIGNIFICANT,0,0,48.58449605112994,MODERATE,56.07109951374694,NEIGHBOR_INFECTIOUS_PRESSURE,DYNAMIC SPATIOTEMPORAL WATCH,SCENARIO-BASED; VERIFY WITH OFFICIAL SURVEILLANCE
2031-11,1204702000,Cotabato,CARMEN,0.29153952573557473,4.417908918137881,NOT_SIGNIFICANT,0,0,43.29704193422556,LOW,54.000275647745795,NEIGHBOR_INFECTIOUS_PRESSURE,DYNAMIC SPATIOTEMPORAL WATCH,SCENARIO-BASED; VERIFY WITH OFFICIAL SURVEILLANCE
2031-11,1204716000,Cotabato,BANISILAN,0.2386877359581868,5.3686900041347165,NOT_SIGNIFICANT,0,0,41.75373469056994,LOW,47.18308019444543,NEIGHBOR_INFECTIOUS_PRESSURE,DYNAMIC SPATIOTEMPORAL WATCH,SCENARIO-BASED; VERIFY WITH OFFICIAL SURVEILLANCE
2031-11,1206302000,South Cotabato,BANGA,0.4450172097842601,4.19668622959181,HOT_SPOT_95,1,5,34.08842180142124,LOW,20.903173120980483,STATISTICAL_HOTSPOT+CONNECTED_HOTSPOT_CLUSTER,DYNAMIC SPATIOTEMPORAL WATCH,SCENARIO-BASED; VERIFY WITH OFFICIAL SURVEILLANCE
2031-12,1204717000,Cotabato,ALEOSAN,0.18336541629112216,10.946100705299349,NOT_SIGNIFICANT,0,0,65.72082703832871,HIGH,59.006768605423886,TRANSMISSION_PRESSURE_PROXY+NEIGHBOR_INFECTIOUS_PRESSURE,DYNAMIC SPATIOTEMPORAL WATCH,SCENARIO-BASED; VERIFY WITH OFFICIAL SURVEILLANCE
2031-12,1204711000,Cotabato,PIGKAWAYAN,0.2894923410892628,9.337233057268019,NOT_SIGNIFICANT,0,0,64.16012307625945,MODERATE,60.49035508387661,NEIGHBOR_INFECTIOUS_PRESSURE,DYNAMIC SPATIOTEMPORAL WATCH,SCENARIO-BASED; VERIFY WITH OFFICIAL SURVEILLANCE
2031-12,1204701000,Cotabato,ALAMADA,0.2664999971610131,6.381111649690447,NOT_SIGNIFICANT,0,0,60.832777811285666,MODERATE,63.33990157962913,NEIGHBOR_INFECTIOUS_PRESSURE,DYNAMIC SPATIOTEMPORAL WATCH,SCENARIO-BASED; VERIFY WITH OFFICIAL SURVEILLANCE
2031-12,1204705000,Cotabato,LIBUNGAN,0.35504574404942707,11.154677382250787,NOT_SIGNIFICANT,0,0,58.29392492350047,MODERATE,45.640973791807454,NEIGHBOR_INFECTIOUS_PRESSURE,DYNAMIC SPATIOTEMPORAL WATCH,SCENARIO-BASED; VERIFY WITH OFFICIAL SURVEILLANCE
2031-12,1204712000,Cotabato,PIKIT,0.22331963110991043,5.477143207471305,NOT_SIGNIFICANT,0,0,55.596553246319594,MODERATE,58.74022216093171,NEIGHBOR_INFECTIOUS_PRESSURE,DYNAMIC SPATIOTEMPORAL WATCH,SCENARIO-BASED; VERIFY WITH OFFICIAL SURVEILLANCE
2031-12,1206311000,South Cotabato,NORALA,0.39918616188631717,17.009364647711294,HOT_SPOT_95,1,5,50.740175305695445,MODERATE,37.14937536736369,STATISTICAL_HOTSPOT+CONNECTED_HOTSPOT_CLUSTER,DYNAMIC SPATIOTEMPORAL WATCH,SCENARIO-BASED; VERIFY WITH OFFICIAL SURVEILLANCE
2031-12,1204716000,Cotabato,BANISILAN,0.12352526930028665,5.432198103549454,NOT_SIGNIFICANT,0,0,50.2212445494622,MODERATE,52.225973282194126,NEIGHBOR_INFECTIOUS_PRESSURE,DYNAMIC SPATIOTEMPORAL WATCH,SCENARIO-BASED; VERIFY WITH OFFICIAL SURVEILLANCE
2031-12,1204702000,Cotabato,CARMEN,0.15486885082257384,4.464140474985157,NOT_SIGNIFICANT,0,0,49.57249742025587,MODERATE,57.846411177493465,NEIGHBOR_INFECTIOUS_PRESSURE,DYNAMIC SPATIOTEMPORAL WATCH,SCENARIO-BASED; VERIFY WITH OFFICIAL SURVEILLANCE
2031-12,1206315000,South Cotabato,TANTANGAN,0.09996968349956038,10.741875489767448,HOT_SPOT_95,1,5,38.91087622901295,LOW,26.70453456809235,STATISTICAL_HOTSPOT+CONNECTED_HOTSPOT_CLUSTER,DYNAMIC SPATIOTEMPORAL WATCH,SCENARIO-BASED; VERIFY WITH OFFICIAL SURVEILLANCE
2032-01,1204701000,Cotabato,ALAMADA,0.23531036932523025,6.4778176601779665,NOT_SIGNIFICANT,0,0,70.32855379322018,HIGH,67.35172549602541,TRANSMISSION_PRESSURE_PROXY+NEIGHBOR_INFECTIOUS_PRESSURE,DYNAMIC SPATIOTEMPORAL WATCH,SCENARIO-BASED; VERIFY WITH OFFICIAL SURVEILLANCE
2032-01,1204711000,Cotabato,PIGKAWAYAN,0.19132253346218023,9.434160692776944,NOT_SIGNIFICANT,0,0,70.08071203556295,HIGH,63.046476765039486,TRANSMISSION_PRESSURE_PROXY+NEIGHBOR_INFECTIOUS_PRESSURE,DYNAMIC SPATIOTEMPORAL WATCH,SCENARIO-BASED; VERIFY WITH OFFICIAL SURVEILLANCE
2032-01,1204717000,Cotabato,ALEOSAN,0.11342244286185413,11.00847795666524,NOT_SIGNIFICANT,0,0,68.09122372789341,HIGH,58.612934403984035,TRANSMISSION_PRESSURE_PROXY+NEIGHBOR_INFECTIOUS_PRESSURE,DYNAMIC SPATIOTEMPORAL WATCH,SCENARIO-BASED; VERIFY WITH OFFICIAL SURVEILLANCE
2032-01,1204705000,Cotabato,LIBUNGAN,0.6483373814758283,11.434369694504436,NOT_SIGNIFICANT,0,0,65.65346542068639,HIGH,49.97778561446046,TRANSMISSION_PRESSURE_PROXY+NEIGHBOR_INFECTIOUS_PRESSURE,DYNAMIC SPATIOTEMPORAL WATCH,SCENARIO-BASED; VERIFY WITH OFFICIAL SURVEILLANCE
2032-01,1208005000,Sarangani,MAITUM,0.335132099660039,8.930569341458622,NOT_SIGNIFICANT,0,0,65.45488596626596,HIGH,61.56401280968604,TRANSMISSION_PRESSURE_PROXY,DYNAMIC SPATIOTEMPORAL WATCH,SCENARIO-BASED; VERIFY WITH OFFICIAL SURVEILLANCE
2032-01,1204712000,Cotabato,PIKIT,0.16187550389950142,5.543851776031376,NOT_SIGNIFICANT,0,0,61.264035343718206,MODERATE,61.451830223848404,NEIGHBOR_INFECTIOUS_PRESSURE,DYNAMIC SPATIOTEMPORAL WATCH,SCENARIO-BASED; VERIFY WITH OFFICIAL SURVEILLANCE
2032-01,1204716000,Cotabato,BANISILAN,0.11902789780968068,5.49989950477545,NOT_SIGNIFICANT,0,0,57.3135470440653,MODERATE,55.827583350026,NEIGHBOR_INFECTIOUS_PRESSURE,DYNAMIC SPATIOTEMPORAL WATCH,SCENARIO-BASED; VERIFY WITH OFFICIAL SURVEILLANCE
2032-01,1204702000,Cotabato,CARMEN,0.13420247612261438,4.508562037159382,NOT_SIGNIFICANT,0,0,55.20801418649113,MODERATE,60.64620360062011,NEIGHBOR_INFECTIOUS_PRESSURE,DYNAMIC SPATIOTEMPORAL WATCH,SCENARIO-BASED; VERIFY WITH OFFICIAL SURVEILLANCE
2032-01,1206311000,South Cotabato,NORALA,0.18232711919532943,16.950470792799937,HOT_SPOT_95,1,5,51.687115497273886,MODERATE,35.28566571762508,STATISTICAL_HOTSPOT+CONNECTED_HOTSPOT_CLUSTER,DYNAMIC SPATIOTEMPORAL WATCH,SCENARIO-BASED; VERIFY WITH OFFICIAL SURVEILLANCE
2032-01,1206315000,South Cotabato,TANTANGAN,0.0938373439270743,10.583217377637656,HOT_SPOT_95,1,5,46.90045619408256,MODERATE,31.018833771061786,STATISTICAL_HOTSPOT+CONNECTED_HOTSPOT_CLUSTER,DYNAMIC SPATIOTEMPORAL WATCH,SCENARIO-BASED; VERIFY WITH OFFICIAL SURVEILLANCE
2032-02,1204717000,Cotabato,ALEOSAN,0.9981796890061324,11.38549138686687,NOT_SIGNIFICANT,0,0,76.69829926483932,HIGH,65.66265209699253,TRANSMISSION_PRESSURE_PROXY+NEIGHBOR_INFECTIOUS_PRESSURE,DYNAMIC SPATIOTEMPORAL WATCH,SCENARIO-BASED; VERIFY WITH OFFICIAL SURVEILLANCE
2032-02,1204705000,Cotabato,LIBUNGAN,1.024845268445315,11.584011231846226,NOT_SIGNIFICANT,0,0,61.22019605497269,MODERATE,47.71836767118984,NEIGHBOR_INFECTIOUS_PRESSURE,DYNAMIC SPATIOTEMPORAL WATCH,SCENARIO-BASED; VERIFY WITH OFFICIAL SURVEILLANCE
2032-02,1204711000,Cotabato,PIGKAWAYAN,0.3446432506334466,9.483837636160704,NOT_SIGNIFICANT,0,0,61.057444400493566,MODERATE,60.11495105668318,NEIGHBOR_INFECTIOUS_PRESSURE,DYNAMIC SPATIOTEMPORAL WATCH,SCENARIO-BASED; VERIFY WITH OFFICIAL SURVEILLANCE
2032-02,1204702000,Cotabato,CARMEN,0.7251410258619015,4.644104935534796,NOT_SIGNIFICANT,0,0,55.118745894968335,MODERATE,61.50926954324403,NEIGHBOR_INFECTIOUS_PRESSURE,DYNAMIC SPATIOTEMPORAL WATCH,SCENARIO-BASED; VERIFY WITH OFFICIAL SURVEILLANCE
2032-02,1204712000,Cotabato,PIKIT,0.4253465657438146,5.617159129539183,NOT_SIGNIFICANT,0,0,54.936773157114175,MODERATE,60.28409811260564,NEIGHBOR_INFECTIOUS_PRESSURE,DYNAMIC SPATIOTEMPORAL WATCH,SCENARIO-BASED; VERIFY WITH OFFICIAL SURVEILLANCE
2032-02,1204701000,Cotabato,ALAMADA,0.3736940752726242,6.536841938557583,NOT_SIGNIFICANT,0,0,54.69650237596394,MODERATE,59.560929078915606,NEIGHBOR_INFECTIOUS_PRESSURE,DYNAMIC SPATIOTEMPORAL WATCH,SCENARIO-BASED; VERIFY WITH OFFICIAL SURVEILLANCE
2032-02,1204716000,Cotabato,BANISILAN,0.23660301072770729,5.552838316216424,NOT_SIGNIFICANT,0,0,47.07716857336584,MODERATE,50.583949281877096,NEIGHBOR_INFECTIOUS_PRESSURE,DYNAMIC SPATIOTEMPORAL WATCH,SCENARIO-BASED; VERIFY WITH OFFICIAL SURVEILLANCE
2032-03,1204711000,Cotabato,PIGKAWAYAN,0.9685609872275933,9.769091269284516,NOT_SIGNIFICANT,0,0,81.20888476666359,CRITICAL,72.09233652998925,TRANSMISSION_PRESSURE_PROXY+TESTING_CENTER_GAP+NEIGHBOR_INFECTIOUS_PRESSURE,DYNAMIC SPATIOTEMPORAL WATCH,SCENARIO-BASED; VERIFY WITH OFFICIAL SURVEILLANCE
2032-03,1204709000,Cotabato,MIDSAYAP,2.780567789589386,10.904934686045646,NOT_SIGNIFICANT,0,0,66.83527695622959,HIGH,47.83564894131875,TRANSMISSION_PRESSURE_PROXY+NEIGHBOR_INFECTIOUS_PRESSURE,DYNAMIC SPATIOTEMPORAL WATCH,SCENARIO-BASED; VERIFY WITH OFFICIAL SURVEILLANCE
2032-03,1204717000,Cotabato,ALEOSAN,0.6074088145620041,11.760579284739574,NOT_SIGNIFICANT,0,0,65.32575093263833,HIGH,58.783167126137585,TRANSMISSION_PRESSURE_PROXY+NEIGHBOR_INFECTIOUS_PRESSURE,DYNAMIC SPATIOTEMPORAL WATCH,SCENARIO-BASED; VERIFY WITH OFFICIAL SURVEILLANCE
2032-03,1204701000,Cotabato,ALAMADA,0.5907961821008204,6.70333852115322,NOT_SIGNIFICANT,0,0,62.1157960854304,MODERATE,64.11097816003961,NEIGHBOR_INFECTIOUS_PRESSURE,DYNAMIC SPATIOTEMPORAL WATCH,SCENARIO-BASED; VERIFY WITH OFFICIAL SURVEILLANCE
2032-03,1204705000,Cotabato,LIBUNGAN,1.0622323096031354,11.850603203198018,NOT_SIGNIFICANT,0,0,60.06587059604881,MODERATE,45.17338270490997,NEIGHBOR_INFECTIOUS_PRESSURE,DYNAMIC SPATIOTEMPORAL WATCH,SCENARIO-BASED; VERIFY WITH OFFICIAL SURVEILLANCE
2032-03,1204712000,Cotabato,PIKIT,0.5404789646986077,5.793257281560996,NOT_SIGNIFICANT,0,0,57.910760492196204,MODERATE,60.943498632517034,NEIGHBOR_INFECTIOUS_PRESSURE,DYNAMIC SPATIOTEMPORAL WATCH,SCENARIO-BASED; VERIFY WITH OFFICIAL SURVEILLANCE
2032-03,1204702000,Cotabato,CARMEN,0.8462850919596393,4.861911130009066,NOT_SIGNIFICANT,0,0,55.36717038324793,MODERATE,59.94861931585688,NEIGHBOR_INFECTIOUS_PRESSURE,DYNAMIC SPATIOTEMPORAL WATCH,SCENARIO-BASED; VERIFY WITH OFFICIAL SURVEILLANCE
2032-03,1204716000,Cotabato,BANISILAN,0.30287467137018387,5.679602084015716,NOT_SIGNIFICANT,0,0,49.04637187639302,MODERATE,50.84415311825563,NEIGHBOR_INFECTIOUS_PRESSURE,DYNAMIC SPATIOTEMPORAL WATCH,SCENARIO-BASED; VERIFY WITH OFFICIAL SURVEILLANCE
2032-04,1204701000,Cotabato,ALAMADA,1.1740628451343946,7.016911641926137,NOT_SIGNIFICANT,0,0,77.76597933523695,HIGH,72.04374853656843,TRANSMISSION_PRESSURE_PROXY+TESTING_CENTER_GAP+NEIGHBOR_INFECTIOUS_PRESSURE,DYNAMIC SPATIOTEMPORAL WATCH,SCENARIO-BASED; VERIFY WITH OFFICIAL SURVEILLANCE
2032-04,1204711000,Cotabato,PIGKAWAYAN,0.6383310406391494,10.098649985147759,NOT_SIGNIFICANT,0,0,74.42283463248287,HIGH,68.59030371253387,TRANSMISSION_PRESSURE_PROXY+NEIGHBOR_INFECTIOUS_PRESSURE,DYNAMIC SPATIOTEMPORAL WATCH,SCENARIO-BASED; VERIFY WITH OFFICIAL SURVEILLANCE
2032-04,1204717000,Cotabato,ALEOSAN,0.40212808766311214,12.025906421029806,NOT_SIGNIFICANT,0,0,69.74281969033103,HIGH,61.05947141006236,TRANSMISSION_PRESSURE_PROXY+NEIGHBOR_INFECTIOUS_PRESSURE,DYNAMIC SPATIOTEMPORAL WATCH,SCENARIO-BASED; VERIFY WITH OFFICIAL SURVEILLANCE
2032-04,1204706000,Cotabato,MAGPET,1.0714126219972713,8.756558875094536,NOT_SIGNIFICANT,0,0,69.2550724367488,HIGH,65.08860452352147,TRANSMISSION_PRESSURE_PROXY,DYNAMIC SPATIOTEMPORAL WATCH,SCENARIO-BASED; VERIFY WITH OFFICIAL SURVEILLANCE
2032-04,1208005000,Sarangani,MAITUM,0.7286180582978897,9.533731642724218,NOT_SIGNIFICANT,0,0,68.53997578072044,HIGH,64.91859390404025,TRANSMISSION_PRESSURE_PROXY,DYNAMIC SPATIOTEMPORAL WATCH,SCENARIO-BASED; VERIFY WITH OFFICIAL SURVEILLANCE
2032-04,1204705000,Cotabato,LIBUNGAN,0.8071020508549599,12.104705607633093,NOT_SIGNIFICANT,0,0,62.88114460720667,MODERATE,47.59085459638801,NEIGHBOR_INFECTIOUS_PRESSURE,DYNAMIC SPATIOTEMPORAL WATCH,SCENARIO-BASED; VERIFY WITH OFFICIAL SURVEILLANCE
2032-04,1204712000,Cotabato,PIKIT,0.5019125744641099,6.002645341103391,NOT_SIGNIFICANT,0,0,62.687544299350286,MODERATE,63.44768272849982,NEIGHBOR_INFECTIOUS_PRESSURE,DYNAMIC SPATIOTEMPORAL WATCH,SCENARIO-BASED; VERIFY WITH OFFICIAL SURVEILLANCE
2032-04,1204710000,Cotabato,M'LANG,1.2655551711020931,11.526836896504092,HOT_SPOT_90,1,2,55.39846824980133,MODERATE,42.958334978206146,CONNECTED_HOTSPOT_CLUSTER,DYNAMIC SPATIOTEMPORAL WATCH,SCENARIO-BASED; VERIFY WITH OFFICIAL SURVEILLANCE
2032-04,1204716000,Cotabato,BANISILAN,0.30200176169862153,5.8364137897795505,NOT_SIGNIFICANT,0,0,54.60160925787859,MODERATE,54.078903524637255,NEIGHBOR_INFECTIOUS_PRESSURE,DYNAMIC SPATIOTEMPORAL WATCH,SCENARIO-BASED; VERIFY WITH OFFICIAL SURVEILLANCE
2032-04,1204702000,Cotabato,CARMEN,0.49134879941276216,5.05504797158591,NOT_SIGNIFICANT,0,0,50.794155652934705,MODERATE,55.78534224275013,NEIGHBOR_INFECTIOUS_PRESSURE,DYNAMIC SPATIOTEMPORAL WATCH,SCENARIO-BASED; VERIFY WITH OFFICIAL SURVEILLANCE
2032-05,1204711000,Cotabato,PIGKAWAYAN,0.4020741792562656,10.30251794574349,NOT_SIGNIFICANT,0,0,85.01759651805946,CRITICAL,73.2097614834581,TRANSMISSION_PRESSURE_PROXY+TESTING_CENTER_GAP+NEIGHBOR_INFECTIOUS_PRESSURE,DYNAMIC SPATIOTEMPORAL WATCH,SCENARIO-BASED; VERIFY WITH OFFICIAL SURVEILLANCE
2032-05,1204717000,Cotabato,ALEOSAN,0.29879192927458065,12.200963786151666,NOT_SIGNIFICANT,0,0,80.91967914608,CRITICAL,65.67061816096704,TRANSMISSION_PRESSURE_PROXY+NEIGHBOR_INFECTIOUS_PRESSURE,DYNAMIC SPATIOTEMPORAL WATCH,SCENARIO-BASED; VERIFY WITH OFFICIAL SURVEILLANCE
2032-05,1204705000,Cotabato,LIBUNGAN,0.577589881158077,12.280839423425089,NOT_SIGNIFICANT,0,0,75.50530385304116,HIGH,54.591849086480806,TRANSMISSION_PRESSURE_PROXY+NEIGHBOR_INFECTIOUS_PRESSURE,DYNAMIC SPATIOTEMPORAL WATCH,SCENARIO-BASED; VERIFY WITH OFFICIAL SURVEILLANCE
2032-05,1204701000,Cotabato,ALAMADA,0.4628342459664049,7.238007708975874,NOT_SIGNIFICANT,0,0,74.52898198037157,HIGH,71.78543581380396,TRANSMISSION_PRESSURE_PROXY+TESTING_CENTER_GAP+NEIGHBOR_INFECTIOUS_PRESSURE,DYNAMIC SPATIOTEMPORAL WATCH,SCENARIO-BASED; VERIFY WITH OFFICIAL SURVEILLANCE
2032-05,1204712000,Cotabato,PIKIT,0.34110782540794254,6.153423858227528,NOT_SIGNIFICANT,0,0,72.44703926139874,HIGH,69.23132433899909,TRANSMISSION_PRESSURE_PROXY+NEIGHBOR_INFECTIOUS_PRESSURE,DYNAMIC SPATIOTEMPORAL WATCH,SCENARIO-BASED; VERIFY WITH OFFICIAL SURVEILLANCE
2032-05,1208005000,Sarangani,MAITUM,0.3228324567808476,9.746052848273282,NOT_SIGNIFICANT,0,0,67.74377571287545,HIGH,64.58163411264977,TRANSMISSION_PRESSURE_PROXY,DYNAMIC SPATIOTEMPORAL WATCH,SCENARIO-BASED; VERIFY WITH OFFICIAL SURVEILLANCE
2032-05,1204716000,Cotabato,BANISILAN,0.17878006638312002,5.94568087590968,NOT_SIGNIFICANT,0,0,60.97788931099658,MODERATE,58.02692344421875,NEIGHBOR_INFECTIOUS_PRESSURE,DYNAMIC SPATIOTEMPORAL WATCH,SCENARIO-BASED; VERIFY WITH OFFICIAL SURVEILLANCE
2032-05,1204710000,Cotabato,M'LANG,0.6539329047943031,11.537491786739647,HOT_SPOT_95,1,3,55.59720681962478,MODERATE,43.108546750942295,STATISTICAL_HOTSPOT+CONNECTED_HOTSPOT_CLUSTER,DYNAMIC SPATIOTEMPORAL WATCH,SCENARIO-BASED; VERIFY WITH OFFICIAL SURVEILLANCE
2032-05,1204702000,Cotabato,CARMEN,0.23878285864472298,5.153912461593116,NOT_SIGNIFICANT,0,0,53.96444996172461,MODERATE,57.13244992718316,NEIGHBOR_INFECTIOUS_PRESSURE,DYNAMIC SPATIOTEMPORAL WATCH,SCENARIO-BASED; VERIFY WITH OFFICIAL SURVEILLANCE
2032-06,1204717000,Cotabato,ALEOSAN,0.41778585310138633,12.374919593856994,NOT_SIGNIFICANT,0,0,83.61448984280693,CRITICAL,68.6132641454379,TRANSMISSION_PRESSURE_PROXY+NEIGHBOR_INFECTIOUS_PRESSURE,DYNAMIC SPATIOTEMPORAL WATCH,SCENARIO-BASED; VERIFY WITH OFFICIAL SURVEILLANCE
2032-06,1204711000,Cotabato,PIGKAWAYAN,0.511519044206768,10.492190042425152,NOT_SIGNIFICANT,0,0,80.07439838581486,CRITICAL,69.84598731047295,TRANSMISSION_PRESSURE_PROXY+NEIGHBOR_INFECTIOUS_PRESSURE,DYNAMIC SPATIOTEMPORAL WATCH,SCENARIO-BASED; VERIFY WITH OFFICIAL SURVEILLANCE
2032-06,1204705000,Cotabato,LIBUNGAN,0.6147185008680547,12.37913639289299,NOT_SIGNIFICANT,0,0,69.54827757819098,HIGH,51.52569759059237,TRANSMISSION_PRESSURE_PROXY+NEIGHBOR_INFECTIOUS_PRESSURE,DYNAMIC SPATIOTEMPORAL WATCH,SCENARIO-BASED; VERIFY WITH OFFICIAL SURVEILLANCE
2032-06,1204702000,Cotabato,CARMEN,0.7560398624150958,5.321745346239322,NOT_SIGNIFICANT,0,0,68.21292597200443,HIGH,66.21935896933492,TRANSMISSION_PRESSURE_PROXY+NEIGHBOR_INFECTIOUS_PRESSURE,DYNAMIC SPATIOTEMPORAL WATCH,SCENARIO-BASED; VERIFY WITH OFFICIAL SURVEILLANCE
2032-06,1204712000,Cotabato,PIKIT,0.4492591457612111,6.310776734925554,NOT_SIGNIFICANT,0,0,67.31514894044737,HIGH,66.62981941095701,TRANSMISSION_PRESSURE_PROXY+NEIGHBOR_INFECTIOUS_PRESSURE,DYNAMIC SPATIOTEMPORAL WATCH,SCENARIO-BASED; VERIFY WITH OFFICIAL SURVEILLANCE
2032-06,1204701000,Cotabato,ALAMADA,0.46219833613040456,7.409057462442952,NOT_SIGNIFICANT,0,0,67.10523071386253,HIGH,66.03206841314407,TRANSMISSION_PRESSURE_PROXY+NEIGHBOR_INFECTIOUS_PRESSURE,DYNAMIC SPATIOTEMPORAL WATCH,SCENARIO-BASED; VERIFY WITH OFFICIAL SURVEILLANCE
2032-06,1204704000,Cotabato,KIDAPAWAN,2.2209376868548483,13.198015631370172,HOT_SPOT_90,1,3,62.33829989238935,MODERATE,52.16346061388942,CONNECTED_HOTSPOT_CLUSTER,DYNAMIC SPATIOTEMPORAL WATCH,SCENARIO-BASED; VERIFY WITH OFFICIAL SURVEILLANCE
2032-06,1204710000,Cotabato,M'LANG,1.1375693881716642,11.511081806467693,HOT_SPOT_95,1,3,59.65447728362284,MODERATE,44.99690856044437,STATISTICAL_HOTSPOT+CONNECTED_HOTSPOT_CLUSTER,DYNAMIC SPATIOTEMPORAL WATCH,SCENARIO-BASED; VERIFY WITH OFFICIAL SURVEILLANCE
2032-06,1204716000,Cotabato,BANISILAN,0.2509645669859335,6.057730246946273,NOT_SIGNIFICANT,0,0,58.94418133230608,MODERATE,56.805977923166616,NEIGHBOR_INFECTIOUS_PRESSURE,DYNAMIC SPATIOTEMPORAL WATCH,SCENARIO-BASED; VERIFY WITH OFFICIAL SURVEILLANCE
2032-07,1204717000,Cotabato,ALEOSAN,0.964377677977191,12.85828195390415,NOT_SIGNIFICANT,0,0,87.75781555355599,CRITICAL,72.49267621153234,TRANSMISSION_PRESSURE_PROXY+TESTING_CENTER_GAP+NEIGHBOR_INFECTIOUS_PRESSURE,DYNAMIC SPATIOTEMPORAL WATCH,SCENARIO-BASED; VERIFY WITH OFFICIAL SURVEILLANCE
2032-07,1204711000,Cotabato,PIGKAWAYAN,0.5049147988325418,10.786078283216044,NOT_SIGNIFICANT,0,0,80.19993288486724,CRITICAL,72.10277963569726,TRANSMISSION_PRESSURE_PROXY+TESTING_CENTER_GAP+NEIGHBOR_INFECTIOUS_PRESSURE,DYNAMIC SPATIOTEMPORAL WATCH,SCENARIO-BASED; VERIFY WITH OFFICIAL SURVEILLANCE
2032-07,1204716000,Cotabato,BANISILAN,0.9167035092721355,6.438873846265165,NOT_SIGNIFICANT,0,0,72.54762971759887,HIGH,61.494733722910134,TRANSMISSION_PRESSURE_PROXY+NEIGHBOR_INFECTIOUS_PRESSURE,DYNAMIC SPATIOTEMPORAL WATCH,SCENARIO-BASED; VERIFY WITH OFFICIAL SURVEILLANCE
2032-07,1204705000,Cotabato,LIBUNGAN,0.622552681109532,12.62373178301598,HOT_SPOT_90,2,2,68.11900343335171,HIGH,52.96831527120349,TRANSMISSION_PRESSURE_PROXY+CONNECTED_HOTSPOT_CLUSTER+NEIGHBOR_INFECTIOUS_PRESSURE,DYNAMIC SPATIOTEMPORAL WATCH,SCENARIO-BASED; VERIFY WITH OFFICIAL SURVEILLANCE
2032-07,1204701000,Cotabato,ALAMADA,0.4799575578648692,7.65834735150573,NOT_SIGNIFICANT,0,0,68.01446292970209,HIGH,67.05248554050661,TRANSMISSION_PRESSURE_PROXY+NEIGHBOR_INFECTIOUS_PRESSURE,DYNAMIC SPATIOTEMPORAL WATCH,SCENARIO-BASED; VERIFY WITH OFFICIAL SURVEILLANCE
2032-07,1204712000,Cotabato,PIKIT,0.46749440445892276,6.569451086086587,NOT_SIGNIFICANT,0,0,67.87286697238166,HIGH,67.6167124602603,TRANSMISSION_PRESSURE_PROXY+NEIGHBOR_INFECTIOUS_PRESSURE,DYNAMIC SPATIOTEMPORAL WATCH,SCENARIO-BASED; VERIFY WITH OFFICIAL SURVEILLANCE
2032-07,1206509000,Sultan Kudarat,PALIMBANG,0.7577884266705747,5.471345873396072,NOT_SIGNIFICANT,0,0,66.94017003053516,HIGH,67.29357225267933,TRANSMISSION_PRESSURE_PROXY+NEIGHBOR_INFECTIOUS_PRESSURE,DYNAMIC SPATIOTEMPORAL WATCH,SCENARIO-BASED; VERIFY WITH OFFICIAL SURVEILLANCE
2032-07,1204702000,Cotabato,CARMEN,0.4767305844756896,5.56000777591306,NOT_SIGNIFICANT,0,0,59.08720134108226,MODERATE,62.96940916047743,NEIGHBOR_INFECTIOUS_PRESSURE,DYNAMIC SPATIOTEMPORAL WATCH,SCENARIO-BASED; VERIFY WITH OFFICIAL SURVEILLANCE
2032-07,1204707000,Cotabato,MAKILALA,0.9771295459429359,8.950932370082318,HOT_SPOT_95,1,3,58.71666913758587,MODERATE,51.5429212510205,STATISTICAL_HOTSPOT+CONNECTED_HOTSPOT_CLUSTER,DYNAMIC SPATIOTEMPORAL WATCH,SCENARIO-BASED; VERIFY WITH OFFICIAL SURVEILLANCE
2032-07,1204709000,Cotabato,MIDSAYAP,0.8529526371202585,11.407087770845193,HOT_SPOT_90,2,2,58.01616001067734,MODERATE,45.01143068172203,CONNECTED_HOTSPOT_CLUSTER+NEIGHBOR_INFECTIOUS_PRESSURE,DYNAMIC SPATIOTEMPORAL WATCH,SCENARIO-BASED; VERIFY WITH OFFICIAL SURVEILLANCE
2032-07,1204710000,Cotabato,M'LANG,0.902005402214592,11.55769911472149,HOT_SPOT_95,1,3,51.02610962925007,MODERATE,40.29569896398964,STATISTICAL_HOTSPOT+CONNECTED_HOTSPOT_CLUSTER,DYNAMIC SPATIOTEMPORAL WATCH,SCENARIO-BASED; VERIFY WITH OFFICIAL SURVEILLANCE
2032-08,1204701000,Cotabato,ALAMADA,0.64750454623649,7.89362891183329,NOT_SIGNIFICANT,0,0,79.9687214954678,HIGH,74.37524429777616,TRANSMISSION_PRESSURE_PROXY+TESTING_CENTER_GAP+NEIGHBOR_INFECTIOUS_PRESSURE,DYNAMIC SPATIOTEMPORAL WATCH,SCENARIO-BASED; VERIFY WITH OFFICIAL SURVEILLANCE
2032-08,1204711000,Cotabato,PIGKAWAYAN,0.4101821787083393,10.99989201857454,NOT_SIGNIFICANT,0,0,78.12332767851778,HIGH,70.00914552432067,TRANSMISSION_PRESSURE_PROXY+TESTING_CENTER_GAP+NEIGHBOR_INFECTIOUS_PRESSURE,DYNAMIC SPATIOTEMPORAL WATCH,SCENARIO-BASED; VERIFY WITH OFFICIAL SURVEILLANCE
2032-08,1204717000,Cotabato,ALEOSAN,0.46612997536105744,13.252358818651333,HOT_SPOT_90,2,3,75.83312955878849,HIGH,64.89789278642617,TRANSMISSION_PRESSURE_PROXY+CONNECTED_HOTSPOT_CLUSTER+NEIGHBOR_INFECTIOUS_PRESSURE,DYNAMIC SPATIOTEMPORAL WATCH,SCENARIO-BASED; VERIFY WITH OFFICIAL SURVEILLANCE
2032-08,1208005000,Sarangani,MAITUM,0.5169291993324422,10.47337100940266,NOT_SIGNIFICANT,0,0,74.22947989235593,HIGH,68.04972503240828,TRANSMISSION_PRESSURE_PROXY,DYNAMIC SPATIOTEMPORAL WATCH,SCENARIO-BASED; VERIFY WITH OFFICIAL SURVEILLANCE
2032-08,1204705000,Cotabato,LIBUNGAN,0.6320194614137793,12.785269503122546,HOT_SPOT_90,2,3,71.2876299781428,HIGH,52.608963163276144,TRANSMISSION_PRESSURE_PROXY+CONNECTED_HOTSPOT_CLUSTER+NEIGHBOR_INFECTIOUS_PRESSURE,DYNAMIC SPATIOTEMPORAL WATCH,SCENARIO-BASED; VERIFY WITH OFFICIAL SURVEILLANCE
2032-08,1204712000,Cotabato,PIKIT,0.49307070440004197,6.793981556348049,NOT_SIGNIFICANT,0,0,70.63491528736317,HIGH,67.97895557715182,TRANSMISSION_PRESSURE_PROXY+NEIGHBOR_INFECTIOUS_PRESSURE,DYNAMIC SPATIOTEMPORAL WATCH,SCENARIO-BASED; VERIFY WITH OFFICIAL SURVEILLANCE
2032-08,1204713000,Cotabato,PRESIDENT ROXAS,0.5902181475591356,8.716005734751885,NOT_SIGNIFICANT,0,0,69.07317444002,HIGH,64.64878905556441,TRANSMISSION_PRESSURE_PROXY,DYNAMIC SPATIOTEMPORAL WATCH,SCENARIO-BASED; VERIFY WITH OFFICIAL SURVEILLANCE
2032-08,1204716000,Cotabato,BANISILAN,0.46949260780406243,6.796767883331229,NOT_SIGNIFICANT,0,0,61.030676915581886,MODERATE,57.470814801411734,NEIGHBOR_INFECTIOUS_PRESSURE,DYNAMIC SPATIOTEMPORAL WATCH,SCENARIO-BASED; VERIFY WITH OFFICIAL SURVEILLANCE
2032-08,1204709000,Cotabato,MIDSAYAP,0.6418618138101377,11.38229139537797,HOT_SPOT_95,2,3,57.7981320619286,MODERATE,44.01784690242468,STATISTICAL_HOTSPOT+CONNECTED_HOTSPOT_CLUSTER+NEIGHBOR_INFECTIOUS_PRESSURE,DYNAMIC SPATIOTEMPORAL WATCH,SCENARIO-BASED; VERIFY WITH OFFICIAL SURVEILLANCE
2032-08,1204704000,Cotabato,KIDAPAWAN,1.3844835449807253,12.847094455454835,HOT_SPOT_90,1,3,57.60435460403873,MODERATE,47.830651561748354,CONNECTED_HOTSPOT_CLUSTER,DYNAMIC SPATIOTEMPORAL WATCH,SCENARIO-BASED; VERIFY WITH OFFICIAL SURVEILLANCE
2032-08,1204702000,Cotabato,CARMEN,0.34782325156423793,5.710724684707314,NOT_SIGNIFICANT,0,0,55.3248819832946,MODERATE,58.87484038621955,NEIGHBOR_INFECTIOUS_PRESSURE,DYNAMIC SPATIOTEMPORAL WATCH,SCENARIO-BASED; VERIFY WITH OFFICIAL SURVEILLANCE
2032-08,1204707000,Cotabato,MAKILALA,0.7430061059556061,9.062554027203378,HOT_SPOT_95,1,3,50.82814751889746,MODERATE,47.18382698028588,STATISTICAL_HOTSPOT+CONNECTED_HOTSPOT_CLUSTER,DYNAMIC SPATIOTEMPORAL WATCH,SCENARIO-BASED; VERIFY WITH OFFICIAL SURVEILLANCE
2032-08,1204710000,Cotabato,M'LANG,0.594831532989287,11.227866545747602,HOT_SPOT_95,1,3,48.32807027172444,MODERATE,35.49593947885745,STATISTICAL_HOTSPOT+CONNECTED_HOTSPOT_CLUSTER,DYNAMIC SPATIOTEMPORAL WATCH,SCENARIO-BASED; VERIFY WITH OFFICIAL SURVEILLANCE
2032-09,1204711000,Cotabato,PIGKAWAYAN,0.7794478605582538,11.330095181285206,HOT_SPOT_90,1,5,92.41359715965169,CRITICAL,78.98814908682738,TRANSMISSION_PRESSURE_PROXY+CONNECTED_HOTSPOT_CLUSTER+TESTING_CENTER_GAP+NEIGHBOR_INFECTIOUS_PRESSURE,DYNAMIC SPATIOTEMPORAL WATCH,SCENARIO-BASED; VERIFY WITH OFFICIAL SURVEILLANCE
2032-09,1204712000,Cotabato,PIKIT,0.5550796163001661,7.047673334071378,NOT_SIGNIFICANT,0,0,80.32697419340771,CRITICAL,72.71241863874556,TRANSMISSION_PRESSURE_PROXY+TESTING_CENTER_GAP+NEIGHBOR_INFECTIOUS_PRESSURE,DYNAMIC SPATIOTEMPORAL WATCH,SCENARIO-BASED; VERIFY WITH OFFICIAL SURVEILLANCE
2032-09,1204701000,Cotabato,ALAMADA,0.47318806563373483,8.128335177471378,NOT_SIGNIFICANT,0,0,78.72433892964158,HIGH,74.094481563732,TRANSMISSION_PRESSURE_PROXY+TESTING_CENTER_GAP+NEIGHBOR_INFECTIOUS_PRESSURE,DYNAMIC SPATIOTEMPORAL WATCH,SCENARIO-BASED; VERIFY WITH OFFICIAL SURVEILLANCE
2032-09,1208005000,Sarangani,MAITUM,0.6346954634496014,10.839538207401803,NOT_SIGNIFICANT,0,0,77.60858076633164,HIGH,69.92033152433596,TRANSMISSION_PRESSURE_PROXY,DYNAMIC SPATIOTEMPORAL WATCH,SCENARIO-BASED; VERIFY WITH OFFICIAL SURVEILLANCE
2032-09,1204717000,Cotabato,ALEOSAN,0.25571484977784,13.473906441407456,HOT_SPOT_90,1,5,76.18868552212246,HIGH,64.90640456842509,TRANSMISSION_PRESSURE_PROXY+CONNECTED_HOTSPOT_CLUSTER+NEIGHBOR_INFECTIOUS_PRESSURE,DYNAMIC SPATIOTEMPORAL WATCH,SCENARIO-BASED; VERIFY WITH OFFICIAL SURVEILLANCE
2032-09,1204705000,Cotabato,LIBUNGAN,0.472518805960623,12.937726694517416,HOT_SPOT_95,1,5,71.21291092927838,HIGH,54.15971142590706,TRANSMISSION_PRESSURE_PROXY+STATISTICAL_HOTSPOT+CONNECTED_HOTSPOT_CLUSTER+NEIGHBOR_INFECTIOUS_PRESSURE,DYNAMIC SPATIOTEMPORAL WATCH,SCENARIO-BASED; VERIFY WITH OFFICIAL SURVEILLANCE
2032-09,1204709000,Cotabato,MIDSAYAP,0.7352837345605387,11.384811773791142,HOT_SPOT_95,1,5,69.37515723427634,HIGH,50.557201260147735,TRANSMISSION_PRESSURE_PROXY+STATISTICAL_HOTSPOT+CONNECTED_HOTSPOT_CLUSTER+NEIGHBOR_INFECTIOUS_PRESSURE,DYNAMIC SPATIOTEMPORAL WATCH,SCENARIO-BASED; VERIFY WITH OFFICIAL SURVEILLANCE
2032-09,1204706000,Cotabato,MAGPET,0.4362835264121589,9.385974605849754,NOT_SIGNIFICANT,0,0,67.48686363940023,HIGH,65.96334929988396,TRANSMISSION_PRESSURE_PROXY,DYNAMIC SPATIOTEMPORAL WATCH,SCENARIO-BASED; VERIFY WITH OFFICIAL SURVEILLANCE
2032-09,1204716000,Cotabato,BANISILAN,0.26015404397304215,7.0266301415944294,NOT_SIGNIFICANT,0,0,61.27477595865876,MODERATE,56.27084609463617,NEIGHBOR_INFECTIOUS_PRESSURE,DYNAMIC SPATIOTEMPORAL WATCH,SCENARIO-BASED; VERIFY WITH OFFICIAL SURVEILLANCE
2032-09,1204707000,Cotabato,MAKILALA,0.7579524790728772,9.189972574666823,HOT_SPOT_95,2,3,59.888982512242464,MODERATE,50.726896106193905,STATISTICAL_HOTSPOT+CONNECTED_HOTSPOT_CLUSTER,DYNAMIC SPATIOTEMPORAL WATCH,SCENARIO-BASED; VERIFY WITH OFFICIAL SURVEILLANCE
2032-09,1204702000,Cotabato,CARMEN,0.24833655076367722,5.821293869086754,HOT_SPOT_90,1,5,59.64814852874334,MODERATE,61.56467398189435,CONNECTED_HOTSPOT_CLUSTER+NEIGHBOR_INFECTIOUS_PRESSURE,DYNAMIC SPATIOTEMPORAL WATCH,SCENARIO-BASED; VERIFY WITH OFFICIAL SURVEILLANCE
2032-09,1204710000,Cotabato,M'LANG,0.19674913518364773,10.841731198074774,HOT_SPOT_95,2,3,46.4712987029469,MODERATE,34.81047287829673,STATISTICAL_HOTSPOT+CONNECTED_HOTSPOT_CLUSTER,DYNAMIC SPATIOTEMPORAL WATCH,SCENARIO-BASED; VERIFY WITH OFFICIAL SURVEILLANCE
2032-10,1204711000,Cotabato,PIGKAWAYAN,0.6736399311525566,11.5913800055196,HOT_SPOT_95,1,6,84.01963129682322,CRITICAL,75.69336677128658,TRANSMISSION_PRESSURE_PROXY+STATISTICAL_HOTSPOT+CONNECTED_HOTSPOT_CLUSTER+TESTING_CENTER_GAP+NEIGHBOR_INFECTIOUS_PRESSURE,DYNAMIC SPATIOTEMPORAL WATCH,SCENARIO-BASED; VERIFY WITH OFFICIAL SURVEILLANCE
2032-10,1204717000,Cotabato,ALEOSAN,0.2649657313590921,13.552487204109742,HOT_SPOT_95,1,6,73.452121549293,HIGH,64.02162219718063,TRANSMISSION_PRESSURE_PROXY+STATISTICAL_HOTSPOT+CONNECTED_HOTSPOT_CLUSTER+NEIGHBOR_INFECTIOUS_PRESSURE,DYNAMIC SPATIOTEMPORAL WATCH,SCENARIO-BASED; VERIFY WITH OFFICIAL SURVEILLANCE
2032-10,1204701000,Cotabato,ALAMADA,0.4831607785919767,8.291505280090337,HOT_SPOT_90,1,6,72.3656821211971,HIGH,71.29377272766406,TRANSMISSION_PRESSURE_PROXY+CONNECTED_HOTSPOT_CLUSTER+TESTING_CENTER_GAP+NEIGHBOR_INFECTIOUS_PRESSURE,DYNAMIC SPATIOTEMPORAL WATCH,SCENARIO-BASED; VERIFY WITH OFFICIAL SURVEILLANCE
2032-10,1204705000,Cotabato,LIBUNGAN,0.6783874311004953,12.97835945025836,HOT_SPOT_95,1,6,72.0230905511765,HIGH,54.47389224135115,TRANSMISSION_PRESSURE_PROXY+STATISTICAL_HOTSPOT+CONNECTED_HOTSPOT_CLUSTER+NEIGHBOR_INFECTIOUS_PRESSURE,DYNAMIC SPATIOTEMPORAL WATCH,SCENARIO-BASED; VERIFY WITH OFFICIAL SURVEILLANCE
2032-10,1204712000,Cotabato,PIKIT,0.6280337909510273,7.26236868029079,NOT_SIGNIFICANT,0,0,71.41115722167437,HIGH,69.80536419173136,TRANSMISSION_PRESSURE_PROXY,DYNAMIC SPATIOTEMPORAL WATCH,SCENARIO-BASED; VERIFY WITH OFFICIAL SURVEILLANCE
2032-10,1208005000,Sarangani,MAITUM,0.4761268958633502,11.091153172792074,NOT_SIGNIFICANT,0,0,66.25913177727234,HIGH,64.76462709453888,TRANSMISSION_PRESSURE_PROXY,DYNAMIC SPATIOTEMPORAL WATCH,SCENARIO-BASED; VERIFY WITH OFFICIAL SURVEILLANCE
2032-10,1204709000,Cotabato,MIDSAYAP,0.9157030635581108,11.308756726638167,HOT_SPOT_95,1,6,65.34608129921841,HIGH,50.886981639883786,TRANSMISSION_PRESSURE_PROXY+STATISTICAL_HOTSPOT+CONNECTED_HOTSPOT_CLUSTER+NEIGHBOR_INFECTIOUS_PRESSURE,DYNAMIC SPATIOTEMPORAL WATCH,SCENARIO-BASED; VERIFY WITH OFFICIAL SURVEILLANCE
2032-10,1206509000,Sultan Kudarat,PALIMBANG,0.5052636546913711,6.1691805730941445,NOT_SIGNIFICANT,0,0,59.65857278139553,MODERATE,62.57668972688617,NONE,DYNAMIC SPATIOTEMPORAL WATCH,SCENARIO-BASED; VERIFY WITH OFFICIAL SURVEILLANCE
2032-10,1204702000,Cotabato,CARMEN,0.3014068625276114,5.891457858089693,HOT_SPOT_90,1,6,59.607836905256036,MODERATE,62.88078674609373,CONNECTED_HOTSPOT_CLUSTER+NEIGHBOR_INFECTIOUS_PRESSURE,DYNAMIC SPATIOTEMPORAL WATCH,SCENARIO-BASED; VERIFY WITH OFFICIAL SURVEILLANCE
2032-10,1204716000,Cotabato,BANISILAN,0.2620549396992085,7.15645330340806,NOT_SIGNIFICANT,0,0,58.960885884615436,MODERATE,55.25039329286086,NEIGHBOR_INFECTIOUS_PRESSURE,DYNAMIC SPATIOTEMPORAL WATCH,SCENARIO-BASED; VERIFY WITH OFFICIAL SURVEILLANCE
2032-10,1204707000,Cotabato,MAKILALA,1.042376507441901,9.247477934216729,HOT_SPOT_95,2,3,54.24888662999703,MODERATE,48.69819717371294,STATISTICAL_HOTSPOT+CONNECTED_HOTSPOT_CLUSTER,DYNAMIC SPATIOTEMPORAL WATCH,SCENARIO-BASED; VERIFY WITH OFFICIAL SURVEILLANCE
2032-10,1204710000,Cotabato,M'LANG,0.36640207131309754,9.833196968114787,HOT_SPOT_95,2,3,47.683162381180104,MODERATE,33.83976491441925,STATISTICAL_HOTSPOT+CONNECTED_HOTSPOT_CLUSTER,DYNAMIC SPATIOTEMPORAL WATCH,SCENARIO-BASED; VERIFY WITH OFFICIAL SURVEILLANCE
2032-11,1204711000,Cotabato,PIGKAWAYAN,1.2957070687409182,12.175699634454267,HOT_SPOT_95,1,7,92.32413228779357,CRITICAL,80.95926597456015,TRANSMISSION_PRESSURE_PROXY+STATISTICAL_HOTSPOT+CONNECTED_HOTSPOT_CLUSTER+TESTING_CENTER_GAP+NEIGHBOR_INFECTIOUS_PRESSURE,DYNAMIC SPATIOTEMPORAL WATCH,SCENARIO-BASED; VERIFY WITH OFFICIAL SURVEILLANCE
2032-11,1204717000,Cotabato,ALEOSAN,0.6632275500410985,13.810347244501298,HOT_SPOT_95,1,7,87.47762238570299,CRITICAL,73.69025861447932,TRANSMISSION_PRESSURE_PROXY+STATISTICAL_HOTSPOT+CONNECTED_HOTSPOT_CLUSTER+TESTING_CENTER_GAP+NEIGHBOR_INFECTIOUS_PRESSURE,DYNAMIC SPATIOTEMPORAL WATCH,SCENARIO-BASED; VERIFY WITH OFFICIAL SURVEILLANCE
2032-11,1204701000,Cotabato,ALAMADA,1.0038286399518608,8.699977205649672,HOT_SPOT_95,1,7,80.82106487828187,CRITICAL,78.43940563981369,TRANSMISSION_PRESSURE_PROXY+STATISTICAL_HOTSPOT+CONNECTED_HOTSPOT_CLUSTER+TESTING_CENTER_GAP+NEIGHBOR_INFECTIOUS_PRESSURE,DYNAMIC SPATIOTEMPORAL WATCH,SCENARIO-BASED; VERIFY WITH OFFICIAL SURVEILLANCE
2032-11,1208005000,Sarangani,MAITUM,0.916354619048446,11.63324616869605,NOT_SIGNIFICANT,0,0,72.463233545349,HIGH,68.83013997793445,TRANSMISSION_PRESSURE_PROXY,DYNAMIC SPATIOTEMPORAL WATCH,SCENARIO-BASED; VERIFY WITH OFFICIAL SURVEILLANCE
2032-11,1204705000,Cotabato,LIBUNGAN,0.8951892031905572,13.324833399211043,HOT_SPOT_99,1,7,71.84781017367524,HIGH,55.438788466355604,TRANSMISSION_PRESSURE_PROXY+STATISTICAL_HOTSPOT+CONNECTED_HOTSPOT_CLUSTER+NEIGHBOR_INFECTIOUS_PRESSURE,DYNAMIC SPATIOTEMPORAL WATCH,SCENARIO-BASED; VERIFY WITH OFFICIAL SURVEILLANCE
2032-11,1204712000,Cotabato,PIKIT,0.76890313630794,7.719934384343882,HOT_SPOT_90,1,7,69.2873810069821,HIGH,70.1764000154876,TRANSMISSION_PRESSURE_PROXY+CONNECTED_HOTSPOT_CLUSTER+TESTING_CENTER_GAP,DYNAMIC SPATIOTEMPORAL WATCH,SCENARIO-BASED; VERIFY WITH OFFICIAL SURVEILLANCE
2032-11,1204709000,Cotabato,MIDSAYAP,1.3584477431056152,11.347548255539445,HOT_SPOT_99,1,7,67.23303927294766,HIGH,53.133067878464885,TRANSMISSION_PRESSURE_PROXY+STATISTICAL_HOTSPOT+CONNECTED_HOTSPOT_CLUSTER+NEIGHBOR_INFECTIOUS_PRESSURE,DYNAMIC SPATIOTEMPORAL WATCH,SCENARIO-BASED; VERIFY WITH OFFICIAL SURVEILLANCE
2032-11,1204702000,Cotabato,CARMEN,0.4464034176052765,6.069899327926116,HOT_SPOT_95,1,7,63.398029466241766,MODERATE,66.84350726364292,STATISTICAL_HOTSPOT+CONNECTED_HOTSPOT_CLUSTER+NEIGHBOR_INFECTIOUS_PRESSURE,DYNAMIC SPATIOTEMPORAL WATCH,SCENARIO-BASED; VERIFY WITH OFFICIAL SURVEILLANCE
2032-11,1206509000,Sultan Kudarat,PALIMBANG,0.7851810273989387,6.568095320220952,NOT_SIGNIFICANT,0,0,63.1460037241099,MODERATE,66.64847154871778,NEIGHBOR_INFECTIOUS_PRESSURE,DYNAMIC SPATIOTEMPORAL WATCH,SCENARIO-BASED; VERIFY WITH OFFICIAL SURVEILLANCE
2032-11,1204716000,Cotabato,BANISILAN,0.38082174740572755,7.430003142907871,NOT_SIGNIFICANT,0,0,63.01550217420612,MODERATE,59.24982801218268,NEIGHBOR_INFECTIOUS_PRESSURE,DYNAMIC SPATIOTEMPORAL WATCH,SCENARIO-BASED; VERIFY WITH OFFICIAL SURVEILLANCE
2032-11,1204710000,Cotabato,M'LANG,0.5821930554413228,7.982397083673159,HOT_SPOT_95,2,3,51.783449006726286,MODERATE,34.183766156715265,STATISTICAL_HOTSPOT+CONNECTED_HOTSPOT_CLUSTER,DYNAMIC SPATIOTEMPORAL WATCH,SCENARIO-BASED; VERIFY WITH OFFICIAL SURVEILLANCE
2032-11,1204707000,Cotabato,MAKILALA,1.0226569673826444,9.4763445071263,HOT_SPOT_95,2,3,47.8525202945934,MODERATE,46.36205283979871,STATISTICAL_HOTSPOT+CONNECTED_HOTSPOT_CLUSTER,DYNAMIC SPATIOTEMPORAL WATCH,SCENARIO-BASED; VERIFY WITH OFFICIAL SURVEILLANCE
2032-12,1204711000,Cotabato,PIGKAWAYAN,0.596650695021154,12.701278852412964,HOT_SPOT_95,1,7,86.30206657973235,CRITICAL,77.48363734458523,TRANSMISSION_PRESSURE_PROXY+STATISTICAL_HOTSPOT+CONNECTED_HOTSPOT_CLUSTER+TESTING_CENTER_GAP+NEIGHBOR_INFECTIOUS_PRESSURE,DYNAMIC SPATIOTEMPORAL WATCH,SCENARIO-BASED; VERIFY WITH OFFICIAL SURVEILLANCE
2032-12,1204717000,Cotabato,ALEOSAN,0.3140097035250363,14.121783206551118,HOT_SPOT_99,1,7,85.24543014430338,CRITICAL,73.15672315419405,TRANSMISSION_PRESSURE_PROXY+STATISTICAL_HOTSPOT+CONNECTED_HOTSPOT_CLUSTER+TESTING_CENTER_GAP+NEIGHBOR_INFECTIOUS_PRESSURE,DYNAMIC SPATIOTEMPORAL WATCH,SCENARIO-BASED; VERIFY WITH OFFICIAL SURVEILLANCE
2032-12,1204701000,Cotabato,ALAMADA,0.5549694527105413,9.071785460696628,HOT_SPOT_95,1,7,83.93917772724797,CRITICAL,80.40170643376473,TRANSMISSION_PRESSURE_PROXY+STATISTICAL_HOTSPOT+CONNECTED_HOTSPOT_CLUSTER+TESTING_CENTER_GAP+NEIGHBOR_INFECTIOUS_PRESSURE,DYNAMIC SPATIOTEMPORAL WATCH,SCENARIO-BASED; VERIFY WITH OFFICIAL SURVEILLANCE
2032-12,1204712000,Cotabato,PIKIT,0.47749481145499323,8.068232922154852,HOT_SPOT_90,1,7,76.1310423264722,HIGH,73.56384032815453,TRANSMISSION_PRESSURE_PROXY+CONNECTED_HOTSPOT_CLUSTER+TESTING_CENTER_GAP,DYNAMIC SPATIOTEMPORAL WATCH,SCENARIO-BASED; VERIFY WITH OFFICIAL SURVEILLANCE
2032-12,1204705000,Cotabato,LIBUNGAN,0.5371710728796919,13.604367918392628,HOT_SPOT_99,1,7,75.8322216719922,HIGH,58.07769581087057,TRANSMISSION_PRESSURE_PROXY+STATISTICAL_HOTSPOT+CONNECTED_HOTSPOT_CLUSTER+NEIGHBOR_INFECTIOUS_PRESSURE,DYNAMIC SPATIOTEMPORAL WATCH,SCENARIO-BASED; VERIFY WITH OFFICIAL SURVEILLANCE
2032-12,1206509000,Sultan Kudarat,PALIMBANG,0.5660136757817302,6.902766720480299,NOT_SIGNIFICANT,0,0,72.76751829838987,HIGH,72.409430858746,TRANSMISSION_PRESSURE_PROXY+TESTING_CENTER_GAP+NEIGHBOR_INFECTIOUS_PRESSURE,DYNAMIC SPATIOTEMPORAL WATCH,SCENARIO-BASED; VERIFY WITH OFFICIAL SURVEILLANCE
2032-12,1208005000,Sarangani,MAITUM,0.4838645142111516,12.11914183006266,NOT_SIGNIFICANT,0,0,72.59056478689111,HIGH,69.09937054347385,TRANSMISSION_PRESSURE_PROXY,DYNAMIC SPATIOTEMPORAL WATCH,SCENARIO-BASED; VERIFY WITH OFFICIAL SURVEILLANCE
2032-12,1204716000,Cotabato,BANISILAN,0.24011550608581037,7.653370348280324,NOT_SIGNIFICANT,0,0,71.85967982272112,HIGH,65.31730283375754,TRANSMISSION_PRESSURE_PROXY+NEIGHBOR_INFECTIOUS_PRESSURE,DYNAMIC SPATIOTEMPORAL WATCH,SCENARIO-BASED; VERIFY WITH OFFICIAL SURVEILLANCE
2032-12,1204713000,Cotabato,PRESIDENT ROXAS,0.4015569469521524,9.531228833041943,NOT_SIGNIFICANT,0,0,70.16855034175417,HIGH,67.25092004808128,TRANSMISSION_PRESSURE_PROXY,DYNAMIC SPATIOTEMPORAL WATCH,SCENARIO-BASED; VERIFY WITH OFFICIAL SURVEILLANCE
2032-12,1206505000,Sultan Kudarat,KALAMANSIG,0.6936901428568953,9.31514447433947,NOT_SIGNIFICANT,0,0,70.13423914062695,HIGH,66.74072767640874,TRANSMISSION_PRESSURE_PROXY,DYNAMIC SPATIOTEMPORAL WATCH,SCENARIO-BASED; VERIFY WITH OFFICIAL SURVEILLANCE
2032-12,1204702000,Cotabato,CARMEN,0.29079356195588724,6.2259049596350415,HOT_SPOT_95,1,7,69.87198795746899,HIGH,71.61807706901196,TRANSMISSION_PRESSURE_PROXY+STATISTICAL_HOTSPOT+CONNECTED_HOTSPOT_CLUSTER+TESTING_CENTER_GAP+NEIGHBOR_INFECTIOUS_PRESSURE,DYNAMIC SPATIOTEMPORAL WATCH,SCENARIO-BASED; VERIFY WITH OFFICIAL SURVEILLANCE
2032-12,1204709000,Cotabato,MIDSAYAP,0.502797991563008,11.278254018459107,HOT_SPOT_99,1,7,63.517453681309675,MODERATE,48.459279556640276,STATISTICAL_HOTSPOT+CONNECTED_HOTSPOT_CLUSTER+NEIGHBOR_INFECTIOUS_PRESSURE,DYNAMIC SPATIOTEMPORAL WATCH,SCENARIO-BASED; VERIFY WITH OFFICIAL SURVEILLANCE
2033-01,1204701000,Cotabato,ALAMADA,0.3820046201268069,9.25796729655944,HOT_SPOT_95,1,7,90.72374594456471,CRITICAL,81.30754844267437,TRANSMISSION_PRESSURE_PROXY+STATISTICAL_HOTSPOT+CONNECTED_HOTSPOT_CLUSTER+TESTING_CENTER_GAP+NEIGHBOR_INFECTIOUS_PRESSURE,DYNAMIC SPATIOTEMPORAL WATCH,SCENARIO-BASED; VERIFY WITH OFFICIAL SURVEILLANCE
2033-01,1204711000,Cotabato,PIGKAWAYAN,0.31416593566100753,12.906434403125289,HOT_SPOT_99,1,7,88.85119941382119,CRITICAL,76.06050194794327,TRANSMISSION_PRESSURE_PROXY+STATISTICAL_HOTSPOT+CONNECTED_HOTSPOT_CLUSTER+TESTING_CENTER_GAP+NEIGHBOR_INFECTIOUS_PRESSURE,DYNAMIC SPATIOTEMPORAL WATCH,SCENARIO-BASED; VERIFY WITH OFFICIAL SURVEILLANCE
2033-01,1204717000,Cotabato,ALEOSAN,0.15733596914816436,14.220529033651566,HOT_SPOT_99,1,7,83.79235232628044,CRITICAL,69.29565960650467,TRANSMISSION_PRESSURE_PROXY+STATISTICAL_HOTSPOT+CONNECTED_HOTSPOT_CLUSTER+NEIGHBOR_INFECTIOUS_PRESSURE,DYNAMIC SPATIOTEMPORAL WATCH,SCENARIO-BASED; VERIFY WITH OFFICIAL SURVEILLANCE
2033-01,1204705000,Cotabato,LIBUNGAN,0.7929930929538389,13.824032295604335,HOT_SPOT_99,1,7,82.02347996059271,CRITICAL,59.99059258626829,TRANSMISSION_PRESSURE_PROXY+STATISTICAL_HOTSPOT+CONNECTED_HOTSPOT_CLUSTER+NEIGHBOR_INFECTIOUS_PRESSURE,DYNAMIC SPATIOTEMPORAL WATCH,SCENARIO-BASED; VERIFY WITH OFFICIAL SURVEILLANCE
2033-01,1208005000,Sarangani,MAITUM,0.488851149381234,12.422258874040374,NOT_SIGNIFICANT,0,0,79.80608478522552,HIGH,72.5428644447178,TRANSMISSION_PRESSURE_PROXY+TESTING_CENTER_GAP,DYNAMIC SPATIOTEMPORAL WATCH,SCENARIO-BASED; VERIFY WITH OFFICIAL SURVEILLANCE
2033-01,1204712000,Cotabato,PIKIT,0.28089055548999375,8.22852185741531,HOT_SPOT_90,1,7,78.763123441436,HIGH,73.09928640500833,TRANSMISSION_PRESSURE_PROXY+CONNECTED_HOTSPOT_CLUSTER+TESTING_CENTER_GAP,DYNAMIC SPATIOTEMPORAL WATCH,SCENARIO-BASED; VERIFY WITH OFFICIAL SURVEILLANCE
2033-01,1204716000,Cotabato,BANISILAN,0.17947730202072515,7.766916574429442,NOT_SIGNIFICANT,0,0,77.78739130690069,HIGH,67.562005113981,TRANSMISSION_PRESSURE_PROXY+NEIGHBOR_INFECTIOUS_PRESSURE,DYNAMIC SPATIOTEMPORAL WATCH,SCENARIO-BASED; VERIFY WITH OFFICIAL SURVEILLANCE
2033-01,1206509000,Sultan Kudarat,PALIMBANG,0.3568419327817167,7.081935908944077,NOT_SIGNIFICANT,0,0,77.29492764182842,HIGH,72.93682386026015,TRANSMISSION_PRESSURE_PROXY+TESTING_CENTER_GAP+NEIGHBOR_INFECTIOUS_PRESSURE,DYNAMIC SPATIOTEMPORAL WATCH,SCENARIO-BASED; VERIFY WITH OFFICIAL SURVEILLANCE
2033-01,1204702000,Cotabato,CARMEN,0.20376005365874728,6.303855437523036,HOT_SPOT_95,1,7,73.30421118415362,HIGH,72.30578784994361,TRANSMISSION_PRESSURE_PROXY+STATISTICAL_HOTSPOT+CONNECTED_HOTSPOT_CLUSTER+TESTING_CENTER_GAP+NEIGHBOR_INFECTIOUS_PRESSURE,DYNAMIC SPATIOTEMPORAL WATCH,SCENARIO-BASED; VERIFY WITH OFFICIAL SURVEILLANCE
2033-01,1204713000,Cotabato,PRESIDENT ROXAS,0.4219178840039648,9.726078212726351,NOT_SIGNIFICANT,0,0,72.4052247233612,HIGH,67.54242837349727,TRANSMISSION_PRESSURE_PROXY,DYNAMIC SPATIOTEMPORAL WATCH,SCENARIO-BASED; VERIFY WITH OFFICIAL SURVEILLANCE
2033-01,1206505000,Sultan Kudarat,KALAMANSIG,0.2861780127908218,9.50958117460485,NOT_SIGNIFICANT,0,0,66.01501736173935,HIGH,66.25607894011307,TRANSMISSION_PRESSURE_PROXY,DYNAMIC SPATIOTEMPORAL WATCH,SCENARIO-BASED; VERIFY WITH OFFICIAL SURVEILLANCE
2033-01,1204709000,Cotabato,MIDSAYAP,0.18265690535655768,11.149609102920703,HOT_SPOT_99,1,7,59.63403138172211,MODERATE,45.591457675919386,STATISTICAL_HOTSPOT+CONNECTED_HOTSPOT_CLUSTER+NEIGHBOR_INFECTIOUS_PRESSURE,DYNAMIC SPATIOTEMPORAL WATCH,SCENARIO-BASED; VERIFY WITH OFFICIAL SURVEILLANCE
2033-01,1204704000,Cotabato,KIDAPAWAN,0.312011019485237,10.034117185939095,HOT_SPOT_90,2,3,56.057947221532935,MODERATE,50.621695076973005,CONNECTED_HOTSPOT_CLUSTER,DYNAMIC SPATIOTEMPORAL WATCH,SCENARIO-BASED; VERIFY WITH OFFICIAL SURVEILLANCE
2033-02,1204717000,Cotabato,ALEOSAN,1.0787962336624688,14.408846051962843,HOT_SPOT_99,1,7,90.80022974841528,CRITICAL,75.09900182409535,TRANSMISSION_PRESSURE_PROXY+STATISTICAL_HOTSPOT+CONNECTED_HOTSPOT_CLUSTER+TESTING_CENTER_GAP+NEIGHBOR_INFECTIOUS_PRESSURE,DYNAMIC SPATIOTEMPORAL WATCH,SCENARIO-BASED; VERIFY WITH OFFICIAL SURVEILLANCE
2033-02,1204711000,Cotabato,PIGKAWAYAN,0.3617213871005058,12.927896150976542,HOT_SPOT_99,1,7,77.39363778550597,HIGH,72.69189386547748,TRANSMISSION_PRESSURE_PROXY+STATISTICAL_HOTSPOT+CONNECTED_HOTSPOT_CLUSTER+TESTING_CENTER_GAP+NEIGHBOR_INFECTIOUS_PRESSURE,DYNAMIC SPATIOTEMPORAL WATCH,SCENARIO-BASED; VERIFY WITH OFFICIAL SURVEILLANCE
2033-02,1204701000,Cotabato,ALAMADA,0.42027393952269654,9.313213679118588,HOT_SPOT_99,1,7,73.83499027349959,HIGH,73.75219524129024,TRANSMISSION_PRESSURE_PROXY+STATISTICAL_HOTSPOT+CONNECTED_HOTSPOT_CLUSTER+TESTING_CENTER_GAP+NEIGHBOR_INFECTIOUS_PRESSURE,DYNAMIC SPATIOTEMPORAL WATCH,SCENARIO-BASED; VERIFY WITH OFFICIAL SURVEILLANCE
2033-02,1204705000,Cotabato,LIBUNGAN,1.0171624234625212,13.801808349257302,HOT_SPOT_99,1,7,72.33607400021546,HIGH,54.49227473462841,TRANSMISSION_PRESSURE_PROXY+STATISTICAL_HOTSPOT+CONNECTED_HOTSPOT_CLUSTER+NEIGHBOR_INFECTIOUS_PRESSURE,DYNAMIC SPATIOTEMPORAL WATCH,SCENARIO-BASED; VERIFY WITH OFFICIAL SURVEILLANCE
2033-02,1204702000,Cotabato,CARMEN,0.8022253696401638,6.3905232109651955,HOT_SPOT_95,1,7,72.25006626095106,HIGH,73.29016300968463,TRANSMISSION_PRESSURE_PROXY+STATISTICAL_HOTSPOT+CONNECTED_HOTSPOT_CLUSTER+TESTING_CENTER_GAP+NEIGHBOR_INFECTIOUS_PRESSURE,DYNAMIC SPATIOTEMPORAL WATCH,SCENARIO-BASED; VERIFY WITH OFFICIAL SURVEILLANCE
2033-02,1204712000,Cotabato,PIKIT,0.4740115762864041,8.291008982703442,HOT_SPOT_90,1,7,68.90732837432566,HIGH,69.80412450810367,TRANSMISSION_PRESSURE_PROXY+CONNECTED_HOTSPOT_CLUSTER,DYNAMIC SPATIOTEMPORAL WATCH,SCENARIO-BASED; VERIFY WITH OFFICIAL SURVEILLANCE
2033-02,1204716000,Cotabato,BANISILAN,0.2526840071953979,7.793776501283871,NOT_SIGNIFICANT,0,0,65.58265747023766,HIGH,60.922677631490814,TRANSMISSION_PRESSURE_PROXY+NEIGHBOR_INFECTIOUS_PRESSURE,DYNAMIC SPATIOTEMPORAL WATCH,SCENARIO-BASED; VERIFY WITH OFFICIAL SURVEILLANCE
2033-02,1204709000,Cotabato,MIDSAYAP,0.5804288571046335,9.899991876358959,HOT_SPOT_99,1,7,62.18584715309151,MODERATE,45.30233104685005,STATISTICAL_HOTSPOT+CONNECTED_HOTSPOT_CLUSTER+NEIGHBOR_INFECTIOUS_PRESSURE,DYNAMIC SPATIOTEMPORAL WATCH,SCENARIO-BASED; VERIFY WITH OFFICIAL SURVEILLANCE
2033-02,1206509000,Sultan Kudarat,PALIMBANG,0.4578669506952443,7.166894592252565,NOT_SIGNIFICANT,0,0,61.8956151585111,MODERATE,65.35051833130403,NEIGHBOR_INFECTIOUS_PRESSURE,DYNAMIC SPATIOTEMPORAL WATCH,SCENARIO-BASED; VERIFY WITH OFFICIAL SURVEILLANCE
2033-03,1204711000,Cotabato,PIGKAWAYAN,1.1506310011709,13.235087746095049,HOT_SPOT_99,1,8,92.26596428392597,CRITICAL,82.43350125025731,TRANSMISSION_PRESSURE_PROXY+STATISTICAL_HOTSPOT+CONNECTED_HOTSPOT_CLUSTER+TESTING_CENTER_GAP+NEIGHBOR_INFECTIOUS_PRESSURE,DYNAMIC SPATIOTEMPORAL WATCH,SCENARIO-BASED; VERIFY WITH OFFICIAL SURVEILLANCE
2033-03,1204701000,Cotabato,ALAMADA,0.8437182451830948,9.63753028049891,HOT_SPOT_99,1,8,77.99631543602888,HIGH,77.66476465655455,TRANSMISSION_PRESSURE_PROXY+STATISTICAL_HOTSPOT+CONNECTED_HOTSPOT_CLUSTER+TESTING_CENTER_GAP+NEIGHBOR_INFECTIOUS_PRESSURE,DYNAMIC SPATIOTEMPORAL WATCH,SCENARIO-BASED; VERIFY WITH OFFICIAL SURVEILLANCE
2033-03,1204717000,Cotabato,ALEOSAN,0.9558127091799563,15.251413602414564,HOT_SPOT_99,1,8,76.76965276382455,HIGH,69.13827636554905,TRANSMISSION_PRESSURE_PROXY+STATISTICAL_HOTSPOT+CONNECTED_HOTSPOT_CLUSTER+NEIGHBOR_INFECTIOUS_PRESSURE,DYNAMIC SPATIOTEMPORAL WATCH,SCENARIO-BASED; VERIFY WITH OFFICIAL SURVEILLANCE
2033-03,1204702000,Cotabato,CARMEN,1.194707423452907,6.79504236361012,HOT_SPOT_99,1,8,72.99004523696316,HIGH,74.64003548545465,TRANSMISSION_PRESSURE_PROXY+STATISTICAL_HOTSPOT+CONNECTED_HOTSPOT_CLUSTER+TESTING_CENTER_GAP+NEIGHBOR_INFECTIOUS_PRESSURE,DYNAMIC SPATIOTEMPORAL WATCH,SCENARIO-BASED; VERIFY WITH OFFICIAL SURVEILLANCE
2033-03,1204712000,Cotabato,PIKIT,0.8209497439731428,8.674684993772406,HOT_SPOT_90,1,8,71.52983050418894,HIGH,72.97182690308162,TRANSMISSION_PRESSURE_PROXY+CONNECTED_HOTSPOT_CLUSTER+TESTING_CENTER_GAP,DYNAMIC SPATIOTEMPORAL WATCH,SCENARIO-BASED; VERIFY WITH OFFICIAL SURVEILLANCE
2033-03,1204705000,Cotabato,LIBUNGAN,1.312314703231242,14.187551356582848,HOT_SPOT_99,1,8,68.61404420497294,HIGH,52.102199810694465,TRANSMISSION_PRESSURE_PROXY+STATISTICAL_HOTSPOT+CONNECTED_HOTSPOT_CLUSTER+NEIGHBOR_INFECTIOUS_PRESSURE,DYNAMIC SPATIOTEMPORAL WATCH,SCENARIO-BASED; VERIFY WITH OFFICIAL SURVEILLANCE
2033-03,1204716000,Cotabato,BANISILAN,0.4300682532573185,8.037153973390936,HOT_SPOT_90,1,8,68.52678294412647,HIGH,63.60764917485105,TRANSMISSION_PRESSURE_PROXY+CONNECTED_HOTSPOT_CLUSTER+NEIGHBOR_INFECTIOUS_PRESSURE,DYNAMIC SPATIOTEMPORAL WATCH,SCENARIO-BASED; VERIFY WITH OFFICIAL SURVEILLANCE
2033-03,1204713000,Cotabato,PRESIDENT ROXAS,1.0054781169667213,10.06658324415086,NOT_SIGNIFICANT,0,0,66.4291706031501,HIGH,67.31441619674338,TRANSMISSION_PRESSURE_PROXY,DYNAMIC SPATIOTEMPORAL WATCH,SCENARIO-BASED; VERIFY WITH OFFICIAL SURVEILLANCE
2033-03,1206509000,Sultan Kudarat,PALIMBANG,0.8986497428119882,7.563984671899721,NOT_SIGNIFICANT,0,0,64.01295676268903,MODERATE,68.56723802939534,NEIGHBOR_INFECTIOUS_PRESSURE,DYNAMIC SPATIOTEMPORAL WATCH,SCENARIO-BASED; VERIFY WITH OFFICIAL SURVEILLANCE
2033-03,1204709000,Cotabato,MIDSAYAP,0.6648288386256812,8.235953911879282,HOT_SPOT_99,1,8,58.808950540348505,MODERATE,41.22652716230496,STATISTICAL_HOTSPOT+CONNECTED_HOTSPOT_CLUSTER+NEIGHBOR_INFECTIOUS_PRESSURE,DYNAMIC SPATIOTEMPORAL WATCH,SCENARIO-BASED; VERIFY WITH OFFICIAL SURVEILLANCE
2033-04,1204701000,Cotabato,ALAMADA,1.5321227974072635,10.098479215550263,HOT_SPOT_99,1,8,91.20458771837441,CRITICAL,84.90294305127637,TRANSMISSION_PRESSURE_PROXY+STATISTICAL_HOTSPOT+CONNECTED_HOTSPOT_CLUSTER+TESTING_CENTER_GAP+NEIGHBOR_INFECTIOUS_PRESSURE,DYNAMIC SPATIOTEMPORAL WATCH,SCENARIO-BASED; VERIFY WITH OFFICIAL SURVEILLANCE
2033-04,1204711000,Cotabato,PIGKAWAYAN,0.9361435589714123,13.74218062390226,HOT_SPOT_99,1,8,83.898321140458,CRITICAL,79.12399931160796,TRANSMISSION_PRESSURE_PROXY+STATISTICAL_HOTSPOT+CONNECTED_HOTSPOT_CLUSTER+TESTING_CENTER_GAP+NEIGHBOR_INFECTIOUS_PRESSURE,DYNAMIC SPATIOTEMPORAL WATCH,SCENARIO-BASED; VERIFY WITH OFFICIAL SURVEILLANCE
2033-04,1204712000,Cotabato,PIKIT,0.8259172970218538,9.118143413133843,HOT_SPOT_90,1,8,74.58347726737804,HIGH,75.95822430261924,TRANSMISSION_PRESSURE_PROXY+CONNECTED_HOTSPOT_CLUSTER+TESTING_CENTER_GAP,DYNAMIC SPATIOTEMPORAL WATCH,SCENARIO-BASED; VERIFY WITH OFFICIAL SURVEILLANCE
2033-04,1204717000,Cotabato,ALEOSAN,0.6859809073300843,15.93508899773268,HOT_SPOT_99,1,8,73.25923664809105,HIGH,66.20491107797935,TRANSMISSION_PRESSURE_PROXY+STATISTICAL_HOTSPOT+CONNECTED_HOTSPOT_CLUSTER+NEIGHBOR_INFECTIOUS_PRESSURE,DYNAMIC SPATIOTEMPORAL WATCH,SCENARIO-BASED; VERIFY WITH OFFICIAL SURVEILLANCE
2033-04,1204716000,Cotabato,BANISILAN,0.44933661636487193,8.319449417076674,HOT_SPOT_95,1,8,72.47787182951366,HIGH,67.15497651929702,TRANSMISSION_PRESSURE_PROXY+STATISTICAL_HOTSPOT+CONNECTED_HOTSPOT_CLUSTER+NEIGHBOR_INFECTIOUS_PRESSURE,DYNAMIC SPATIOTEMPORAL WATCH,SCENARIO-BASED; VERIFY WITH OFFICIAL SURVEILLANCE
2033-04,1208005000,Sarangani,MAITUM,0.9790533194524982,13.422584799071394,NOT_SIGNIFICANT,0,0,72.19005397433004,HIGH,71.76694597898191,TRANSMISSION_PRESSURE_PROXY+TESTING_CENTER_GAP,DYNAMIC SPATIOTEMPORAL WATCH,SCENARIO-BASED; VERIFY WITH OFFICIAL SURVEILLANCE
2033-04,1206509000,Sultan Kudarat,PALIMBANG,0.990637812354045,8.032411493445485,NOT_SIGNIFICANT,0,0,68.77364785912798,HIGH,73.47079101293873,TRANSMISSION_PRESSURE_PROXY+TESTING_CENTER_GAP+NEIGHBOR_INFECTIOUS_PRESSURE,DYNAMIC SPATIOTEMPORAL WATCH,SCENARIO-BASED; VERIFY WITH OFFICIAL SURVEILLANCE
2033-04,1204706000,Cotabato,MAGPET,1.2991087910900097,11.028771877588541,NOT_SIGNIFICANT,0,0,68.17323750138647,HIGH,69.9799613166836,TRANSMISSION_PRESSURE_PROXY,DYNAMIC SPATIOTEMPORAL WATCH,SCENARIO-BASED; VERIFY WITH OFFICIAL SURVEILLANCE
2033-04,1204705000,Cotabato,LIBUNGAN,1.026114184684056,14.523314863218419,HOT_SPOT_99,1,8,65.43380967259806,HIGH,50.68573945602492,TRANSMISSION_PRESSURE_PROXY+STATISTICAL_HOTSPOT+CONNECTED_HOTSPOT_CLUSTER+NEIGHBOR_INFECTIOUS_PRESSURE,DYNAMIC SPATIOTEMPORAL WATCH,SCENARIO-BASED; VERIFY WITH OFFICIAL SURVEILLANCE
2033-04,1204702000,Cotabato,CARMEN,0.8756744664050171,7.241102619774308,HOT_SPOT_99,1,8,65.2600797452449,HIGH,68.61628327026858,TRANSMISSION_PRESSURE_PROXY+STATISTICAL_HOTSPOT+CONNECTED_HOTSPOT_CLUSTER+NEIGHBOR_INFECTIOUS_PRESSURE,DYNAMIC SPATIOTEMPORAL WATCH,SCENARIO-BASED; VERIFY WITH OFFICIAL SURVEILLANCE
2033-04,1204709000,Cotabato,MIDSAYAP,0.5187299461527757,7.002284453270983,HOT_SPOT_99,1,8,54.64606474954865,MODERATE,39.19759927609392,STATISTICAL_HOTSPOT+CONNECTED_HOTSPOT_CLUSTER+NEIGHBOR_INFECTIOUS_PRESSURE,DYNAMIC SPATIOTEMPORAL WATCH,SCENARIO-BASED; VERIFY WITH OFFICIAL SURVEILLANCE
2033-05,1204711000,Cotabato,PIGKAWAYAN,0.5970236230319189,14.07054869051155,HOT_SPOT_99,1,8,91.71746009493805,CRITICAL,81.49414042603134,TRANSMISSION_PRESSURE_PROXY+STATISTICAL_HOTSPOT+CONNECTED_HOTSPOT_CLUSTER+TESTING_CENTER_GAP+NEIGHBOR_INFECTIOUS_PRESSURE,DYNAMIC SPATIOTEMPORAL WATCH,SCENARIO-BASED; VERIFY WITH OFFICIAL SURVEILLANCE
2033-05,1204701000,Cotabato,ALAMADA,0.7856511857682388,10.512909261735853,HOT_SPOT_99,1,8,88.49498012136583,CRITICAL,85.93462140308043,TRANSMISSION_PRESSURE_PROXY+STATISTICAL_HOTSPOT+CONNECTED_HOTSPOT_CLUSTER+TESTING_CENTER_GAP+NEIGHBOR_INFECTIOUS_PRESSURE,DYNAMIC SPATIOTEMPORAL WATCH,SCENARIO-BASED; VERIFY WITH OFFICIAL SURVEILLANCE
2033-05,1204717000,Cotabato,ALEOSAN,0.43924955855212516,16.26771065539051,HOT_SPOT_99,1,8,83.22904188942928,CRITICAL,69.63341386625623,TRANSMISSION_PRESSURE_PROXY+STATISTICAL_HOTSPOT+CONNECTED_HOTSPOT_CLUSTER+NEIGHBOR_INFECTIOUS_PRESSURE,DYNAMIC SPATIOTEMPORAL WATCH,SCENARIO-BASED; VERIFY WITH OFFICIAL SURVEILLANCE
2033-05,1204712000,Cotabato,PIKIT,0.5681788433259544,9.426815957203008,HOT_SPOT_90,1,8,82.1503999946948,CRITICAL,80.20654897900376,TRANSMISSION_PRESSURE_PROXY+CONNECTED_HOTSPOT_CLUSTER+TESTING_CENTER_GAP,DYNAMIC SPATIOTEMPORAL WATCH,SCENARIO-BASED; VERIFY WITH OFFICIAL SURVEILLANCE
2033-05,1204716000,Cotabato,BANISILAN,0.2793747153704745,8.510388101047225,HOT_SPOT_95,1,8,76.94828833993725,HIGH,70.0246034240509,TRANSMISSION_PRESSURE_PROXY+STATISTICAL_HOTSPOT+CONNECTED_HOTSPOT_CLUSTER+TESTING_CENTER_GAP+NEIGHBOR_INFECTIOUS_PRESSURE,DYNAMIC SPATIOTEMPORAL WATCH,SCENARIO-BASED; VERIFY WITH OFFICIAL SURVEILLANCE
2033-05,1206509000,Sultan Kudarat,PALIMBANG,0.6537187914043121,8.36945323655254,NOT_SIGNIFICANT,0,0,74.84081113514723,HIGH,76.44281603896485,TRANSMISSION_PRESSURE_PROXY+TESTING_CENTER_GAP+NEIGHBOR_INFECTIOUS_PRESSURE,DYNAMIC SPATIOTEMPORAL WATCH,SCENARIO-BASED; VERIFY WITH OFFICIAL SURVEILLANCE
2033-05,1204705000,Cotabato,LIBUNGAN,0.6616994929066385,14.645101589374143,HOT_SPOT_99,1,8,74.34573291183499,HIGH,55.16210956436244,TRANSMISSION_PRESSURE_PROXY+STATISTICAL_HOTSPOT+CONNECTED_HOTSPOT_CLUSTER+NEIGHBOR_INFECTIOUS_PRESSURE,DYNAMIC SPATIOTEMPORAL WATCH,SCENARIO-BASED; VERIFY WITH OFFICIAL SURVEILLANCE
2033-05,1208005000,Sarangani,MAITUM,0.5273456016673522,13.8261738134289,NOT_SIGNIFICANT,0,0,71.55477009229438,HIGH,72.00862726676692,TRANSMISSION_PRESSURE_PROXY+TESTING_CENTER_GAP,DYNAMIC SPATIOTEMPORAL WATCH,SCENARIO-BASED; VERIFY WITH OFFICIAL SURVEILLANCE
2033-05,1204702000,Cotabato,CARMEN,0.4532790085555309,7.487824085731883,HOT_SPOT_99,1,8,67.17361914859646,HIGH,69.74436068975282,TRANSMISSION_PRESSURE_PROXY+STATISTICAL_HOTSPOT+CONNECTED_HOTSPOT_CLUSTER+NEIGHBOR_INFECTIOUS_PRESSURE,DYNAMIC SPATIOTEMPORAL WATCH,SCENARIO-BASED; VERIFY WITH OFFICIAL SURVEILLANCE
2033-05,1204709000,Cotabato,MIDSAYAP,0.2713263431977183,6.625142740283551,HOT_SPOT_99,1,8,53.37483048713286,MODERATE,39.94855576304663,STATISTICAL_HOTSPOT+CONNECTED_HOTSPOT_CLUSTER+NEIGHBOR_INFECTIOUS_PRESSURE,DYNAMIC SPATIOTEMPORAL WATCH,SCENARIO-BASED; VERIFY WITH OFFICIAL SURVEILLANCE
2033-06,1204711000,Cotabato,PIGKAWAYAN,0.5728059767344348,14.167332859231337,HOT_SPOT_99,1,8,83.686859547255,CRITICAL,75.55701484944926,TRANSMISSION_PRESSURE_PROXY+STATISTICAL_HOTSPOT+CONNECTED_HOTSPOT_CLUSTER+TESTING_CENTER_GAP+NEIGHBOR_INFECTIOUS_PRESSURE,DYNAMIC SPATIOTEMPORAL WATCH,SCENARIO-BASED; VERIFY WITH OFFICIAL SURVEILLANCE
2033-06,1204717000,Cotabato,ALEOSAN,0.45283099692203066,16.342686624408508,HOT_SPOT_99,1,8,79.31139485633022,HIGH,68.26432394112928,TRANSMISSION_PRESSURE_PROXY+STATISTICAL_HOTSPOT+CONNECTED_HOTSPOT_CLUSTER+NEIGHBOR_INFECTIOUS_PRESSURE,DYNAMIC SPATIOTEMPORAL WATCH,SCENARIO-BASED; VERIFY WITH OFFICIAL SURVEILLANCE
2033-06,1204701000,Cotabato,ALAMADA,0.5984525010930396,10.683886341040289,HOT_SPOT_99,1,8,78.37079101604819,HIGH,77.87186897346311,TRANSMISSION_PRESSURE_PROXY+STATISTICAL_HOTSPOT+CONNECTED_HOTSPOT_CLUSTER+TESTING_CENTER_GAP+NEIGHBOR_INFECTIOUS_PRESSURE,DYNAMIC SPATIOTEMPORAL WATCH,SCENARIO-BASED; VERIFY WITH OFFICIAL SURVEILLANCE
2033-06,1204702000,Cotabato,CARMEN,0.884115603395123,7.633147988490712,HOT_SPOT_99,1,8,77.42405756337966,HIGH,75.14593584744873,TRANSMISSION_PRESSURE_PROXY+STATISTICAL_HOTSPOT+CONNECTED_HOTSPOT_CLUSTER+TESTING_CENTER_GAP+NEIGHBOR_INFECTIOUS_PRESSURE,DYNAMIC SPATIOTEMPORAL WATCH,SCENARIO-BASED; VERIFY WITH OFFICIAL SURVEILLANCE
2033-06,1204712000,Cotabato,PIKIT,0.5581232748903011,9.571545256723574,HOT_SPOT_95,1,8,73.51446382001619,HIGH,74.82221541986631,TRANSMISSION_PRESSURE_PROXY+STATISTICAL_HOTSPOT+CONNECTED_HOTSPOT_CLUSTER+TESTING_CENTER_GAP,DYNAMIC SPATIOTEMPORAL WATCH,SCENARIO-BASED; VERIFY WITH OFFICIAL SURVEILLANCE
2033-06,1204716000,Cotabato,BANISILAN,0.2832223667058378,8.56812498626074,HOT_SPOT_95,1,8,71.01784580354705,HIGH,65.6434724453983,TRANSMISSION_PRESSURE_PROXY+STATISTICAL_HOTSPOT+CONNECTED_HOTSPOT_CLUSTER+NEIGHBOR_INFECTIOUS_PRESSURE,DYNAMIC SPATIOTEMPORAL WATCH,SCENARIO-BASED; VERIFY WITH OFFICIAL SURVEILLANCE
2033-06,1204718000,Cotabato,ARAKAN,0.5962131853360702,8.711014529519733,NOT_SIGNIFICANT,0,0,68.94567084323654,HIGH,66.3784870950425,TRANSMISSION_PRESSURE_PROXY,DYNAMIC SPATIOTEMPORAL WATCH,SCENARIO-BASED; VERIFY WITH OFFICIAL SURVEILLANCE
2033-06,1206509000,Sultan Kudarat,PALIMBANG,0.6453972392360118,8.555349474011441,NOT_SIGNIFICANT,0,0,68.18768273627175,HIGH,71.5181184895101,TRANSMISSION_PRESSURE_PROXY+TESTING_CENTER_GAP+NEIGHBOR_INFECTIOUS_PRESSURE,DYNAMIC SPATIOTEMPORAL WATCH,SCENARIO-BASED; VERIFY WITH OFFICIAL SURVEILLANCE
2033-06,1204705000,Cotabato,LIBUNGAN,0.47779801278232287,14.417454178608017,HOT_SPOT_99,1,8,64.45995488918761,MODERATE,49.08580456501176,STATISTICAL_HOTSPOT+CONNECTED_HOTSPOT_CLUSTER+NEIGHBOR_INFECTIOUS_PRESSURE,DYNAMIC SPATIOTEMPORAL WATCH,SCENARIO-BASED; VERIFY WITH OFFICIAL SURVEILLANCE
2033-06,1204709000,Cotabato,MIDSAYAP,0.4422888306068075,5.986060808803742,HOT_SPOT_99,1,8,59.17658598628363,MODERATE,41.729199402445225,STATISTICAL_HOTSPOT+CONNECTED_HOTSPOT_CLUSTER+NEIGHBOR_INFECTIOUS_PRESSURE,DYNAMIC SPATIOTEMPORAL WATCH,SCENARIO-BASED; VERIFY WITH OFFICIAL SURVEILLANCE
2033-07,1204717000,Cotabato,ALEOSAN,1.0553795132591353,16.554043728817213,HOT_SPOT_99,1,8,88.10517654016243,CRITICAL,75.29552382209089,TRANSMISSION_PRESSURE_PROXY+STATISTICAL_HOTSPOT+CONNECTED_HOTSPOT_CLUSTER+TESTING_CENTER_GAP+NEIGHBOR_INFECTIOUS_PRESSURE,DYNAMIC SPATIOTEMPORAL WATCH,SCENARIO-BASED; VERIFY WITH OFFICIAL SURVEILLANCE
2033-07,1204716000,Cotabato,BANISILAN,1.0327526505768772,8.788745008483044,HOT_SPOT_95,1,8,87.05751676914903,CRITICAL,71.9810685866547,TRANSMISSION_PRESSURE_PROXY+STATISTICAL_HOTSPOT+CONNECTED_HOTSPOT_CLUSTER+TESTING_CENTER_GAP+NEIGHBOR_INFECTIOUS_PRESSURE,DYNAMIC SPATIOTEMPORAL WATCH,SCENARIO-BASED; VERIFY WITH OFFICIAL SURVEILLANCE
2033-07,1204711000,Cotabato,PIGKAWAYAN,0.5587974466807067,14.251233179519966,HOT_SPOT_99,1,8,84.64844543223347,CRITICAL,77.7770776189835,TRANSMISSION_PRESSURE_PROXY+STATISTICAL_HOTSPOT+CONNECTED_HOTSPOT_CLUSTER+TESTING_CENTER_GAP+NEIGHBOR_INFECTIOUS_PRESSURE,DYNAMIC SPATIOTEMPORAL WATCH,SCENARIO-BASED; VERIFY WITH OFFICIAL SURVEILLANCE
2033-07,1204701000,Cotabato,ALAMADA,0.5984720495188428,10.831584843355701,HOT_SPOT_99,1,8,80.42209241433909,CRITICAL,79.36460802133944,TRANSMISSION_PRESSURE_PROXY+STATISTICAL_HOTSPOT+CONNECTED_HOTSPOT_CLUSTER+TESTING_CENTER_GAP+NEIGHBOR_INFECTIOUS_PRESSURE,DYNAMIC SPATIOTEMPORAL WATCH,SCENARIO-BASED; VERIFY WITH OFFICIAL SURVEILLANCE
2033-07,1206509000,Sultan Kudarat,PALIMBANG,0.9947115778114272,8.811522878187168,NOT_SIGNIFICANT,0,0,76.9506947138068,HIGH,77.53206898430933,TRANSMISSION_PRESSURE_PROXY+TESTING_CENTER_GAP+NEIGHBOR_INFECTIOUS_PRESSURE,DYNAMIC SPATIOTEMPORAL WATCH,SCENARIO-BASED; VERIFY WITH OFFICIAL SURVEILLANCE
2033-07,1204712000,Cotabato,PIKIT,0.594862421065015,9.741696810404465,HOT_SPOT_95,1,8,75.83924215356954,HIGH,76.92612002466728,TRANSMISSION_PRESSURE_PROXY+STATISTICAL_HOTSPOT+CONNECTED_HOTSPOT_CLUSTER+TESTING_CENTER_GAP,DYNAMIC SPATIOTEMPORAL WATCH,SCENARIO-BASED; VERIFY WITH OFFICIAL SURVEILLANCE
2033-07,1204718000,Cotabato,ARAKAN,0.9251923252436139,8.947541032683764,NOT_SIGNIFICANT,0,0,72.72917865725674,HIGH,66.72205168942615,TRANSMISSION_PRESSURE_PROXY,DYNAMIC SPATIOTEMPORAL WATCH,SCENARIO-BASED; VERIFY WITH OFFICIAL SURVEILLANCE
2033-07,1204702000,Cotabato,CARMEN,0.6302606826443112,7.8080649880628,HOT_SPOT_99,1,8,69.1600122471471,HIGH,72.22216161553716,TRANSMISSION_PRESSURE_PROXY+STATISTICAL_HOTSPOT+CONNECTED_HOTSPOT_CLUSTER+TESTING_CENTER_GAP+NEIGHBOR_INFECTIOUS_PRESSURE,DYNAMIC SPATIOTEMPORAL WATCH,SCENARIO-BASED; VERIFY WITH OFFICIAL SURVEILLANCE
2033-07,1204705000,Cotabato,LIBUNGAN,0.40672625712708665,14.065677737721977,HOT_SPOT_99,1,8,64.37527507724883,MODERATE,50.894808885673605,STATISTICAL_HOTSPOT+CONNECTED_HOTSPOT_CLUSTER+NEIGHBOR_INFECTIOUS_PRESSURE,DYNAMIC SPATIOTEMPORAL WATCH,SCENARIO-BASED; VERIFY WITH OFFICIAL SURVEILLANCE
2033-07,1204709000,Cotabato,MIDSAYAP,0.3039858112681937,5.552788035997617,HOT_SPOT_99,1,8,51.18504603624749,MODERATE,38.33042672729166,STATISTICAL_HOTSPOT+CONNECTED_HOTSPOT_CLUSTER+NEIGHBOR_INFECTIOUS_PRESSURE,DYNAMIC SPATIOTEMPORAL WATCH,SCENARIO-BASED; VERIFY WITH OFFICIAL SURVEILLANCE
2033-08,1204701000,Cotabato,ALAMADA,0.7490536792212579,10.957082553198942,HOT_SPOT_99,1,8,87.89295109753657,CRITICAL,82.96076204418513,TRANSMISSION_PRESSURE_PROXY+STATISTICAL_HOTSPOT+CONNECTED_HOTSPOT_CLUSTER+TESTING_CENTER_GAP+NEIGHBOR_INFECTIOUS_PRESSURE,DYNAMIC SPATIOTEMPORAL WATCH,SCENARIO-BASED; VERIFY WITH OFFICIAL SURVEILLANCE
2033-08,1204711000,Cotabato,PIGKAWAYAN,0.4323736164002024,14.280390475311249,HOT_SPOT_99,1,8,80.26994502226674,CRITICAL,74.08442187347,TRANSMISSION_PRESSURE_PROXY+STATISTICAL_HOTSPOT+CONNECTED_HOTSPOT_CLUSTER+TESTING_CENTER_GAP+NEIGHBOR_INFECTIOUS_PRESSURE,DYNAMIC SPATIOTEMPORAL WATCH,SCENARIO-BASED; VERIFY WITH OFFICIAL SURVEILLANCE
2033-08,1204716000,Cotabato,BANISILAN,0.6250483574328936,9.085914873039442,HOT_SPOT_95,1,8,77.51826039556651,HIGH,70.44997529019194,TRANSMISSION_PRESSURE_PROXY+STATISTICAL_HOTSPOT+CONNECTED_HOTSPOT_CLUSTER+TESTING_CENTER_GAP+NEIGHBOR_INFECTIOUS_PRESSURE,DYNAMIC SPATIOTEMPORAL WATCH,SCENARIO-BASED; VERIFY WITH OFFICIAL SURVEILLANCE
2033-08,1204712000,Cotabato,PIKIT,0.6109867568278763,9.898623342096924,HOT_SPOT_95,1,8,77.07356407772127,HIGH,76.61047860586267,TRANSMISSION_PRESSURE_PROXY+STATISTICAL_HOTSPOT+CONNECTED_HOTSPOT_CLUSTER+TESTING_CENTER_GAP,DYNAMIC SPATIOTEMPORAL WATCH,SCENARIO-BASED; VERIFY WITH OFFICIAL SURVEILLANCE
2033-08,1206509000,Sultan Kudarat,PALIMBANG,0.8974795528914516,9.081049323135725,NOT_SIGNIFICANT,0,0,73.54521811401116,HIGH,75.3887836680394,TRANSMISSION_PRESSURE_PROXY+TESTING_CENTER_GAP+NEIGHBOR_INFECTIOUS_PRESSURE,DYNAMIC SPATIOTEMPORAL WATCH,SCENARIO-BASED; VERIFY WITH OFFICIAL SURVEILLANCE
2033-08,1208005000,Sarangani,MAITUM,0.5809767449497736,14.225906804197919,NOT_SIGNIFICANT,0,0,73.0625704627469,HIGH,71.21486188646655,TRANSMISSION_PRESSURE_PROXY+TESTING_CENTER_GAP,DYNAMIC SPATIOTEMPORAL WATCH,SCENARIO-BASED; VERIFY WITH OFFICIAL SURVEILLANCE
2033-08,1204717000,Cotabato,ALEOSAN,0.15633715636645143,15.78864493378944,HOT_SPOT_99,1,8,72.83014334531501,HIGH,65.18548394063589,TRANSMISSION_PRESSURE_PROXY+STATISTICAL_HOTSPOT+CONNECTED_HOTSPOT_CLUSTER,DYNAMIC SPATIOTEMPORAL WATCH,SCENARIO-BASED; VERIFY WITH OFFICIAL SURVEILLANCE
2033-08,1204713000,Cotabato,PRESIDENT ROXAS,0.6321943719997989,11.021014151049298,NOT_SIGNIFICANT,0,0,68.19225479684168,HIGH,68.63439578496414,TRANSMISSION_PRESSURE_PROXY,DYNAMIC SPATIOTEMPORAL WATCH,SCENARIO-BASED; VERIFY WITH OFFICIAL SURVEILLANCE
2033-08,1206505000,Sultan Kudarat,KALAMANSIG,0.6055269332640165,10.826478651134517,NOT_SIGNIFICANT,0,0,67.67378412646492,HIGH,69.82716584254987,TRANSMISSION_PRESSURE_PROXY,DYNAMIC SPATIOTEMPORAL WATCH,SCENARIO-BASED; VERIFY WITH OFFICIAL SURVEILLANCE
2033-08,1204705000,Cotabato,LIBUNGAN,0.3532992927153616,13.615421332297176,HOT_SPOT_99,1,8,64.6096828604869,MODERATE,48.32705464444812,STATISTICAL_HOTSPOT+CONNECTED_HOTSPOT_CLUSTER+NEIGHBOR_INFECTIOUS_PRESSURE,DYNAMIC SPATIOTEMPORAL WATCH,SCENARIO-BASED; VERIFY WITH OFFICIAL SURVEILLANCE
2033-08,1204702000,Cotabato,CARMEN,0.44552478637009724,7.917569101999617,HOT_SPOT_99,1,8,64.08098016443776,MODERATE,67.16774937134497,STATISTICAL_HOTSPOT+CONNECTED_HOTSPOT_CLUSTER+NEIGHBOR_INFECTIOUS_PRESSURE,DYNAMIC SPATIOTEMPORAL WATCH,SCENARIO-BASED; VERIFY WITH OFFICIAL SURVEILLANCE
2033-08,1204709000,Cotabato,MIDSAYAP,0.3005824630771583,5.282209567936105,HOT_SPOT_99,1,8,49.77692421192161,MODERATE,36.41869911719574,STATISTICAL_HOTSPOT+CONNECTED_HOTSPOT_CLUSTER+NEIGHBOR_INFECTIOUS_PRESSURE,DYNAMIC SPATIOTEMPORAL WATCH,SCENARIO-BASED; VERIFY WITH OFFICIAL SURVEILLANCE
2033-09,1204711000,Cotabato,PIGKAWAYAN,0.8412080622673725,14.377929567719795,HOT_SPOT_99,1,8,95.38124558984332,CRITICAL,82.57071379006715,TRANSMISSION_PRESSURE_PROXY+STATISTICAL_HOTSPOT+CONNECTED_HOTSPOT_CLUSTER+TESTING_CENTER_GAP+NEIGHBOR_INFECTIOUS_PRESSURE,DYNAMIC SPATIOTEMPORAL WATCH,SCENARIO-BASED; VERIFY WITH OFFICIAL SURVEILLANCE
2033-09,1204701000,Cotabato,ALAMADA,0.5835132118395687,11.093896329833743,HOT_SPOT_99,1,8,87.4586841346693,CRITICAL,83.71754312784554,TRANSMISSION_PRESSURE_PROXY+STATISTICAL_HOTSPOT+CONNECTED_HOTSPOT_CLUSTER+TESTING_CENTER_GAP+NEIGHBOR_INFECTIOUS_PRESSURE,DYNAMIC SPATIOTEMPORAL WATCH,SCENARIO-BASED; VERIFY WITH OFFICIAL SURVEILLANCE
2033-09,1204712000,Cotabato,PIKIT,0.6907448978430132,10.079933855291605,HOT_SPOT_95,1,8,86.15438497017617,CRITICAL,80.75044426517371,TRANSMISSION_PRESSURE_PROXY+STATISTICAL_HOTSPOT+CONNECTED_HOTSPOT_CLUSTER+TESTING_CENTER_GAP,DYNAMIC SPATIOTEMPORAL WATCH,SCENARIO-BASED; VERIFY WITH OFFICIAL SURVEILLANCE
2033-09,1208005000,Sarangani,MAITUM,0.7415875945557187,14.431955332886012,NOT_SIGNIFICANT,0,0,77.82974692667047,HIGH,73.34059630723885,TRANSMISSION_PRESSURE_PROXY+TESTING_CENTER_GAP,DYNAMIC SPATIOTEMPORAL WATCH,SCENARIO-BASED; VERIFY WITH OFFICIAL SURVEILLANCE
2033-09,1206509000,Sultan Kudarat,PALIMBANG,0.6978190565401339,9.32668668078405,NOT_SIGNIFICANT,0,0,74.08523408956694,HIGH,75.28574507569375,TRANSMISSION_PRESSURE_PROXY+TESTING_CENTER_GAP+NEIGHBOR_INFECTIOUS_PRESSURE,DYNAMIC SPATIOTEMPORAL WATCH,SCENARIO-BASED; VERIFY WITH OFFICIAL SURVEILLANCE
2033-09,1204716000,Cotabato,BANISILAN,0.36825032268837965,9.29059819786605,HOT_SPOT_95,1,8,74.03253226156906,HIGH,66.49083845505663,TRANSMISSION_PRESSURE_PROXY+STATISTICAL_HOTSPOT+CONNECTED_HOTSPOT_CLUSTER+NEIGHBOR_INFECTIOUS_PRESSURE,DYNAMIC SPATIOTEMPORAL WATCH,SCENARIO-BASED; VERIFY WITH OFFICIAL SURVEILLANCE
2033-09,1204717000,Cotabato,ALEOSAN,0.06311920341128001,15.309748929720723,HOT_SPOT_99,1,8,72.18703447973935,HIGH,64.43822719225413,TRANSMISSION_PRESSURE_PROXY+STATISTICAL_HOTSPOT+CONNECTED_HOTSPOT_CLUSTER,DYNAMIC SPATIOTEMPORAL WATCH,SCENARIO-BASED; VERIFY WITH OFFICIAL SURVEILLANCE
2033-09,1206505000,Sultan Kudarat,KALAMANSIG,0.5551649205129643,10.978766811657962,NOT_SIGNIFICANT,0,0,70.37579279988374,HIGH,70.1700661277163,TRANSMISSION_PRESSURE_PROXY+TESTING_CENTER_GAP,DYNAMIC SPATIOTEMPORAL WATCH,SCENARIO-BASED; VERIFY WITH OFFICIAL SURVEILLANCE
2033-09,1204718000,Cotabato,ARAKAN,0.5314369521577419,9.342618656660543,NOT_SIGNIFICANT,0,0,66.2190285972352,HIGH,62.04137357911145,TRANSMISSION_PRESSURE_PROXY,DYNAMIC SPATIOTEMPORAL WATCH,SCENARIO-BASED; VERIFY WITH OFFICIAL SURVEILLANCE
2033-09,1204702000,Cotabato,CARMEN,0.3017767711006782,7.975295448537781,HOT_SPOT_99,1,8,65.9978168426222,HIGH,68.46659030685905,TRANSMISSION_PRESSURE_PROXY+STATISTICAL_HOTSPOT+CONNECTED_HOTSPOT_CLUSTER+NEIGHBOR_INFECTIOUS_PRESSURE,DYNAMIC SPATIOTEMPORAL WATCH,SCENARIO-BASED; VERIFY WITH OFFICIAL SURVEILLANCE
2033-09,1204705000,Cotabato,LIBUNGAN,0.11381864309138953,13.040017321664006,HOT_SPOT_99,1,8,61.78524773396197,MODERATE,47.40847199103025,STATISTICAL_HOTSPOT+CONNECTED_HOTSPOT_CLUSTER+NEIGHBOR_INFECTIOUS_PRESSURE,DYNAMIC SPATIOTEMPORAL WATCH,SCENARIO-BASED; VERIFY WITH OFFICIAL SURVEILLANCE
2033-09,1204709000,Cotabato,MIDSAYAP,0.30924594286668045,4.946182061621826,HOT_SPOT_99,1,8,57.85603258478724,MODERATE,39.33451915479762,STATISTICAL_HOTSPOT+CONNECTED_HOTSPOT_CLUSTER+NEIGHBOR_INFECTIOUS_PRESSURE,DYNAMIC SPATIOTEMPORAL WATCH,SCENARIO-BASED; VERIFY WITH OFFICIAL SURVEILLANCE
2033-10,1204711000,Cotabato,PIGKAWAYAN,0.7138069328853878,14.438233035264641,HOT_SPOT_99,1,8,83.9758324211535,CRITICAL,77.22167190975225,TRANSMISSION_PRESSURE_PROXY+STATISTICAL_HOTSPOT+CONNECTED_HOTSPOT_CLUSTER+TESTING_CENTER_GAP+NEIGHBOR_INFECTIOUS_PRESSURE,DYNAMIC SPATIOTEMPORAL WATCH,SCENARIO-BASED; VERIFY WITH OFFICIAL SURVEILLANCE
2033-10,1204701000,Cotabato,ALAMADA,0.531420367500853,11.149985784980261,HOT_SPOT_99,1,8,78.34108523838461,HIGH,77.71071208900558,TRANSMISSION_PRESSURE_PROXY+STATISTICAL_HOTSPOT+CONNECTED_HOTSPOT_CLUSTER+TESTING_CENTER_GAP+NEIGHBOR_INFECTIOUS_PRESSURE,DYNAMIC SPATIOTEMPORAL WATCH,SCENARIO-BASED; VERIFY WITH OFFICIAL SURVEILLANCE
2033-10,1204712000,Cotabato,PIKIT,0.7377094726218615,10.225222198896615,HOT_SPOT_95,1,8,74.659913995654,HIGH,75.54472809291768,TRANSMISSION_PRESSURE_PROXY+STATISTICAL_HOTSPOT+CONNECTED_HOTSPOT_CLUSTER+TESTING_CENTER_GAP,DYNAMIC SPATIOTEMPORAL WATCH,SCENARIO-BASED; VERIFY WITH OFFICIAL SURVEILLANCE
2033-10,1204717000,Cotabato,ALEOSAN,0.09703562716684114,14.891617772707583,HOT_SPOT_99,1,8,69.98532049832798,HIGH,63.77643939029364,TRANSMISSION_PRESSURE_PROXY+STATISTICAL_HOTSPOT+CONNECTED_HOTSPOT_CLUSTER+NEIGHBOR_INFECTIOUS_PRESSURE,DYNAMIC SPATIOTEMPORAL WATCH,SCENARIO-BASED; VERIFY WITH OFFICIAL SURVEILLANCE
2033-10,1204716000,Cotabato,BANISILAN,0.3021960024530669,9.36317329815332,HOT_SPOT_95,1,8,69.35548110582525,HIGH,63.31230492517678,TRANSMISSION_PRESSURE_PROXY+STATISTICAL_HOTSPOT+CONNECTED_HOTSPOT_CLUSTER+NEIGHBOR_INFECTIOUS_PRESSURE,DYNAMIC SPATIOTEMPORAL WATCH,SCENARIO-BASED; VERIFY WITH OFFICIAL SURVEILLANCE
2033-10,1206509000,Sultan Kudarat,PALIMBANG,0.6634596452896818,9.495262985489262,NOT_SIGNIFICANT,0,0,67.04250223380949,HIGH,70.40337469080569,TRANSMISSION_PRESSURE_PROXY+TESTING_CENTER_GAP+NEIGHBOR_INFECTIOUS_PRESSURE,DYNAMIC SPATIOTEMPORAL WATCH,SCENARIO-BASED; VERIFY WITH OFFICIAL SURVEILLANCE
2033-10,1204702000,Cotabato,CARMEN,0.3030532963329619,7.972546996856165,HOT_SPOT_99,1,8,62.73962428841384,MODERATE,66.46671351392649,STATISTICAL_HOTSPOT+CONNECTED_HOTSPOT_CLUSTER+NEIGHBOR_INFECTIOUS_PRESSURE,DYNAMIC SPATIOTEMPORAL WATCH,SCENARIO-BASED; VERIFY WITH OFFICIAL SURVEILLANCE
2033-10,1204705000,Cotabato,LIBUNGAN,0.19921389895880326,12.275925470112597,HOT_SPOT_99,1,8,62.460575036400414,MODERATE,46.93043144880669,STATISTICAL_HOTSPOT+CONNECTED_HOTSPOT_CLUSTER+NEIGHBOR_INFECTIOUS_PRESSURE,DYNAMIC SPATIOTEMPORAL WATCH,SCENARIO-BASED; VERIFY WITH OFFICIAL SURVEILLANCE
2033-10,1204709000,Cotabato,MIDSAYAP,0.3704382034096175,4.518015764743351,HOT_SPOT_99,1,8,50.13256522813372,MODERATE,35.847957868528425,STATISTICAL_HOTSPOT+CONNECTED_HOTSPOT_CLUSTER+NEIGHBOR_INFECTIOUS_PRESSURE,DYNAMIC SPATIOTEMPORAL WATCH,SCENARIO-BASED; VERIFY WITH OFFICIAL SURVEILLANCE
2033-11,1204711000,Cotabato,PIGKAWAYAN,1.3543960079611166,14.530486847504589,HOT_SPOT_99,1,8,92.02647816817871,CRITICAL,81.69934704543707,TRANSMISSION_PRESSURE_PROXY+STATISTICAL_HOTSPOT+CONNECTED_HOTSPOT_CLUSTER+TESTING_CENTER_GAP+NEIGHBOR_INFECTIOUS_PRESSURE,DYNAMIC SPATIOTEMPORAL WATCH,SCENARIO-BASED; VERIFY WITH OFFICIAL SURVEILLANCE
2033-11,1204701000,Cotabato,ALAMADA,1.0620578325355008,11.218999593359873,HOT_SPOT_99,1,8,84.80223906782885,CRITICAL,82.55655490953276,TRANSMISSION_PRESSURE_PROXY+STATISTICAL_HOTSPOT+CONNECTED_HOTSPOT_CLUSTER+TESTING_CENTER_GAP+NEIGHBOR_INFECTIOUS_PRESSURE,DYNAMIC SPATIOTEMPORAL WATCH,SCENARIO-BASED; VERIFY WITH OFFICIAL SURVEILLANCE
2033-11,1204717000,Cotabato,ALEOSAN,0.17616809468772984,13.697936910138381,HOT_SPOT_95,1,8,78.06696881960987,HIGH,68.18487770441223,TRANSMISSION_PRESSURE_PROXY+STATISTICAL_HOTSPOT+CONNECTED_HOTSPOT_CLUSTER+NEIGHBOR_INFECTIOUS_PRESSURE,DYNAMIC SPATIOTEMPORAL WATCH,SCENARIO-BASED; VERIFY WITH OFFICIAL SURVEILLANCE
2033-11,1204712000,Cotabato,PIKIT,0.9215376474085997,10.429641959648146,HOT_SPOT_90,1,8,70.5811297445159,HIGH,74.362520169399,TRANSMISSION_PRESSURE_PROXY+CONNECTED_HOTSPOT_CLUSTER+TESTING_CENTER_GAP,DYNAMIC SPATIOTEMPORAL WATCH,SCENARIO-BASED; VERIFY WITH OFFICIAL SURVEILLANCE
2033-11,1206509000,Sultan Kudarat,PALIMBANG,0.9917179620684182,9.716989216142487,NOT_SIGNIFICANT,0,0,69.96968909209824,HIGH,73.50402697692465,TRANSMISSION_PRESSURE_PROXY+TESTING_CENTER_GAP+NEIGHBOR_INFECTIOUS_PRESSURE,DYNAMIC SPATIOTEMPORAL WATCH,SCENARIO-BASED; VERIFY WITH OFFICIAL SURVEILLANCE
2033-11,1208005000,Sarangani,MAITUM,1.0042406820713887,14.737349971227681,NOT_SIGNIFICANT,0,0,69.71007277556639,HIGH,69.65476456746475,TRANSMISSION_PRESSURE_PROXY,DYNAMIC SPATIOTEMPORAL WATCH,SCENARIO-BASED; VERIFY WITH OFFICIAL SURVEILLANCE
2033-11,1204716000,Cotabato,BANISILAN,0.3950378506770008,9.385401909379512,HOT_SPOT_95,1,8,67.78303318259779,HIGH,62.84113425076525,TRANSMISSION_PRESSURE_PROXY+STATISTICAL_HOTSPOT+CONNECTED_HOTSPOT_CLUSTER+NEIGHBOR_INFECTIOUS_PRESSURE,DYNAMIC SPATIOTEMPORAL WATCH,SCENARIO-BASED; VERIFY WITH OFFICIAL SURVEILLANCE
2033-11,1204702000,Cotabato,CARMEN,0.4231864558350131,7.940831091633719,HOT_SPOT_99,1,8,64.72927687033476,MODERATE,68.52232793243024,STATISTICAL_HOTSPOT+CONNECTED_HOTSPOT_CLUSTER+NEIGHBOR_INFECTIOUS_PRESSURE,DYNAMIC SPATIOTEMPORAL WATCH,SCENARIO-BASED; VERIFY WITH OFFICIAL SURVEILLANCE
2033-11,1204705000,Cotabato,LIBUNGAN,0.2179226733528443,11.201277076483471,HOT_SPOT_99,1,8,60.99756768202729,MODERATE,46.647791631622994,STATISTICAL_HOTSPOT+CONNECTED_HOTSPOT_CLUSTER+NEIGHBOR_INFECTIOUS_PRESSURE,DYNAMIC SPATIOTEMPORAL WATCH,SCENARIO-BASED; VERIFY WITH OFFICIAL SURVEILLANCE
2033-11,1204709000,Cotabato,MIDSAYAP,0.4634710182679843,3.8186464770649033,HOT_SPOT_95,1,8,47.22858276400452,MODERATE,32.7900684711398,STATISTICAL_HOTSPOT+CONNECTED_HOTSPOT_CLUSTER+NEIGHBOR_INFECTIOUS_PRESSURE,DYNAMIC SPATIOTEMPORAL WATCH,SCENARIO-BASED; VERIFY WITH OFFICIAL SURVEILLANCE
2033-12,1204701000,Cotabato,ALAMADA,0.6413087209140459,11.324424477226335,HOT_SPOT_99,1,8,88.25552213863267,CRITICAL,85.8485764913848,TRANSMISSION_PRESSURE_PROXY+STATISTICAL_HOTSPOT+CONNECTED_HOTSPOT_CLUSTER+TESTING_CENTER_GAP+NEIGHBOR_INFECTIOUS_PRESSURE,DYNAMIC SPATIOTEMPORAL WATCH,SCENARIO-BASED; VERIFY WITH OFFICIAL SURVEILLANCE
2033-12,1204711000,Cotabato,PIGKAWAYAN,0.6912288949967624,14.684493206987222,HOT_SPOT_99,1,8,85.79606344540858,CRITICAL,79.15405865761753,TRANSMISSION_PRESSURE_PROXY+STATISTICAL_HOTSPOT+CONNECTED_HOTSPOT_CLUSTER+TESTING_CENTER_GAP+NEIGHBOR_INFECTIOUS_PRESSURE,DYNAMIC SPATIOTEMPORAL WATCH,SCENARIO-BASED; VERIFY WITH OFFICIAL SURVEILLANCE
2033-12,1206509000,Sultan Kudarat,PALIMBANG,0.7470378562126115,9.910360091557225,NOT_SIGNIFICANT,0,0,80.84899581242522,CRITICAL,80.87002046741966,TRANSMISSION_PRESSURE_PROXY+TESTING_CENTER_GAP+NEIGHBOR_INFECTIOUS_PRESSURE,DYNAMIC SPATIOTEMPORAL WATCH,SCENARIO-BASED; VERIFY WITH OFFICIAL SURVEILLANCE
2033-12,1204712000,Cotabato,PIKIT,0.603967587095504,10.597775810313557,HOT_SPOT_90,1,8,77.39152840841894,HIGH,78.77205522686049,TRANSMISSION_PRESSURE_PROXY+CONNECTED_HOTSPOT_CLUSTER+TESTING_CENTER_GAP,DYNAMIC SPATIOTEMPORAL WATCH,SCENARIO-BASED; VERIFY WITH OFFICIAL SURVEILLANCE
2033-12,1204716000,Cotabato,BANISILAN,0.2476125787918716,9.394591106893833,HOT_SPOT_95,1,8,75.61392910852453,HIGH,68.86201349601313,TRANSMISSION_PRESSURE_PROXY+STATISTICAL_HOTSPOT+CONNECTED_HOTSPOT_CLUSTER+NEIGHBOR_INFECTIOUS_PRESSURE,DYNAMIC SPATIOTEMPORAL WATCH,SCENARIO-BASED; VERIFY WITH OFFICIAL SURVEILLANCE
2033-12,1204717000,Cotabato,ALEOSAN,0.0619367031875642,13.07692007650891,HOT_SPOT_95,1,8,72.8878017576015,HIGH,65.36017614187799,TRANSMISSION_PRESSURE_PROXY+STATISTICAL_HOTSPOT+CONNECTED_HOTSPOT_CLUSTER+NEIGHBOR_INFECTIOUS_PRESSURE,DYNAMIC SPATIOTEMPORAL WATCH,SCENARIO-BASED; VERIFY WITH OFFICIAL SURVEILLANCE
2033-12,1206505000,Sultan Kudarat,KALAMANSIG,0.7548578854909694,11.208131927290177,NOT_SIGNIFICANT,0,0,72.5573990907896,HIGH,70.72060232301145,TRANSMISSION_PRESSURE_PROXY+TESTING_CENTER_GAP,DYNAMIC SPATIOTEMPORAL WATCH,SCENARIO-BASED; VERIFY WITH OFFICIAL SURVEILLANCE
2033-12,1204702000,Cotabato,CARMEN,0.27841959215496775,7.921803237796084,HOT_SPOT_99,1,8,71.68879139310434,HIGH,74.47044499108164,TRANSMISSION_PRESSURE_PROXY+STATISTICAL_HOTSPOT+CONNECTED_HOTSPOT_CLUSTER+TESTING_CENTER_GAP+NEIGHBOR_INFECTIOUS_PRESSURE,DYNAMIC SPATIOTEMPORAL WATCH,SCENARIO-BASED; VERIFY WITH OFFICIAL SURVEILLANCE
2033-12,1208005000,Sarangani,MAITUM,0.5790975113608464,14.9195613076919,NOT_SIGNIFICANT,0,0,71.16204282825862,HIGH,71.7479671936498,TRANSMISSION_PRESSURE_PROXY+TESTING_CENTER_GAP,DYNAMIC SPATIOTEMPORAL WATCH,SCENARIO-BASED; VERIFY WITH OFFICIAL SURVEILLANCE
2033-12,1204705000,Cotabato,LIBUNGAN,0.10485497996874019,10.513485997186264,HOT_SPOT_99,1,8,63.74036348135067,MODERATE,49.10784354278304,STATISTICAL_HOTSPOT+CONNECTED_HOTSPOT_CLUSTER+NEIGHBOR_INFECTIOUS_PRESSURE,DYNAMIC SPATIOTEMPORAL WATCH,SCENARIO-BASED; VERIFY WITH OFFICIAL SURVEILLANCE
2033-12,1204709000,Cotabato,MIDSAYAP,0.23638029568311508,3.608763416355186,HOT_SPOT_95,1,8,47.94741082332263,MODERATE,32.84210010424266,STATISTICAL_HOTSPOT+CONNECTED_HOTSPOT_CLUSTER+NEIGHBOR_INFECTIOUS_PRESSURE,DYNAMIC SPATIOTEMPORAL WATCH,SCENARIO-BASED; VERIFY WITH OFFICIAL SURVEILLANCE
2034-01,1204701000,Cotabato,ALAMADA,0.4226194909229418,11.370420851776027,HOT_SPOT_99,1,8,93.45573701619053,CRITICAL,85.91670651326521,TRANSMISSION_PRESSURE_PROXY+STATISTICAL_HOTSPOT+CONNECTED_HOTSPOT_CLUSTER+TESTING_CENTER_GAP+NEIGHBOR_INFECTIOUS_PRESSURE,DYNAMIC SPATIOTEMPORAL WATCH,SCENARIO-BASED; VERIFY WITH OFFICIAL SURVEILLANCE
2034-01,1206509000,Sultan Kudarat,PALIMBANG,0.459739740210911,10.017449486978908,HOT_SPOT_90,0,0,85.20044789806016,CRITICAL,81.38976542871492,TRANSMISSION_PRESSURE_PROXY+TESTING_CENTER_GAP+NEIGHBOR_INFECTIOUS_PRESSURE,DYNAMIC SPATIOTEMPORAL WATCH,SCENARIO-BASED; VERIFY WITH OFFICIAL SURVEILLANCE
2034-01,1204711000,Cotabato,PIGKAWAYAN,0.3356316311924016,14.712412404786589,HOT_SPOT_99,1,8,84.4692109257301,CRITICAL,75.03401085641543,TRANSMISSION_PRESSURE_PROXY+STATISTICAL_HOTSPOT+CONNECTED_HOTSPOT_CLUSTER+TESTING_CENTER_GAP+NEIGHBOR_INFECTIOUS_PRESSURE,DYNAMIC SPATIOTEMPORAL WATCH,SCENARIO-BASED; VERIFY WITH OFFICIAL SURVEILLANCE
2034-01,1204716000,Cotabato,BANISILAN,0.17320854008029493,9.37708330541135,HOT_SPOT_95,1,8,80.92854619366035,CRITICAL,71.54145467423996,TRANSMISSION_PRESSURE_PROXY+STATISTICAL_HOTSPOT+CONNECTED_HOTSPOT_CLUSTER+TESTING_CENTER_GAP+NEIGHBOR_INFECTIOUS_PRESSURE,DYNAMIC SPATIOTEMPORAL WATCH,SCENARIO-BASED; VERIFY WITH OFFICIAL SURVEILLANCE
2034-01,1208005000,Sarangani,MAITUM,0.549611472222123,15.032404457939919,NOT_SIGNIFICANT,0,0,79.86592212321727,HIGH,74.53081283748459,TRANSMISSION_PRESSURE_PROXY+TESTING_CENTER_GAP+NEIGHBOR_INFECTIOUS_PRESSURE,DYNAMIC SPATIOTEMPORAL WATCH,SCENARIO-BASED; VERIFY WITH OFFICIAL SURVEILLANCE
2034-01,1204712000,Cotabato,PIKIT,0.3369741185479536,10.668720856475977,HOT_SPOT_90,1,8,77.5906375249215,HIGH,76.66439023089781,TRANSMISSION_PRESSURE_PROXY+CONNECTED_HOTSPOT_CLUSTER+TESTING_CENTER_GAP,DYNAMIC SPATIOTEMPORAL WATCH,SCENARIO-BASED; VERIFY WITH OFFICIAL SURVEILLANCE
2034-01,1204717000,Cotabato,ALEOSAN,0.046025307715256265,12.79856984552259,HOT_SPOT_95,1,8,74.69406903841733,HIGH,65.6264603157201,TRANSMISSION_PRESSURE_PROXY+STATISTICAL_HOTSPOT+CONNECTED_HOTSPOT_CLUSTER+NEIGHBOR_INFECTIOUS_PRESSURE,DYNAMIC SPATIOTEMPORAL WATCH,SCENARIO-BASED; VERIFY WITH OFFICIAL SURVEILLANCE
2034-01,1204702000,Cotabato,CARMEN,0.18589754954505977,7.896395772348633,HOT_SPOT_99,1,8,74.27052220215134,HIGH,75.28359741305493,TRANSMISSION_PRESSURE_PROXY+STATISTICAL_HOTSPOT+CONNECTED_HOTSPOT_CLUSTER+TESTING_CENTER_GAP+NEIGHBOR_INFECTIOUS_PRESSURE,DYNAMIC SPATIOTEMPORAL WATCH,SCENARIO-BASED; VERIFY WITH OFFICIAL SURVEILLANCE
2034-01,1204705000,Cotabato,LIBUNGAN,0.21893705029574767,9.603817941984758,HOT_SPOT_99,1,8,73.74384979282824,HIGH,52.71290826506902,TRANSMISSION_PRESSURE_PROXY+STATISTICAL_HOTSPOT+CONNECTED_HOTSPOT_CLUSTER+NEIGHBOR_INFECTIOUS_PRESSURE,DYNAMIC SPATIOTEMPORAL WATCH,SCENARIO-BASED; VERIFY WITH OFFICIAL SURVEILLANCE
2034-01,1206505000,Sultan Kudarat,KALAMANSIG,0.32873830144521465,11.277483469178563,NOT_SIGNIFICANT,0,0,67.76311388089465,HIGH,71.17511101447451,TRANSMISSION_PRESSURE_PROXY+TESTING_CENTER_GAP,DYNAMIC SPATIOTEMPORAL WATCH,SCENARIO-BASED; VERIFY WITH OFFICIAL SURVEILLANCE
2034-01,1204713000,Cotabato,PRESIDENT ROXAS,0.43655665813168415,11.090279181316888,NOT_SIGNIFICANT,0,0,65.90434578252243,HIGH,66.4358824941504,TRANSMISSION_PRESSURE_PROXY,DYNAMIC SPATIOTEMPORAL WATCH,SCENARIO-BASED; VERIFY WITH OFFICIAL SURVEILLANCE
2034-01,1204709000,Cotabato,MIDSAYAP,0.1684347496140407,3.594993216664274,HOT_SPOT_95,1,8,47.49078906986254,MODERATE,33.93891529210437,STATISTICAL_HOTSPOT+CONNECTED_HOTSPOT_CLUSTER+NEIGHBOR_INFECTIOUS_PRESSURE,DYNAMIC SPATIOTEMPORAL WATCH,SCENARIO-BASED; VERIFY WITH OFFICIAL SURVEILLANCE
2034-02,1204717000,Cotabato,ALEOSAN,0.23130068191415565,10.733251537674763,HOT_SPOT_90,1,7,84.74351774873348,CRITICAL,69.68681226867466,TRANSMISSION_PRESSURE_PROXY+CONNECTED_HOTSPOT_CLUSTER+NEIGHBOR_INFECTIOUS_PRESSURE,DYNAMIC SPATIOTEMPORAL WATCH,SCENARIO-BASED; VERIFY WITH OFFICIAL SURVEILLANCE
2034-02,1204711000,Cotabato,PIGKAWAYAN,0.30475277584453975,14.60526062713674,HOT_SPOT_99,1,7,76.58881956554706,HIGH,72.48128746531552,TRANSMISSION_PRESSURE_PROXY+STATISTICAL_HOTSPOT+CONNECTED_HOTSPOT_CLUSTER+TESTING_CENTER_GAP+NEIGHBOR_INFECTIOUS_PRESSURE,DYNAMIC SPATIOTEMPORAL WATCH,SCENARIO-BASED; VERIFY WITH OFFICIAL SURVEILLANCE
2034-02,1204701000,Cotabato,ALAMADA,0.3934495769446455,11.328922237977213,HOT_SPOT_99,1,7,76.07370571310467,HIGH,76.14404755973742,TRANSMISSION_PRESSURE_PROXY+STATISTICAL_HOTSPOT+CONNECTED_HOTSPOT_CLUSTER+TESTING_CENTER_GAP+NEIGHBOR_INFECTIOUS_PRESSURE,DYNAMIC SPATIOTEMPORAL WATCH,SCENARIO-BASED; VERIFY WITH OFFICIAL SURVEILLANCE
2034-02,1204702000,Cotabato,CARMEN,0.786384526014767,7.873346478894232,HOT_SPOT_95,1,7,74.4304769630792,HIGH,75.70872366186784,TRANSMISSION_PRESSURE_PROXY+STATISTICAL_HOTSPOT+CONNECTED_HOTSPOT_CLUSTER+TESTING_CENTER_GAP+NEIGHBOR_INFECTIOUS_PRESSURE,DYNAMIC SPATIOTEMPORAL WATCH,SCENARIO-BASED; VERIFY WITH OFFICIAL SURVEILLANCE
2034-02,1206509000,Sultan Kudarat,PALIMBANG,0.4915818606187321,10.048214454483281,HOT_SPOT_90,0,0,71.12944503690267,HIGH,72.79627167366257,TRANSMISSION_PRESSURE_PROXY+TESTING_CENTER_GAP+NEIGHBOR_INFECTIOUS_PRESSURE,DYNAMIC SPATIOTEMPORAL WATCH,SCENARIO-BASED; VERIFY WITH OFFICIAL SURVEILLANCE
2034-02,1204716000,Cotabato,BANISILAN,0.21856498590096207,9.305624310891716,HOT_SPOT_95,1,7,69.2288795062014,HIGH,63.85836546002344,TRANSMISSION_PRESSURE_PROXY+STATISTICAL_HOTSPOT+CONNECTED_HOTSPOT_CLUSTER+NEIGHBOR_INFECTIOUS_PRESSURE,DYNAMIC SPATIOTEMPORAL WATCH,SCENARIO-BASED; VERIFY WITH OFFICIAL SURVEILLANCE
2034-02,1204712000,Cotabato,PIKIT,0.47337652610550524,10.661440197615851,NOT_SIGNIFICANT,0,0,67.9584480901576,HIGH,72.21826940376724,TRANSMISSION_PRESSURE_PROXY+TESTING_CENTER_GAP,DYNAMIC SPATIOTEMPORAL WATCH,SCENARIO-BASED; VERIFY WITH OFFICIAL SURVEILLANCE
2034-02,1204705000,Cotabato,LIBUNGAN,0.2570492617387594,8.40306770350815,HOT_SPOT_99,1,7,62.62950731828941,MODERATE,45.81180950165559,STATISTICAL_HOTSPOT+CONNECTED_HOTSPOT_CLUSTER+NEIGHBOR_INFECTIOUS_PRESSURE,DYNAMIC SPATIOTEMPORAL WATCH,SCENARIO-BASED; VERIFY WITH OFFICIAL SURVEILLANCE
2034-02,1208005000,Sarangani,MAITUM,0.41138870183669046,15.017995515073702,NOT_SIGNIFICANT,0,0,62.5161339520941,MODERATE,65.01363401931181,NEIGHBOR_INFECTIOUS_PRESSURE,DYNAMIC SPATIOTEMPORAL WATCH,SCENARIO-BASED; VERIFY WITH OFFICIAL SURVEILLANCE
2034-03,1204711000,Cotabato,PIGKAWAYAN,1.0079914991033356,14.350813535030925,HOT_SPOT_99,1,5,88.45399153840351,CRITICAL,79.46637821936504,TRANSMISSION_PRESSURE_PROXY+STATISTICAL_HOTSPOT+CONNECTED_HOTSPOT_CLUSTER+TESTING_CENTER_GAP+NEIGHBOR_INFECTIOUS_PRESSURE,DYNAMIC SPATIOTEMPORAL WATCH,SCENARIO-BASED; VERIFY WITH OFFICIAL SURVEILLANCE
2034-03,1204701000,Cotabato,ALAMADA,0.7430738182403188,11.191802256984158,HOT_SPOT_99,1,5,78.46500027015554,HIGH,78.37627857946192,TRANSMISSION_PRESSURE_PROXY+STATISTICAL_HOTSPOT+CONNECTED_HOTSPOT_CLUSTER+TESTING_CENTER_GAP+NEIGHBOR_INFECTIOUS_PRESSURE,DYNAMIC SPATIOTEMPORAL WATCH,SCENARIO-BASED; VERIFY WITH OFFICIAL SURVEILLANCE
2034-03,1206509000,Sultan Kudarat,PALIMBANG,0.9148872914976002,10.059629674669978,HOT_SPOT_95,0,0,75.76532771630103,HIGH,76.48807702944798,TRANSMISSION_PRESSURE_PROXY+STATISTICAL_HOTSPOT+TESTING_CENTER_GAP+NEIGHBOR_INFECTIOUS_PRESSURE,DYNAMIC SPATIOTEMPORAL WATCH,SCENARIO-BASED; VERIFY WITH OFFICIAL SURVEILLANCE
2034-03,1204702000,Cotabato,CARMEN,1.2163333812204633,7.893885321911818,HOT_SPOT_95,1,5,74.25668614162223,HIGH,75.9379602658496,TRANSMISSION_PRESSURE_PROXY+STATISTICAL_HOTSPOT+CONNECTED_HOTSPOT_CLUSTER+TESTING_CENTER_GAP+NEIGHBOR_INFECTIOUS_PRESSURE,DYNAMIC SPATIOTEMPORAL WATCH,SCENARIO-BASED; VERIFY WITH OFFICIAL SURVEILLANCE
2034-03,1204716000,Cotabato,BANISILAN,0.3488247925391384,9.142986290250821,HOT_SPOT_95,1,5,72.00026963139496,HIGH,66.30886990865166,TRANSMISSION_PRESSURE_PROXY+STATISTICAL_HOTSPOT+CONNECTED_HOTSPOT_CLUSTER+NEIGHBOR_INFECTIOUS_PRESSURE,DYNAMIC SPATIOTEMPORAL WATCH,SCENARIO-BASED; VERIFY WITH OFFICIAL SURVEILLANCE
2034-03,1204712000,Cotabato,PIKIT,0.7853872271697648,10.606040241299254,NOT_SIGNIFICANT,0,0,70.11775530092422,HIGH,74.68112417594,TRANSMISSION_PRESSURE_PROXY+TESTING_CENTER_GAP,DYNAMIC SPATIOTEMPORAL WATCH,SCENARIO-BASED; VERIFY WITH OFFICIAL SURVEILLANCE
2034-03,1204717000,Cotabato,ALEOSAN,0.13231119900908572,8.72860781577752,NOT_SIGNIFICANT,0,0,65.20841485428616,HIGH,56.52736503255687,TRANSMISSION_PRESSURE_PROXY+NEIGHBOR_INFECTIOUS_PRESSURE,DYNAMIC SPATIOTEMPORAL WATCH,SCENARIO-BASED; VERIFY WITH OFFICIAL SURVEILLANCE
2034-03,1204705000,Cotabato,LIBUNGAN,0.2656638895273225,6.7541500417010765,HOT_SPOT_99,1,5,55.94409968579905,MODERATE,39.80650554247682,STATISTICAL_HOTSPOT+CONNECTED_HOTSPOT_CLUSTER+NEIGHBOR_INFECTIOUS_PRESSURE,DYNAMIC SPATIOTEMPORAL WATCH,SCENARIO-BASED; VERIFY WITH OFFICIAL SURVEILLANCE
2034-04,1204701000,Cotabato,ALAMADA,1.5387983932657332,11.193698710715704,HOT_SPOT_99,1,5,91.90496687789164,CRITICAL,85.81312085626689,TRANSMISSION_PRESSURE_PROXY+STATISTICAL_HOTSPOT+CONNECTED_HOTSPOT_CLUSTER+TESTING_CENTER_GAP+NEIGHBOR_INFECTIOUS_PRESSURE,DYNAMIC SPATIOTEMPORAL WATCH,SCENARIO-BASED; VERIFY WITH OFFICIAL SURVEILLANCE
2034-04,1206509000,Sultan Kudarat,PALIMBANG,1.110450084552998,10.184757455783117,HOT_SPOT_95,0,0,82.84738536517604,CRITICAL,82.10268293385565,TRANSMISSION_PRESSURE_PROXY+STATISTICAL_HOTSPOT+TESTING_CENTER_GAP+NEIGHBOR_INFECTIOUS_PRESSURE,DYNAMIC SPATIOTEMPORAL WATCH,SCENARIO-BASED; VERIFY WITH OFFICIAL SURVEILLANCE
2034-04,1208005000,Sarangani,MAITUM,0.9480960337605135,14.784233386351055,NOT_SIGNIFICANT,0,0,76.5382479000874,HIGH,74.04618727417508,TRANSMISSION_PRESSURE_PROXY+TESTING_CENTER_GAP+NEIGHBOR_INFECTIOUS_PRESSURE,DYNAMIC SPATIOTEMPORAL WATCH,SCENARIO-BASED; VERIFY WITH OFFICIAL SURVEILLANCE
2034-04,1204711000,Cotabato,PIGKAWAYAN,0.28774544580350714,13.227494004531618,HOT_SPOT_99,1,5,76.2268829573663,HIGH,71.31680692409967,TRANSMISSION_PRESSURE_PROXY+STATISTICAL_HOTSPOT+CONNECTED_HOTSPOT_CLUSTER+TESTING_CENTER_GAP+NEIGHBOR_INFECTIOUS_PRESSURE,DYNAMIC SPATIOTEMPORAL WATCH,SCENARIO-BASED; VERIFY WITH OFFICIAL SURVEILLANCE
2034-04,1204716000,Cotabato,BANISILAN,0.3955362502900326,9.03358230975998,HOT_SPOT_95,1,5,75.17246982132953,HIGH,69.28613597550269,TRANSMISSION_PRESSURE_PROXY+STATISTICAL_HOTSPOT+CONNECTED_HOTSPOT_CLUSTER+NEIGHBOR_INFECTIOUS_PRESSURE,DYNAMIC SPATIOTEMPORAL WATCH,SCENARIO-BASED; VERIFY WITH OFFICIAL SURVEILLANCE
2034-04,1204712000,Cotabato,PIKIT,0.8609017351030466,10.647654482697538,NOT_SIGNIFICANT,0,0,74.24063235679263,HIGH,78.15469539520697,TRANSMISSION_PRESSURE_PROXY+TESTING_CENTER_GAP+NEIGHBOR_INFECTIOUS_PRESSURE,DYNAMIC SPATIOTEMPORAL WATCH,SCENARIO-BASED; VERIFY WITH OFFICIAL SURVEILLANCE
2034-04,1204702000,Cotabato,CARMEN,1.003666000509798,8.03805877390752,HOT_SPOT_95,1,5,66.38539944998207,HIGH,70.25627387249294,TRANSMISSION_PRESSURE_PROXY+STATISTICAL_HOTSPOT+CONNECTED_HOTSPOT_CLUSTER+TESTING_CENTER_GAP+NEIGHBOR_INFECTIOUS_PRESSURE,DYNAMIC SPATIOTEMPORAL WATCH,SCENARIO-BASED; VERIFY WITH OFFICIAL SURVEILLANCE
2034-04,1204717000,Cotabato,ALEOSAN,0.11689791610435939,7.343275464538775,NOT_SIGNIFICANT,0,0,62.820162543291616,MODERATE,53.184104139417,NEIGHBOR_INFECTIOUS_PRESSURE,DYNAMIC SPATIOTEMPORAL WATCH,SCENARIO-BASED; VERIFY WITH OFFICIAL SURVEILLANCE
2034-04,1204705000,Cotabato,LIBUNGAN,0.21610319677733827,5.478692629466434,HOT_SPOT_99,1,5,51.09878006406825,MODERATE,35.82588082659291,STATISTICAL_HOTSPOT+CONNECTED_HOTSPOT_CLUSTER+NEIGHBOR_INFECTIOUS_PRESSURE,DYNAMIC SPATIOTEMPORAL WATCH,SCENARIO-BASED; VERIFY WITH OFFICIAL SURVEILLANCE
2034-05,1206509000,Sultan Kudarat,PALIMBANG,0.7868859198754349,10.324320188512619,HOT_SPOT_95,0,0,87.37964794552384,CRITICAL,84.19878669458052,TRANSMISSION_PRESSURE_PROXY+STATISTICAL_HOTSPOT+TESTING_CENTER_GAP+NEIGHBOR_INFECTIOUS_PRESSURE,DYNAMIC SPATIOTEMPORAL WATCH,SCENARIO-BASED; VERIFY WITH OFFICIAL SURVEILLANCE
2034-05,1204701000,Cotabato,ALAMADA,0.8865846597638206,11.317479488750012,HOT_SPOT_99,1,5,87.31461558998662,CRITICAL,85.75470818586635,TRANSMISSION_PRESSURE_PROXY+STATISTICAL_HOTSPOT+CONNECTED_HOTSPOT_CLUSTER+TESTING_CENTER_GAP+NEIGHBOR_INFECTIOUS_PRESSURE,DYNAMIC SPATIOTEMPORAL WATCH,SCENARIO-BASED; VERIFY WITH OFFICIAL SURVEILLANCE
2034-05,1204711000,Cotabato,PIGKAWAYAN,0.12078048546098075,12.401163676242279,HOT_SPOT_95,1,5,80.47405590820871,CRITICAL,70.4859051803217,TRANSMISSION_PRESSURE_PROXY+STATISTICAL_HOTSPOT+CONNECTED_HOTSPOT_CLUSTER+TESTING_CENTER_GAP+NEIGHBOR_INFECTIOUS_PRESSURE,DYNAMIC SPATIOTEMPORAL WATCH,SCENARIO-BASED; VERIFY WITH OFFICIAL SURVEILLANCE
2034-05,1204712000,Cotabato,PIKIT,0.623467588408274,10.717072373524793,NOT_SIGNIFICANT,0,0,80.01166082994145,CRITICAL,81.24866539305458,TRANSMISSION_PRESSURE_PROXY+TESTING_CENTER_GAP+NEIGHBOR_INFECTIOUS_PRESSURE,DYNAMIC SPATIOTEMPORAL WATCH,SCENARIO-BASED; VERIFY WITH OFFICIAL SURVEILLANCE
2034-05,1208005000,Sarangani,MAITUM,0.5441945096909298,14.808660941801968,NOT_SIGNIFICANT,0,0,77.13696957236765,HIGH,75.16828853256133,TRANSMISSION_PRESSURE_PROXY+TESTING_CENTER_GAP+NEIGHBOR_INFECTIOUS_PRESSURE,DYNAMIC SPATIOTEMPORAL WATCH,SCENARIO-BASED; VERIFY WITH OFFICIAL SURVEILLANCE
2034-05,1204716000,Cotabato,BANISILAN,0.2542152694474138,8.97964792688932,HOT_SPOT_95,1,5,77.06569133951072,HIGH,70.4588934082315,TRANSMISSION_PRESSURE_PROXY+STATISTICAL_HOTSPOT+CONNECTED_HOTSPOT_CLUSTER+TESTING_CENTER_GAP+NEIGHBOR_INFECTIOUS_PRESSURE,DYNAMIC SPATIOTEMPORAL WATCH,SCENARIO-BASED; VERIFY WITH OFFICIAL SURVEILLANCE
2034-05,1204717000,Cotabato,ALEOSAN,0.10040642216289163,6.517547548129927,NOT_SIGNIFICANT,0,0,73.25071386003152,HIGH,56.32757141977001,TRANSMISSION_PRESSURE_PROXY+NEIGHBOR_INFECTIOUS_PRESSURE,DYNAMIC SPATIOTEMPORAL WATCH,SCENARIO-BASED; VERIFY WITH OFFICIAL SURVEILLANCE
2034-05,1204702000,Cotabato,CARMEN,0.5478781228517037,8.143223143753284,HOT_SPOT_90,1,5,64.55060132463626,MODERATE,68.92422649830586,CONNECTED_HOTSPOT_CLUSTER+NEIGHBOR_INFECTIOUS_PRESSURE,DYNAMIC SPATIOTEMPORAL WATCH,SCENARIO-BASED; VERIFY WITH OFFICIAL SURVEILLANCE
2034-05,1204705000,Cotabato,LIBUNGAN,0.16820416474786284,4.7011364430482585,HOT_SPOT_99,1,5,59.35036981019341,MODERATE,39.383014896251176,STATISTICAL_HOTSPOT+CONNECTED_HOTSPOT_CLUSTER+NEIGHBOR_INFECTIOUS_PRESSURE,DYNAMIC SPATIOTEMPORAL WATCH,SCENARIO-BASED; VERIFY WITH OFFICIAL SURVEILLANCE
2034-06,1206509000,Sultan Kudarat,PALIMBANG,0.7235217833289985,10.403269100287517,HOT_SPOT_95,2,2,79.46664337789369,HIGH,78.0045722029933,TRANSMISSION_PRESSURE_PROXY+STATISTICAL_HOTSPOT+CONNECTED_HOTSPOT_CLUSTER+TESTING_CENTER_GAP+NEIGHBOR_INFECTIOUS_PRESSURE,DYNAMIC SPATIOTEMPORAL WATCH,SCENARIO-BASED; VERIFY WITH OFFICIAL SURVEILLANCE
2034-06,1204711000,Cotabato,PIGKAWAYAN,0.1465987127659345,11.661739819017516,HOT_SPOT_95,1,4,78.09029083551441,HIGH,69.89716081007157,TRANSMISSION_PRESSURE_PROXY+STATISTICAL_HOTSPOT+CONNECTED_HOTSPOT_CLUSTER+NEIGHBOR_INFECTIOUS_PRESSURE,DYNAMIC SPATIOTEMPORAL WATCH,SCENARIO-BASED; VERIFY WITH OFFICIAL SURVEILLANCE
2034-06,1204701000,Cotabato,ALAMADA,0.6325642152445078,11.35470536617616,HOT_SPOT_99,1,4,76.18744907166283,HIGH,76.51505321582292,TRANSMISSION_PRESSURE_PROXY+STATISTICAL_HOTSPOT+CONNECTED_HOTSPOT_CLUSTER+TESTING_CENTER_GAP+NEIGHBOR_INFECTIOUS_PRESSURE,DYNAMIC SPATIOTEMPORAL WATCH,SCENARIO-BASED; VERIFY WITH OFFICIAL SURVEILLANCE
2034-06,1204717000,Cotabato,ALEOSAN,0.12335041559425951,5.7155301854082055,NOT_SIGNIFICANT,0,0,70.81295695270171,HIGH,56.46465792304613,TRANSMISSION_PRESSURE_PROXY+NEIGHBOR_INFECTIOUS_PRESSURE,DYNAMIC SPATIOTEMPORAL WATCH,SCENARIO-BASED; VERIFY WITH OFFICIAL SURVEILLANCE
2034-06,1204716000,Cotabato,BANISILAN,0.2418937824875237,8.89452152637023,HOT_SPOT_95,1,4,70.409152618907,HIGH,64.97331744706904,TRANSMISSION_PRESSURE_PROXY+STATISTICAL_HOTSPOT+CONNECTED_HOTSPOT_CLUSTER+NEIGHBOR_INFECTIOUS_PRESSURE,DYNAMIC SPATIOTEMPORAL WATCH,SCENARIO-BASED; VERIFY WITH OFFICIAL SURVEILLANCE
2034-06,1208005000,Sarangani,MAITUM,0.41711679415784175,14.734808088636338,HOT_SPOT_90,2,2,69.1703082993312,HIGH,67.42477854269849,TRANSMISSION_PRESSURE_PROXY+CONNECTED_HOTSPOT_CLUSTER+NEIGHBOR_INFECTIOUS_PRESSURE,DYNAMIC SPATIOTEMPORAL WATCH,SCENARIO-BASED; VERIFY WITH OFFICIAL SURVEILLANCE
2034-06,1204712000,Cotabato,PIKIT,0.5701771346236582,10.727004850316437,NOT_SIGNIFICANT,0,0,68.88325206027304,HIGH,73.99958306312863,TRANSMISSION_PRESSURE_PROXY+TESTING_CENTER_GAP,DYNAMIC SPATIOTEMPORAL WATCH,SCENARIO-BASED; VERIFY WITH OFFICIAL SURVEILLANCE
2034-06,1204702000,Cotabato,CARMEN,0.4231945833318178,7.602989541730316,NOT_SIGNIFICANT,0,0,63.62135245497258,MODERATE,63.44702221564958,NEIGHBOR_INFECTIOUS_PRESSURE,DYNAMIC SPATIOTEMPORAL WATCH,SCENARIO-BASED; VERIFY WITH OFFICIAL SURVEILLANCE
2034-06,1204718000,Cotabato,ARAKAN,0.1401503534474207,5.912469565156679,NOT_SIGNIFICANT,0,0,57.03073802486942,MODERATE,57.982956408875864,NEIGHBOR_INFECTIOUS_PRESSURE,DYNAMIC SPATIOTEMPORAL WATCH,SCENARIO-BASED; VERIFY WITH OFFICIAL SURVEILLANCE
2034-06,1204705000,Cotabato,LIBUNGAN,0.1863922047221698,4.241221954108071,HOT_SPOT_95,1,4,52.48414048018463,MODERATE,36.475519231225604,STATISTICAL_HOTSPOT+CONNECTED_HOTSPOT_CLUSTER+NEIGHBOR_INFECTIOUS_PRESSURE,DYNAMIC SPATIOTEMPORAL WATCH,SCENARIO-BASED; VERIFY WITH OFFICIAL SURVEILLANCE
2034-07,1206509000,Sultan Kudarat,PALIMBANG,1.0530349096333127,10.460428571859202,HOT_SPOT_95,2,2,88.24489321399214,CRITICAL,83.5098443627921,TRANSMISSION_PRESSURE_PROXY+STATISTICAL_HOTSPOT+CONNECTED_HOTSPOT_CLUSTER+TESTING_CENTER_GAP+NEIGHBOR_INFECTIOUS_PRESSURE,DYNAMIC SPATIOTEMPORAL WATCH,SCENARIO-BASED; VERIFY WITH OFFICIAL SURVEILLANCE
2034-07,1204716000,Cotabato,BANISILAN,1.02451654224643,8.873413392125368,HOT_SPOT_95,1,4,88.03991871224258,CRITICAL,72.13005270724508,TRANSMISSION_PRESSURE_PROXY+STATISTICAL_HOTSPOT+CONNECTED_HOTSPOT_CLUSTER+TESTING_CENTER_GAP+NEIGHBOR_INFECTIOUS_PRESSURE,DYNAMIC SPATIOTEMPORAL WATCH,SCENARIO-BASED; VERIFY WITH OFFICIAL SURVEILLANCE
2034-07,1204711000,Cotabato,PIGKAWAYAN,0.12185291534575887,10.904882920371834,HOT_SPOT_95,1,4,79.3533681322592,HIGH,71.46196017127924,TRANSMISSION_PRESSURE_PROXY+STATISTICAL_HOTSPOT+CONNECTED_HOTSPOT_CLUSTER+TESTING_CENTER_GAP+NEIGHBOR_INFECTIOUS_PRESSURE,DYNAMIC SPATIOTEMPORAL WATCH,SCENARIO-BASED; VERIFY WITH OFFICIAL SURVEILLANCE
2034-07,1204701000,Cotabato,ALAMADA,0.5605998050531105,11.298899405319384,HOT_SPOT_99,1,4,77.08289870842292,HIGH,76.47715800531611,TRANSMISSION_PRESSURE_PROXY+STATISTICAL_HOTSPOT+CONNECTED_HOTSPOT_CLUSTER+TESTING_CENTER_GAP+NEIGHBOR_INFECTIOUS_PRESSURE,DYNAMIC SPATIOTEMPORAL WATCH,SCENARIO-BASED; VERIFY WITH OFFICIAL SURVEILLANCE
2034-07,1204717000,Cotabato,ALEOSAN,0.2486003394538975,3.759476818643493,NOT_SIGNIFICANT,0,0,72.66224183670465,HIGH,53.71735822070482,TRANSMISSION_PRESSURE_PROXY+NEIGHBOR_INFECTIOUS_PRESSURE,DYNAMIC SPATIOTEMPORAL WATCH,SCENARIO-BASED; VERIFY WITH OFFICIAL SURVEILLANCE
2034-07,1208005000,Sarangani,MAITUM,0.3506538809612272,14.539841173486947,HOT_SPOT_90,2,2,70.5633019382223,HIGH,67.80223650429109,TRANSMISSION_PRESSURE_PROXY+CONNECTED_HOTSPOT_CLUSTER+NEIGHBOR_INFECTIOUS_PRESSURE,DYNAMIC SPATIOTEMPORAL WATCH,SCENARIO-BASED; VERIFY WITH OFFICIAL SURVEILLANCE
2034-07,1204712000,Cotabato,PIKIT,0.5654427337719486,10.680018378814692,NOT_SIGNIFICANT,0,0,68.18612237261269,HIGH,74.37646162693805,TRANSMISSION_PRESSURE_PROXY+TESTING_CENTER_GAP,DYNAMIC SPATIOTEMPORAL WATCH,SCENARIO-BASED; VERIFY WITH OFFICIAL SURVEILLANCE
2034-07,1204718000,Cotabato,ARAKAN,0.18522026947541842,4.578284784622963,NOT_SIGNIFICANT,0,0,58.41507077865246,MODERATE,54.67918551576854,NEIGHBOR_INFECTIOUS_PRESSURE,DYNAMIC SPATIOTEMPORAL WATCH,SCENARIO-BASED; VERIFY WITH OFFICIAL SURVEILLANCE
2034-07,1204702000,Cotabato,CARMEN,0.10727445614098105,6.991360352747651,NOT_SIGNIFICANT,0,0,57.1656281215404,MODERATE,61.62408604265501,NEIGHBOR_INFECTIOUS_PRESSURE,DYNAMIC SPATIOTEMPORAL WATCH,SCENARIO-BASED; VERIFY WITH OFFICIAL SURVEILLANCE
2034-07,1204705000,Cotabato,LIBUNGAN,0.14815798116026574,3.833410340760028,HOT_SPOT_95,1,4,48.315737220859056,MODERATE,33.69431869913201,STATISTICAL_HOTSPOT+CONNECTED_HOTSPOT_CLUSTER+NEIGHBOR_INFECTIOUS_PRESSURE,DYNAMIC SPATIOTEMPORAL WATCH,SCENARIO-BASED; VERIFY WITH OFFICIAL SURVEILLANCE
2034-08,1204701000,Cotabato,ALAMADA,0.6990351561095269,11.227527144985483,HOT_SPOT_99,1,4,84.9190727370521,CRITICAL,80.75135457762683,TRANSMISSION_PRESSURE_PROXY+STATISTICAL_HOTSPOT+CONNECTED_HOTSPOT_CLUSTER+TESTING_CENTER_GAP+NEIGHBOR_INFECTIOUS_PRESSURE,DYNAMIC SPATIOTEMPORAL WATCH,SCENARIO-BASED; VERIFY WITH OFFICIAL SURVEILLANCE
2034-08,1206509000,Sultan Kudarat,PALIMBANG,0.9908880654398369,10.556047616405076,HOT_SPOT_95,2,2,84.47495286956158,CRITICAL,81.65001442041486,TRANSMISSION_PRESSURE_PROXY+STATISTICAL_HOTSPOT+CONNECTED_HOTSPOT_CLUSTER+TESTING_CENTER_GAP+NEIGHBOR_INFECTIOUS_PRESSURE,DYNAMIC SPATIOTEMPORAL WATCH,SCENARIO-BASED; VERIFY WITH OFFICIAL SURVEILLANCE
2034-08,1208005000,Sarangani,MAITUM,0.4800098610597135,14.329256296211152,HOT_SPOT_90,2,2,80.84029810933531,CRITICAL,73.27440538119077,TRANSMISSION_PRESSURE_PROXY+CONNECTED_HOTSPOT_CLUSTER+TESTING_CENTER_GAP+NEIGHBOR_INFECTIOUS_PRESSURE,DYNAMIC SPATIOTEMPORAL WATCH,SCENARIO-BASED; VERIFY WITH OFFICIAL SURVEILLANCE
2034-08,1204716000,Cotabato,BANISILAN,0.6305309232378997,8.87884110444384,HOT_SPOT_95,1,4,77.95965133546552,HIGH,70.99314014908936,TRANSMISSION_PRESSURE_PROXY+STATISTICAL_HOTSPOT+CONNECTED_HOTSPOT_CLUSTER+TESTING_CENTER_GAP+NEIGHBOR_INFECTIOUS_PRESSURE,DYNAMIC SPATIOTEMPORAL WATCH,SCENARIO-BASED; VERIFY WITH OFFICIAL SURVEILLANCE
2034-08,1204711000,Cotabato,PIGKAWAYAN,0.10275846770898309,10.333023853403423,HOT_SPOT_95,1,4,77.72546735405548,HIGH,71.02741166210458,TRANSMISSION_PRESSURE_PROXY+STATISTICAL_HOTSPOT+CONNECTED_HOTSPOT_CLUSTER+TESTING_CENTER_GAP+NEIGHBOR_INFECTIOUS_PRESSURE,DYNAMIC SPATIOTEMPORAL WATCH,SCENARIO-BASED; VERIFY WITH OFFICIAL SURVEILLANCE
2034-08,1204712000,Cotabato,PIKIT,0.5827760046285073,10.63480328678038,NOT_SIGNIFICANT,0,0,71.60779536721682,HIGH,75.76692107191651,TRANSMISSION_PRESSURE_PROXY+TESTING_CENTER_GAP+NEIGHBOR_INFECTIOUS_PRESSURE,DYNAMIC SPATIOTEMPORAL WATCH,SCENARIO-BASED; VERIFY WITH OFFICIAL SURVEILLANCE
2034-08,1204702000,Cotabato,CARMEN,0.09967071312331854,6.585985167519228,NOT_SIGNIFICANT,0,0,55.44507377794119,MODERATE,60.26451750880327,NEIGHBOR_INFECTIOUS_PRESSURE,DYNAMIC SPATIOTEMPORAL WATCH,SCENARIO-BASED; VERIFY WITH OFFICIAL SURVEILLANCE
2034-08,1204705000,Cotabato,LIBUNGAN,0.16926051971084338,3.5428015209786143,HOT_SPOT_95,1,4,51.61323922034131,MODERATE,34.46793325212478,STATISTICAL_HOTSPOT+CONNECTED_HOTSPOT_CLUSTER+NEIGHBOR_INFECTIOUS_PRESSURE,DYNAMIC SPATIOTEMPORAL WATCH,SCENARIO-BASED; VERIFY WITH OFFICIAL SURVEILLANCE
2034-08,1204718000,Cotabato,ARAKAN,0.0698697778165525,3.7567383360264968,NOT_SIGNIFICANT,0,0,36.7511269157622,LOW,42.86006797400101,NEIGHBOR_INFECTIOUS_PRESSURE,DYNAMIC SPATIOTEMPORAL WATCH,SCENARIO-BASED; VERIFY WITH OFFICIAL SURVEILLANCE
2034-09,1204711000,Cotabato,PIGKAWAYAN,0.20812452079626187,9.242173260872786,HOT_SPOT_95,1,4,91.86800757608553,CRITICAL,77.08009522471598,TRANSMISSION_PRESSURE_PROXY+STATISTICAL_HOTSPOT+CONNECTED_HOTSPOT_CLUSTER+TESTING_CENTER_GAP+NEIGHBOR_INFECTIOUS_PRESSURE,DYNAMIC SPATIOTEMPORAL WATCH,SCENARIO-BASED; VERIFY WITH OFFICIAL SURVEILLANCE
2034-09,1208005000,Sarangani,MAITUM,0.3154891522064701,13.47032904840578,HOT_SPOT_90,2,2,85.50784030995278,CRITICAL,72.73952732888742,TRANSMISSION_PRESSURE_PROXY+CONNECTED_HOTSPOT_CLUSTER+TESTING_CENTER_GAP+NEIGHBOR_INFECTIOUS_PRESSURE,DYNAMIC SPATIOTEMPORAL WATCH,SCENARIO-BASED; VERIFY WITH OFFICIAL SURVEILLANCE
2034-09,1204701000,Cotabato,ALAMADA,0.5158435991849086,11.133530485564625,HOT_SPOT_95,1,4,84.85968990679338,CRITICAL,81.98057806816787,TRANSMISSION_PRESSURE_PROXY+STATISTICAL_HOTSPOT+CONNECTED_HOTSPOT_CLUSTER+TESTING_CENTER_GAP+NEIGHBOR_INFECTIOUS_PRESSURE,DYNAMIC SPATIOTEMPORAL WATCH,SCENARIO-BASED; VERIFY WITH OFFICIAL SURVEILLANCE
2034-09,1206509000,Sultan Kudarat,PALIMBANG,0.7464676409771718,10.602624084319515,HOT_SPOT_95,2,2,83.99355546468139,CRITICAL,81.04294995692435,TRANSMISSION_PRESSURE_PROXY+STATISTICAL_HOTSPOT+CONNECTED_HOTSPOT_CLUSTER+TESTING_CENTER_GAP+NEIGHBOR_INFECTIOUS_PRESSURE,DYNAMIC SPATIOTEMPORAL WATCH,SCENARIO-BASED; VERIFY WITH OFFICIAL SURVEILLANCE
2034-09,1204712000,Cotabato,PIKIT,0.657109768584979,10.582281839322512,NOT_SIGNIFICANT,0,0,81.55526582351574,CRITICAL,80.427823038619,TRANSMISSION_PRESSURE_PROXY+TESTING_CENTER_GAP+NEIGHBOR_INFECTIOUS_PRESSURE,DYNAMIC SPATIOTEMPORAL WATCH,SCENARIO-BASED; VERIFY WITH OFFICIAL SURVEILLANCE
2034-09,1206505000,Sultan Kudarat,KALAMANSIG,0.09544382859373626,7.700524715382361,NOT_SIGNIFICANT,0,0,71.2809710513499,HIGH,66.46355406890623,TRANSMISSION_PRESSURE_PROXY+NEIGHBOR_INFECTIOUS_PRESSURE,DYNAMIC SPATIOTEMPORAL WATCH,SCENARIO-BASED; VERIFY WITH OFFICIAL SURVEILLANCE
2034-09,1204716000,Cotabato,BANISILAN,0.07631187093558826,8.310611320686949,HOT_SPOT_95,1,4,69.26233665229896,HIGH,62.01956569341788,TRANSMISSION_PRESSURE_PROXY+STATISTICAL_HOTSPOT+CONNECTED_HOTSPOT_CLUSTER+NEIGHBOR_INFECTIOUS_PRESSURE,DYNAMIC SPATIOTEMPORAL WATCH,SCENARIO-BASED; VERIFY WITH OFFICIAL SURVEILLANCE
2034-09,1204702000,Cotabato,CARMEN,0.07262394579197681,6.3164346257946935,NOT_SIGNIFICANT,0,0,55.311136882930654,MODERATE,60.10895651707581,NEIGHBOR_INFECTIOUS_PRESSURE,DYNAMIC SPATIOTEMPORAL WATCH,SCENARIO-BASED; VERIFY WITH OFFICIAL SURVEILLANCE
2034-10,1204711000,Cotabato,PIGKAWAYAN,0.14308364722998418,8.259510722842505,HOT_SPOT_95,1,4,78.11482989107108,HIGH,69.17823989580266,TRANSMISSION_PRESSURE_PROXY+STATISTICAL_HOTSPOT+CONNECTED_HOTSPOT_CLUSTER+NEIGHBOR_INFECTIOUS_PRESSURE,DYNAMIC SPATIOTEMPORAL WATCH,SCENARIO-BASED; VERIFY WITH OFFICIAL SURVEILLANCE
2034-10,1204701000,Cotabato,ALAMADA,0.4468337204138902,11.017895897485444,HOT_SPOT_95,1,4,75.46374682555921,HIGH,74.94289808910438,TRANSMISSION_PRESSURE_PROXY+STATISTICAL_HOTSPOT+CONNECTED_HOTSPOT_CLUSTER+TESTING_CENTER_GAP+NEIGHBOR_INFECTIOUS_PRESSURE,DYNAMIC SPATIOTEMPORAL WATCH,SCENARIO-BASED; VERIFY WITH OFFICIAL SURVEILLANCE
2034-10,1206509000,Sultan Kudarat,PALIMBANG,0.7047314845716932,10.641175564007998,HOT_SPOT_95,2,2,75.18222552971392,HIGH,74.2695770225963,TRANSMISSION_PRESSURE_PROXY+STATISTICAL_HOTSPOT+CONNECTED_HOTSPOT_CLUSTER+TESTING_CENTER_GAP+NEIGHBOR_INFECTIOUS_PRESSURE,DYNAMIC SPATIOTEMPORAL WATCH,SCENARIO-BASED; VERIFY WITH OFFICIAL SURVEILLANCE
2034-10,1208005000,Sarangani,MAITUM,0.11049078173695748,12.58762585744559,HOT_SPOT_90,2,2,71.65788604521754,HIGH,66.24515827355418,TRANSMISSION_PRESSURE_PROXY+CONNECTED_HOTSPOT_CLUSTER+NEIGHBOR_INFECTIOUS_PRESSURE,DYNAMIC SPATIOTEMPORAL WATCH,SCENARIO-BASED; VERIFY WITH OFFICIAL SURVEILLANCE
2034-10,1204712000,Cotabato,PIKIT,0.725253467254223,10.558918020577048,NOT_SIGNIFICANT,0,0,70.20115088195381,HIGH,75.0493252827514,TRANSMISSION_PRESSURE_PROXY+TESTING_CENTER_GAP+NEIGHBOR_INFECTIOUS_PRESSURE,DYNAMIC SPATIOTEMPORAL WATCH,SCENARIO-BASED; VERIFY WITH OFFICIAL SURVEILLANCE
2034-10,1204716000,Cotabato,BANISILAN,0.0801170830087382,7.877752826750496,HOT_SPOT_95,1,4,68.53086972638401,HIGH,62.056123910129784,TRANSMISSION_PRESSURE_PROXY+STATISTICAL_HOTSPOT+CONNECTED_HOTSPOT_CLUSTER+NEIGHBOR_INFECTIOUS_PRESSURE,DYNAMIC SPATIOTEMPORAL WATCH,SCENARIO-BASED; VERIFY WITH OFFICIAL SURVEILLANCE
2034-10,1204702000,Cotabato,CARMEN,0.11422464888846663,6.093959779686172,NOT_SIGNIFICANT,0,0,58.796554898769706,MODERATE,64.10641517744317,NEIGHBOR_INFECTIOUS_PRESSURE,DYNAMIC SPATIOTEMPORAL WATCH,SCENARIO-BASED; VERIFY WITH OFFICIAL SURVEILLANCE
2034-11,1204711000,Cotabato,PIGKAWAYAN,0.26010892987063966,6.3823952543154965,HOT_SPOT_90,1,4,81.79436661688939,CRITICAL,68.75165605770613,TRANSMISSION_PRESSURE_PROXY+CONNECTED_HOTSPOT_CLUSTER+NEIGHBOR_INFECTIOUS_PRESSURE,DYNAMIC SPATIOTEMPORAL WATCH,SCENARIO-BASED; VERIFY WITH OFFICIAL SURVEILLANCE
2034-11,1204701000,Cotabato,ALAMADA,0.8849278811091907,10.783161807432794,HOT_SPOT_95,1,4,81.11362518640732,CRITICAL,79.07516572569037,TRANSMISSION_PRESSURE_PROXY+STATISTICAL_HOTSPOT+CONNECTED_HOTSPOT_CLUSTER+TESTING_CENTER_GAP+NEIGHBOR_INFECTIOUS_PRESSURE,DYNAMIC SPATIOTEMPORAL WATCH,SCENARIO-BASED; VERIFY WITH OFFICIAL SURVEILLANCE
2034-11,1208005000,Sarangani,MAITUM,0.1833083489546126,10.944121985987803,HOT_SPOT_90,2,2,74.71267332943448,HIGH,65.28113059792332,TRANSMISSION_PRESSURE_PROXY+CONNECTED_HOTSPOT_CLUSTER+NEIGHBOR_INFECTIOUS_PRESSURE,DYNAMIC SPATIOTEMPORAL WATCH,SCENARIO-BASED; VERIFY WITH OFFICIAL SURVEILLANCE
2034-11,1206509000,Sultan Kudarat,PALIMBANG,0.9498976113393777,10.588858905046557,HOT_SPOT_95,2,2,73.84015091305344,HIGH,75.18891544117422,TRANSMISSION_PRESSURE_PROXY+STATISTICAL_HOTSPOT+CONNECTED_HOTSPOT_CLUSTER+TESTING_CENTER_GAP+NEIGHBOR_INFECTIOUS_PRESSURE,DYNAMIC SPATIOTEMPORAL WATCH,SCENARIO-BASED; VERIFY WITH OFFICIAL SURVEILLANCE
2034-11,1204717000,Cotabato,ALEOSAN,0.1798981934056514,3.5831147361518534,NOT_SIGNIFICANT,0,0,67.95082896152813,HIGH,51.58711132018528,TRANSMISSION_PRESSURE_PROXY+NEIGHBOR_INFECTIOUS_PRESSURE,DYNAMIC SPATIOTEMPORAL WATCH,SCENARIO-BASED; VERIFY WITH OFFICIAL SURVEILLANCE
2034-11,1204716000,Cotabato,BANISILAN,0.09975556654187813,7.304374948699685,HOT_SPOT_95,1,4,67.02480162085595,HIGH,61.48461820033046,TRANSMISSION_PRESSURE_PROXY+STATISTICAL_HOTSPOT+CONNECTED_HOTSPOT_CLUSTER+NEIGHBOR_INFECTIOUS_PRESSURE,DYNAMIC SPATIOTEMPORAL WATCH,SCENARIO-BASED; VERIFY WITH OFFICIAL SURVEILLANCE
2034-11,1204712000,Cotabato,PIKIT,0.8437411800872996,10.446165250255119,NOT_SIGNIFICANT,0,0,65.8877700882372,HIGH,73.09653209181236,TRANSMISSION_PRESSURE_PROXY+TESTING_CENTER_GAP,DYNAMIC SPATIOTEMPORAL WATCH,SCENARIO-BASED; VERIFY WITH OFFICIAL SURVEILLANCE
2034-11,1204702000,Cotabato,CARMEN,0.1434344465344045,5.766462599103983,NOT_SIGNIFICANT,0,0,58.769416532349474,MODERATE,64.23980709815427,NEIGHBOR_INFECTIOUS_PRESSURE,DYNAMIC SPATIOTEMPORAL WATCH,SCENARIO-BASED; VERIFY WITH OFFICIAL SURVEILLANCE
2034-11,1206505000,Sultan Kudarat,KALAMANSIG,0.10347776563648071,6.278208437581443,NOT_SIGNIFICANT,0,0,55.64070502137339,MODERATE,56.965283689969596,NEIGHBOR_INFECTIOUS_PRESSURE,DYNAMIC SPATIOTEMPORAL WATCH,SCENARIO-BASED; VERIFY WITH OFFICIAL SURVEILLANCE
2034-12,1204701000,Cotabato,ALAMADA,0.5283396058343477,10.63137569954258,HOT_SPOT_95,1,2,81.88044776718002,CRITICAL,82.46723806405255,TRANSMISSION_PRESSURE_PROXY+STATISTICAL_HOTSPOT+CONNECTED_HOTSPOT_CLUSTER+TESTING_CENTER_GAP+NEIGHBOR_INFECTIOUS_PRESSURE,DYNAMIC SPATIOTEMPORAL WATCH,SCENARIO-BASED; VERIFY WITH OFFICIAL SURVEILLANCE
2034-12,1206509000,Sultan Kudarat,PALIMBANG,0.7280722756736295,10.561627407817143,HOT_SPOT_90,2,2,81.3654422808792,CRITICAL,82.5967568213965,TRANSMISSION_PRESSURE_PROXY+CONNECTED_HOTSPOT_CLUSTER+TESTING_CENTER_GAP+NEIGHBOR_INFECTIOUS_PRESSURE,DYNAMIC SPATIOTEMPORAL WATCH,SCENARIO-BASED; VERIFY WITH OFFICIAL SURVEILLANCE
2034-12,1208005000,Sarangani,MAITUM,0.06576473602434146,9.915240684389262,HOT_SPOT_90,2,2,72.77985701227742,HIGH,64.70382078132351,TRANSMISSION_PRESSURE_PROXY+CONNECTED_HOTSPOT_CLUSTER+NEIGHBOR_INFECTIOUS_PRESSURE,DYNAMIC SPATIOTEMPORAL WATCH,SCENARIO-BASED; VERIFY WITH OFFICIAL SURVEILLANCE
2034-12,1204712000,Cotabato,PIKIT,0.5525898104048811,10.369723389867183,NOT_SIGNIFICANT,0,0,72.03114947349378,HIGH,77.6603728742904,TRANSMISSION_PRESSURE_PROXY+TESTING_CENTER_GAP+NEIGHBOR_INFECTIOUS_PRESSURE,DYNAMIC SPATIOTEMPORAL WATCH,SCENARIO-BASED; VERIFY WITH OFFICIAL SURVEILLANCE
2034-12,1206505000,Sultan Kudarat,KALAMANSIG,0.18713887169862475,5.2704367110048915,NOT_SIGNIFICANT,0,0,71.41252151728969,HIGH,62.90597763383191,TRANSMISSION_PRESSURE_PROXY+NEIGHBOR_INFECTIOUS_PRESSURE,DYNAMIC SPATIOTEMPORAL WATCH,SCENARIO-BASED; VERIFY WITH OFFICIAL SURVEILLANCE
2034-12,1204716000,Cotabato,BANISILAN,0.04772766491045163,6.915356629953426,HOT_SPOT_95,1,2,68.87479460567897,HIGH,62.77660112226976,TRANSMISSION_PRESSURE_PROXY+STATISTICAL_HOTSPOT+CONNECTED_HOTSPOT_CLUSTER+NEIGHBOR_INFECTIOUS_PRESSURE,DYNAMIC SPATIOTEMPORAL WATCH,SCENARIO-BASED; VERIFY WITH OFFICIAL SURVEILLANCE
2034-12,1204711000,Cotabato,PIGKAWAYAN,0.07779517670637422,5.329715540041763,NOT_SIGNIFICANT,0,0,68.29153984902678,HIGH,59.865564836582884,TRANSMISSION_PRESSURE_PROXY+NEIGHBOR_INFECTIOUS_PRESSURE,DYNAMIC SPATIOTEMPORAL WATCH,SCENARIO-BASED; VERIFY WITH OFFICIAL SURVEILLANCE
2034-12,1204702000,Cotabato,CARMEN,0.06895727342795824,5.520710402430963,NOT_SIGNIFICANT,0,0,58.606313833538856,MODERATE,64.5969724041138,NEIGHBOR_INFECTIOUS_PRESSURE,DYNAMIC SPATIOTEMPORAL WATCH,SCENARIO-BASED; VERIFY WITH OFFICIAL SURVEILLANCE
2035-01,1208005000,Sarangani,MAITUM,0.12141577720584605,9.057027212739586,HOT_SPOT_90,0,0,90.10684029677604,CRITICAL,73.91308086882367,TRANSMISSION_PRESSURE_PROXY+TESTING_CENTER_GAP+NEIGHBOR_INFECTIOUS_PRESSURE,DYNAMIC SPATIOTEMPORAL WATCH,SCENARIO-BASED; VERIFY WITH OFFICIAL SURVEILLANCE
2035-01,1206509000,Sultan Kudarat,PALIMBANG,0.4674037411982719,10.563503469007205,NOT_SIGNIFICANT,0,0,82.73944425891847,CRITICAL,82.7636238473054,TRANSMISSION_PRESSURE_PROXY+TESTING_CENTER_GAP+NEIGHBOR_INFECTIOUS_PRESSURE,DYNAMIC SPATIOTEMPORAL WATCH,SCENARIO-BASED; VERIFY WITH OFFICIAL SURVEILLANCE
2035-01,1204701000,Cotabato,ALAMADA,0.10923746996972641,10.22172272856579,HOT_SPOT_90,1,2,75.1385895101841,HIGH,72.80710203391911,TRANSMISSION_PRESSURE_PROXY+CONNECTED_HOTSPOT_CLUSTER+TESTING_CENTER_GAP+NEIGHBOR_INFECTIOUS_PRESSURE,DYNAMIC SPATIOTEMPORAL WATCH,SCENARIO-BASED; VERIFY WITH OFFICIAL SURVEILLANCE
2035-01,1204716000,Cotabato,BANISILAN,0.040721863301434555,6.656479500627558,HOT_SPOT_95,1,2,72.09048256214766,HIGH,64.51527707067606,TRANSMISSION_PRESSURE_PROXY+STATISTICAL_HOTSPOT+CONNECTED_HOTSPOT_CLUSTER+NEIGHBOR_INFECTIOUS_PRESSURE,DYNAMIC SPATIOTEMPORAL WATCH,SCENARIO-BASED; VERIFY WITH OFFICIAL SURVEILLANCE
2035-01,1204711000,Cotabato,PIGKAWAYAN,0.061492082594826206,4.858059210144977,NOT_SIGNIFICANT,0,0,71.78201684153967,HIGH,61.51959361736799,TRANSMISSION_PRESSURE_PROXY+NEIGHBOR_INFECTIOUS_PRESSURE,DYNAMIC SPATIOTEMPORAL WATCH,SCENARIO-BASED; VERIFY WITH OFFICIAL SURVEILLANCE
2035-01,1204712000,Cotabato,PIKIT,0.3052413034213048,10.320224575150807,NOT_SIGNIFICANT,0,0,71.0863723322656,HIGH,75.8124764652676,TRANSMISSION_PRESSURE_PROXY+TESTING_CENTER_GAP+NEIGHBOR_INFECTIOUS_PRESSURE,DYNAMIC SPATIOTEMPORAL WATCH,SCENARIO-BASED; VERIFY WITH OFFICIAL SURVEILLANCE
2035-01,1204702000,Cotabato,CARMEN,0.05790283687347193,5.369477443219842,NOT_SIGNIFICANT,0,0,62.703107459685945,MODERATE,68.2234077296017,NEIGHBOR_INFECTIOUS_PRESSURE,DYNAMIC SPATIOTEMPORAL WATCH,SCENARIO-BASED; VERIFY WITH OFFICIAL SURVEILLANCE
2035-01,1206505000,Sultan Kudarat,KALAMANSIG,0.0483515166083399,4.771766211766416,NOT_SIGNIFICANT,0,0,58.29633240457469,MODERATE,56.34375286499536,NEIGHBOR_INFECTIOUS_PRESSURE,DYNAMIC SPATIOTEMPORAL WATCH,SCENARIO-BASED; VERIFY WITH OFFICIAL SURVEILLANCE
2035-02,1204717000,Cotabato,ALEOSAN,0.23796748875439963,3.5798445075829237,NOT_SIGNIFICANT,0,0,76.02307822591487,HIGH,55.56138983819421,TRANSMISSION_PRESSURE_PROXY+NEIGHBOR_INFECTIOUS_PRESSURE,DYNAMIC SPATIOTEMPORAL WATCH,SCENARIO-BASED; VERIFY WITH OFFICIAL SURVEILLANCE
2035-02,1208005000,Sarangani,MAITUM,0.11461623717504658,8.461227934822068,HOT_SPOT_90,0,0,73.44853545087477,HIGH,64.93212611207748,TRANSMISSION_PRESSURE_PROXY+NEIGHBOR_INFECTIOUS_PRESSURE,DYNAMIC SPATIOTEMPORAL WATCH,SCENARIO-BASED; VERIFY WITH OFFICIAL SURVEILLANCE
2035-02,1204701000,Cotabato,ALAMADA,0.13340370912098162,9.88113320931765,HOT_SPOT_90,1,2,69.96879799813668,HIGH,72.38689000065708,TRANSMISSION_PRESSURE_PROXY+CONNECTED_HOTSPOT_CLUSTER+TESTING_CENTER_GAP+NEIGHBOR_INFECTIOUS_PRESSURE,DYNAMIC SPATIOTEMPORAL WATCH,SCENARIO-BASED; VERIFY WITH OFFICIAL SURVEILLANCE
2035-02,1206509000,Sultan Kudarat,PALIMBANG,0.4737642587579837,10.537480868674981,NOT_SIGNIFICANT,0,0,68.41375008688641,HIGH,72.76466156546167,TRANSMISSION_PRESSURE_PROXY+TESTING_CENTER_GAP+NEIGHBOR_INFECTIOUS_PRESSURE,DYNAMIC SPATIOTEMPORAL WATCH,SCENARIO-BASED; VERIFY WITH OFFICIAL SURVEILLANCE
2035-02,1204716000,Cotabato,BANISILAN,0.08886649067859032,6.403232736252033,HOT_SPOT_90,1,2,66.23779043956333,HIGH,60.556786520682024,TRANSMISSION_PRESSURE_PROXY+CONNECTED_HOTSPOT_CLUSTER+NEIGHBOR_INFECTIOUS_PRESSURE,DYNAMIC SPATIOTEMPORAL WATCH,SCENARIO-BASED; VERIFY WITH OFFICIAL SURVEILLANCE
2035-02,1204711000,Cotabato,PIGKAWAYAN,0.13151021364653542,4.5592463853676755,NOT_SIGNIFICANT,0,0,66.02260660353572,HIGH,58.79516009302121,TRANSMISSION_PRESSURE_PROXY+NEIGHBOR_INFECTIOUS_PRESSURE,DYNAMIC SPATIOTEMPORAL WATCH,SCENARIO-BASED; VERIFY WITH OFFICIAL SURVEILLANCE
2035-02,1204702000,Cotabato,CARMEN,0.2085833551163285,4.698349061926446,NOT_SIGNIFICANT,0,0,62.21454900429115,MODERATE,66.2281655856946,NEIGHBOR_INFECTIOUS_PRESSURE,DYNAMIC SPATIOTEMPORAL WATCH,SCENARIO-BASED; VERIFY WITH OFFICIAL SURVEILLANCE
2035-03,1208005000,Sarangani,MAITUM,0.13403691317729383,7.525382541664673,NOT_SIGNIFICANT,0,0,74.21664539427077,HIGH,64.34416863938208,TRANSMISSION_PRESSURE_PROXY+NEIGHBOR_INFECTIOUS_PRESSURE,DYNAMIC SPATIOTEMPORAL WATCH,SCENARIO-BASED; VERIFY WITH OFFICIAL SURVEILLANCE
2035-03,1204711000,Cotabato,PIGKAWAYAN,0.26419596256887395,3.2870409292730454,NOT_SIGNIFICANT,0,0,73.30241501394107,HIGH,61.65698011738799,TRANSMISSION_PRESSURE_PROXY+NEIGHBOR_INFECTIOUS_PRESSURE,DYNAMIC SPATIOTEMPORAL WATCH,SCENARIO-BASED; VERIFY WITH OFFICIAL SURVEILLANCE
2035-03,1206509000,Sultan Kudarat,PALIMBANG,0.7663489807158256,10.368738694791583,NOT_SIGNIFICANT,0,0,68.10600443827708,HIGH,73.78789259577988,TRANSMISSION_PRESSURE_PROXY+TESTING_CENTER_GAP+NEIGHBOR_INFECTIOUS_PRESSURE,DYNAMIC SPATIOTEMPORAL WATCH,SCENARIO-BASED; VERIFY WITH OFFICIAL SURVEILLANCE
2035-03,1204701000,Cotabato,ALAMADA,0.17590008802778875,9.145926540247403,NOT_SIGNIFICANT,0,0,67.51015196298498,HIGH,71.13021260318573,TRANSMISSION_PRESSURE_PROXY+TESTING_CENTER_GAP+NEIGHBOR_INFECTIOUS_PRESSURE,DYNAMIC SPATIOTEMPORAL WATCH,SCENARIO-BASED; VERIFY WITH OFFICIAL SURVEILLANCE
2035-03,1204716000,Cotabato,BANISILAN,0.10496509047717795,5.930781298197927,NOT_SIGNIFICANT,0,0,64.12989305160927,MODERATE,57.98408047824847,NEIGHBOR_INFECTIOUS_PRESSURE,DYNAMIC SPATIOTEMPORAL WATCH,SCENARIO-BASED; VERIFY WITH OFFICIAL SURVEILLANCE
2035-03,1204702000,Cotabato,CARMEN,0.23061897974768644,3.5566333387321167,NOT_SIGNIFICANT,0,0,56.06363186402441,MODERATE,59.72063965034879,NEIGHBOR_INFECTIOUS_PRESSURE,DYNAMIC SPATIOTEMPORAL WATCH,SCENARIO-BASED; VERIFY WITH OFFICIAL SURVEILLANCE
2035-04,1208005000,Sarangani,MAITUM,0.17889413865073192,5.992441096559037,NOT_SIGNIFICANT,0,0,81.69645315301959,CRITICAL,67.74155575560965,TRANSMISSION_PRESSURE_PROXY+NEIGHBOR_INFECTIOUS_PRESSURE,DYNAMIC SPATIOTEMPORAL WATCH,SCENARIO-BASED; VERIFY WITH OFFICIAL SURVEILLANCE
2035-04,1204701000,Cotabato,ALAMADA,0.30287366133000504,7.5520538460224715,NOT_SIGNIFICANT,0,0,81.59721276128296,CRITICAL,79.36367629059232,TRANSMISSION_PRESSURE_PROXY+TESTING_CENTER_GAP+NEIGHBOR_INFECTIOUS_PRESSURE,DYNAMIC SPATIOTEMPORAL WATCH,SCENARIO-BASED; VERIFY WITH OFFICIAL SURVEILLANCE
2035-04,1206509000,Sultan Kudarat,PALIMBANG,0.9664660214839899,10.205079051198094,NOT_SIGNIFICANT,0,0,71.11420779676737,HIGH,79.78646787941916,TRANSMISSION_PRESSURE_PROXY+TESTING_CENTER_GAP+NEIGHBOR_INFECTIOUS_PRESSURE,DYNAMIC SPATIOTEMPORAL WATCH,SCENARIO-BASED; VERIFY WITH OFFICIAL SURVEILLANCE
2035-04,1204712000,Cotabato,PIKIT,0.6692905406226527,9.717114212626235,NOT_SIGNIFICANT,0,0,69.1801643300484,HIGH,77.64930531844782,TRANSMISSION_PRESSURE_PROXY+TESTING_CENTER_GAP+NEIGHBOR_INFECTIOUS_PRESSURE,DYNAMIC SPATIOTEMPORAL WATCH,SCENARIO-BASED; VERIFY WITH OFFICIAL SURVEILLANCE
2035-04,1204716000,Cotabato,BANISILAN,0.0962120686079166,5.35227946216866,NOT_SIGNIFICANT,0,0,60.80667308309413,MODERATE,57.00859080065674,NEIGHBOR_INFECTIOUS_PRESSURE,DYNAMIC SPATIOTEMPORAL WATCH,SCENARIO-BASED; VERIFY WITH OFFICIAL SURVEILLANCE
2035-04,1204711000,Cotabato,PIGKAWAYAN,0.14567381966654153,3.042665911390509,NOT_SIGNIFICANT,0,0,59.30800409037127,MODERATE,52.10146715177906,NEIGHBOR_INFECTIOUS_PRESSURE,DYNAMIC SPATIOTEMPORAL WATCH,SCENARIO-BASED; VERIFY WITH OFFICIAL SURVEILLANCE
2035-04,1204702000,Cotabato,CARMEN,0.14325736258674135,2.560936495685484,NOT_SIGNIFICANT,0,0,45.44736524935759,MODERATE,50.29407396558046,NEIGHBOR_INFECTIOUS_PRESSURE,DYNAMIC SPATIOTEMPORAL WATCH,SCENARIO-BASED; VERIFY WITH OFFICIAL SURVEILLANCE
2035-05,1208005000,Sarangani,MAITUM,0.07298082620972442,5.053058174235315,NOT_SIGNIFICANT,0,0,73.42677792031293,HIGH,61.601881455698376,TRANSMISSION_PRESSURE_PROXY+NEIGHBOR_INFECTIOUS_PRESSURE,DYNAMIC SPATIOTEMPORAL WATCH,SCENARIO-BASED; VERIFY WITH OFFICIAL SURVEILLANCE
2035-05,1204712000,Cotabato,PIKIT,0.46572731106604354,9.495956569323926,NOT_SIGNIFICANT,0,0,72.8389062692692,HIGH,80.16058611703556,TRANSMISSION_PRESSURE_PROXY+TESTING_CENTER_GAP+NEIGHBOR_INFECTIOUS_PRESSURE,DYNAMIC SPATIOTEMPORAL WATCH,SCENARIO-BASED; VERIFY WITH OFFICIAL SURVEILLANCE
2035-05,1206509000,Sultan Kudarat,PALIMBANG,0.7378754060555913,10.145068746882421,NOT_SIGNIFICANT,0,0,71.20755876823124,HIGH,80.18400437489434,TRANSMISSION_PRESSURE_PROXY+TESTING_CENTER_GAP+NEIGHBOR_INFECTIOUS_PRESSURE,DYNAMIC SPATIOTEMPORAL WATCH,SCENARIO-BASED; VERIFY WITH OFFICIAL SURVEILLANCE
2035-05,1204717000,Cotabato,ALEOSAN,0.10139405627751284,3.5829040934209755,NOT_SIGNIFICANT,0,0,70.61950334388564,HIGH,52.517365961797765,TRANSMISSION_PRESSURE_PROXY,DYNAMIC SPATIOTEMPORAL WATCH,SCENARIO-BASED; VERIFY WITH OFFICIAL SURVEILLANCE
2035-05,1204711000,Cotabato,PIGKAWAYAN,0.11454615947551451,3.030110716807051,NOT_SIGNIFICANT,0,0,68.72811112179689,HIGH,57.18263303727032,TRANSMISSION_PRESSURE_PROXY+NEIGHBOR_INFECTIOUS_PRESSURE,DYNAMIC SPATIOTEMPORAL WATCH,SCENARIO-BASED; VERIFY WITH OFFICIAL SURVEILLANCE
2035-05,1204701000,Cotabato,ALAMADA,0.09237002942252073,6.5274019198917586,NOT_SIGNIFICANT,0,0,67.36742710719261,HIGH,70.69567528458954,TRANSMISSION_PRESSURE_PROXY+TESTING_CENTER_GAP+NEIGHBOR_INFECTIOUS_PRESSURE,DYNAMIC SPATIOTEMPORAL WATCH,SCENARIO-BASED; VERIFY WITH OFFICIAL SURVEILLANCE
2035-06,1208005000,Sarangani,MAITUM,0.10576236150515833,4.43205911255827,NOT_SIGNIFICANT,0,0,70.45805422013277,HIGH,59.27314827965587,TRANSMISSION_PRESSURE_PROXY+NEIGHBOR_INFECTIOUS_PRESSURE,DYNAMIC SPATIOTEMPORAL WATCH,SCENARIO-BASED; VERIFY WITH OFFICIAL SURVEILLANCE
2035-06,1204717000,Cotabato,ALEOSAN,0.125833018503775,3.5866142716600473,NOT_SIGNIFICANT,0,0,68.36682126858857,HIGH,53.3519016002515,TRANSMISSION_PRESSURE_PROXY,DYNAMIC SPATIOTEMPORAL WATCH,SCENARIO-BASED; VERIFY WITH OFFICIAL SURVEILLANCE
2035-06,1204701000,Cotabato,ALAMADA,0.12425967704040153,5.870982821622229,NOT_SIGNIFICANT,0,0,65.16705804512453,HIGH,68.78786280435466,TRANSMISSION_PRESSURE_PROXY+NEIGHBOR_INFECTIOUS_PRESSURE,DYNAMIC SPATIOTEMPORAL WATCH,SCENARIO-BASED; VERIFY WITH OFFICIAL SURVEILLANCE
2035-06,1204711000,Cotabato,PIGKAWAYAN,0.14628993247815703,3.027658410307357,NOT_SIGNIFICANT,0,0,63.86039580326278,MODERATE,54.27889140960245,NEIGHBOR_INFECTIOUS_PRESSURE,DYNAMIC SPATIOTEMPORAL WATCH,SCENARIO-BASED; VERIFY WITH OFFICIAL SURVEILLANCE
2035-06,1206509000,Sultan Kudarat,PALIMBANG,0.6927378059351889,10.104964497020942,NOT_SIGNIFICANT,0,0,63.849613210384625,MODERATE,74.20433924127923,TESTING_CENTER_GAP+NEIGHBOR_INFECTIOUS_PRESSURE,DYNAMIC SPATIOTEMPORAL WATCH,SCENARIO-BASED; VERIFY WITH OFFICIAL SURVEILLANCE
2035-06,1206311000,South Cotabato,NORALA,0.22078740307571382,4.943548598979596,HOT_SPOT_90,1,2,60.02749963752802,MODERATE,31.84325119436037,CONNECTED_HOTSPOT_CLUSTER,DYNAMIC SPATIOTEMPORAL WATCH,SCENARIO-BASED; VERIFY WITH OFFICIAL SURVEILLANCE
2035-06,1206315000,South Cotabato,TANTANGAN,0.21394218264418202,5.392132630062771,HOT_SPOT_90,1,2,58.29390776575135,MODERATE,32.12534550482538,CONNECTED_HOTSPOT_CLUSTER,DYNAMIC SPATIOTEMPORAL WATCH,SCENARIO-BASED; VERIFY WITH OFFICIAL SURVEILLANCE
2035-07,1204717000,Cotabato,ALEOSAN,0.2578061387345687,3.606480552004483,NOT_SIGNIFICANT,0,0,73.43786345973348,HIGH,55.84213732845496,TRANSMISSION_PRESSURE_PROXY,DYNAMIC SPATIOTEMPORAL WATCH,SCENARIO-BASED; VERIFY WITH OFFICIAL SURVEILLANCE
2035-07,1206509000,Sultan Kudarat,PALIMBANG,0.9661911150663555,10.003923561055114,NOT_SIGNIFICANT,0,0,71.99838767609808,HIGH,79.00247388014165,TRANSMISSION_PRESSURE_PROXY+TESTING_CENTER_GAP+NEIGHBOR_INFECTIOUS_PRESSURE,DYNAMIC SPATIOTEMPORAL WATCH,SCENARIO-BASED; VERIFY WITH OFFICIAL SURVEILLANCE
2035-07,1208005000,Sarangani,MAITUM,0.08379147237696889,3.9000772073812215,NOT_SIGNIFICANT,0,0,66.87381412665442,HIGH,56.03086545714817,TRANSMISSION_PRESSURE_PROXY+NEIGHBOR_INFECTIOUS_PRESSURE,DYNAMIC SPATIOTEMPORAL WATCH,SCENARIO-BASED; VERIFY WITH OFFICIAL SURVEILLANCE
2035-07,1204711000,Cotabato,PIGKAWAYAN,0.12107228062622306,3.0244143632982032,NOT_SIGNIFICANT,0,0,61.632336791108344,MODERATE,54.73665412331232,NEIGHBOR_INFECTIOUS_PRESSURE,DYNAMIC SPATIOTEMPORAL WATCH,SCENARIO-BASED; VERIFY WITH OFFICIAL SURVEILLANCE
2035-07,1204701000,Cotabato,ALAMADA,0.09921116712226087,5.275550868041145,NOT_SIGNIFICANT,0,0,59.02547430308268,MODERATE,65.19273073158783,NEIGHBOR_INFECTIOUS_PRESSURE,DYNAMIC SPATIOTEMPORAL WATCH,SCENARIO-BASED; VERIFY WITH OFFICIAL SURVEILLANCE
2035-07,1206311000,South Cotabato,NORALA,0.15163977414392274,4.947390451743114,HOT_SPOT_95,1,3,50.76471956270351,MODERATE,31.10240232751513,STATISTICAL_HOTSPOT+CONNECTED_HOTSPOT_CLUSTER,DYNAMIC SPATIOTEMPORAL WATCH,SCENARIO-BASED; VERIFY WITH OFFICIAL SURVEILLANCE
2035-07,1204702000,Cotabato,CARMEN,0.09542311422006611,1.7696873795918113,NOT_SIGNIFICANT,0,0,40.710896937206336,LOW,48.477849353305665,NEIGHBOR_INFECTIOUS_PRESSURE,DYNAMIC SPATIOTEMPORAL WATCH,SCENARIO-BASED; VERIFY WITH OFFICIAL SURVEILLANCE
2035-08,1208005000,Sarangani,MAITUM,0.1180595984769139,3.1803120107682616,NOT_SIGNIFICANT,0,0,69.65678434490513,HIGH,56.444573526346204,TRANSMISSION_PRESSURE_PROXY+NEIGHBOR_INFECTIOUS_PRESSURE,DYNAMIC SPATIOTEMPORAL WATCH,SCENARIO-BASED; VERIFY WITH OFFICIAL SURVEILLANCE
2035-08,1206509000,Sultan Kudarat,PALIMBANG,0.9234727022980027,9.924222790195955,NOT_SIGNIFICANT,0,0,65.71787098014266,HIGH,75.76493500998069,TRANSMISSION_PRESSURE_PROXY+TESTING_CENTER_GAP,DYNAMIC SPATIOTEMPORAL WATCH,SCENARIO-BASED; VERIFY WITH OFFICIAL SURVEILLANCE
2035-08,1204701000,Cotabato,ALAMADA,0.14945358054527522,4.567780669475151,NOT_SIGNIFICANT,0,0,65.66037191197896,HIGH,70.29786808426611,TRANSMISSION_PRESSURE_PROXY+TESTING_CENTER_GAP+NEIGHBOR_INFECTIOUS_PRESSURE,DYNAMIC SPATIOTEMPORAL WATCH,SCENARIO-BASED; VERIFY WITH OFFICIAL SURVEILLANCE
2035-08,1204712000,Cotabato,PIKIT,0.12137727480779374,7.630118182884643,NOT_SIGNIFICANT,0,0,62.897718233697134,MODERATE,68.70553064961256,NEIGHBOR_INFECTIOUS_PRESSURE,DYNAMIC SPATIOTEMPORAL WATCH,SCENARIO-BASED; VERIFY WITH OFFICIAL SURVEILLANCE
2035-08,1206505000,Sultan Kudarat,KALAMANSIG,0.11781717231653559,2.147684093172953,NOT_SIGNIFICANT,0,0,56.87736988923404,MODERATE,50.636787385947606,NEIGHBOR_INFECTIOUS_PRESSURE,DYNAMIC SPATIOTEMPORAL WATCH,SCENARIO-BASED; VERIFY WITH OFFICIAL SURVEILLANCE
2035-08,1206311000,South Cotabato,NORALA,0.174349645569529,4.953666912783676,HOT_SPOT_95,1,3,56.01376242156159,MODERATE,33.936549436997325,STATISTICAL_HOTSPOT+CONNECTED_HOTSPOT_CLUSTER,DYNAMIC SPATIOTEMPORAL WATCH,SCENARIO-BASED; VERIFY WITH OFFICIAL SURVEILLANCE
2035-08,1206315000,South Cotabato,TANTANGAN,0.17125259504951962,5.401715222306239,HOT_SPOT_95,1,3,55.73696034334594,MODERATE,34.04934923987811,STATISTICAL_HOTSPOT+CONNECTED_HOTSPOT_CLUSTER,DYNAMIC SPATIOTEMPORAL WATCH,SCENARIO-BASED; VERIFY WITH OFFICIAL SURVEILLANCE
2035-08,1204711000,Cotabato,PIGKAWAYAN,0.10164130533427762,3.0206233214499028,NOT_SIGNIFICANT,0,0,54.47762238309475,MODERATE,51.530717747820745,NEIGHBOR_INFECTIOUS_PRESSURE,DYNAMIC SPATIOTEMPORAL WATCH,SCENARIO-BASED; VERIFY WITH OFFICIAL SURVEILLANCE
2035-08,1204702000,Cotabato,CARMEN,0.10000803831873638,1.769041124446654,NOT_SIGNIFICANT,0,0,39.4680279133274,LOW,48.25484647800973,NEIGHBOR_INFECTIOUS_PRESSURE,DYNAMIC SPATIOTEMPORAL WATCH,SCENARIO-BASED; VERIFY WITH OFFICIAL SURVEILLANCE
2035-08,1204718000,Cotabato,ARAKAN,0.07145725488070694,2.090601079364488,NOT_SIGNIFICANT,0,0,33.219034877019645,LOW,38.81700096680153,NEIGHBOR_INFECTIOUS_PRESSURE,DYNAMIC SPATIOTEMPORAL WATCH,SCENARIO-BASED; VERIFY WITH OFFICIAL SURVEILLANCE
2035-09,1204712000,Cotabato,PIKIT,0.12971791705941513,6.907715802466037,NOT_SIGNIFICANT,0,0,77.46208485567114,HIGH,77.84004380055174,TRANSMISSION_PRESSURE_PROXY+TESTING_CENTER_GAP+NEIGHBOR_INFECTIOUS_PRESSURE,DYNAMIC SPATIOTEMPORAL WATCH,SCENARIO-BASED; VERIFY WITH OFFICIAL SURVEILLANCE
2035-09,1208005000,Sarangani,MAITUM,0.14746841526863447,2.8455819849702806,NOT_SIGNIFICANT,0,0,77.00985096665505,HIGH,58.26504212376376,TRANSMISSION_PRESSURE_PROXY+NEIGHBOR_INFECTIOUS_PRESSURE,DYNAMIC SPATIOTEMPORAL WATCH,SCENARIO-BASED; VERIFY WITH OFFICIAL SURVEILLANCE
2035-09,1204711000,Cotabato,PIGKAWAYAN,0.21290446249629105,3.026892314587821,NOT_SIGNIFICANT,0,0,70.05181646780207,HIGH,59.12834088415526,TRANSMISSION_PRESSURE_PROXY+NEIGHBOR_INFECTIOUS_PRESSURE,DYNAMIC SPATIOTEMPORAL WATCH,SCENARIO-BASED; VERIFY WITH OFFICIAL SURVEILLANCE
2035-09,1206509000,Sultan Kudarat,PALIMBANG,0.6924872877738492,9.85933114657834,NOT_SIGNIFICANT,0,0,66.98543783024839,HIGH,76.34322497541993,TRANSMISSION_PRESSURE_PROXY+TESTING_CENTER_GAP+NEIGHBOR_INFECTIOUS_PRESSURE,DYNAMIC SPATIOTEMPORAL WATCH,SCENARIO-BASED; VERIFY WITH OFFICIAL SURVEILLANCE
2035-09,1206315000,South Cotabato,TANTANGAN,0.1731213780910613,5.4083820469676445,HOT_SPOT_95,1,3,64.79788787322396,MODERATE,39.948021584957075,STATISTICAL_HOTSPOT+CONNECTED_HOTSPOT_CLUSTER,DYNAMIC SPATIOTEMPORAL WATCH,SCENARIO-BASED; VERIFY WITH OFFICIAL SURVEILLANCE
2035-09,1206505000,Sultan Kudarat,KALAMANSIG,0.09701366135938701,2.149220294292654,NOT_SIGNIFICANT,0,0,64.75400334792901,MODERATE,54.46287906939274,NEIGHBOR_INFECTIOUS_PRESSURE,DYNAMIC SPATIOTEMPORAL WATCH,SCENARIO-BASED; VERIFY WITH OFFICIAL SURVEILLANCE
2035-09,1204701000,Cotabato,ALAMADA,0.08699840083497888,4.015585849684853,NOT_SIGNIFICANT,0,0,57.20646864728515,MODERATE,63.150498804128794,NEIGHBOR_INFECTIOUS_PRESSURE,DYNAMIC SPATIOTEMPORAL WATCH,SCENARIO-BASED; VERIFY WITH OFFICIAL SURVEILLANCE
2035-09,1206311000,South Cotabato,NORALA,0.12293749209376853,4.955932789261437,HOT_SPOT_95,1,3,56.1630921049747,MODERATE,34.1207844035232,STATISTICAL_HOTSPOT+CONNECTED_HOTSPOT_CLUSTER,DYNAMIC SPATIOTEMPORAL WATCH,SCENARIO-BASED; VERIFY WITH OFFICIAL SURVEILLANCE
2035-09,1206302000,South Cotabato,BANGA,0.21513683765481129,4.596573149192969,HOT_SPOT_95,1,3,49.45932404756429,MODERATE,32.74721989249498,STATISTICAL_HOTSPOT+CONNECTED_HOTSPOT_CLUSTER,DYNAMIC SPATIOTEMPORAL WATCH,SCENARIO-BASED; VERIFY WITH OFFICIAL SURVEILLANCE
2035-09,1204702000,Cotabato,CARMEN,0.07198435231376328,1.7672810894774638,NOT_SIGNIFICANT,0,0,39.17206986260193,LOW,48.2655654487467,NEIGHBOR_INFECTIOUS_PRESSURE,DYNAMIC SPATIOTEMPORAL WATCH,SCENARIO-BASED; VERIFY WITH OFFICIAL SURVEILLANCE
2035-10,1204712000,Cotabato,PIKIT,0.1473918589888415,6.117563584778698,NOT_SIGNIFICANT,0,0,66.97698657512929,HIGH,72.03642504217913,TRANSMISSION_PRESSURE_PROXY+TESTING_CENTER_GAP+NEIGHBOR_INFECTIOUS_PRESSURE,DYNAMIC SPATIOTEMPORAL WATCH,SCENARIO-BASED; VERIFY WITH OFFICIAL SURVEILLANCE
2035-10,1206311000,South Cotabato,NORALA,0.25346408137846715,4.970315631892561,HOT_SPOT_99,1,4,63.395923444492475,MODERATE,38.57151072511687,STATISTICAL_HOTSPOT+CONNECTED_HOTSPOT_CLUSTER,DYNAMIC SPATIOTEMPORAL WATCH,SCENARIO-BASED; VERIFY WITH OFFICIAL SURVEILLANCE
2035-10,1208005000,Sarangani,MAITUM,0.10174107008849216,2.826572493958731,NOT_SIGNIFICANT,0,0,60.27689712895759,MODERATE,49.94395181516133,NEIGHBOR_INFECTIOUS_PRESSURE,DYNAMIC SPATIOTEMPORAL WATCH,SCENARIO-BASED; VERIFY WITH OFFICIAL SURVEILLANCE
2035-10,1206509000,Sultan Kudarat,PALIMBANG,0.6182247144476574,9.759285756264365,NOT_SIGNIFICANT,0,0,59.547671255069034,MODERATE,69.80726836842972,NEIGHBOR_INFECTIOUS_PRESSURE,DYNAMIC SPATIOTEMPORAL WATCH,SCENARIO-BASED; VERIFY WITH OFFICIAL SURVEILLANCE
2035-10,1206302000,South Cotabato,BANGA,0.47860149776373473,4.611260346032829,HOT_SPOT_95,1,4,59.10934023372537,MODERATE,38.272894871643764,STATISTICAL_HOTSPOT+CONNECTED_HOTSPOT_CLUSTER,DYNAMIC SPATIOTEMPORAL WATCH,SCENARIO-BASED; VERIFY WITH OFFICIAL SURVEILLANCE
2035-10,1206306000,South Cotabato,KORONADAL,1.3301069930796083,6.805526729712007,HOT_SPOT_90,1,4,58.18110084761472,MODERATE,40.00406650391628,CONNECTED_HOTSPOT_CLUSTER,DYNAMIC SPATIOTEMPORAL WATCH,SCENARIO-BASED; VERIFY WITH OFFICIAL SURVEILLANCE
2035-10,1204711000,Cotabato,PIGKAWAYAN,0.14461891567297802,3.027669708431599,NOT_SIGNIFICANT,0,0,54.530893059060894,MODERATE,51.65615961676713,NEIGHBOR_INFECTIOUS_PRESSURE,DYNAMIC SPATIOTEMPORAL WATCH,SCENARIO-BASED; VERIFY WITH OFFICIAL SURVEILLANCE
2035-10,1206315000,South Cotabato,TANTANGAN,0.18061892995795503,5.416221027978179,HOT_SPOT_95,1,4,54.15927033661255,MODERATE,34.355440981872725,STATISTICAL_HOTSPOT+CONNECTED_HOTSPOT_CLUSTER,DYNAMIC SPATIOTEMPORAL WATCH,SCENARIO-BASED; VERIFY WITH OFFICIAL SURVEILLANCE
2035-10,1204701000,Cotabato,ALAMADA,0.11805945487077318,3.5922168746052403,NOT_SIGNIFICANT,0,0,50.47569233409035,MODERATE,58.673743037540525,NEIGHBOR_INFECTIOUS_PRESSURE,DYNAMIC SPATIOTEMPORAL WATCH,SCENARIO-BASED; VERIFY WITH OFFICIAL SURVEILLANCE
2035-10,1204702000,Cotabato,CARMEN,0.1158210192925737,1.7681066529913707,NOT_SIGNIFICANT,0,0,39.032462037024764,LOW,49.20348605043176,NEIGHBOR_INFECTIOUS_PRESSURE,DYNAMIC SPATIOTEMPORAL WATCH,SCENARIO-BASED; VERIFY WITH OFFICIAL SURVEILLANCE
2035-11,1206311000,South Cotabato,NORALA,0.45844118420590446,5.003247354754987,HOT_SPOT_99,1,5,68.63467684582002,HIGH,41.87205519152384,TRANSMISSION_PRESSURE_PROXY+STATISTICAL_HOTSPOT+CONNECTED_HOTSPOT_CLUSTER,DYNAMIC SPATIOTEMPORAL WATCH,SCENARIO-BASED; VERIFY WITH OFFICIAL SURVEILLANCE
2035-11,1206315000,South Cotabato,TANTANGAN,0.5291291874669741,5.455310369861623,HOT_SPOT_95,1,5,66.84357559320617,HIGH,41.61038027379917,TRANSMISSION_PRESSURE_PROXY+STATISTICAL_HOTSPOT+CONNECTED_HOTSPOT_CLUSTER,DYNAMIC SPATIOTEMPORAL WATCH,SCENARIO-BASED; VERIFY WITH OFFICIAL SURVEILLANCE
2035-11,1208005000,Sarangani,MAITUM,0.18681282351891204,2.8318484270603412,NOT_SIGNIFICANT,0,0,65.71023807444742,HIGH,52.72966883597937,TRANSMISSION_PRESSURE_PROXY+NEIGHBOR_INFECTIOUS_PRESSURE,DYNAMIC SPATIOTEMPORAL WATCH,SCENARIO-BASED; VERIFY WITH OFFICIAL SURVEILLANCE
2035-11,1206306000,South Cotabato,KORONADAL,1.9300090128563427,6.8294219333205275,HOT_SPOT_90,1,5,60.578069153446954,MODERATE,42.28781017586745,CONNECTED_HOTSPOT_CLUSTER,DYNAMIC SPATIOTEMPORAL WATCH,SCENARIO-BASED; VERIFY WITH OFFICIAL SURVEILLANCE
2035-11,1204712000,Cotabato,PIKIT,0.15129858165756294,5.172589478508115,NOT_SIGNIFICANT,0,0,60.32659373033539,MODERATE,66.68454091214687,NEIGHBOR_INFECTIOUS_PRESSURE,DYNAMIC SPATIOTEMPORAL WATCH,SCENARIO-BASED; VERIFY WITH OFFICIAL SURVEILLANCE
2035-11,1204711000,Cotabato,PIGKAWAYAN,0.26810593328495974,3.0394411200201272,NOT_SIGNIFICANT,0,0,59.7276765948174,MODERATE,55.114819709259834,NEIGHBOR_INFECTIOUS_PRESSURE,DYNAMIC SPATIOTEMPORAL WATCH,SCENARIO-BASED; VERIFY WITH OFFICIAL SURVEILLANCE
2035-11,1206509000,Sultan Kudarat,PALIMBANG,0.7340230759409875,9.518975871621235,NOT_SIGNIFICANT,0,0,59.288178002859524,MODERATE,69.72469607237232,NEIGHBOR_INFECTIOUS_PRESSURE,DYNAMIC SPATIOTEMPORAL WATCH,SCENARIO-BASED; VERIFY WITH OFFICIAL SURVEILLANCE
2035-11,1206302000,South Cotabato,BANGA,0.5261763349476372,4.628539118418264,HOT_SPOT_95,1,5,55.66275661863389,MODERATE,35.650399490189294,STATISTICAL_HOTSPOT+CONNECTED_HOTSPOT_CLUSTER,DYNAMIC SPATIOTEMPORAL WATCH,SCENARIO-BASED; VERIFY WITH OFFICIAL SURVEILLANCE
2035-11,1204701000,Cotabato,ALAMADA,0.2102068478963386,2.726579332999274,NOT_SIGNIFICANT,0,0,50.879254595342296,MODERATE,57.49421486438154,NEIGHBOR_INFECTIOUS_PRESSURE,DYNAMIC SPATIOTEMPORAL WATCH,SCENARIO-BASED; VERIFY WITH OFFICIAL SURVEILLANCE
2035-11,1204702000,Cotabato,CARMEN,0.1466058701097837,1.7707506852046355,NOT_SIGNIFICANT,0,0,37.32818751720434,LOW,48.518485787882035,NEIGHBOR_INFECTIOUS_PRESSURE,DYNAMIC SPATIOTEMPORAL WATCH,SCENARIO-BASED; VERIFY WITH OFFICIAL SURVEILLANCE
2035-12,1206509000,Sultan Kudarat,PALIMBANG,0.5255773819783552,9.293505206567685,NOT_SIGNIFICANT,0,0,69.35949518790866,HIGH,78.58185862350011,TRANSMISSION_PRESSURE_PROXY+TESTING_CENTER_GAP+NEIGHBOR_INFECTIOUS_PRESSURE,DYNAMIC SPATIOTEMPORAL WATCH,SCENARIO-BASED; VERIFY WITH OFFICIAL SURVEILLANCE
2035-12,1206306000,South Cotabato,KORONADAL,0.9187782740788714,6.832994256753437,HOT_SPOT_90,1,6,65.87354886833502,HIGH,45.06966470725077,TRANSMISSION_PRESSURE_PROXY+CONNECTED_HOTSPOT_CLUSTER,DYNAMIC SPATIOTEMPORAL WATCH,SCENARIO-BASED; VERIFY WITH OFFICIAL SURVEILLANCE
2035-12,1206505000,Sultan Kudarat,KALAMANSIG,0.1931373499942855,2.1614771735699785,NOT_SIGNIFICANT,0,0,65.0511634365339,HIGH,53.762756314466984,TRANSMISSION_PRESSURE_PROXY,DYNAMIC SPATIOTEMPORAL WATCH,SCENARIO-BASED; VERIFY WITH OFFICIAL SURVEILLANCE
2035-12,1206511000,Sultan Kudarat,TACURONG,0.4498071838135537,6.0018017075232954,HOT_SPOT_90,1,6,63.77153475758303,MODERATE,40.68474123841471,CONNECTED_HOTSPOT_CLUSTER,DYNAMIC SPATIOTEMPORAL WATCH,SCENARIO-BASED; VERIFY WITH OFFICIAL SURVEILLANCE
2035-12,1206311000,South Cotabato,NORALA,0.11244750882520266,5.007429849641568,HOT_SPOT_99,1,6,62.23558063581341,MODERATE,36.54504917371469,STATISTICAL_HOTSPOT+CONNECTED_HOTSPOT_CLUSTER,DYNAMIC SPATIOTEMPORAL WATCH,SCENARIO-BASED; VERIFY WITH OFFICIAL SURVEILLANCE
2035-12,1206315000,South Cotabato,TANTANGAN,0.11433376920996875,5.459483695850547,HOT_SPOT_99,1,6,60.3641490340525,MODERATE,36.209659555247306,STATISTICAL_HOTSPOT+CONNECTED_HOTSPOT_CLUSTER,DYNAMIC SPATIOTEMPORAL WATCH,SCENARIO-BASED; VERIFY WITH OFFICIAL SURVEILLANCE
2035-12,1204712000,Cotabato,PIKIT,0.07386190754493062,4.519113266499706,NOT_SIGNIFICANT,0,0,59.862747301138086,MODERATE,65.31171382175332,NEIGHBOR_INFECTIOUS_PRESSURE,DYNAMIC SPATIOTEMPORAL WATCH,SCENARIO-BASED; VERIFY WITH OFFICIAL SURVEILLANCE
2035-12,1206302000,South Cotabato,BANGA,0.18114261057558695,4.629800852854959,HOT_SPOT_95,1,6,54.30152612980456,MODERATE,35.26003296170385,STATISTICAL_HOTSPOT+CONNECTED_HOTSPOT_CLUSTER,DYNAMIC SPATIOTEMPORAL WATCH,SCENARIO-BASED; VERIFY WITH OFFICIAL SURVEILLANCE
2035-12,1204711000,Cotabato,PIGKAWAYAN,0.07660903206347619,3.0356222415138614,NOT_SIGNIFICANT,0,0,46.847226211417265,MODERATE,48.43318171654307,NEIGHBOR_INFECTIOUS_PRESSURE,DYNAMIC SPATIOTEMPORAL WATCH,SCENARIO-BASED; VERIFY WITH OFFICIAL SURVEILLANCE
2035-12,1204701000,Cotabato,ALAMADA,0.07428693382488032,2.1442111056454314,NOT_SIGNIFICANT,0,0,43.934119169534185,LOW,51.77899629963278,NEIGHBOR_INFECTIOUS_PRESSURE,DYNAMIC SPATIOTEMPORAL WATCH,SCENARIO-BASED; VERIFY WITH OFFICIAL SURVEILLANCE
2035-12,1204716000,Cotabato,BANISILAN,0.046347279895257526,2.0317127720569252,NOT_SIGNIFICANT,0,0,32.1041119967602,LOW,38.990929050468004,NEIGHBOR_INFECTIOUS_PRESSURE,DYNAMIC SPATIOTEMPORAL WATCH,SCENARIO-BASED; VERIFY WITH OFFICIAL SURVEILLANCE
2036-01,1208005000,Sarangani,MAITUM,0.12198716106528053,2.8246107249550576,NOT_SIGNIFICANT,0,0,74.23537011106195,HIGH,57.051454664749734,TRANSMISSION_PRESSURE_PROXY,DYNAMIC SPATIOTEMPORAL WATCH,SCENARIO-BASED; VERIFY WITH OFFICIAL SURVEILLANCE
2036-01,1206315000,South Cotabato,TANTANGAN,0.10155878549942356,5.46045184200453,HOT_SPOT_99,1,6,66.79181212607519,HIGH,38.118258095949194,TRANSMISSION_PRESSURE_PROXY+STATISTICAL_HOTSPOT+CONNECTED_HOTSPOT_CLUSTER,DYNAMIC SPATIOTEMPORAL WATCH,SCENARIO-BASED; VERIFY WITH OFFICIAL SURVEILLANCE
2036-01,1206311000,South Cotabato,NORALA,0.0984426340115504,5.008235090975748,HOT_SPOT_99,1,6,66.47185049900925,HIGH,37.44536518325347,TRANSMISSION_PRESSURE_PROXY+STATISTICAL_HOTSPOT+CONNECTED_HOTSPOT_CLUSTER,DYNAMIC SPATIOTEMPORAL WATCH,SCENARIO-BASED; VERIFY WITH OFFICIAL SURVEILLANCE
2036-01,1206509000,Sultan Kudarat,PALIMBANG,0.26033258718806335,9.063323323055387,NOT_SIGNIFICANT,0,0,65.8773567921,HIGH,74.0237450059084,TRANSMISSION_PRESSURE_PROXY+TESTING_CENTER_GAP+NEIGHBOR_INFECTIOUS_PRESSURE,DYNAMIC SPATIOTEMPORAL WATCH,SCENARIO-BASED; VERIFY WITH OFFICIAL SURVEILLANCE
2036-01,1206306000,South Cotabato,KORONADAL,0.5835575116829258,6.829222715626313,HOT_SPOT_95,1,6,64.27062812079049,MODERATE,43.21873003730774,STATISTICAL_HOTSPOT+CONNECTED_HOTSPOT_CLUSTER,DYNAMIC SPATIOTEMPORAL WATCH,SCENARIO-BASED; VERIFY WITH OFFICIAL SURVEILLANCE
2036-01,1204712000,Cotabato,PIKIT,0.052445256591872755,4.17319887134889,NOT_SIGNIFICANT,0,0,59.33805324063219,MODERATE,64.67397899831205,NEIGHBOR_INFECTIOUS_PRESSURE,DYNAMIC SPATIOTEMPORAL WATCH,SCENARIO-BASED; VERIFY WITH OFFICIAL SURVEILLANCE
2036-01,1206302000,South Cotabato,BANGA,0.14421150155558207,4.629068470092182,HOT_SPOT_99,1,6,55.22363324664901,MODERATE,35.949752627245665,STATISTICAL_HOTSPOT+CONNECTED_HOTSPOT_CLUSTER,DYNAMIC SPATIOTEMPORAL WATCH,SCENARIO-BASED; VERIFY WITH OFFICIAL SURVEILLANCE
2036-01,1204701000,Cotabato,ALAMADA,0.07546904882085231,2.0998105858640583,NOT_SIGNIFICANT,0,0,53.46224483696267,MODERATE,57.80867589729233,NEIGHBOR_INFECTIOUS_PRESSURE,DYNAMIC SPATIOTEMPORAL WATCH,SCENARIO-BASED; VERIFY WITH OFFICIAL SURVEILLANCE
2036-01,1206505000,Sultan Kudarat,KALAMANSIG,0.047329767365660594,2.158474603074198,NOT_SIGNIFICANT,0,0,51.37269127490214,MODERATE,47.65207518294739,NONE,DYNAMIC SPATIOTEMPORAL WATCH,SCENARIO-BASED; VERIFY WITH OFFICIAL SURVEILLANCE
2036-01,1204711000,Cotabato,PIGKAWAYAN,0.05989593851716296,3.031106138344368,NOT_SIGNIFICANT,0,0,49.650833176198354,MODERATE,50.496301087859706,NEIGHBOR_INFECTIOUS_PRESSURE,DYNAMIC SPATIOTEMPORAL WATCH,SCENARIO-BASED; VERIFY WITH OFFICIAL SURVEILLANCE
2036-02,1206315000,South Cotabato,TANTANGAN,0.4803986752499305,5.492781828166992,HOT_SPOT_99,1,7,70.51656848064879,HIGH,42.497901843793784,TRANSMISSION_PRESSURE_PROXY+STATISTICAL_HOTSPOT+CONNECTED_HOTSPOT_CLUSTER,DYNAMIC SPATIOTEMPORAL WATCH,SCENARIO-BASED; VERIFY WITH OFFICIAL SURVEILLANCE
2036-02,1204717000,Cotabato,ALEOSAN,0.24705328872392118,3.636712463495021,NOT_SIGNIFICANT,0,0,66.66753454504793,HIGH,54.325175240688765,TRANSMISSION_PRESSURE_PROXY,DYNAMIC SPATIOTEMPORAL WATCH,SCENARIO-BASED; VERIFY WITH OFFICIAL SURVEILLANCE
2036-02,1206302000,South Cotabato,BANGA,0.743665988159561,4.654521310199742,HOT_SPOT_99,1,7,65.47026484613474,HIGH,41.931670503631366,TRANSMISSION_PRESSURE_PROXY+STATISTICAL_HOTSPOT+CONNECTED_HOTSPOT_CLUSTER,DYNAMIC SPATIOTEMPORAL WATCH,SCENARIO-BASED; VERIFY WITH OFFICIAL SURVEILLANCE
2036-02,1206306000,South Cotabato,KORONADAL,1.5871862490202655,6.844046576594065,HOT_SPOT_95,1,7,62.19820943042227,MODERATE,41.701836729924246,STATISTICAL_HOTSPOT+CONNECTED_HOTSPOT_CLUSTER,DYNAMIC SPATIOTEMPORAL WATCH,SCENARIO-BASED; VERIFY WITH OFFICIAL SURVEILLANCE
2036-02,1206511000,Sultan Kudarat,TACURONG,0.937101442357356,6.013328561825095,HOT_SPOT_90,1,7,62.120025383074726,MODERATE,39.79223353011428,CONNECTED_HOTSPOT_CLUSTER,DYNAMIC SPATIOTEMPORAL WATCH,SCENARIO-BASED; VERIFY WITH OFFICIAL SURVEILLANCE
2036-02,1206509000,Sultan Kudarat,PALIMBANG,0.19670443575775143,8.757505298827379,NOT_SIGNIFICANT,0,0,59.19300530810663,MODERATE,69.21072515049495,NEIGHBOR_INFECTIOUS_PRESSURE,DYNAMIC SPATIOTEMPORAL WATCH,SCENARIO-BASED; VERIFY WITH OFFICIAL SURVEILLANCE
2036-02,1206311000,South Cotabato,NORALA,0.22790857484299432,5.019512509738438,HOT_SPOT_99,1,7,57.344169439960524,MODERATE,34.3725100063212,STATISTICAL_HOTSPOT+CONNECTED_HOTSPOT_CLUSTER,DYNAMIC SPATIOTEMPORAL WATCH,SCENARIO-BASED; VERIFY WITH OFFICIAL SURVEILLANCE
2036-02,1204712000,Cotabato,PIKIT,0.1351086927429353,3.790799773956933,NOT_SIGNIFICANT,0,0,54.0124018918624,MODERATE,60.86966554294375,NEIGHBOR_INFECTIOUS_PRESSURE,DYNAMIC SPATIOTEMPORAL WATCH,SCENARIO-BASED; VERIFY WITH OFFICIAL SURVEILLANCE
2036-02,1204711000,Cotabato,PIGKAWAYAN,0.13342654863091025,3.032529858871824,NOT_SIGNIFICANT,0,0,46.614690992471736,MODERATE,49.082168055963386,NEIGHBOR_INFECTIOUS_PRESSURE,DYNAMIC SPATIOTEMPORAL WATCH,SCENARIO-BASED; VERIFY WITH OFFICIAL SURVEILLANCE
2036-02,1204701000,Cotabato,ALAMADA,0.13307360277000552,2.098175201863527,NOT_SIGNIFICANT,0,0,41.40314498367493,LOW,49.62625849609189,NEIGHBOR_INFECTIOUS_PRESSURE,DYNAMIC SPATIOTEMPORAL WATCH,SCENARIO-BASED; VERIFY WITH OFFICIAL SURVEILLANCE
2036-02,1204716000,Cotabato,BANISILAN,0.09025413441696742,2.030042782748256,NOT_SIGNIFICANT,0,0,29.898757555476646,LOW,37.06717119917096,NEIGHBOR_INFECTIOUS_PRESSURE,DYNAMIC SPATIOTEMPORAL WATCH,SCENARIO-BASED; VERIFY WITH OFFICIAL SURVEILLANCE
2036-03,1206311000,South Cotabato,NORALA,0.556372662326349,5.057779737941132,HOT_SPOT_99,1,8,68.9950655232961,HIGH,42.17894471176798,TRANSMISSION_PRESSURE_PROXY+STATISTICAL_HOTSPOT+CONNECTED_HOTSPOT_CLUSTER,DYNAMIC SPATIOTEMPORAL WATCH,SCENARIO-BASED; VERIFY WITH OFFICIAL SURVEILLANCE
2036-03,1206315000,South Cotabato,TANTANGAN,0.3731607463802339,5.517324260662554,HOT_SPOT_99,1,8,66.51169512801106,HIGH,38.078897272567275,TRANSMISSION_PRESSURE_PROXY+STATISTICAL_HOTSPOT+CONNECTED_HOTSPOT_CLUSTER,DYNAMIC SPATIOTEMPORAL WATCH,SCENARIO-BASED; VERIFY WITH OFFICIAL SURVEILLANCE
2036-03,1206306000,South Cotabato,KORONADAL,2.4978092376782324,6.875196832819582,HOT_SPOT_95,1,8,66.390894582913,HIGH,45.82624813446508,TRANSMISSION_PRESSURE_PROXY+STATISTICAL_HOTSPOT+CONNECTED_HOTSPOT_CLUSTER,DYNAMIC SPATIOTEMPORAL WATCH,SCENARIO-BASED; VERIFY WITH OFFICIAL SURVEILLANCE
2036-03,1206511000,Sultan Kudarat,TACURONG,1.1754940042828295,6.037166871001502,HOT_SPOT_95,1,8,64.42089225925059,MODERATE,40.22329464196681,STATISTICAL_HOTSPOT+CONNECTED_HOTSPOT_CLUSTER,DYNAMIC SPATIOTEMPORAL WATCH,SCENARIO-BASED; VERIFY WITH OFFICIAL SURVEILLANCE
2036-03,1206318000,South Cotabato,SANTO NIÑO,0.529712765282088,5.851773431517048,HOT_SPOT_90,1,8,63.06392738725549,MODERATE,41.58790652672728,CONNECTED_HOTSPOT_CLUSTER,DYNAMIC SPATIOTEMPORAL WATCH,SCENARIO-BASED; VERIFY WITH OFFICIAL SURVEILLANCE
2036-03,1206302000,South Cotabato,BANGA,0.7118897301551842,4.679838138591122,HOT_SPOT_99,1,8,62.449242659884085,MODERATE,38.339620119207595,STATISTICAL_HOTSPOT+CONNECTED_HOTSPOT_CLUSTER,DYNAMIC SPATIOTEMPORAL WATCH,SCENARIO-BASED; VERIFY WITH OFFICIAL SURVEILLANCE
2036-03,1204711000,Cotabato,PIGKAWAYAN,0.2727209082999537,3.045119915583105,NOT_SIGNIFICANT,0,0,60.22538757557293,MODERATE,58.02973227387905,NEIGHBOR_INFECTIOUS_PRESSURE,DYNAMIC SPATIOTEMPORAL WATCH,SCENARIO-BASED; VERIFY WITH OFFICIAL SURVEILLANCE
2036-03,1206509000,Sultan Kudarat,PALIMBANG,0.2300244593426305,8.171164889167084,NOT_SIGNIFICANT,0,0,58.178238803322316,MODERATE,68.51286109478723,NEIGHBOR_INFECTIOUS_PRESSURE,DYNAMIC SPATIOTEMPORAL WATCH,SCENARIO-BASED; VERIFY WITH OFFICIAL SURVEILLANCE
2036-03,1204712000,Cotabato,PIKIT,0.15968469055108864,3.181641867542638,NOT_SIGNIFICANT,0,0,50.24221816744888,MODERATE,57.017457913319134,NEIGHBOR_INFECTIOUS_PRESSURE,DYNAMIC SPATIOTEMPORAL WATCH,SCENARIO-BASED; VERIFY WITH OFFICIAL SURVEILLANCE
2036-03,1204701000,Cotabato,ALAMADA,0.1781290517532662,2.0997957572020787,NOT_SIGNIFICANT,0,0,43.67965796252628,LOW,51.78099729333942,NEIGHBOR_INFECTIOUS_PRESSURE,DYNAMIC SPATIOTEMPORAL WATCH,SCENARIO-BASED; VERIFY WITH OFFICIAL SURVEILLANCE
2036-03,1204702000,Cotabato,CARMEN,0.23790539540433775,1.781602195037856,NOT_SIGNIFICANT,0,0,39.816029108440766,LOW,50.09914117414917,NEIGHBOR_INFECTIOUS_PRESSURE,DYNAMIC SPATIOTEMPORAL WATCH,SCENARIO-BASED; VERIFY WITH OFFICIAL SURVEILLANCE
2036-03,1204716000,Cotabato,BANISILAN,0.10738184015599189,2.0335055897361958,NOT_SIGNIFICANT,0,0,30.219447997412956,LOW,37.15411546916533,NEIGHBOR_INFECTIOUS_PRESSURE,DYNAMIC SPATIOTEMPORAL WATCH,SCENARIO-BASED; VERIFY WITH OFFICIAL SURVEILLANCE
2036-04,1206315000,South Cotabato,TANTANGAN,0.3576382171279132,5.538332946968301,HOT_SPOT_99,1,8,74.10207476615234,HIGH,41.624729666798885,TRANSMISSION_PRESSURE_PROXY+STATISTICAL_HOTSPOT+CONNECTED_HOTSPOT_CLUSTER,DYNAMIC SPATIOTEMPORAL WATCH,SCENARIO-BASED; VERIFY WITH OFFICIAL SURVEILLANCE
2036-04,1206306000,South Cotabato,KORONADAL,2.1606293599387723,6.898753912059133,HOT_SPOT_95,1,8,70.79291239578734,HIGH,47.00809175062651,TRANSMISSION_PRESSURE_PROXY+STATISTICAL_HOTSPOT+CONNECTED_HOTSPOT_CLUSTER,DYNAMIC SPATIOTEMPORAL WATCH,SCENARIO-BASED; VERIFY WITH OFFICIAL SURVEILLANCE
2036-04,1206511000,Sultan Kudarat,TACURONG,1.0605665458589826,6.056108144282463,HOT_SPOT_95,1,8,70.10742429916867,HIGH,42.610597675124,TRANSMISSION_PRESSURE_PROXY+STATISTICAL_HOTSPOT+CONNECTED_HOTSPOT_CLUSTER,DYNAMIC SPATIOTEMPORAL WATCH,SCENARIO-BASED; VERIFY WITH OFFICIAL SURVEILLANCE
2036-04,1206302000,South Cotabato,BANGA,0.6537897153464545,4.700296176370816,HOT_SPOT_99,1,8,69.78714234046886,HIGH,41.10366637038102,TRANSMISSION_PRESSURE_PROXY+STATISTICAL_HOTSPOT+CONNECTED_HOTSPOT_CLUSTER,DYNAMIC SPATIOTEMPORAL WATCH,SCENARIO-BASED; VERIFY WITH OFFICIAL SURVEILLANCE
2036-04,1206311000,South Cotabato,NORALA,0.27211432430107063,5.073713574477845,HOT_SPOT_99,1,8,68.08148763809346,HIGH,38.55452551635195,TRANSMISSION_PRESSURE_PROXY+STATISTICAL_HOTSPOT+CONNECTED_HOTSPOT_CLUSTER+NEIGHBOR_INFECTIOUS_PRESSURE,DYNAMIC SPATIOTEMPORAL WATCH,SCENARIO-BASED; VERIFY WITH OFFICIAL SURVEILLANCE
2036-04,1206318000,South Cotabato,SANTO NIÑO,0.2769493136401963,5.872165731654149,HOT_SPOT_90,1,8,64.94949641431188,MODERATE,38.60543261014127,CONNECTED_HOTSPOT_CLUSTER,DYNAMIC SPATIOTEMPORAL WATCH,SCENARIO-BASED; VERIFY WITH OFFICIAL SURVEILLANCE
2036-04,1206509000,Sultan Kudarat,PALIMBANG,0.21325902414852452,7.350716980554907,NOT_SIGNIFICANT,0,0,57.64745907702428,MODERATE,67.86483161127089,NEIGHBOR_INFECTIOUS_PRESSURE,DYNAMIC SPATIOTEMPORAL WATCH,SCENARIO-BASED; VERIFY WITH OFFICIAL SURVEILLANCE
2036-04,1206314000,South Cotabato,TAMPAKAN,0.4294414636463842,3.358612328272564,HOT_SPOT_90,1,8,56.649599353463785,MODERATE,32.60299873273319,CONNECTED_HOTSPOT_CLUSTER,DYNAMIC SPATIOTEMPORAL WATCH,SCENARIO-BASED; VERIFY WITH OFFICIAL SURVEILLANCE
2036-04,1204701000,Cotabato,ALAMADA,0.3118400609033771,2.1099987030486465,NOT_SIGNIFICANT,0,0,54.56486251291026,MODERATE,57.50116822462148,NEIGHBOR_INFECTIOUS_PRESSURE,DYNAMIC SPATIOTEMPORAL WATCH,SCENARIO-BASED; VERIFY WITH OFFICIAL SURVEILLANCE
2036-04,1204712000,Cotabato,PIKIT,0.14751983961059556,2.47243585874418,NOT_SIGNIFICANT,0,0,47.7054740133228,MODERATE,54.86151430175542,NEIGHBOR_INFECTIOUS_PRESSURE,DYNAMIC SPATIOTEMPORAL WATCH,SCENARIO-BASED; VERIFY WITH OFFICIAL SURVEILLANCE
2036-04,1204711000,Cotabato,PIGKAWAYAN,0.14861851969361106,3.0482191979272963,NOT_SIGNIFICANT,0,0,47.01984569937511,MODERATE,49.461398818032556,NEIGHBOR_INFECTIOUS_PRESSURE,DYNAMIC SPATIOTEMPORAL WATCH,SCENARIO-BASED; VERIFY WITH OFFICIAL SURVEILLANCE
2036-04,1206507000,Sultan Kudarat,LUTAYAN,0.19371803218188025,2.987787015872276,HOT_SPOT_95,1,8,38.289936370745245,LOW,28.911463974308173,STATISTICAL_HOTSPOT+CONNECTED_HOTSPOT_CLUSTER,DYNAMIC SPATIOTEMPORAL WATCH,SCENARIO-BASED; VERIFY WITH OFFICIAL SURVEILLANCE
2036-05,1206315000,South Cotabato,TANTANGAN,0.1981504829376777,5.545663694035331,HOT_SPOT_99,1,8,80.05766794363348,CRITICAL,45.0764244151155,TRANSMISSION_PRESSURE_PROXY+STATISTICAL_HOTSPOT+CONNECTED_HOTSPOT_CLUSTER+NEIGHBOR_INFECTIOUS_PRESSURE,DYNAMIC SPATIOTEMPORAL WATCH,SCENARIO-BASED; VERIFY WITH OFFICIAL SURVEILLANCE
2036-05,1206306000,South Cotabato,KORONADAL,0.8865123382729974,6.89708368979951,HOT_SPOT_95,1,8,70.13513430167185,HIGH,45.11092653882825,TRANSMISSION_PRESSURE_PROXY+STATISTICAL_HOTSPOT+CONNECTED_HOTSPOT_CLUSTER,DYNAMIC SPATIOTEMPORAL WATCH,SCENARIO-BASED; VERIFY WITH OFFICIAL SURVEILLANCE
2036-05,1206318000,South Cotabato,SANTO NIÑO,0.15192400937436387,5.8780395593459644,HOT_SPOT_90,1,8,70.09677243967462,HIGH,41.396471625149616,TRANSMISSION_PRESSURE_PROXY+CONNECTED_HOTSPOT_CLUSTER,DYNAMIC SPATIOTEMPORAL WATCH,SCENARIO-BASED; VERIFY WITH OFFICIAL SURVEILLANCE
2036-05,1206311000,South Cotabato,NORALA,0.13420674504831853,5.0757799003522726,HOT_SPOT_99,1,8,68.65552733146689,HIGH,39.408646150616626,TRANSMISSION_PRESSURE_PROXY+STATISTICAL_HOTSPOT+CONNECTED_HOTSPOT_CLUSTER+NEIGHBOR_INFECTIOUS_PRESSURE,DYNAMIC SPATIOTEMPORAL WATCH,SCENARIO-BASED; VERIFY WITH OFFICIAL SURVEILLANCE
2036-05,1206511000,Sultan Kudarat,TACURONG,0.4518859869946409,6.053991018538649,HOT_SPOT_95,1,8,68.33417607588414,HIGH,41.536719667359144,TRANSMISSION_PRESSURE_PROXY+STATISTICAL_HOTSPOT+CONNECTED_HOTSPOT_CLUSTER,DYNAMIC SPATIOTEMPORAL WATCH,SCENARIO-BASED; VERIFY WITH OFFICIAL SURVEILLANCE
2036-05,1206509000,Sultan Kudarat,PALIMBANG,0.13154194778644207,6.690136163401965,NOT_SIGNIFICANT,0,0,65.67773114881894,HIGH,74.54691774948753,TRANSMISSION_PRESSURE_PROXY+TESTING_CENTER_GAP+NEIGHBOR_INFECTIOUS_PRESSURE,DYNAMIC SPATIOTEMPORAL WATCH,SCENARIO-BASED; VERIFY WITH OFFICIAL SURVEILLANCE
2036-05,1206302000,South Cotabato,BANGA,0.24244314807389852,4.702226361796458,HOT_SPOT_99,1,8,65.60795332344313,HIGH,39.439408271993074,TRANSMISSION_PRESSURE_PROXY+STATISTICAL_HOTSPOT+CONNECTED_HOTSPOT_CLUSTER+NEIGHBOR_INFECTIOUS_PRESSURE,DYNAMIC SPATIOTEMPORAL WATCH,SCENARIO-BASED; VERIFY WITH OFFICIAL SURVEILLANCE
2036-05,1204712000,Cotabato,PIKIT,0.10065222902566744,1.976353968900037,NOT_SIGNIFICANT,0,0,50.82698940270228,MODERATE,57.2996867109518,NEIGHBOR_INFECTIOUS_PRESSURE,DYNAMIC SPATIOTEMPORAL WATCH,SCENARIO-BASED; VERIFY WITH OFFICIAL SURVEILLANCE
2036-05,1206507000,Sultan Kudarat,LUTAYAN,0.11165555564320817,2.990809305659617,HOT_SPOT_95,1,8,43.51187676259774,LOW,32.600933061786975,STATISTICAL_HOTSPOT+CONNECTED_HOTSPOT_CLUSTER+NEIGHBOR_INFECTIOUS_PRESSURE,DYNAMIC SPATIOTEMPORAL WATCH,SCENARIO-BASED; VERIFY WITH OFFICIAL SURVEILLANCE
2036-05,1204701000,Cotabato,ALAMADA,0.09114559263149832,2.107181524792295,NOT_SIGNIFICANT,0,0,41.66812369119163,LOW,50.22768116934114,NEIGHBOR_INFECTIOUS_PRESSURE,DYNAMIC SPATIOTEMPORAL WATCH,SCENARIO-BASED; VERIFY WITH OFFICIAL SURVEILLANCE
2036-06,1206311000,South Cotabato,NORALA,0.22827202764432997,5.085588121960027,HOT_SPOT_99,1,8,70.54821138844478,HIGH,38.58502866418901,TRANSMISSION_PRESSURE_PROXY+STATISTICAL_HOTSPOT+CONNECTED_HOTSPOT_CLUSTER+NEIGHBOR_INFECTIOUS_PRESSURE,DYNAMIC SPATIOTEMPORAL WATCH,SCENARIO-BASED; VERIFY WITH OFFICIAL SURVEILLANCE
2036-06,1206306000,South Cotabato,KORONADAL,1.443582980727801,6.905889255083848,HOT_SPOT_95,1,8,69.14388238286946,HIGH,44.7010475203587,TRANSMISSION_PRESSURE_PROXY+STATISTICAL_HOTSPOT+CONNECTED_HOTSPOT_CLUSTER,DYNAMIC SPATIOTEMPORAL WATCH,SCENARIO-BASED; VERIFY WITH OFFICIAL SURVEILLANCE
2036-06,1206315000,South Cotabato,TANTANGAN,0.22124031925073376,5.554794821213095,HOT_SPOT_99,1,8,67.49698949357794,HIGH,38.261092602018685,TRANSMISSION_PRESSURE_PROXY+STATISTICAL_HOTSPOT+CONNECTED_HOTSPOT_CLUSTER,DYNAMIC SPATIOTEMPORAL WATCH,SCENARIO-BASED; VERIFY WITH OFFICIAL SURVEILLANCE
2036-06,1206302000,South Cotabato,BANGA,0.4063477642302003,4.711277235579035,HOT_SPOT_99,1,8,64.97806147003173,MODERATE,38.623218819155845,STATISTICAL_HOTSPOT+CONNECTED_HOTSPOT_CLUSTER+NEIGHBOR_INFECTIOUS_PRESSURE,DYNAMIC SPATIOTEMPORAL WATCH,SCENARIO-BASED; VERIFY WITH OFFICIAL SURVEILLANCE
2036-06,1206318000,South Cotabato,SANTO NIÑO,0.20531304645049947,5.889076098584963,HOT_SPOT_90,1,8,61.93081259312413,MODERATE,36.40430172161291,CONNECTED_HOTSPOT_CLUSTER,DYNAMIC SPATIOTEMPORAL WATCH,SCENARIO-BASED; VERIFY WITH OFFICIAL SURVEILLANCE
2036-06,1206511000,Sultan Kudarat,TACURONG,0.6300492661759162,6.057640204131642,HOT_SPOT_95,1,8,60.91921160655603,MODERATE,36.994519051275326,STATISTICAL_HOTSPOT+CONNECTED_HOTSPOT_CLUSTER,DYNAMIC SPATIOTEMPORAL WATCH,SCENARIO-BASED; VERIFY WITH OFFICIAL SURVEILLANCE
2036-06,1206507000,Sultan Kudarat,LUTAYAN,0.23382685404634027,3.0014297013632496,HOT_SPOT_95,1,8,49.014617740124805,MODERATE,35.29204049707592,STATISTICAL_HOTSPOT+CONNECTED_HOTSPOT_CLUSTER,DYNAMIC SPATIOTEMPORAL WATCH,SCENARIO-BASED; VERIFY WITH OFFICIAL SURVEILLANCE
2036-06,1206314000,South Cotabato,TAMPAKAN,0.08416621643318814,3.3708099716064996,HOT_SPOT_95,1,8,44.743561037239616,LOW,26.528306947889586,STATISTICAL_HOTSPOT+CONNECTED_HOTSPOT_CLUSTER,DYNAMIC SPATIOTEMPORAL WATCH,SCENARIO-BASED; VERIFY WITH OFFICIAL SURVEILLANCE
2036-06,1204712000,Cotabato,PIKIT,0.12716149436966662,1.960056423716497,NOT_SIGNIFICANT,0,0,42.556696424526194,LOW,51.75455207088191,NEIGHBOR_INFECTIOUS_PRESSURE,DYNAMIC SPATIOTEMPORAL WATCH,SCENARIO-BASED; VERIFY WITH OFFICIAL SURVEILLANCE
2036-06,1204706000,Cotabato,MAGPET,0.0923882484061396,2.3737354528242505,NOT_SIGNIFICANT,0,0,38.29438236884506,LOW,43.16173660773577,NEIGHBOR_INFECTIOUS_PRESSURE,DYNAMIC SPATIOTEMPORAL WATCH,SCENARIO-BASED; VERIFY WITH OFFICIAL SURVEILLANCE
2036-06,1204701000,Cotabato,ALAMADA,0.12586874640747134,2.1079757981225495,NOT_SIGNIFICANT,0,0,37.7846208733782,LOW,47.37103687384231,NEIGHBOR_INFECTIOUS_PRESSURE,DYNAMIC SPATIOTEMPORAL WATCH,SCENARIO-BASED; VERIFY WITH OFFICIAL SURVEILLANCE
2036-07,1206306000,South Cotabato,KORONADAL,1.3630608335158054,6.913448412708258,HOT_SPOT_99,1,8,72.72125902102762,HIGH,47.5988700235774,TRANSMISSION_PRESSURE_PROXY+STATISTICAL_HOTSPOT+CONNECTED_HOTSPOT_CLUSTER,DYNAMIC SPATIOTEMPORAL WATCH,SCENARIO-BASED; VERIFY WITH OFFICIAL SURVEILLANCE
2036-07,1206509000,Sultan Kudarat,PALIMBANG,0.22078425310179517,5.325202594736185,NOT_SIGNIFICANT,0,0,68.23508197499177,HIGH,73.93966974989536,TRANSMISSION_PRESSURE_PROXY+TESTING_CENTER_GAP+NEIGHBOR_INFECTIOUS_PRESSURE,DYNAMIC SPATIOTEMPORAL WATCH,SCENARIO-BASED; VERIFY WITH OFFICIAL SURVEILLANCE
2036-07,1206511000,Sultan Kudarat,TACURONG,0.911671674722349,6.07089427328984,HOT_SPOT_95,1,8,65.73256926543388,HIGH,43.250456789318925,TRANSMISSION_PRESSURE_PROXY+STATISTICAL_HOTSPOT+CONNECTED_HOTSPOT_CLUSTER,DYNAMIC SPATIOTEMPORAL WATCH,SCENARIO-BASED; VERIFY WITH OFFICIAL SURVEILLANCE
2036-07,1206314000,South Cotabato,TAMPAKAN,0.19888766321117937,3.389164303228268,HOT_SPOT_95,1,8,62.445896363729716,MODERATE,33.735633856177365,STATISTICAL_HOTSPOT+CONNECTED_HOTSPOT_CLUSTER+NEIGHBOR_INFECTIOUS_PRESSURE,DYNAMIC SPATIOTEMPORAL WATCH,SCENARIO-BASED; VERIFY WITH OFFICIAL SURVEILLANCE
2036-07,1206311000,South Cotabato,NORALA,0.1558783016999371,5.089501313851492,HOT_SPOT_99,1,8,57.850139926377544,MODERATE,36.0492401264174,STATISTICAL_HOTSPOT+CONNECTED_HOTSPOT_CLUSTER,DYNAMIC SPATIOTEMPORAL WATCH,SCENARIO-BASED; VERIFY WITH OFFICIAL SURVEILLANCE
2036-07,1206315000,South Cotabato,TANTANGAN,0.15354837983373285,5.558424057559037,HOT_SPOT_99,1,8,56.15338852638474,MODERATE,35.01163780946418,STATISTICAL_HOTSPOT+CONNECTED_HOTSPOT_CLUSTER,DYNAMIC SPATIOTEMPORAL WATCH,SCENARIO-BASED; VERIFY WITH OFFICIAL SURVEILLANCE
2036-07,1206302000,South Cotabato,BANGA,0.3027814064729899,4.715898603033085,HOT_SPOT_99,1,8,54.44537786752617,MODERATE,35.6869225801535,STATISTICAL_HOTSPOT+CONNECTED_HOTSPOT_CLUSTER,DYNAMIC SPATIOTEMPORAL WATCH,SCENARIO-BASED; VERIFY WITH OFFICIAL SURVEILLANCE
2036-07,1206318000,South Cotabato,SANTO NIÑO,0.13702947256326997,5.89349396538158,HOT_SPOT_95,1,8,50.11182025218881,MODERATE,34.09574679403869,STATISTICAL_HOTSPOT+CONNECTED_HOTSPOT_CLUSTER,DYNAMIC SPATIOTEMPORAL WATCH,SCENARIO-BASED; VERIFY WITH OFFICIAL SURVEILLANCE
2036-07,1206507000,Sultan Kudarat,LUTAYAN,0.13234562091500512,3.0057297553645848,HOT_SPOT_95,1,8,43.122264053591664,LOW,31.496789738122303,STATISTICAL_HOTSPOT+CONNECTED_HOTSPOT_CLUSTER+NEIGHBOR_INFECTIOUS_PRESSURE,DYNAMIC SPATIOTEMPORAL WATCH,SCENARIO-BASED; VERIFY WITH OFFICIAL SURVEILLANCE
2036-07,1204712000,Cotabato,PIKIT,0.10118864718585163,1.9585225521054919,NOT_SIGNIFICANT,0,0,41.96586944261221,LOW,50.43983054884178,NEIGHBOR_INFECTIOUS_PRESSURE,DYNAMIC SPATIOTEMPORAL WATCH,SCENARIO-BASED; VERIFY WITH OFFICIAL SURVEILLANCE
2036-08,1206306000,South Cotabato,KORONADAL,1.1386424269864592,6.917605041867278,HOT_SPOT_99,1,9,66.933227423528,HIGH,44.360571308068735,TRANSMISSION_PRESSURE_PROXY+STATISTICAL_HOTSPOT+CONNECTED_HOTSPOT_CLUSTER,DYNAMIC SPATIOTEMPORAL WATCH,SCENARIO-BASED; VERIFY WITH OFFICIAL SURVEILLANCE
2036-08,1206311000,South Cotabato,NORALA,0.17985618076542742,5.095791982784359,HOT_SPOT_99,1,9,60.55743227609193,MODERATE,37.14320558832742,STATISTICAL_HOTSPOT+CONNECTED_HOTSPOT_CLUSTER,DYNAMIC SPATIOTEMPORAL WATCH,SCENARIO-BASED; VERIFY WITH OFFICIAL SURVEILLANCE
2036-08,1206511000,Sultan Kudarat,TACURONG,0.6193979796756292,6.075287896723988,HOT_SPOT_95,1,9,59.633158798943576,MODERATE,37.315938037903045,STATISTICAL_HOTSPOT+CONNECTED_HOTSPOT_CLUSTER,DYNAMIC SPATIOTEMPORAL WATCH,SCENARIO-BASED; VERIFY WITH OFFICIAL SURVEILLANCE
2036-08,1206315000,South Cotabato,TANTANGAN,0.17674045680194989,5.564353899024733,HOT_SPOT_99,1,9,59.14927026860861,MODERATE,36.37959605891456,STATISTICAL_HOTSPOT+CONNECTED_HOTSPOT_CLUSTER,DYNAMIC SPATIOTEMPORAL WATCH,SCENARIO-BASED; VERIFY WITH OFFICIAL SURVEILLANCE
2036-08,1206302000,South Cotabato,BANGA,0.30564957578656704,4.721008668927766,HOT_SPOT_99,1,9,53.6914182217215,MODERATE,35.886125434009465,STATISTICAL_HOTSPOT+CONNECTED_HOTSPOT_CLUSTER,DYNAMIC SPATIOTEMPORAL WATCH,SCENARIO-BASED; VERIFY WITH OFFICIAL SURVEILLANCE
2036-08,1206318000,South Cotabato,SANTO NIÑO,0.14381037843410055,5.89893527324871,HOT_SPOT_95,1,9,52.01777603433221,MODERATE,34.870579256551295,STATISTICAL_HOTSPOT+CONNECTED_HOTSPOT_CLUSTER,DYNAMIC SPATIOTEMPORAL WATCH,SCENARIO-BASED; VERIFY WITH OFFICIAL SURVEILLANCE
2036-08,1204701000,Cotabato,ALAMADA,0.15313450159464398,2.111341021726771,NOT_SIGNIFICANT,0,0,49.62386941224786,MODERATE,56.26287331620287,NEIGHBOR_INFECTIOUS_PRESSURE,DYNAMIC SPATIOTEMPORAL WATCH,SCENARIO-BASED; VERIFY WITH OFFICIAL SURVEILLANCE
2036-08,1206314000,South Cotabato,TAMPAKAN,0.08657008065067215,3.3959194010992397,HOT_SPOT_95,1,9,47.35668417988788,MODERATE,27.643397123739152,STATISTICAL_HOTSPOT+CONNECTED_HOTSPOT_CLUSTER+NEIGHBOR_INFECTIOUS_PRESSURE,DYNAMIC SPATIOTEMPORAL WATCH,SCENARIO-BASED; VERIFY WITH OFFICIAL SURVEILLANCE
2036-08,1204712000,Cotabato,PIKIT,0.12254602491095082,1.9589347067829952,NOT_SIGNIFICANT,0,0,45.55202983025858,MODERATE,52.76434794336542,NEIGHBOR_INFECTIOUS_PRESSURE,DYNAMIC SPATIOTEMPORAL WATCH,SCENARIO-BASED; VERIFY WITH OFFICIAL SURVEILLANCE
2036-08,1206507000,Sultan Kudarat,LUTAYAN,0.1382728112264043,3.0105264506523914,HOT_SPOT_95,1,9,40.81452182050031,LOW,30.521269304726342,STATISTICAL_HOTSPOT+CONNECTED_HOTSPOT_CLUSTER,DYNAMIC SPATIOTEMPORAL WATCH,SCENARIO-BASED; VERIFY WITH OFFICIAL SURVEILLANCE
2036-08,1204706000,Cotabato,MAGPET,0.09223907377726376,2.3837269208796004,NOT_SIGNIFICANT,0,0,40.40708800401687,LOW,45.403601681915546,NEIGHBOR_INFECTIOUS_PRESSURE,DYNAMIC SPATIOTEMPORAL WATCH,SCENARIO-BASED; VERIFY WITH OFFICIAL SURVEILLANCE
2036-08,1204718000,Cotabato,ARAKAN,0.0742752613031278,2.1596824339619576,NOT_SIGNIFICANT,0,0,35.6584325014564,LOW,39.8476473885429,NEIGHBOR_INFECTIOUS_PRESSURE,DYNAMIC SPATIOTEMPORAL WATCH,SCENARIO-BASED; VERIFY WITH OFFICIAL SURVEILLANCE
2036-09,1206306000,South Cotabato,KORONADAL,0.8655613378319897,6.917656104678589,HOT_SPOT_99,1,10,70.30869695927639,HIGH,46.3827818562313,TRANSMISSION_PRESSURE_PROXY+STATISTICAL_HOTSPOT+CONNECTED_HOTSPOT_CLUSTER,DYNAMIC SPATIOTEMPORAL WATCH,SCENARIO-BASED; VERIFY WITH OFFICIAL SURVEILLANCE
2036-09,1206315000,South Cotabato,TANTANGAN,0.17892809907083204,5.570963131644107,HOT_SPOT_99,1,10,68.29576206782943,HIGH,42.34443303687252,TRANSMISSION_PRESSURE_PROXY+STATISTICAL_HOTSPOT+CONNECTED_HOTSPOT_CLUSTER,DYNAMIC SPATIOTEMPORAL WATCH,SCENARIO-BASED; VERIFY WITH OFFICIAL SURVEILLANCE
2036-09,1206318000,South Cotabato,SANTO NIÑO,0.18507595409731664,5.908939906463166,HOT_SPOT_95,1,10,64.00892285725664,MODERATE,42.674726508189124,STATISTICAL_HOTSPOT+CONNECTED_HOTSPOT_CLUSTER,DYNAMIC SPATIOTEMPORAL WATCH,SCENARIO-BASED; VERIFY WITH OFFICIAL SURVEILLANCE
2036-09,1206311000,South Cotabato,NORALA,0.12621357287647186,5.098119351353501,HOT_SPOT_99,1,10,61.08331389609754,MODERATE,37.50696864847609,STATISTICAL_HOTSPOT+CONNECTED_HOTSPOT_CLUSTER,DYNAMIC SPATIOTEMPORAL WATCH,SCENARIO-BASED; VERIFY WITH OFFICIAL SURVEILLANCE
2036-09,1206511000,Sultan Kudarat,TACURONG,0.41622564176105714,6.073997502894118,HOT_SPOT_95,1,10,60.0581910238582,MODERATE,37.9486777071956,STATISTICAL_HOTSPOT+CONNECTED_HOTSPOT_CLUSTER,DYNAMIC SPATIOTEMPORAL WATCH,SCENARIO-BASED; VERIFY WITH OFFICIAL SURVEILLANCE
2036-09,1204712000,Cotabato,PIKIT,0.13166912501472444,1.9604195209327293,NOT_SIGNIFICANT,0,0,56.62013965475489,MODERATE,57.82909047730597,NEIGHBOR_INFECTIOUS_PRESSURE,DYNAMIC SPATIOTEMPORAL WATCH,SCENARIO-BASED; VERIFY WITH OFFICIAL SURVEILLANCE
2036-09,1206302000,South Cotabato,BANGA,0.22063935608776822,4.722865273695699,HOT_SPOT_99,1,10,54.53549349591332,MODERATE,36.53300218673318,STATISTICAL_HOTSPOT+CONNECTED_HOTSPOT_CLUSTER,DYNAMIC SPATIOTEMPORAL WATCH,SCENARIO-BASED; VERIFY WITH OFFICIAL SURVEILLANCE
2036-09,1206507000,Sultan Kudarat,LUTAYAN,0.15238562082363613,3.016416823308476,HOT_SPOT_95,1,10,51.3780073313323,MODERATE,35.81216360700745,STATISTICAL_HOTSPOT+CONNECTED_HOTSPOT_CLUSTER,DYNAMIC SPATIOTEMPORAL WATCH,SCENARIO-BASED; VERIFY WITH OFFICIAL SURVEILLANCE
2036-09,1204718000,Cotabato,ARAKAN,0.11813379968799702,2.167948016415071,NOT_SIGNIFICANT,0,0,49.801620668837195,MODERATE,45.84822565468971,NONE,DYNAMIC SPATIOTEMPORAL WATCH,SCENARIO-BASED; VERIFY WITH OFFICIAL SURVEILLANCE
2036-09,1206509000,Sultan Kudarat,PALIMBANG,0.11404164085050086,3.883067799974801,NOT_SIGNIFICANT,0,0,49.279360731743814,MODERATE,59.224908218129094,NONE,DYNAMIC SPATIOTEMPORAL WATCH,SCENARIO-BASED; VERIFY WITH OFFICIAL SURVEILLANCE
2036-09,1204701000,Cotabato,ALAMADA,0.08795593740742488,2.111332688063893,NOT_SIGNIFICANT,0,0,45.83279027392103,MODERATE,52.65687630607283,NEIGHBOR_INFECTIOUS_PRESSURE,DYNAMIC SPATIOTEMPORAL WATCH,SCENARIO-BASED; VERIFY WITH OFFICIAL SURVEILLANCE
2036-09,1206314000,South Cotabato,TAMPAKAN,0.046723592609207144,3.3991586896566144,HOT_SPOT_95,1,10,45.09176672307401,MODERATE,26.863766095407314,STATISTICAL_HOTSPOT+CONNECTED_HOTSPOT_CLUSTER+NEIGHBOR_INFECTIOUS_PRESSURE,DYNAMIC SPATIOTEMPORAL WATCH,SCENARIO-BASED; VERIFY WITH OFFICIAL SURVEILLANCE
2036-09,1204702000,Cotabato,CARMEN,0.07422400614963871,1.8016535227432038,COLD_SPOT_90,0,0,32.8426394932121,LOW,45.63791168342547,NEIGHBOR_INFECTIOUS_PRESSURE,DYNAMIC SPATIOTEMPORAL WATCH,SCENARIO-BASED; VERIFY WITH OFFICIAL SURVEILLANCE
2036-10,1206311000,South Cotabato,NORALA,0.2632379680192442,5.112352312532869,HOT_SPOT_99,1,10,68.83591688588554,HIGH,42.08905835439716,TRANSMISSION_PRESSURE_PROXY+STATISTICAL_HOTSPOT+CONNECTED_HOTSPOT_CLUSTER,DYNAMIC SPATIOTEMPORAL WATCH,SCENARIO-BASED; VERIFY WITH OFFICIAL SURVEILLANCE
2036-10,1206306000,South Cotabato,KORONADAL,1.3715907863000238,6.928547007042839,HOT_SPOT_99,1,10,65.89291006296344,HIGH,44.52684689190444,TRANSMISSION_PRESSURE_PROXY+STATISTICAL_HOTSPOT+CONNECTED_HOTSPOT_CLUSTER,DYNAMIC SPATIOTEMPORAL WATCH,SCENARIO-BASED; VERIFY WITH OFFICIAL SURVEILLANCE
2036-10,1206318000,South Cotabato,SANTO NIÑO,0.34370304190318546,5.935055108093412,HOT_SPOT_95,1,10,65.16851944603872,HIGH,43.195391189733655,TRANSMISSION_PRESSURE_PROXY+STATISTICAL_HOTSPOT+CONNECTED_HOTSPOT_CLUSTER,DYNAMIC SPATIOTEMPORAL WATCH,SCENARIO-BASED; VERIFY WITH OFFICIAL SURVEILLANCE
2036-10,1206302000,South Cotabato,BANGA,0.49719050259716874,4.7373731606419085,HOT_SPOT_99,1,10,64.33351475887447,MODERATE,42.081084090848194,STATISTICAL_HOTSPOT+CONNECTED_HOTSPOT_CLUSTER,DYNAMIC SPATIOTEMPORAL WATCH,SCENARIO-BASED; VERIFY WITH OFFICIAL SURVEILLANCE
2036-10,1206511000,Sultan Kudarat,TACURONG,0.7439703858076617,6.084697044499338,HOT_SPOT_95,1,10,62.80255736305552,MODERATE,38.92302895520902,STATISTICAL_HOTSPOT+CONNECTED_HOTSPOT_CLUSTER,DYNAMIC SPATIOTEMPORAL WATCH,SCENARIO-BASED; VERIFY WITH OFFICIAL SURVEILLANCE
2036-10,1206315000,South Cotabato,TANTANGAN,0.1869999533364858,5.578714349447709,HOT_SPOT_99,1,10,58.40235058831742,MODERATE,37.04004446590989,STATISTICAL_HOTSPOT+CONNECTED_HOTSPOT_CLUSTER,DYNAMIC SPATIOTEMPORAL WATCH,SCENARIO-BASED; VERIFY WITH OFFICIAL SURVEILLANCE
2036-10,1204711000,Cotabato,PIGKAWAYAN,0.14913378227770333,3.0761500747253847,NOT_SIGNIFICANT,0,0,48.95351646350809,MODERATE,50.41876053588604,NEIGHBOR_INFECTIOUS_PRESSURE,DYNAMIC SPATIOTEMPORAL WATCH,SCENARIO-BASED; VERIFY WITH OFFICIAL SURVEILLANCE
2036-10,1204712000,Cotabato,PIKIT,0.1503660393981856,1.9633001699346695,NOT_SIGNIFICANT,0,0,47.588059989225506,MODERATE,53.20136039684652,NEIGHBOR_INFECTIOUS_PRESSURE,DYNAMIC SPATIOTEMPORAL WATCH,SCENARIO-BASED; VERIFY WITH OFFICIAL SURVEILLANCE
2036-10,1206509000,Sultan Kudarat,PALIMBANG,0.14886029550398472,3.3745686997295743,NOT_SIGNIFICANT,0,0,45.81393279039611,MODERATE,55.333800665026644,NEIGHBOR_INFECTIOUS_PRESSURE,DYNAMIC SPATIOTEMPORAL WATCH,SCENARIO-BASED; VERIFY WITH OFFICIAL SURVEILLANCE
2036-10,1206507000,Sultan Kudarat,LUTAYAN,0.24526153532216283,3.0282645512972066,HOT_SPOT_95,1,10,45.4441214956541,MODERATE,34.47424597908801,STATISTICAL_HOTSPOT+CONNECTED_HOTSPOT_CLUSTER,DYNAMIC SPATIOTEMPORAL WATCH,SCENARIO-BASED; VERIFY WITH OFFICIAL SURVEILLANCE
2036-10,1204701000,Cotabato,ALAMADA,0.12058862693502266,2.113338334468853,NOT_SIGNIFICANT,0,0,42.9046278670027,LOW,51.06911097803679,NEIGHBOR_INFECTIOUS_PRESSURE,DYNAMIC SPATIOTEMPORAL WATCH,SCENARIO-BASED; VERIFY WITH OFFICIAL SURVEILLANCE
2036-10,1206314000,South Cotabato,TAMPAKAN,0.07988960229401411,3.405519366752318,HOT_SPOT_95,1,10,36.777418533316,LOW,23.18541851316187,STATISTICAL_HOTSPOT+CONNECTED_HOTSPOT_CLUSTER,DYNAMIC SPATIOTEMPORAL WATCH,SCENARIO-BASED; VERIFY WITH OFFICIAL SURVEILLANCE
2036-10,1204718000,Cotabato,ARAKAN,0.08372159773800492,2.173263776481735,NOT_SIGNIFICANT,0,0,36.49381895280033,LOW,40.146372073897,NEIGHBOR_INFECTIOUS_PRESSURE,DYNAMIC SPATIOTEMPORAL WATCH,SCENARIO-BASED; VERIFY WITH OFFICIAL SURVEILLANCE
2036-10,1204702000,Cotabato,CARMEN,0.1200925535345276,1.8055153028121071,COLD_SPOT_90,0,0,34.29605460448639,LOW,47.41523389715919,NEIGHBOR_INFECTIOUS_PRESSURE,DYNAMIC SPATIOTEMPORAL WATCH,SCENARIO-BASED; VERIFY WITH OFFICIAL SURVEILLANCE
2036-11,1206311000,South Cotabato,NORALA,0.478228246611912,5.144824334133148,HOT_SPOT_99,1,10,73.3797078393079,HIGH,44.49678356960312,TRANSMISSION_PRESSURE_PROXY+STATISTICAL_HOTSPOT+CONNECTED_HOTSPOT_CLUSTER,DYNAMIC SPATIOTEMPORAL WATCH,SCENARIO-BASED; VERIFY WITH OFFICIAL SURVEILLANCE
2036-11,1206315000,South Cotabato,TANTANGAN,0.5524106548199142,5.617207470025317,HOT_SPOT_99,1,10,70.25345008339295,HIGH,43.58488709895616,TRANSMISSION_PRESSURE_PROXY+STATISTICAL_HOTSPOT+CONNECTED_HOTSPOT_CLUSTER,DYNAMIC SPATIOTEMPORAL WATCH,SCENARIO-BASED; VERIFY WITH OFFICIAL SURVEILLANCE
2036-11,1206306000,South Cotabato,KORONADAL,2.0021807146087247,6.95227722035258,HOT_SPOT_99,1,10,67.77850569898645,HIGH,46.33537642230887,TRANSMISSION_PRESSURE_PROXY+STATISTICAL_HOTSPOT+CONNECTED_HOTSPOT_CLUSTER,DYNAMIC SPATIOTEMPORAL WATCH,SCENARIO-BASED; VERIFY WITH OFFICIAL SURVEILLANCE
2036-11,1206318000,South Cotabato,SANTO NIÑO,0.3683924378926126,5.965505913637895,HOT_SPOT_95,1,10,65.2398815332644,HIGH,40.72119478594748,TRANSMISSION_PRESSURE_PROXY+STATISTICAL_HOTSPOT+CONNECTED_HOTSPOT_CLUSTER,DYNAMIC SPATIOTEMPORAL WATCH,SCENARIO-BASED; VERIFY WITH OFFICIAL SURVEILLANCE
2036-11,1206302000,South Cotabato,BANGA,0.5473634962452063,4.754422640979522,HOT_SPOT_99,1,10,60.07916061687013,MODERATE,38.40222659628936,STATISTICAL_HOTSPOT+CONNECTED_HOTSPOT_CLUSTER,DYNAMIC SPATIOTEMPORAL WATCH,SCENARIO-BASED; VERIFY WITH OFFICIAL SURVEILLANCE
2036-11,1206511000,Sultan Kudarat,TACURONG,0.8330984002608343,6.099171045658733,HOT_SPOT_95,1,10,59.64445641921854,MODERATE,37.808540608569125,STATISTICAL_HOTSPOT+CONNECTED_HOTSPOT_CLUSTER,DYNAMIC SPATIOTEMPORAL WATCH,SCENARIO-BASED; VERIFY WITH OFFICIAL SURVEILLANCE
2036-11,1204711000,Cotabato,PIGKAWAYAN,0.27868153148748176,3.092168462986075,NOT_SIGNIFICANT,0,0,56.57579303449579,MODERATE,54.13127406754257,NEIGHBOR_INFECTIOUS_PRESSURE,DYNAMIC SPATIOTEMPORAL WATCH,SCENARIO-BASED; VERIFY WITH OFFICIAL SURVEILLANCE
2036-11,1206507000,Sultan Kudarat,LUTAYAN,0.3920838894071351,3.0494108249498746,HOT_SPOT_95,1,10,48.752602471359175,MODERATE,35.09952735861725,STATISTICAL_HOTSPOT+CONNECTED_HOTSPOT_CLUSTER,DYNAMIC SPATIOTEMPORAL WATCH,SCENARIO-BASED; VERIFY WITH OFFICIAL SURVEILLANCE
2036-11,1204701000,Cotabato,ALAMADA,0.2172179021723273,2.1210495348433374,NOT_SIGNIFICANT,0,0,48.143619931352106,MODERATE,54.37216859946617,NEIGHBOR_INFECTIOUS_PRESSURE,DYNAMIC SPATIOTEMPORAL WATCH,SCENARIO-BASED; VERIFY WITH OFFICIAL SURVEILLANCE
2036-11,1206509000,Sultan Kudarat,PALIMBANG,0.2361670721789553,2.836001394103235,NOT_SIGNIFICANT,0,0,45.28094127238297,MODERATE,55.46717885033735,NEIGHBOR_INFECTIOUS_PRESSURE,DYNAMIC SPATIOTEMPORAL WATCH,SCENARIO-BASED; VERIFY WITH OFFICIAL SURVEILLANCE
2036-11,1204712000,Cotabato,PIKIT,0.1545851047454996,1.9666109834917367,NOT_SIGNIFICANT,0,0,41.85297639763743,LOW,49.057007872167816,NEIGHBOR_INFECTIOUS_PRESSURE,DYNAMIC SPATIOTEMPORAL WATCH,SCENARIO-BASED; VERIFY WITH OFFICIAL SURVEILLANCE
2036-11,1204718000,Cotabato,ARAKAN,0.10625417750178533,2.180295014924281,NOT_SIGNIFICANT,0,0,35.50154397924809,LOW,39.73871344723,NEIGHBOR_INFECTIOUS_PRESSURE,DYNAMIC SPATIOTEMPORAL WATCH,SCENARIO-BASED; VERIFY WITH OFFICIAL SURVEILLANCE
2036-11,1204702000,Cotabato,CARMEN,0.152300213021964,1.8110066715960127,NOT_SIGNIFICANT,0,0,33.653851005950415,LOW,46.985569879689535,NEIGHBOR_INFECTIOUS_PRESSURE,DYNAMIC SPATIOTEMPORAL WATCH,SCENARIO-BASED; VERIFY WITH OFFICIAL SURVEILLANCE
2036-11,1206314000,South Cotabato,TAMPAKAN,0.10258894515922178,3.4140050774455943,HOT_SPOT_95,1,10,33.444713527714434,LOW,21.76810721594912,STATISTICAL_HOTSPOT+CONNECTED_HOTSPOT_CLUSTER,DYNAMIC SPATIOTEMPORAL WATCH,SCENARIO-BASED; VERIFY WITH OFFICIAL SURVEILLANCE
2036-12,1206306000,South Cotabato,KORONADAL,0.9425547973561067,6.95605030950017,HOT_SPOT_99,1,10,72.18893774044379,HIGH,48.70260940203418,TRANSMISSION_PRESSURE_PROXY+STATISTICAL_HOTSPOT+CONNECTED_HOTSPOT_CLUSTER,DYNAMIC SPATIOTEMPORAL WATCH,SCENARIO-BASED; VERIFY WITH OFFICIAL SURVEILLANCE
2036-12,1206511000,Sultan Kudarat,TACURONG,0.46012789162246787,6.101491002018441,HOT_SPOT_95,1,10,69.5006243287778,HIGH,43.89499301220927,TRANSMISSION_PRESSURE_PROXY+STATISTICAL_HOTSPOT+CONNECTED_HOTSPOT_CLUSTER,DYNAMIC SPATIOTEMPORAL WATCH,SCENARIO-BASED; VERIFY WITH OFFICIAL SURVEILLANCE
2036-12,1206311000,South Cotabato,NORALA,0.11662665637768464,5.148959483642172,HOT_SPOT_99,1,10,68.12481933995723,HIGH,39.56293840309108,TRANSMISSION_PRESSURE_PROXY+STATISTICAL_HOTSPOT+CONNECTED_HOTSPOT_CLUSTER+NEIGHBOR_INFECTIOUS_PRESSURE,DYNAMIC SPATIOTEMPORAL WATCH,SCENARIO-BASED; VERIFY WITH OFFICIAL SURVEILLANCE
2036-12,1206315000,South Cotabato,TANTANGAN,0.11865786564641663,5.621299480759023,HOT_SPOT_99,1,10,64.83473595128606,MODERATE,38.48186310676698,STATISTICAL_HOTSPOT+CONNECTED_HOTSPOT_CLUSTER,DYNAMIC SPATIOTEMPORAL WATCH,SCENARIO-BASED; VERIFY WITH OFFICIAL SURVEILLANCE
2036-12,1206318000,South Cotabato,SANTO NIÑO,0.12478298405859804,5.9720161026289,HOT_SPOT_95,1,10,64.27949754475239,MODERATE,38.72208893498343,STATISTICAL_HOTSPOT+CONNECTED_HOTSPOT_CLUSTER,DYNAMIC SPATIOTEMPORAL WATCH,SCENARIO-BASED; VERIFY WITH OFFICIAL SURVEILLANCE
2036-12,1206302000,South Cotabato,BANGA,0.18588186276517318,4.755712537939715,HOT_SPOT_99,1,10,59.49269478131923,MODERATE,38.2603957691157,STATISTICAL_HOTSPOT+CONNECTED_HOTSPOT_CLUSTER+NEIGHBOR_INFECTIOUS_PRESSURE,DYNAMIC SPATIOTEMPORAL WATCH,SCENARIO-BASED; VERIFY WITH OFFICIAL SURVEILLANCE
2036-12,1206509000,Sultan Kudarat,PALIMBANG,0.10753170878180542,2.384046743607454,NOT_SIGNIFICANT,0,0,44.15435929319652,LOW,54.14597867934379,NEIGHBOR_INFECTIOUS_PRESSURE,DYNAMIC SPATIOTEMPORAL WATCH,SCENARIO-BASED; VERIFY WITH OFFICIAL SURVEILLANCE
2036-12,1204712000,Cotabato,PIKIT,0.07367477416516088,1.9652361296564456,NOT_SIGNIFICANT,0,0,43.27738987913713,LOW,50.81292724125039,NEIGHBOR_INFECTIOUS_PRESSURE,DYNAMIC SPATIOTEMPORAL WATCH,SCENARIO-BASED; VERIFY WITH OFFICIAL SURVEILLANCE
2036-12,1204701000,Cotabato,ALAMADA,0.07447952070922219,2.120095445823506,NOT_SIGNIFICANT,0,0,41.95068133744127,LOW,50.870656784008226,NEIGHBOR_INFECTIOUS_PRESSURE,DYNAMIC SPATIOTEMPORAL WATCH,SCENARIO-BASED; VERIFY WITH OFFICIAL SURVEILLANCE
2036-12,1206507000,Sultan Kudarat,LUTAYAN,0.09730376823151318,3.052781705566931,HOT_SPOT_95,1,10,40.15371935160252,LOW,29.101792486488588,STATISTICAL_HOTSPOT+CONNECTED_HOTSPOT_CLUSTER,DYNAMIC SPATIOTEMPORAL WATCH,SCENARIO-BASED; VERIFY WITH OFFICIAL SURVEILLANCE
2036-12,1206314000,South Cotabato,TAMPAKAN,0.043460670559169814,3.416773836482925,HOT_SPOT_95,1,10,38.082429987116896,LOW,24.725891403285445,STATISTICAL_HOTSPOT+CONNECTED_HOTSPOT_CLUSTER,DYNAMIC SPATIOTEMPORAL WATCH,SCENARIO-BASED; VERIFY WITH OFFICIAL SURVEILLANCE
2037-01,1206311000,South Cotabato,NORALA,0.10082778150852431,5.149814216551371,HOT_SPOT_99,1,10,71.57391392491029,HIGH,40.11886654527343,TRANSMISSION_PRESSURE_PROXY+STATISTICAL_HOTSPOT+CONNECTED_HOTSPOT_CLUSTER,DYNAMIC SPATIOTEMPORAL WATCH,SCENARIO-BASED; VERIFY WITH OFFICIAL SURVEILLANCE
2037-01,1206315000,South Cotabato,TANTANGAN,0.10418189708793953,5.622280183043192,HOT_SPOT_99,1,10,70.63357954022027,HIGH,40.04111640786457,TRANSMISSION_PRESSURE_PROXY+STATISTICAL_HOTSPOT+CONNECTED_HOTSPOT_CLUSTER,DYNAMIC SPATIOTEMPORAL WATCH,SCENARIO-BASED; VERIFY WITH OFFICIAL SURVEILLANCE
2037-01,1206306000,South Cotabato,KORONADAL,0.5900002673800397,6.95261820500349,HOT_SPOT_99,1,10,69.4668068382216,HIGH,46.25446304682672,TRANSMISSION_PRESSURE_PROXY+STATISTICAL_HOTSPOT+CONNECTED_HOTSPOT_CLUSTER,DYNAMIC SPATIOTEMPORAL WATCH,SCENARIO-BASED; VERIFY WITH OFFICIAL SURVEILLANCE
2037-01,1206318000,South Cotabato,SANTO NIÑO,0.09006151116774357,5.973185526704757,HOT_SPOT_95,1,10,65.0164117224562,HIGH,38.63530822186234,TRANSMISSION_PRESSURE_PROXY+STATISTICAL_HOTSPOT+CONNECTED_HOTSPOT_CLUSTER,DYNAMIC SPATIOTEMPORAL WATCH,SCENARIO-BASED; VERIFY WITH OFFICIAL SURVEILLANCE
2037-01,1206302000,South Cotabato,BANGA,0.1469257116907191,4.7550415599638365,HOT_SPOT_99,1,10,59.7300066176332,MODERATE,38.57577364201746,STATISTICAL_HOTSPOT+CONNECTED_HOTSPOT_CLUSTER,DYNAMIC SPATIOTEMPORAL WATCH,SCENARIO-BASED; VERIFY WITH OFFICIAL SURVEILLANCE
2037-01,1206511000,Sultan Kudarat,TACURONG,0.24855302550938782,6.096462063477423,HOT_SPOT_95,1,10,59.096283484818066,MODERATE,39.468777414577445,STATISTICAL_HOTSPOT+CONNECTED_HOTSPOT_CLUSTER,DYNAMIC SPATIOTEMPORAL WATCH,SCENARIO-BASED; VERIFY WITH OFFICIAL SURVEILLANCE
2037-01,1204701000,Cotabato,ALAMADA,0.07628093989528092,2.119925156152322,NOT_SIGNIFICANT,0,0,51.96870594464771,MODERATE,57.35376295902305,NEIGHBOR_INFECTIOUS_PRESSURE,DYNAMIC SPATIOTEMPORAL WATCH,SCENARIO-BASED; VERIFY WITH OFFICIAL SURVEILLANCE
2037-01,1206314000,South Cotabato,TAMPAKAN,0.051176571981585484,3.4201501301144543,HOT_SPOT_95,1,10,49.66164032023725,MODERATE,31.555123788642113,STATISTICAL_HOTSPOT+CONNECTED_HOTSPOT_CLUSTER,DYNAMIC SPATIOTEMPORAL WATCH,SCENARIO-BASED; VERIFY WITH OFFICIAL SURVEILLANCE
2037-01,1206509000,Sultan Kudarat,PALIMBANG,0.0800352002298958,2.188546907814363,COLD_SPOT_90,0,0,45.80739996850598,MODERATE,54.76030987399431,NEIGHBOR_INFECTIOUS_PRESSURE,DYNAMIC SPATIOTEMPORAL WATCH,SCENARIO-BASED; VERIFY WITH OFFICIAL SURVEILLANCE
2037-01,1204712000,Cotabato,PIKIT,0.055133449788203566,1.9677364225264689,NOT_SIGNIFICANT,0,0,45.64543870213093,MODERATE,53.06563573627926,NEIGHBOR_INFECTIOUS_PRESSURE,DYNAMIC SPATIOTEMPORAL WATCH,SCENARIO-BASED; VERIFY WITH OFFICIAL SURVEILLANCE
2037-01,1206507000,Sultan Kudarat,LUTAYAN,0.06901792038493273,3.053651439792866,HOT_SPOT_95,1,10,37.79885211602902,LOW,28.22612445893769,STATISTICAL_HOTSPOT+CONNECTED_HOTSPOT_CLUSTER,DYNAMIC SPATIOTEMPORAL WATCH,SCENARIO-BASED; VERIFY WITH OFFICIAL SURVEILLANCE
2037-02,1206315000,South Cotabato,TANTANGAN,0.5000986571853985,5.65411837310485,HOT_SPOT_99,1,10,74.1372266050542,HIGH,44.052479123308906,TRANSMISSION_PRESSURE_PROXY+STATISTICAL_HOTSPOT+CONNECTED_HOTSPOT_CLUSTER,DYNAMIC SPATIOTEMPORAL WATCH,SCENARIO-BASED; VERIFY WITH OFFICIAL SURVEILLANCE
2037-02,1206302000,South Cotabato,BANGA,0.7733570781611199,4.780130930002224,HOT_SPOT_99,1,10,69.16366442878255,HIGH,44.153822206733885,TRANSMISSION_PRESSURE_PROXY+STATISTICAL_HOTSPOT+CONNECTED_HOTSPOT_CLUSTER,DYNAMIC SPATIOTEMPORAL WATCH,SCENARIO-BASED; VERIFY WITH OFFICIAL SURVEILLANCE
2037-02,1206306000,South Cotabato,KORONADAL,1.6382693595647744,6.967449095408513,HOT_SPOT_99,1,10,68.32483249353186,HIGH,45.140359221136926,TRANSMISSION_PRESSURE_PROXY+STATISTICAL_HOTSPOT+CONNECTED_HOTSPOT_CLUSTER,DYNAMIC SPATIOTEMPORAL WATCH,SCENARIO-BASED; VERIFY WITH OFFICIAL SURVEILLANCE
2037-02,1206511000,Sultan Kudarat,TACURONG,0.9679817636378817,6.113369002135307,HOT_SPOT_99,1,10,66.87345502469597,HIGH,42.52519131560479,TRANSMISSION_PRESSURE_PROXY+STATISTICAL_HOTSPOT+CONNECTED_HOTSPOT_CLUSTER,DYNAMIC SPATIOTEMPORAL WATCH,SCENARIO-BASED; VERIFY WITH OFFICIAL SURVEILLANCE
2037-02,1206311000,South Cotabato,NORALA,0.23601681643816294,5.160973037736506,HOT_SPOT_99,1,10,61.815913654515086,MODERATE,36.61056985919941,STATISTICAL_HOTSPOT+CONNECTED_HOTSPOT_CLUSTER,DYNAMIC SPATIOTEMPORAL WATCH,SCENARIO-BASED; VERIFY WITH OFFICIAL SURVEILLANCE
2037-02,1206318000,South Cotabato,SANTO NIÑO,0.22991667688557954,5.98707307618852,HOT_SPOT_95,1,10,57.89676015587063,MODERATE,37.21590992634131,STATISTICAL_HOTSPOT+CONNECTED_HOTSPOT_CLUSTER,DYNAMIC SPATIOTEMPORAL WATCH,SCENARIO-BASED; VERIFY WITH OFFICIAL SURVEILLANCE
2037-02,1204711000,Cotabato,PIGKAWAYAN,0.13749530948213684,3.09720434605635,NOT_SIGNIFICANT,0,0,46.046106905104224,MODERATE,49.01827908522466,NEIGHBOR_INFECTIOUS_PRESSURE,DYNAMIC SPATIOTEMPORAL WATCH,SCENARIO-BASED; VERIFY WITH OFFICIAL SURVEILLANCE
2037-02,1204712000,Cotabato,PIKIT,0.13790527515954532,1.9703690144960255,NOT_SIGNIFICANT,0,0,43.305073019078236,LOW,51.130981781251506,NEIGHBOR_INFECTIOUS_PRESSURE,DYNAMIC SPATIOTEMPORAL WATCH,SCENARIO-BASED; VERIFY WITH OFFICIAL SURVEILLANCE
2037-02,1204701000,Cotabato,ALAMADA,0.13657814444147895,2.1231608424273,NOT_SIGNIFICANT,0,0,41.29349421014628,LOW,49.50614310017279,NEIGHBOR_INFECTIOUS_PRESSURE,DYNAMIC SPATIOTEMPORAL WATCH,SCENARIO-BASED; VERIFY WITH OFFICIAL SURVEILLANCE
2037-02,1206314000,South Cotabato,TAMPAKAN,0.12602053886136544,3.430385065966171,HOT_SPOT_95,1,10,39.47374875661747,LOW,25.0734671014893,STATISTICAL_HOTSPOT+CONNECTED_HOTSPOT_CLUSTER,DYNAMIC SPATIOTEMPORAL WATCH,SCENARIO-BASED; VERIFY WITH OFFICIAL SURVEILLANCE
2037-02,1206509000,Sultan Kudarat,PALIMBANG,0.14714439221744244,2.133912468513823,COLD_SPOT_90,0,0,37.987540531516835,LOW,48.15527285941465,NEIGHBOR_INFECTIOUS_PRESSURE,DYNAMIC SPATIOTEMPORAL WATCH,SCENARIO-BASED; VERIFY WITH OFFICIAL SURVEILLANCE
2037-02,1206507000,Sultan Kudarat,LUTAYAN,0.18227070586115798,3.0610371262777423,HOT_SPOT_95,1,10,37.55141509595387,LOW,28.247146207962984,STATISTICAL_HOTSPOT+CONNECTED_HOTSPOT_CLUSTER,DYNAMIC SPATIOTEMPORAL WATCH,SCENARIO-BASED; VERIFY WITH OFFICIAL SURVEILLANCE
2037-03,1206311000,South Cotabato,NORALA,0.5792053701268767,5.198689536547814,HOT_SPOT_99,1,10,72.75464202993216,HIGH,44.2705115990866,TRANSMISSION_PRESSURE_PROXY+STATISTICAL_HOTSPOT+CONNECTED_HOTSPOT_CLUSTER,DYNAMIC SPATIOTEMPORAL WATCH,SCENARIO-BASED; VERIFY WITH OFFICIAL SURVEILLANCE
2037-03,1206306000,South Cotabato,KORONADAL,2.588403466438837,6.998322665166341,HOT_SPOT_99,1,10,71.8037775262087,HIGH,49.204998620147315,TRANSMISSION_PRESSURE_PROXY+STATISTICAL_HOTSPOT+CONNECTED_HOTSPOT_CLUSTER,DYNAMIC SPATIOTEMPORAL WATCH,SCENARIO-BASED; VERIFY WITH OFFICIAL SURVEILLANCE
2037-03,1206315000,South Cotabato,TANTANGAN,0.3886853545433403,5.678256629619855,HOT_SPOT_99,1,10,70.46777319323036,HIGH,39.864315956075515,TRANSMISSION_PRESSURE_PROXY+STATISTICAL_HOTSPOT+CONNECTED_HOTSPOT_CLUSTER,DYNAMIC SPATIOTEMPORAL WATCH,SCENARIO-BASED; VERIFY WITH OFFICIAL SURVEILLANCE
2037-03,1206511000,Sultan Kudarat,TACURONG,1.216151241126417,6.137081470302956,HOT_SPOT_99,1,10,69.26529626198558,HIGH,43.20999692194671,TRANSMISSION_PRESSURE_PROXY+STATISTICAL_HOTSPOT+CONNECTED_HOTSPOT_CLUSTER,DYNAMIC SPATIOTEMPORAL WATCH,SCENARIO-BASED; VERIFY WITH OFFICIAL SURVEILLANCE
2037-03,1206318000,South Cotabato,SANTO NIÑO,0.5519055423011856,6.030574084727204,HOT_SPOT_95,1,10,67.21655589451288,HIGH,44.2190818072919,TRANSMISSION_PRESSURE_PROXY+STATISTICAL_HOTSPOT+CONNECTED_HOTSPOT_CLUSTER,DYNAMIC SPATIOTEMPORAL WATCH,SCENARIO-BASED; VERIFY WITH OFFICIAL SURVEILLANCE
2037-03,1206302000,South Cotabato,BANGA,0.7415270204668136,4.8050483668981006,HOT_SPOT_99,1,10,66.27131127356566,HIGH,40.43159496827754,TRANSMISSION_PRESSURE_PROXY+STATISTICAL_HOTSPOT+CONNECTED_HOTSPOT_CLUSTER,DYNAMIC SPATIOTEMPORAL WATCH,SCENARIO-BASED; VERIFY WITH OFFICIAL SURVEILLANCE
2037-03,1204711000,Cotabato,PIGKAWAYAN,0.28318861687820257,3.1129437166411136,NOT_SIGNIFICANT,0,0,59.62084358071104,MODERATE,58.1159365426922,NEIGHBOR_INFECTIOUS_PRESSURE,DYNAMIC SPATIOTEMPORAL WATCH,SCENARIO-BASED; VERIFY WITH OFFICIAL SURVEILLANCE
2037-03,1206314000,South Cotabato,TAMPAKAN,0.29449128456247925,3.456214123347935,HOT_SPOT_95,1,10,52.49028025715526,MODERATE,31.654132190622263,STATISTICAL_HOTSPOT+CONNECTED_HOTSPOT_CLUSTER,DYNAMIC SPATIOTEMPORAL WATCH,SCENARIO-BASED; VERIFY WITH OFFICIAL SURVEILLANCE
2037-03,1206507000,Sultan Kudarat,LUTAYAN,0.30428789515308247,3.075452613910216,HOT_SPOT_95,1,10,47.34345886242214,MODERATE,36.19669106268822,STATISTICAL_HOTSPOT+CONNECTED_HOTSPOT_CLUSTER,DYNAMIC SPATIOTEMPORAL WATCH,SCENARIO-BASED; VERIFY WITH OFFICIAL SURVEILLANCE
2037-03,1206509000,Sultan Kudarat,PALIMBANG,0.2720576663567909,2.177798652070817,COLD_SPOT_90,0,0,44.775319379104594,LOW,55.34405852832688,NEIGHBOR_INFECTIOUS_PRESSURE,DYNAMIC SPATIOTEMPORAL WATCH,SCENARIO-BASED; VERIFY WITH OFFICIAL SURVEILLANCE
2037-03,1204701000,Cotabato,ALAMADA,0.18388448724363732,2.1292321511022436,NOT_SIGNIFICANT,0,0,43.92612948108157,LOW,52.175126898267365,NEIGHBOR_INFECTIOUS_PRESSURE,DYNAMIC SPATIOTEMPORAL WATCH,SCENARIO-BASED; VERIFY WITH OFFICIAL SURVEILLANCE
2037-03,1204712000,Cotabato,PIKIT,0.1638182375155977,1.9747839959382707,NOT_SIGNIFICANT,0,0,43.45982637390032,LOW,51.00065901406351,NEIGHBOR_INFECTIOUS_PRESSURE,DYNAMIC SPATIOTEMPORAL WATCH,SCENARIO-BASED; VERIFY WITH OFFICIAL SURVEILLANCE
2037-04,1206315000,South Cotabato,TANTANGAN,0.37134344950707643,5.69897118434964,HOT_SPOT_99,1,10,76.41053584762429,HIGH,42.73006623368126,TRANSMISSION_PRESSURE_PROXY+STATISTICAL_HOTSPOT+CONNECTED_HOTSPOT_CLUSTER+NEIGHBOR_INFECTIOUS_PRESSURE,DYNAMIC SPATIOTEMPORAL WATCH,SCENARIO-BASED; VERIFY WITH OFFICIAL SURVEILLANCE
2037-04,1206511000,Sultan Kudarat,TACURONG,1.0948491872129653,6.156010592976397,HOT_SPOT_99,1,10,73.1623508151085,HIGH,44.60998112388532,TRANSMISSION_PRESSURE_PROXY+STATISTICAL_HOTSPOT+CONNECTED_HOTSPOT_CLUSTER,DYNAMIC SPATIOTEMPORAL WATCH,SCENARIO-BASED; VERIFY WITH OFFICIAL SURVEILLANCE
2037-04,1206302000,South Cotabato,BANGA,0.6786106494727037,4.825241341897274,HOT_SPOT_99,1,10,72.7125669012298,HIGH,42.79388068829388,TRANSMISSION_PRESSURE_PROXY+STATISTICAL_HOTSPOT+CONNECTED_HOTSPOT_CLUSTER+NEIGHBOR_INFECTIOUS_PRESSURE,DYNAMIC SPATIOTEMPORAL WATCH,SCENARIO-BASED; VERIFY WITH OFFICIAL SURVEILLANCE
2037-04,1206306000,South Cotabato,KORONADAL,2.233815308117265,7.021770953554301,HOT_SPOT_99,1,10,72.48786504544107,HIGH,48.50720157361927,TRANSMISSION_PRESSURE_PROXY+STATISTICAL_HOTSPOT+CONNECTED_HOTSPOT_CLUSTER,DYNAMIC SPATIOTEMPORAL WATCH,SCENARIO-BASED; VERIFY WITH OFFICIAL SURVEILLANCE
2037-04,1206311000,South Cotabato,NORALA,0.28286140671786075,5.214388912244675,HOT_SPOT_99,1,10,71.30890298390219,HIGH,40.44042675509009,TRANSMISSION_PRESSURE_PROXY+STATISTICAL_HOTSPOT+CONNECTED_HOTSPOT_CLUSTER+NEIGHBOR_INFECTIOUS_PRESSURE,DYNAMIC SPATIOTEMPORAL WATCH,SCENARIO-BASED; VERIFY WITH OFFICIAL SURVEILLANCE
2037-04,1206318000,South Cotabato,SANTO NIÑO,0.28829065986655245,6.050630365638123,HOT_SPOT_95,1,10,68.01062582934946,HIGH,40.619140912323665,TRANSMISSION_PRESSURE_PROXY+STATISTICAL_HOTSPOT+CONNECTED_HOTSPOT_CLUSTER,DYNAMIC SPATIOTEMPORAL WATCH,SCENARIO-BASED; VERIFY WITH OFFICIAL SURVEILLANCE
2037-04,1206314000,South Cotabato,TAMPAKAN,0.44905760276144224,3.496199742584787,HOT_SPOT_95,1,10,59.37805988716289,MODERATE,34.70155094170163,STATISTICAL_HOTSPOT+CONNECTED_HOTSPOT_CLUSTER,DYNAMIC SPATIOTEMPORAL WATCH,SCENARIO-BASED; VERIFY WITH OFFICIAL SURVEILLANCE
2037-04,1204701000,Cotabato,ALAMADA,0.3239659772310909,2.143354741712408,NOT_SIGNIFICANT,0,0,52.06639468216824,MODERATE,56.56434918287684,NEIGHBOR_INFECTIOUS_PRESSURE,DYNAMIC SPATIOTEMPORAL WATCH,SCENARIO-BASED; VERIFY WITH OFFICIAL SURVEILLANCE
2037-04,1204711000,Cotabato,PIGKAWAYAN,0.15349086773549814,3.1192301773725966,NOT_SIGNIFICANT,0,0,45.31368152723548,MODERATE,49.080063914490154,NEIGHBOR_INFECTIOUS_PRESSURE,DYNAMIC SPATIOTEMPORAL WATCH,SCENARIO-BASED; VERIFY WITH OFFICIAL SURVEILLANCE
2037-04,1204712000,Cotabato,PIKIT,0.1514021306505272,1.978840145769518,NOT_SIGNIFICANT,0,0,41.9509026201422,LOW,51.365047027966895,NEIGHBOR_INFECTIOUS_PRESSURE,DYNAMIC SPATIOTEMPORAL WATCH,SCENARIO-BASED; VERIFY WITH OFFICIAL SURVEILLANCE
2037-04,1206507000,Sultan Kudarat,LUTAYAN,0.2011225614028792,3.0835594767466397,HOT_SPOT_95,1,10,40.8008628338019,LOW,30.84751572298355,STATISTICAL_HOTSPOT+CONNECTED_HOTSPOT_CLUSTER,DYNAMIC SPATIOTEMPORAL WATCH,SCENARIO-BASED; VERIFY WITH OFFICIAL SURVEILLANCE
2037-05,1206315000,South Cotabato,TANTANGAN,0.20446907109379883,5.706234665927489,HOT_SPOT_99,1,10,81.80961003373645,CRITICAL,45.911641325653974,TRANSMISSION_PRESSURE_PROXY+STATISTICAL_HOTSPOT+CONNECTED_HOTSPOT_CLUSTER+NEIGHBOR_INFECTIOUS_PRESSURE,DYNAMIC SPATIOTEMPORAL WATCH,SCENARIO-BASED; VERIFY WITH OFFICIAL SURVEILLANCE
2037-05,1206318000,South Cotabato,SANTO NIÑO,0.15667293041794766,6.056450660996149,HOT_SPOT_95,1,10,72.00783728095325,HIGH,42.728110484211086,TRANSMISSION_PRESSURE_PROXY+STATISTICAL_HOTSPOT+CONNECTED_HOTSPOT_CLUSTER,DYNAMIC SPATIOTEMPORAL WATCH,SCENARIO-BASED; VERIFY WITH OFFICIAL SURVEILLANCE
2037-05,1206306000,South Cotabato,KORONADAL,0.8999852791363511,7.020481345499445,HOT_SPOT_99,1,10,71.64125749892608,HIGH,46.263848543159014,TRANSMISSION_PRESSURE_PROXY+STATISTICAL_HOTSPOT+CONNECTED_HOTSPOT_CLUSTER,DYNAMIC SPATIOTEMPORAL WATCH,SCENARIO-BASED; VERIFY WITH OFFICIAL SURVEILLANCE
2037-05,1206511000,Sultan Kudarat,TACURONG,0.45752691794009664,6.154283079713601,HOT_SPOT_99,1,10,70.84296860531948,HIGH,43.02938357896004,TRANSMISSION_PRESSURE_PROXY+STATISTICAL_HOTSPOT+CONNECTED_HOTSPOT_CLUSTER,DYNAMIC SPATIOTEMPORAL WATCH,SCENARIO-BASED; VERIFY WITH OFFICIAL SURVEILLANCE
2037-05,1206311000,South Cotabato,NORALA,0.13749050211973046,5.216502787983202,HOT_SPOT_99,1,10,70.21705170131828,HIGH,40.35546993168325,TRANSMISSION_PRESSURE_PROXY+STATISTICAL_HOTSPOT+CONNECTED_HOTSPOT_CLUSTER+NEIGHBOR_INFECTIOUS_PRESSURE,DYNAMIC SPATIOTEMPORAL WATCH,SCENARIO-BASED; VERIFY WITH OFFICIAL SURVEILLANCE
2037-05,1206302000,South Cotabato,BANGA,0.24828294269726453,4.827215811191648,HOT_SPOT_99,1,10,67.30751598628825,HIGH,40.499121995039246,TRANSMISSION_PRESSURE_PROXY+STATISTICAL_HOTSPOT+CONNECTED_HOTSPOT_CLUSTER+NEIGHBOR_INFECTIOUS_PRESSURE,DYNAMIC SPATIOTEMPORAL WATCH,SCENARIO-BASED; VERIFY WITH OFFICIAL SURVEILLANCE
2037-05,1206314000,South Cotabato,TAMPAKAN,0.0726459134674676,3.5011574812942743,HOT_SPOT_95,1,10,49.82004416289744,MODERATE,29.302028715742715,STATISTICAL_HOTSPOT+CONNECTED_HOTSPOT_CLUSTER,DYNAMIC SPATIOTEMPORAL WATCH,SCENARIO-BASED; VERIFY WITH OFFICIAL SURVEILLANCE
2037-05,1204712000,Cotabato,PIKIT,0.10277259561338527,1.980509902597163,NOT_SIGNIFICANT,0,0,47.23207427994705,MODERATE,55.91815216772645,NEIGHBOR_INFECTIOUS_PRESSURE,DYNAMIC SPATIOTEMPORAL WATCH,SCENARIO-BASED; VERIFY WITH OFFICIAL SURVEILLANCE
2037-05,1206507000,Sultan Kudarat,LUTAYAN,0.11529730440259138,3.086497279640513,HOT_SPOT_95,1,10,45.09564808409544,MODERATE,33.9087985024903,STATISTICAL_HOTSPOT+CONNECTED_HOTSPOT_CLUSTER+NEIGHBOR_INFECTIOUS_PRESSURE,DYNAMIC SPATIOTEMPORAL WATCH,SCENARIO-BASED; VERIFY WITH OFFICIAL SURVEILLANCE
2037-06,1206311000,South Cotabato,NORALA,0.2357836956279384,5.226232044522167,HOT_SPOT_99,1,10,73.52642101731237,HIGH,40.22302062392123,TRANSMISSION_PRESSURE_PROXY+STATISTICAL_HOTSPOT+CONNECTED_HOTSPOT_CLUSTER+NEIGHBOR_INFECTIOUS_PRESSURE,DYNAMIC SPATIOTEMPORAL WATCH,SCENARIO-BASED; VERIFY WITH OFFICIAL SURVEILLANCE
2037-06,1206306000,South Cotabato,KORONADAL,1.4821952301975607,7.029474713170659,HOT_SPOT_99,1,10,70.66815905397529,HIGH,45.83520982571039,TRANSMISSION_PRESSURE_PROXY+STATISTICAL_HOTSPOT+CONNECTED_HOTSPOT_CLUSTER,DYNAMIC SPATIOTEMPORAL WATCH,SCENARIO-BASED; VERIFY WITH OFFICIAL SURVEILLANCE
2037-06,1206315000,South Cotabato,TANTANGAN,0.2285582586333889,5.715269516967015,HOT_SPOT_99,1,10,70.42037972102445,HIGH,39.62154168611691,TRANSMISSION_PRESSURE_PROXY+STATISTICAL_HOTSPOT+CONNECTED_HOTSPOT_CLUSTER,DYNAMIC SPATIOTEMPORAL WATCH,SCENARIO-BASED; VERIFY WITH OFFICIAL SURVEILLANCE
2037-06,1206302000,South Cotabato,BANGA,0.41955121287729386,4.836195055819079,HOT_SPOT_99,1,10,68.31052425651541,HIGH,40.3668366934712,TRANSMISSION_PRESSURE_PROXY+STATISTICAL_HOTSPOT+CONNECTED_HOTSPOT_CLUSTER+NEIGHBOR_INFECTIOUS_PRESSURE,DYNAMIC SPATIOTEMPORAL WATCH,SCENARIO-BASED; VERIFY WITH OFFICIAL SURVEILLANCE
2037-06,1206318000,South Cotabato,SANTO NIÑO,0.21244726061707345,6.0673489577606174,HOT_SPOT_95,1,10,66.18153118308659,HIGH,38.71549104145448,TRANSMISSION_PRESSURE_PROXY+STATISTICAL_HOTSPOT+CONNECTED_HOTSPOT_CLUSTER,DYNAMIC SPATIOTEMPORAL WATCH,SCENARIO-BASED; VERIFY WITH OFFICIAL SURVEILLANCE
2037-06,1206511000,Sultan Kudarat,TACURONG,0.6436599450314734,6.158219026990842,HOT_SPOT_99,1,10,64.32107371333221,MODERATE,38.88537901556357,STATISTICAL_HOTSPOT+CONNECTED_HOTSPOT_CLUSTER,DYNAMIC SPATIOTEMPORAL WATCH,SCENARIO-BASED; VERIFY WITH OFFICIAL SURVEILLANCE
2037-06,1206317000,South Cotabato,TUPI,0.3718141768539156,4.2031532968253895,HOT_SPOT_90,1,10,56.56010173067472,MODERATE,32.94852325007441,CONNECTED_HOTSPOT_CLUSTER,DYNAMIC SPATIOTEMPORAL WATCH,SCENARIO-BASED; VERIFY WITH OFFICIAL SURVEILLANCE
2037-06,1206507000,Sultan Kudarat,LUTAYAN,0.24296690906687937,3.096914662751351,HOT_SPOT_95,1,10,50.964662641764825,MODERATE,36.68326342950533,STATISTICAL_HOTSPOT+CONNECTED_HOTSPOT_CLUSTER,DYNAMIC SPATIOTEMPORAL WATCH,SCENARIO-BASED; VERIFY WITH OFFICIAL SURVEILLANCE
2037-06,1206314000,South Cotabato,TAMPAKAN,0.08828247206560082,3.5078851207104846,HOT_SPOT_95,1,10,48.780485847765874,MODERATE,28.88647015994185,STATISTICAL_HOTSPOT+CONNECTED_HOTSPOT_CLUSTER,DYNAMIC SPATIOTEMPORAL WATCH,SCENARIO-BASED; VERIFY WITH OFFICIAL SURVEILLANCE
2037-06,1204712000,Cotabato,PIKIT,0.13070543618887484,1.9840875674038767,NOT_SIGNIFICANT,0,0,40.687097326548525,LOW,51.09395535908784,NEIGHBOR_INFECTIOUS_PRESSURE,DYNAMIC SPATIOTEMPORAL WATCH,SCENARIO-BASED; VERIFY WITH OFFICIAL SURVEILLANCE
2037-06,1204706000,Cotabato,MAGPET,0.09695117089202626,2.466638154837928,NOT_SIGNIFICANT,0,0,40.41118997657708,LOW,44.442397611564616,NEIGHBOR_INFECTIOUS_PRESSURE,DYNAMIC SPATIOTEMPORAL WATCH,SCENARIO-BASED; VERIFY WITH OFFICIAL SURVEILLANCE
2037-07,1206306000,South Cotabato,KORONADAL,1.3985294148956968,7.037232556346777,HOT_SPOT_99,1,10,76.22101333513268,HIGH,49.45476335961404,TRANSMISSION_PRESSURE_PROXY+STATISTICAL_HOTSPOT+CONNECTED_HOTSPOT_CLUSTER,DYNAMIC SPATIOTEMPORAL WATCH,SCENARIO-BASED; VERIFY WITH OFFICIAL SURVEILLANCE
2037-07,1206511000,Sultan Kudarat,TACURONG,0.9383893692230441,6.171570703523053,HOT_SPOT_99,1,10,67.57576600493515,HIGH,44.36795759528211,TRANSMISSION_PRESSURE_PROXY+STATISTICAL_HOTSPOT+CONNECTED_HOTSPOT_CLUSTER,DYNAMIC SPATIOTEMPORAL WATCH,SCENARIO-BASED; VERIFY WITH OFFICIAL SURVEILLANCE
2037-07,1206314000,South Cotabato,TAMPAKAN,0.20822920154573216,3.525784033385329,HOT_SPOT_95,1,10,64.21621909975234,MODERATE,35.006403031337754,STATISTICAL_HOTSPOT+CONNECTED_HOTSPOT_CLUSTER+NEIGHBOR_INFECTIOUS_PRESSURE,DYNAMIC SPATIOTEMPORAL WATCH,SCENARIO-BASED; VERIFY WITH OFFICIAL SURVEILLANCE
2037-07,1206311000,South Cotabato,NORALA,0.16016640903175242,5.230157061898368,HOT_SPOT_99,1,10,59.899262718244096,MODERATE,37.158383449002585,STATISTICAL_HOTSPOT+CONNECTED_HOTSPOT_CLUSTER,DYNAMIC SPATIOTEMPORAL WATCH,SCENARIO-BASED; VERIFY WITH OFFICIAL SURVEILLANCE
2037-07,1206315000,South Cotabato,TANTANGAN,0.15785428358432915,5.718888274903976,HOT_SPOT_99,1,10,57.77444753996972,MODERATE,35.79171836789691,STATISTICAL_HOTSPOT+CONNECTED_HOTSPOT_CLUSTER,DYNAMIC SPATIOTEMPORAL WATCH,SCENARIO-BASED; VERIFY WITH OFFICIAL SURVEILLANCE
2037-07,1206302000,South Cotabato,BANGA,0.31139636081066985,4.840813905629191,HOT_SPOT_99,1,10,56.312930251687156,MODERATE,36.707828570035,STATISTICAL_HOTSPOT+CONNECTED_HOTSPOT_CLUSTER,DYNAMIC SPATIOTEMPORAL WATCH,SCENARIO-BASED; VERIFY WITH OFFICIAL SURVEILLANCE
2037-07,1206318000,South Cotabato,SANTO NIÑO,0.14111125140411337,6.071730697135053,HOT_SPOT_95,1,10,52.11069099531306,MODERATE,35.28441220532482,STATISTICAL_HOTSPOT+CONNECTED_HOTSPOT_CLUSTER,DYNAMIC SPATIOTEMPORAL WATCH,SCENARIO-BASED; VERIFY WITH OFFICIAL SURVEILLANCE
2037-07,1206507000,Sultan Kudarat,LUTAYAN,0.1369175981969539,3.1011096269209584,HOT_SPOT_95,1,10,43.83827848143991,LOW,32.227467974277346,STATISTICAL_HOTSPOT+CONNECTED_HOTSPOT_CLUSTER+NEIGHBOR_INFECTIOUS_PRESSURE,DYNAMIC SPATIOTEMPORAL WATCH,SCENARIO-BASED; VERIFY WITH OFFICIAL SURVEILLANCE
2037-07,1204706000,Cotabato,MAGPET,0.0764941812015332,2.471304377909933,NOT_SIGNIFICANT,0,0,39.73584261967773,LOW,44.1113897722841,NEIGHBOR_INFECTIOUS_PRESSURE,DYNAMIC SPATIOTEMPORAL WATCH,SCENARIO-BASED; VERIFY WITH OFFICIAL SURVEILLANCE
2037-07,1204712000,Cotabato,PIKIT,0.10380542959576518,1.9864197657490823,NOT_SIGNIFICANT,0,0,39.56333772286892,LOW,49.54708579210183,NEIGHBOR_INFECTIOUS_PRESSURE,DYNAMIC SPATIOTEMPORAL WATCH,SCENARIO-BASED; VERIFY WITH OFFICIAL SURVEILLANCE
2037-08,1206306000,South Cotabato,KORONADAL,1.1655275174249087,7.04162841408351,HOT_SPOT_99,1,10,70.47096880045285,HIGH,46.09321498495504,TRANSMISSION_PRESSURE_PROXY+STATISTICAL_HOTSPOT+CONNECTED_HOTSPOT_CLUSTER,DYNAMIC SPATIOTEMPORAL WATCH,SCENARIO-BASED; VERIFY WITH OFFICIAL SURVEILLANCE
2037-08,1206311000,South Cotabato,NORALA,0.1853969452803506,5.236412322243869,HOT_SPOT_99,1,10,62.19241286959042,MODERATE,37.91651127649652,STATISTICAL_HOTSPOT+CONNECTED_HOTSPOT_CLUSTER,DYNAMIC SPATIOTEMPORAL WATCH,SCENARIO-BASED; VERIFY WITH OFFICIAL SURVEILLANCE
2037-08,1206511000,Sultan Kudarat,TACURONG,0.6337262051212683,6.1762014783552805,HOT_SPOT_99,1,10,61.842599629607996,MODERATE,38.43278522947308,STATISTICAL_HOTSPOT+CONNECTED_HOTSPOT_CLUSTER,DYNAMIC SPATIOTEMPORAL WATCH,SCENARIO-BASED; VERIFY WITH OFFICIAL SURVEILLANCE
2037-08,1206315000,South Cotabato,TANTANGAN,0.18225564733027197,5.724763526587869,HOT_SPOT_99,1,10,60.740492883822206,MODERATE,37.11284021410776,STATISTICAL_HOTSPOT+CONNECTED_HOTSPOT_CLUSTER,DYNAMIC SPATIOTEMPORAL WATCH,SCENARIO-BASED; VERIFY WITH OFFICIAL SURVEILLANCE
2037-08,1206302000,South Cotabato,BANGA,0.31469476283595754,4.845905991346565,HOT_SPOT_99,1,10,54.93097538021566,MODERATE,36.484313302457394,STATISTICAL_HOTSPOT+CONNECTED_HOTSPOT_CLUSTER,DYNAMIC SPATIOTEMPORAL WATCH,SCENARIO-BASED; VERIFY WITH OFFICIAL SURVEILLANCE
2037-08,1206318000,South Cotabato,SANTO NIÑO,0.1483232585796676,6.07711209359099,HOT_SPOT_95,1,10,54.07130366488787,MODERATE,35.96208796532317,STATISTICAL_HOTSPOT+CONNECTED_HOTSPOT_CLUSTER,DYNAMIC SPATIOTEMPORAL WATCH,SCENARIO-BASED; VERIFY WITH OFFICIAL SURVEILLANCE
2037-08,1204701000,Cotabato,ALAMADA,0.15887201659450964,2.1573429936800563,NOT_SIGNIFICANT,0,0,48.97482731660596,MODERATE,56.12681571667547,NEIGHBOR_INFECTIOUS_PRESSURE,DYNAMIC SPATIOTEMPORAL WATCH,SCENARIO-BASED; VERIFY WITH OFFICIAL SURVEILLANCE
2037-08,1206314000,South Cotabato,TAMPAKAN,0.09058711548497499,3.532305924018667,HOT_SPOT_95,1,10,48.5380303664154,MODERATE,28.47601376787522,STATISTICAL_HOTSPOT+CONNECTED_HOTSPOT_CLUSTER+NEIGHBOR_INFECTIOUS_PRESSURE,DYNAMIC SPATIOTEMPORAL WATCH,SCENARIO-BASED; VERIFY WITH OFFICIAL SURVEILLANCE
2037-08,1204712000,Cotabato,PIKIT,0.12628944036143133,1.9902742439180132,NOT_SIGNIFICANT,0,0,44.336508829494456,LOW,52.37376680441202,NEIGHBOR_INFECTIOUS_PRESSURE,DYNAMIC SPATIOTEMPORAL WATCH,SCENARIO-BASED; VERIFY WITH OFFICIAL SURVEILLANCE
2037-08,1204706000,Cotabato,MAGPET,0.09678811179231693,2.4773616583084945,NOT_SIGNIFICANT,0,0,43.72963969446283,LOW,47.39651649852169,NEIGHBOR_INFECTIOUS_PRESSURE,DYNAMIC SPATIOTEMPORAL WATCH,SCENARIO-BASED; VERIFY WITH OFFICIAL SURVEILLANCE
2037-08,1206507000,Sultan Kudarat,LUTAYAN,0.14318561456948117,3.1057936773238772,HOT_SPOT_95,1,10,42.60299696693088,LOW,31.55047771613431,STATISTICAL_HOTSPOT+CONNECTED_HOTSPOT_CLUSTER+NEIGHBOR_INFECTIOUS_PRESSURE,DYNAMIC SPATIOTEMPORAL WATCH,SCENARIO-BASED; VERIFY WITH OFFICIAL SURVEILLANCE
2037-08,1204718000,Cotabato,ARAKAN,0.07753666276995759,2.2440816641199586,NOT_SIGNIFICANT,0,0,37.6520471438714,LOW,40.95616730499209,NEIGHBOR_INFECTIOUS_PRESSURE,DYNAMIC SPATIOTEMPORAL WATCH,SCENARIO-BASED; VERIFY WITH OFFICIAL SURVEILLANCE
2037-09,1206306000,South Cotabato,KORONADAL,0.8819957519606264,7.0419640023392835,HOT_SPOT_99,1,10,72.24267241308624,HIGH,47.35766170112361,TRANSMISSION_PRESSURE_PROXY+STATISTICAL_HOTSPOT+CONNECTED_HOTSPOT_CLUSTER,DYNAMIC SPATIOTEMPORAL WATCH,SCENARIO-BASED; VERIFY WITH OFFICIAL SURVEILLANCE
2037-09,1206315000,South Cotabato,TANTANGAN,0.18475399006723342,5.73129894240037,HOT_SPOT_99,1,10,69.4285172542371,HIGH,42.93506095945888,TRANSMISSION_PRESSURE_PROXY+STATISTICAL_HOTSPOT+CONNECTED_HOTSPOT_CLUSTER,DYNAMIC SPATIOTEMPORAL WATCH,SCENARIO-BASED; VERIFY WITH OFFICIAL SURVEILLANCE
2037-09,1206318000,South Cotabato,SANTO NIÑO,0.19163650178271563,6.086975833987344,HOT_SPOT_95,1,10,65.41700438294248,HIGH,43.4847596690999,TRANSMISSION_PRESSURE_PROXY+STATISTICAL_HOTSPOT+CONNECTED_HOTSPOT_CLUSTER,DYNAMIC SPATIOTEMPORAL WATCH,SCENARIO-BASED; VERIFY WITH OFFICIAL SURVEILLANCE
2037-09,1206311000,South Cotabato,NORALA,0.12953474858953923,5.238758017106313,HOT_SPOT_99,1,10,62.434451916345616,MODERATE,38.18560199047704,STATISTICAL_HOTSPOT+CONNECTED_HOTSPOT_CLUSTER,DYNAMIC SPATIOTEMPORAL WATCH,SCENARIO-BASED; VERIFY WITH OFFICIAL SURVEILLANCE
2037-09,1206511000,Sultan Kudarat,TACURONG,0.4224245789502498,6.17522123652319,HOT_SPOT_99,1,10,61.21886364834628,MODERATE,38.55567232035205,STATISTICAL_HOTSPOT+CONNECTED_HOTSPOT_CLUSTER,DYNAMIC SPATIOTEMPORAL WATCH,SCENARIO-BASED; VERIFY WITH OFFICIAL SURVEILLANCE
2037-09,1206302000,South Cotabato,BANGA,0.22622298573385557,4.847788462275717,HOT_SPOT_99,1,10,55.59128088852481,MODERATE,37.07892245616267,STATISTICAL_HOTSPOT+CONNECTED_HOTSPOT_CLUSTER,DYNAMIC SPATIOTEMPORAL WATCH,SCENARIO-BASED; VERIFY WITH OFFICIAL SURVEILLANCE
2037-09,1204712000,Cotabato,PIKIT,0.13596641667160994,1.9948841907697827,NOT_SIGNIFICANT,0,0,53.576515359199405,MODERATE,56.66882719690727,NEIGHBOR_INFECTIOUS_PRESSURE,DYNAMIC SPATIOTEMPORAL WATCH,SCENARIO-BASED; VERIFY WITH OFFICIAL SURVEILLANCE
2037-09,1206507000,Sultan Kudarat,LUTAYAN,0.15806509043036815,3.1115559478583643,HOT_SPOT_95,1,10,53.39410301874102,MODERATE,36.938864831122174,STATISTICAL_HOTSPOT+CONNECTED_HOTSPOT_CLUSTER+NEIGHBOR_INFECTIOUS_PRESSURE,DYNAMIC SPATIOTEMPORAL WATCH,SCENARIO-BASED; VERIFY WITH OFFICIAL SURVEILLANCE
2037-09,1204718000,Cotabato,ARAKAN,0.12379696778053007,2.252798744336104,NOT_SIGNIFICANT,0,0,51.048892013348144,MODERATE,46.62270889423143,NONE,DYNAMIC SPATIOTEMPORAL WATCH,SCENARIO-BASED; VERIFY WITH OFFICIAL SURVEILLANCE
2037-09,1206314000,South Cotabato,TAMPAKAN,0.04909379498732726,3.535332178071803,HOT_SPOT_95,1,10,45.90639597138178,MODERATE,27.549959883226816,STATISTICAL_HOTSPOT+CONNECTED_HOTSPOT_CLUSTER+NEIGHBOR_INFECTIOUS_PRESSURE,DYNAMIC SPATIOTEMPORAL WATCH,SCENARIO-BASED; VERIFY WITH OFFICIAL SURVEILLANCE
2037-09,1204701000,Cotabato,ALAMADA,0.09081722666013965,2.1597183752288736,NOT_SIGNIFICANT,0,0,43.58287152934817,LOW,51.821811601341466,NEIGHBOR_INFECTIOUS_PRESSURE,DYNAMIC SPATIOTEMPORAL WATCH,SCENARIO-BASED; VERIFY WITH OFFICIAL SURVEILLANCE
2037-10,1206311000,South Cotabato,NORALA,0.2729994050103561,5.252806431653804,HOT_SPOT_99,1,10,70.80217295958138,HIGH,43.063324121450684,TRANSMISSION_PRESSURE_PROXY+STATISTICAL_HOTSPOT+CONNECTED_HOTSPOT_CLUSTER,DYNAMIC SPATIOTEMPORAL WATCH,SCENARIO-BASED; VERIFY WITH OFFICIAL SURVEILLANCE
2037-10,1206306000,South Cotabato,KORONADAL,1.413403058568787,7.0529094274377115,HOT_SPOT_99,1,10,68.32375958451364,HIGH,45.74045676429073,TRANSMISSION_PRESSURE_PROXY+STATISTICAL_HOTSPOT+CONNECTED_HOTSPOT_CLUSTER,DYNAMIC SPATIOTEMPORAL WATCH,SCENARIO-BASED; VERIFY WITH OFFICIAL SURVEILLANCE
2037-10,1206318000,South Cotabato,SANTO NIÑO,0.35763362792968056,6.112683877333511,HOT_SPOT_95,1,10,67.39975167367587,HIGH,44.3311778479479,TRANSMISSION_PRESSURE_PROXY+STATISTICAL_HOTSPOT+CONNECTED_HOTSPOT_CLUSTER,DYNAMIC SPATIOTEMPORAL WATCH,SCENARIO-BASED; VERIFY WITH OFFICIAL SURVEILLANCE
2037-10,1206302000,South Cotabato,BANGA,0.5157470815462106,4.862106619811579,HOT_SPOT_99,1,10,65.77024628250358,HIGH,42.82713591460387,TRANSMISSION_PRESSURE_PROXY+STATISTICAL_HOTSPOT+CONNECTED_HOTSPOT_CLUSTER,DYNAMIC SPATIOTEMPORAL WATCH,SCENARIO-BASED; VERIFY WITH OFFICIAL SURVEILLANCE
2037-10,1206511000,Sultan Kudarat,TACURONG,0.7663794371357214,6.185983862791946,HOT_SPOT_99,1,10,65.19376544455088,HIGH,40.084753693279744,TRANSMISSION_PRESSURE_PROXY+STATISTICAL_HOTSPOT+CONNECTED_HOTSPOT_CLUSTER,DYNAMIC SPATIOTEMPORAL WATCH,SCENARIO-BASED; VERIFY WITH OFFICIAL SURVEILLANCE
2037-10,1206315000,South Cotabato,TANTANGAN,0.19338939834585642,5.738948652715537,HOT_SPOT_99,1,10,60.20335297355235,MODERATE,37.900887132726744,STATISTICAL_HOTSPOT+CONNECTED_HOTSPOT_CLUSTER,DYNAMIC SPATIOTEMPORAL WATCH,SCENARIO-BASED; VERIFY WITH OFFICIAL SURVEILLANCE
2037-10,1204712000,Cotabato,PIKIT,0.15551439231573772,2.0006471698127064,NOT_SIGNIFICANT,0,0,47.145538669379306,MODERATE,53.09369867776997,NEIGHBOR_INFECTIOUS_PRESSURE,DYNAMIC SPATIOTEMPORAL WATCH,SCENARIO-BASED; VERIFY WITH OFFICIAL SURVEILLANCE
2037-10,1206507000,Sultan Kudarat,LUTAYAN,0.25523079061363707,3.1231834341242695,HOT_SPOT_95,1,10,46.36630450692308,MODERATE,35.06131101559591,STATISTICAL_HOTSPOT+CONNECTED_HOTSPOT_CLUSTER,DYNAMIC SPATIOTEMPORAL WATCH,SCENARIO-BASED; VERIFY WITH OFFICIAL SURVEILLANCE
2037-10,1204701000,Cotabato,ALAMADA,0.12488096830928994,2.163914965756278,NOT_SIGNIFICANT,0,0,42.78560749206443,LOW,51.09914212192621,NEIGHBOR_INFECTIOUS_PRESSURE,DYNAMIC SPATIOTEMPORAL WATCH,SCENARIO-BASED; VERIFY WITH OFFICIAL SURVEILLANCE
2037-10,1204718000,Cotabato,ARAKAN,0.08770678366874426,2.258569503219751,NOT_SIGNIFICANT,0,0,39.24550600459725,LOW,41.553220503771016,NEIGHBOR_INFECTIOUS_PRESSURE,DYNAMIC SPATIOTEMPORAL WATCH,SCENARIO-BASED; VERIFY WITH OFFICIAL SURVEILLANCE
2037-10,1206314000,South Cotabato,TAMPAKAN,0.08369328595516233,3.541443386289385,HOT_SPOT_95,1,10,38.64296744538083,LOW,24.268439337206992,STATISTICAL_HOTSPOT+CONNECTED_HOTSPOT_CLUSTER,DYNAMIC SPATIOTEMPORAL WATCH,SCENARIO-BASED; VERIFY WITH OFFICIAL SURVEILLANCE
2037-10,1206509000,Sultan Kudarat,PALIMBANG,0.15347001876169328,2.1858141244776537,COLD_SPOT_90,0,0,38.111521473324416,LOW,48.542169943006144,NEIGHBOR_INFECTIOUS_PRESSURE,DYNAMIC SPATIOTEMPORAL WATCH,SCENARIO-BASED; VERIFY WITH OFFICIAL SURVEILLANCE
2037-11,1206311000,South Cotabato,NORALA,0.4979198510341399,5.284792689681561,HOT_SPOT_99,1,10,75.05896577666839,HIGH,45.34691613737474,TRANSMISSION_PRESSURE_PROXY+STATISTICAL_HOTSPOT+CONNECTED_HOTSPOT_CLUSTER,DYNAMIC SPATIOTEMPORAL WATCH,SCENARIO-BASED; VERIFY WITH OFFICIAL SURVEILLANCE
2037-11,1206315000,South Cotabato,TANTANGAN,0.5755644685245498,5.776840156174705,HOT_SPOT_99,1,10,71.49667536694186,HIGH,44.22556473322338,TRANSMISSION_PRESSURE_PROXY+STATISTICAL_HOTSPOT+CONNECTED_HOTSPOT_CLUSTER,DYNAMIC SPATIOTEMPORAL WATCH,SCENARIO-BASED; VERIFY WITH OFFICIAL SURVEILLANCE
2037-11,1206306000,South Cotabato,KORONADAL,2.0743989816249213,7.076435125865305,HOT_SPOT_99,1,10,69.9363861396842,HIGH,47.415450443747815,TRANSMISSION_PRESSURE_PROXY+STATISTICAL_HOTSPOT+CONNECTED_HOTSPOT_CLUSTER,DYNAMIC SPATIOTEMPORAL WATCH,SCENARIO-BASED; VERIFY WITH OFFICIAL SURVEILLANCE
2037-11,1206318000,South Cotabato,SANTO NIÑO,0.38427614791721215,6.142611495434359,HOT_SPOT_95,1,10,67.66866764418198,HIGH,41.907177366261145,TRANSMISSION_PRESSURE_PROXY+STATISTICAL_HOTSPOT+CONNECTED_HOTSPOT_CLUSTER,DYNAMIC SPATIOTEMPORAL WATCH,SCENARIO-BASED; VERIFY WITH OFFICIAL SURVEILLANCE
2037-11,1206302000,South Cotabato,BANGA,0.5684896094623512,4.878918407991458,HOT_SPOT_99,1,10,61.386392926748975,MODERATE,39.067999229445945,STATISTICAL_HOTSPOT+CONNECTED_HOTSPOT_CLUSTER,DYNAMIC SPATIOTEMPORAL WATCH,SCENARIO-BASED; VERIFY WITH OFFICIAL SURVEILLANCE
2037-11,1206511000,Sultan Kudarat,TACURONG,0.8605089972690425,6.20043202246018,HOT_SPOT_99,1,10,61.24517445443621,MODERATE,38.58666823805784,STATISTICAL_HOTSPOT+CONNECTED_HOTSPOT_CLUSTER,DYNAMIC SPATIOTEMPORAL WATCH,SCENARIO-BASED; VERIFY WITH OFFICIAL SURVEILLANCE
2037-11,1204711000,Cotabato,PIGKAWAYAN,0.2901427962110844,3.1769288992992024,NOT_SIGNIFICANT,0,0,55.04054001230696,MODERATE,53.58258511534865,NONE,DYNAMIC SPATIOTEMPORAL WATCH,SCENARIO-BASED; VERIFY WITH OFFICIAL SURVEILLANCE
2037-11,1206507000,Sultan Kudarat,LUTAYAN,0.4087809995264614,3.1439668613157625,HOT_SPOT_95,1,10,49.46510903276005,MODERATE,35.58820844021383,STATISTICAL_HOTSPOT+CONNECTED_HOTSPOT_CLUSTER,DYNAMIC SPATIOTEMPORAL WATCH,SCENARIO-BASED; VERIFY WITH OFFICIAL SURVEILLANCE
2037-11,1204701000,Cotabato,ALAMADA,0.22586320991735134,2.1736135999551096,NOT_SIGNIFICANT,0,0,47.38046997893493,MODERATE,54.08833118864997,NEIGHBOR_INFECTIOUS_PRESSURE,DYNAMIC SPATIOTEMPORAL WATCH,SCENARIO-BASED; VERIFY WITH OFFICIAL SURVEILLANCE
2037-11,1204712000,Cotabato,PIKIT,0.1599225367225585,2.0066696417947956,NOT_SIGNIFICANT,0,0,41.195189444393044,LOW,48.795046627216806,NEIGHBOR_INFECTIOUS_PRESSURE,DYNAMIC SPATIOTEMPORAL WATCH,SCENARIO-BASED; VERIFY WITH OFFICIAL SURVEILLANCE
2037-11,1206509000,Sultan Kudarat,PALIMBANG,0.23953651228383724,2.188134320320592,COLD_SPOT_90,0,0,40.038104889995644,LOW,51.261402636954514,NEIGHBOR_INFECTIOUS_PRESSURE,DYNAMIC SPATIOTEMPORAL WATCH,SCENARIO-BASED; VERIFY WITH OFFICIAL SURVEILLANCE
2037-11,1204718000,Cotabato,ARAKAN,0.11118192518126171,2.266002555972748,NOT_SIGNIFICANT,0,0,37.19144614826801,LOW,40.83827145351245,NEIGHBOR_INFECTIOUS_PRESSURE,DYNAMIC SPATIOTEMPORAL WATCH,SCENARIO-BASED; VERIFY WITH OFFICIAL SURVEILLANCE
2037-11,1206314000,South Cotabato,TAMPAKAN,0.10737070089347138,3.5496556470827905,HOT_SPOT_95,1,10,34.291088099232155,LOW,22.410978192668942,STATISTICAL_HOTSPOT+CONNECTED_HOTSPOT_CLUSTER,DYNAMIC SPATIOTEMPORAL WATCH,SCENARIO-BASED; VERIFY WITH OFFICIAL SURVEILLANCE
2037-12,1206306000,South Cotabato,KORONADAL,0.9667259772130953,7.080363636880496,HOT_SPOT_99,1,10,72.46233083567671,HIGH,48.838997508166344,TRANSMISSION_PRESSURE_PROXY+STATISTICAL_HOTSPOT+CONNECTED_HOTSPOT_CLUSTER,DYNAMIC SPATIOTEMPORAL WATCH,SCENARIO-BASED; VERIFY WITH OFFICIAL SURVEILLANCE
2037-12,1206511000,Sultan Kudarat,TACURONG,0.4706972247773054,6.202936231897696,HOT_SPOT_99,1,10,70.6071726834425,HIGH,44.38056561319392,TRANSMISSION_PRESSURE_PROXY+STATISTICAL_HOTSPOT+CONNECTED_HOTSPOT_CLUSTER,DYNAMIC SPATIOTEMPORAL WATCH,SCENARIO-BASED; VERIFY WITH OFFICIAL SURVEILLANCE
2037-12,1206311000,South Cotabato,NORALA,0.12080650480442627,5.288853252752552,HOT_SPOT_99,1,10,69.53869489168468,HIGH,40.16453578821443,TRANSMISSION_PRESSURE_PROXY+STATISTICAL_HOTSPOT+CONNECTED_HOTSPOT_CLUSTER+NEIGHBOR_INFECTIOUS_PRESSURE,DYNAMIC SPATIOTEMPORAL WATCH,SCENARIO-BASED; VERIFY WITH OFFICIAL SURVEILLANCE
2037-12,1206315000,South Cotabato,TANTANGAN,0.12297834749883196,5.780841411784206,HOT_SPOT_99,1,10,66.10527174958722,HIGH,38.993208131784996,TRANSMISSION_PRESSURE_PROXY+STATISTICAL_HOTSPOT+CONNECTED_HOTSPOT_CLUSTER,DYNAMIC SPATIOTEMPORAL WATCH,SCENARIO-BASED; VERIFY WITH OFFICIAL SURVEILLANCE
2037-12,1206318000,South Cotabato,SANTO NIÑO,0.12962798054922461,6.148981108675243,HOT_SPOT_95,1,10,64.42502286176631,MODERATE,38.78063799281246,STATISTICAL_HOTSPOT+CONNECTED_HOTSPOT_CLUSTER,DYNAMIC SPATIOTEMPORAL WATCH,SCENARIO-BASED; VERIFY WITH OFFICIAL SURVEILLANCE
2037-12,1206302000,South Cotabato,BANGA,0.19068593875329573,4.8802251107049495,HOT_SPOT_99,1,10,60.323546915242865,MODERATE,38.57340457740283,STATISTICAL_HOTSPOT+CONNECTED_HOTSPOT_CLUSTER+NEIGHBOR_INFECTIOUS_PRESSURE,DYNAMIC SPATIOTEMPORAL WATCH,SCENARIO-BASED; VERIFY WITH OFFICIAL SURVEILLANCE
2037-12,1206507000,Sultan Kudarat,LUTAYAN,0.10111573691616285,3.1472448537435445,HOT_SPOT_95,1,10,41.23935930681842,LOW,29.7743918821518,STATISTICAL_HOTSPOT+CONNECTED_HOTSPOT_CLUSTER,DYNAMIC SPATIOTEMPORAL WATCH,SCENARIO-BASED; VERIFY WITH OFFICIAL SURVEILLANCE
2037-12,1204712000,Cotabato,PIKIT,0.07546961299441617,2.0079440056219093,NOT_SIGNIFICANT,0,0,41.12932017239653,LOW,49.804282023422296,NEIGHBOR_INFECTIOUS_PRESSURE,DYNAMIC SPATIOTEMPORAL WATCH,SCENARIO-BASED; VERIFY WITH OFFICIAL SURVEILLANCE
2037-12,1204701000,Cotabato,ALAMADA,0.0764000916291303,2.1748230888642115,NOT_SIGNIFICANT,0,0,40.462705269602374,LOW,50.13827896183462,NEIGHBOR_INFECTIOUS_PRESSURE,DYNAMIC SPATIOTEMPORAL WATCH,SCENARIO-BASED; VERIFY WITH OFFICIAL SURVEILLANCE
2037-12,1206314000,South Cotabato,TAMPAKAN,0.045603494532425466,3.552241424050882,HOT_SPOT_95,1,10,39.07963257418768,LOW,25.574037675150997,STATISTICAL_HOTSPOT+CONNECTED_HOTSPOT_CLUSTER,DYNAMIC SPATIOTEMPORAL WATCH,SCENARIO-BASED; VERIFY WITH OFFICIAL SURVEILLANCE
2038-01,1206311000,South Cotabato,NORALA,0.10325306106111728,5.289731437815517,HOT_SPOT_99,1,10,73.7238080663102,HIGH,41.17205942448718,TRANSMISSION_PRESSURE_PROXY+STATISTICAL_HOTSPOT+CONNECTED_HOTSPOT_CLUSTER+NEIGHBOR_INFECTIOUS_PRESSURE,DYNAMIC SPATIOTEMPORAL WATCH,SCENARIO-BASED; VERIFY WITH OFFICIAL SURVEILLANCE
2038-01,1206315000,South Cotabato,TANTANGAN,0.10683874880123334,5.781824020321494,HOT_SPOT_99,1,10,72.28784006764958,HIGH,40.85273268185349,TRANSMISSION_PRESSURE_PROXY+STATISTICAL_HOTSPOT+CONNECTED_HOTSPOT_CLUSTER,DYNAMIC SPATIOTEMPORAL WATCH,SCENARIO-BASED; VERIFY WITH OFFICIAL SURVEILLANCE
2038-01,1206306000,South Cotabato,KORONADAL,0.5969829757293288,7.077225202719059,HOT_SPOT_99,1,10,69.85036728229359,HIGH,46.434025071531124,TRANSMISSION_PRESSURE_PROXY+STATISTICAL_HOTSPOT+CONNECTED_HOTSPOT_CLUSTER,DYNAMIC SPATIOTEMPORAL WATCH,SCENARIO-BASED; VERIFY WITH OFFICIAL SURVEILLANCE
2038-01,1206318000,South Cotabato,SANTO NIÑO,0.09247641118340114,6.150136676998085,HOT_SPOT_95,1,10,66.06299143349649,HIGH,39.220302932960585,TRANSMISSION_PRESSURE_PROXY+STATISTICAL_HOTSPOT+CONNECTED_HOTSPOT_CLUSTER,DYNAMIC SPATIOTEMPORAL WATCH,SCENARIO-BASED; VERIFY WITH OFFICIAL SURVEILLANCE
2038-01,1206302000,South Cotabato,BANGA,0.14972324924607677,4.879604794082299,HOT_SPOT_99,1,10,61.52513989479426,MODERATE,39.44722661982618,STATISTICAL_HOTSPOT+CONNECTED_HOTSPOT_CLUSTER+NEIGHBOR_INFECTIOUS_PRESSURE,DYNAMIC SPATIOTEMPORAL WATCH,SCENARIO-BASED; VERIFY WITH OFFICIAL SURVEILLANCE
2038-01,1206511000,Sultan Kudarat,TACURONG,0.2490363482276528,6.198229447483677,HOT_SPOT_99,1,10,60.29098615493044,MODERATE,39.9482903948411,STATISTICAL_HOTSPOT+CONNECTED_HOTSPOT_CLUSTER,DYNAMIC SPATIOTEMPORAL WATCH,SCENARIO-BASED; VERIFY WITH OFFICIAL SURVEILLANCE
2038-01,1206314000,South Cotabato,TAMPAKAN,0.053604542591751514,3.55542507949148,HOT_SPOT_95,1,10,52.32511921322125,MODERATE,33.526854503587984,STATISTICAL_HOTSPOT+CONNECTED_HOTSPOT_CLUSTER,DYNAMIC SPATIOTEMPORAL WATCH,SCENARIO-BASED; VERIFY WITH OFFICIAL SURVEILLANCE
2038-01,1204701000,Cotabato,ALAMADA,0.0786256368168442,2.176562062837299,NOT_SIGNIFICANT,0,0,50.20342794503011,MODERATE,56.683451322007855,NEIGHBOR_INFECTIOUS_PRESSURE,DYNAMIC SPATIOTEMPORAL WATCH,SCENARIO-BASED; VERIFY WITH OFFICIAL SURVEILLANCE
2038-01,1206509000,Sultan Kudarat,PALIMBANG,0.08160208252409692,2.1876758004840533,COLD_SPOT_90,0,0,43.687464513311895,LOW,54.07419617957636,NEIGHBOR_INFECTIOUS_PRESSURE,DYNAMIC SPATIOTEMPORAL WATCH,SCENARIO-BASED; VERIFY WITH OFFICIAL SURVEILLANCE
2038-01,1204712000,Cotabato,PIKIT,0.05713178739572279,2.009485521600821,NOT_SIGNIFICANT,0,0,43.37574275299014,LOW,52.293489597439574,NEIGHBOR_INFECTIOUS_PRESSURE,DYNAMIC SPATIOTEMPORAL WATCH,SCENARIO-BASED; VERIFY WITH OFFICIAL SURVEILLANCE
2038-01,1206507000,Sultan Kudarat,LUTAYAN,0.07102878731950348,3.1480659948081695,HOT_SPOT_95,1,10,39.36046402024126,LOW,29.09381561329274,STATISTICAL_HOTSPOT+CONNECTED_HOTSPOT_CLUSTER,DYNAMIC SPATIOTEMPORAL WATCH,SCENARIO-BASED; VERIFY WITH OFFICIAL SURVEILLANCE
2038-02,1206315000,South Cotabato,TANTANGAN,0.5197031060177099,5.813175169742517,HOT_SPOT_99,1,10,75.33480166597269,HIGH,44.452623657937025,TRANSMISSION_PRESSURE_PROXY+STATISTICAL_HOTSPOT+CONNECTED_HOTSPOT_CLUSTER,DYNAMIC SPATIOTEMPORAL WATCH,SCENARIO-BASED; VERIFY WITH OFFICIAL SURVEILLANCE
2038-02,1206302000,South Cotabato,BANGA,0.8029287425917861,4.904333078795854,HOT_SPOT_99,1,10,70.34237038722631,HIGH,44.77887929511882,TRANSMISSION_PRESSURE_PROXY+STATISTICAL_HOTSPOT+CONNECTED_HOTSPOT_CLUSTER,DYNAMIC SPATIOTEMPORAL WATCH,SCENARIO-BASED; VERIFY WITH OFFICIAL SURVEILLANCE
2038-02,1206306000,South Cotabato,KORONADAL,1.6895934323725783,7.092031117209712,HOT_SPOT_99,1,10,68.55618106506735,HIGH,45.20825837942417,TRANSMISSION_PRESSURE_PROXY+STATISTICAL_HOTSPOT+CONNECTED_HOTSPOT_CLUSTER,DYNAMIC SPATIOTEMPORAL WATCH,SCENARIO-BASED; VERIFY WITH OFFICIAL SURVEILLANCE
2038-02,1206511000,Sultan Kudarat,TACURONG,0.9989829752060274,6.21507928295444,HOT_SPOT_99,1,10,67.78663956155252,HIGH,42.827850255957905,TRANSMISSION_PRESSURE_PROXY+STATISTICAL_HOTSPOT+CONNECTED_HOTSPOT_CLUSTER,DYNAMIC SPATIOTEMPORAL WATCH,SCENARIO-BASED; VERIFY WITH OFFICIAL SURVEILLANCE
2038-02,1206311000,South Cotabato,NORALA,0.2441239358867658,5.300752945446971,HOT_SPOT_99,1,10,63.31662443708608,MODERATE,37.2732859851359,STATISTICAL_HOTSPOT+CONNECTED_HOTSPOT_CLUSTER,DYNAMIC SPATIOTEMPORAL WATCH,SCENARIO-BASED; VERIFY WITH OFFICIAL SURVEILLANCE
2038-02,1206318000,South Cotabato,SANTO NIÑO,0.238242037690818,6.163811041820153,HOT_SPOT_95,1,10,59.23933419691125,MODERATE,37.78486123398984,STATISTICAL_HOTSPOT+CONNECTED_HOTSPOT_CLUSTER,DYNAMIC SPATIOTEMPORAL WATCH,SCENARIO-BASED; VERIFY WITH OFFICIAL SURVEILLANCE
2038-02,1204711000,Cotabato,PIGKAWAYAN,0.14236802877732738,3.186261649754598,NOT_SIGNIFICANT,0,0,45.06766287516231,MODERATE,48.5688650670885,NEIGHBOR_INFECTIOUS_PRESSURE,DYNAMIC SPATIOTEMPORAL WATCH,SCENARIO-BASED; VERIFY WITH OFFICIAL SURVEILLANCE
2038-02,1204712000,Cotabato,PIKIT,0.14245200161327956,2.014423980859244,NOT_SIGNIFICANT,0,0,41.66538169471163,LOW,50.4792870354591,NEIGHBOR_INFECTIOUS_PRESSURE,DYNAMIC SPATIOTEMPORAL WATCH,SCENARIO-BASED; VERIFY WITH OFFICIAL SURVEILLANCE
2038-02,1206314000,South Cotabato,TAMPAKAN,0.13162953395127702,3.565358768936313,HOT_SPOT_95,1,10,40.55722467332777,LOW,25.836369249429115,STATISTICAL_HOTSPOT+CONNECTED_HOTSPOT_CLUSTER,DYNAMIC SPATIOTEMPORAL WATCH,SCENARIO-BASED; VERIFY WITH OFFICIAL SURVEILLANCE
2038-02,1204701000,Cotabato,ALAMADA,0.14150537357301327,2.1815415839408354,NOT_SIGNIFICANT,0,0,40.14349300960808,LOW,48.9268216721517,NEIGHBOR_INFECTIOUS_PRESSURE,DYNAMIC SPATIOTEMPORAL WATCH,SCENARIO-BASED; VERIFY WITH OFFICIAL SURVEILLANCE
2038-02,1206507000,Sultan Kudarat,LUTAYAN,0.18903367716406472,3.155301647266314,HOT_SPOT_95,1,10,38.40699678505944,LOW,28.641793051020777,STATISTICAL_HOTSPOT+CONNECTED_HOTSPOT_CLUSTER,DYNAMIC SPATIOTEMPORAL WATCH,SCENARIO-BASED; VERIFY WITH OFFICIAL SURVEILLANCE
2038-02,1206509000,Sultan Kudarat,PALIMBANG,0.15361788677427926,2.1932916251285985,COLD_SPOT_90,0,0,37.74897808611694,LOW,48.13974838379335,NEIGHBOR_INFECTIOUS_PRESSURE,DYNAMIC SPATIOTEMPORAL WATCH,SCENARIO-BASED; VERIFY WITH OFFICIAL SURVEILLANCE
2038-03,1206311000,South Cotabato,NORALA,0.6019279239636436,5.33791497733137,HOT_SPOT_99,1,10,73.88862173640292,HIGH,44.89724316485408,TRANSMISSION_PRESSURE_PROXY+STATISTICAL_HOTSPOT+CONNECTED_HOTSPOT_CLUSTER,DYNAMIC SPATIOTEMPORAL WATCH,SCENARIO-BASED; VERIFY WITH OFFICIAL SURVEILLANCE
2038-03,1206306000,South Cotabato,KORONADAL,2.678989258765531,7.122608360149783,HOT_SPOT_99,1,10,72.55539573711988,HIGH,49.697579097019805,TRANSMISSION_PRESSURE_PROXY+STATISTICAL_HOTSPOT+CONNECTED_HOTSPOT_CLUSTER,DYNAMIC SPATIOTEMPORAL WATCH,SCENARIO-BASED; VERIFY WITH OFFICIAL SURVEILLANCE
2038-03,1206315000,South Cotabato,TANTANGAN,0.40412753599282136,5.836913533605544,HOT_SPOT_99,1,10,71.64960236081986,HIGH,40.49418568147393,TRANSMISSION_PRESSURE_PROXY+STATISTICAL_HOTSPOT+CONNECTED_HOTSPOT_CLUSTER,DYNAMIC SPATIOTEMPORAL WATCH,SCENARIO-BASED; VERIFY WITH OFFICIAL SURVEILLANCE
2038-03,1206511000,Sultan Kudarat,TACURONG,1.2568855468323819,6.2386363907001705,HOT_SPOT_99,1,10,70.4304448048821,HIGH,43.85378981409312,TRANSMISSION_PRESSURE_PROXY+STATISTICAL_HOTSPOT+CONNECTED_HOTSPOT_CLUSTER,DYNAMIC SPATIOTEMPORAL WATCH,SCENARIO-BASED; VERIFY WITH OFFICIAL SURVEILLANCE
2038-03,1206318000,South Cotabato,SANTO NIÑO,0.5739767168425726,6.206634791532855,HOT_SPOT_95,1,10,68.11066100105204,HIGH,44.728826910353995,TRANSMISSION_PRESSURE_PROXY+STATISTICAL_HOTSPOT+CONNECTED_HOTSPOT_CLUSTER,DYNAMIC SPATIOTEMPORAL WATCH,SCENARIO-BASED; VERIFY WITH OFFICIAL SURVEILLANCE
2038-03,1206302000,South Cotabato,BANGA,0.7710084881256897,4.928856461053139,HOT_SPOT_99,1,10,67.41293464455171,HIGH,41.106387489454946,TRANSMISSION_PRESSURE_PROXY+STATISTICAL_HOTSPOT+CONNECTED_HOTSPOT_CLUSTER,DYNAMIC SPATIOTEMPORAL WATCH,SCENARIO-BASED; VERIFY WITH OFFICIAL SURVEILLANCE
2038-03,1204711000,Cotabato,PIGKAWAYAN,0.2943537205656239,3.203011529925399,NOT_SIGNIFICANT,0,0,59.11112230758153,MODERATE,58.017062969128084,NEIGHBOR_INFECTIOUS_PRESSURE,DYNAMIC SPATIOTEMPORAL WATCH,SCENARIO-BASED; VERIFY WITH OFFICIAL SURVEILLANCE
2038-03,1206314000,South Cotabato,TAMPAKAN,0.3073766625434419,3.590738801102079,HOT_SPOT_95,1,10,53.3387604114471,MODERATE,32.26915089659504,STATISTICAL_HOTSPOT+CONNECTED_HOTSPOT_CLUSTER,DYNAMIC SPATIOTEMPORAL WATCH,SCENARIO-BASED; VERIFY WITH OFFICIAL SURVEILLANCE
2038-03,1206507000,Sultan Kudarat,LUTAYAN,0.3161944680175176,3.1694593372152666,HOT_SPOT_95,1,10,48.45034670861245,MODERATE,36.871776379891585,STATISTICAL_HOTSPOT+CONNECTED_HOTSPOT_CLUSTER,DYNAMIC SPATIOTEMPORAL WATCH,SCENARIO-BASED; VERIFY WITH OFFICIAL SURVEILLANCE
2038-03,1206509000,Sultan Kudarat,PALIMBANG,0.27559460296826016,2.1957441277931378,COLD_SPOT_90,0,0,44.35654374242312,LOW,55.058998748923926,NEIGHBOR_INFECTIOUS_PRESSURE,DYNAMIC SPATIOTEMPORAL WATCH,SCENARIO-BASED; VERIFY WITH OFFICIAL SURVEILLANCE
2038-03,1204701000,Cotabato,ALAMADA,0.19094162382686494,2.1891814120914717,NOT_SIGNIFICANT,0,0,42.75853403579135,LOW,51.95155727337396,NEIGHBOR_INFECTIOUS_PRESSURE,DYNAMIC SPATIOTEMPORAL WATCH,SCENARIO-BASED; VERIFY WITH OFFICIAL SURVEILLANCE
2038-03,1204712000,Cotabato,PIKIT,0.1695659553115954,2.020946703083761,NOT_SIGNIFICANT,0,0,41.57032782259286,LOW,50.40641240590952,NEIGHBOR_INFECTIOUS_PRESSURE,DYNAMIC SPATIOTEMPORAL WATCH,SCENARIO-BASED; VERIFY WITH OFFICIAL SURVEILLANCE
2038-04,1206315000,South Cotabato,TANTANGAN,0.38561861002705405,5.858426279410573,HOT_SPOT_99,1,10,79.24616757196006,HIGH,44.07330620602197,TRANSMISSION_PRESSURE_PROXY+STATISTICAL_HOTSPOT+CONNECTED_HOTSPOT_CLUSTER+NEIGHBOR_INFECTIOUS_PRESSURE,DYNAMIC SPATIOTEMPORAL WATCH,SCENARIO-BASED; VERIFY WITH OFFICIAL SURVEILLANCE
2038-04,1206511000,Sultan Kudarat,TACURONG,1.1292889707297942,6.257520985634982,HOT_SPOT_99,1,10,75.67161584507738,HIGH,45.79233094768481,TRANSMISSION_PRESSURE_PROXY+STATISTICAL_HOTSPOT+CONNECTED_HOTSPOT_CLUSTER,DYNAMIC SPATIOTEMPORAL WATCH,SCENARIO-BASED; VERIFY WITH OFFICIAL SURVEILLANCE
2038-04,1206302000,South Cotabato,BANGA,0.7041088351819416,4.949484931515625,HOT_SPOT_99,1,10,75.36453492057177,HIGH,44.09167532187148,TRANSMISSION_PRESSURE_PROXY+STATISTICAL_HOTSPOT+CONNECTED_HOTSPOT_CLUSTER+NEIGHBOR_INFECTIOUS_PRESSURE,DYNAMIC SPATIOTEMPORAL WATCH,SCENARIO-BASED; VERIFY WITH OFFICIAL SURVEILLANCE
2038-04,1206306000,South Cotabato,KORONADAL,2.307181790710594,7.1459227404280945,HOT_SPOT_99,1,10,73.09053735125524,HIGH,48.86232350169909,TRANSMISSION_PRESSURE_PROXY+STATISTICAL_HOTSPOT+CONNECTED_HOTSPOT_CLUSTER,DYNAMIC SPATIOTEMPORAL WATCH,SCENARIO-BASED; VERIFY WITH OFFICIAL SURVEILLANCE
2038-04,1206311000,South Cotabato,NORALA,0.29356931000963854,5.35337038995715,HOT_SPOT_99,1,10,72.91826101644521,HIGH,41.30322116024271,TRANSMISSION_PRESSURE_PROXY+STATISTICAL_HOTSPOT+CONNECTED_HOTSPOT_CLUSTER+NEIGHBOR_INFECTIOUS_PRESSURE,DYNAMIC SPATIOTEMPORAL WATCH,SCENARIO-BASED; VERIFY WITH OFFICIAL SURVEILLANCE
2038-04,1206318000,South Cotabato,SANTO NIÑO,0.2995777561099545,6.226348690249525,HOT_SPOT_95,1,10,69.05117859223397,HIGH,41.21187247784328,TRANSMISSION_PRESSURE_PROXY+STATISTICAL_HOTSPOT+CONNECTED_HOTSPOT_CLUSTER,DYNAMIC SPATIOTEMPORAL WATCH,SCENARIO-BASED; VERIFY WITH OFFICIAL SURVEILLANCE
2038-04,1206314000,South Cotabato,TAMPAKAN,0.46850164418432344,3.630011145998675,HOT_SPOT_95,1,10,61.07189818338634,MODERATE,35.689513546400136,STATISTICAL_HOTSPOT+CONNECTED_HOTSPOT_CLUSTER,DYNAMIC SPATIOTEMPORAL WATCH,SCENARIO-BASED; VERIFY WITH OFFICIAL SURVEILLANCE
2038-04,1204701000,Cotabato,ALAMADA,0.33722838315845144,2.204606009445337,NOT_SIGNIFICANT,0,0,51.47854776278443,MODERATE,56.35837525972261,NEIGHBOR_INFECTIOUS_PRESSURE,DYNAMIC SPATIOTEMPORAL WATCH,SCENARIO-BASED; VERIFY WITH OFFICIAL SURVEILLANCE
2038-04,1206507000,Sultan Kudarat,LUTAYAN,0.20848424322783368,3.17740512442814,HOT_SPOT_95,1,10,42.25568174235825,LOW,31.653211512443146,STATISTICAL_HOTSPOT+CONNECTED_HOTSPOT_CLUSTER+NEIGHBOR_INFECTIOUS_PRESSURE,DYNAMIC SPATIOTEMPORAL WATCH,SCENARIO-BASED; VERIFY WITH OFFICIAL SURVEILLANCE
2038-04,1204712000,Cotabato,PIKIT,0.1567604053608519,2.0269246846667723,NOT_SIGNIFICANT,0,0,40.769516878879244,LOW,50.89815606474039,NEIGHBOR_INFECTIOUS_PRESSURE,DYNAMIC SPATIOTEMPORAL WATCH,SCENARIO-BASED; VERIFY WITH OFFICIAL SURVEILLANCE
2038-05,1206315000,South Cotabato,TANTANGAN,0.21081080545683206,5.865616948528957,HOT_SPOT_99,1,10,82.35802079869127,CRITICAL,46.21461111358179,TRANSMISSION_PRESSURE_PROXY+STATISTICAL_HOTSPOT+CONNECTED_HOTSPOT_CLUSTER+NEIGHBOR_INFECTIOUS_PRESSURE,DYNAMIC SPATIOTEMPORAL WATCH,SCENARIO-BASED; VERIFY WITH OFFICIAL SURVEILLANCE
2038-05,1206318000,South Cotabato,SANTO NIÑO,0.16144262856081584,6.232101769054239,HOT_SPOT_95,1,10,72.50767621287844,HIGH,43.02631619020275,TRANSMISSION_PRESSURE_PROXY+STATISTICAL_HOTSPOT+CONNECTED_HOTSPOT_CLUSTER,DYNAMIC SPATIOTEMPORAL WATCH,SCENARIO-BASED; VERIFY WITH OFFICIAL SURVEILLANCE
2038-05,1206306000,South Cotabato,KORONADAL,0.9141337186989323,7.14497051287583,HOT_SPOT_99,1,10,71.9967116436799,HIGH,46.403490786446596,TRANSMISSION_PRESSURE_PROXY+STATISTICAL_HOTSPOT+CONNECTED_HOTSPOT_CLUSTER,DYNAMIC SPATIOTEMPORAL WATCH,SCENARIO-BASED; VERIFY WITH OFFICIAL SURVEILLANCE
2038-05,1206511000,Sultan Kudarat,TACURONG,0.463566148631448,6.256136956510618,HOT_SPOT_99,1,10,71.29609846420385,HIGH,43.18410297669463,TRANSMISSION_PRESSURE_PROXY+STATISTICAL_HOTSPOT+CONNECTED_HOTSPOT_CLUSTER,DYNAMIC SPATIOTEMPORAL WATCH,SCENARIO-BASED; VERIFY WITH OFFICIAL SURVEILLANCE
2038-05,1206311000,South Cotabato,NORALA,0.14082515145898125,5.35551414819074,HOT_SPOT_99,1,10,70.6764108174991,HIGH,40.67511849635903,TRANSMISSION_PRESSURE_PROXY+STATISTICAL_HOTSPOT+CONNECTED_HOTSPOT_CLUSTER+NEIGHBOR_INFECTIOUS_PRESSURE,DYNAMIC SPATIOTEMPORAL WATCH,SCENARIO-BASED; VERIFY WITH OFFICIAL SURVEILLANCE
2038-05,1206302000,South Cotabato,BANGA,0.2542165053663432,4.951495026174005,HOT_SPOT_99,1,10,67.94855362142667,HIGH,40.977040052671505,TRANSMISSION_PRESSURE_PROXY+STATISTICAL_HOTSPOT+CONNECTED_HOTSPOT_CLUSTER+NEIGHBOR_INFECTIOUS_PRESSURE,DYNAMIC SPATIOTEMPORAL WATCH,SCENARIO-BASED; VERIFY WITH OFFICIAL SURVEILLANCE
2038-05,1206314000,South Cotabato,TAMPAKAN,0.075882368031229,3.6347626377210043,HOT_SPOT_95,1,10,50.88041460182552,MODERATE,30.042865761096266,STATISTICAL_HOTSPOT+CONNECTED_HOTSPOT_CLUSTER,DYNAMIC SPATIOTEMPORAL WATCH,SCENARIO-BASED; VERIFY WITH OFFICIAL SURVEILLANCE
2038-05,1206507000,Sultan Kudarat,LUTAYAN,0.1189272038025718,3.180261891494532,HOT_SPOT_95,1,10,45.57232831208052,MODERATE,34.28079506973888,STATISTICAL_HOTSPOT+CONNECTED_HOTSPOT_CLUSTER+NEIGHBOR_INFECTIOUS_PRESSURE,DYNAMIC SPATIOTEMPORAL WATCH,SCENARIO-BASED; VERIFY WITH OFFICIAL SURVEILLANCE
2038-06,1206311000,South Cotabato,NORALA,0.24331410192953806,5.365152321418944,HOT_SPOT_99,1,10,74.23965946637297,HIGH,40.728536782648355,TRANSMISSION_PRESSURE_PROXY+STATISTICAL_HOTSPOT+CONNECTED_HOTSPOT_CLUSTER+NEIGHBOR_INFECTIOUS_PRESSURE,DYNAMIC SPATIOTEMPORAL WATCH,SCENARIO-BASED; VERIFY WITH OFFICIAL SURVEILLANCE
2038-06,1206306000,South Cotabato,KORONADAL,1.521302173858847,7.154117182216028,HOT_SPOT_99,1,10,71.51115362711187,HIGH,46.26748646642932,TRANSMISSION_PRESSURE_PROXY+STATISTICAL_HOTSPOT+CONNECTED_HOTSPOT_CLUSTER,DYNAMIC SPATIOTEMPORAL WATCH,SCENARIO-BASED; VERIFY WITH OFFICIAL SURVEILLANCE
2038-06,1206315000,South Cotabato,TANTANGAN,0.23589207366085255,5.874551124366157,HOT_SPOT_99,1,10,71.27797373304065,HIGH,40.08284017980894,TRANSMISSION_PRESSURE_PROXY+STATISTICAL_HOTSPOT+CONNECTED_HOTSPOT_CLUSTER,DYNAMIC SPATIOTEMPORAL WATCH,SCENARIO-BASED; VERIFY WITH OFFICIAL SURVEILLANCE
2038-06,1206302000,South Cotabato,BANGA,0.4327925607738642,4.96039768081541,HOT_SPOT_99,1,10,69.20361050741754,HIGH,40.93381086415685,TRANSMISSION_PRESSURE_PROXY+STATISTICAL_HOTSPOT+CONNECTED_HOTSPOT_CLUSTER+NEIGHBOR_INFECTIOUS_PRESSURE,DYNAMIC SPATIOTEMPORAL WATCH,SCENARIO-BASED; VERIFY WITH OFFICIAL SURVEILLANCE
2038-06,1206318000,South Cotabato,SANTO NIÑO,0.21958409165899864,6.242852554017473,HOT_SPOT_95,1,10,67.23661643470058,HIGH,39.2989167035017,TRANSMISSION_PRESSURE_PROXY+STATISTICAL_HOTSPOT+CONNECTED_HOTSPOT_CLUSTER,DYNAMIC SPATIOTEMPORAL WATCH,SCENARIO-BASED; VERIFY WITH OFFICIAL SURVEILLANCE
2038-06,1206511000,Sultan Kudarat,TACURONG,0.6576144226452725,6.26031897925727,HOT_SPOT_99,1,10,65.4979038143976,HIGH,39.45916725050398,TRANSMISSION_PRESSURE_PROXY+STATISTICAL_HOTSPOT+CONNECTED_HOTSPOT_CLUSTER,DYNAMIC SPATIOTEMPORAL WATCH,SCENARIO-BASED; VERIFY WITH OFFICIAL SURVEILLANCE
2038-06,1206317000,South Cotabato,TUPI,0.38431653372372815,4.3113459747407505,HOT_SPOT_90,1,10,57.49821877035147,MODERATE,33.516387336326446,CONNECTED_HOTSPOT_CLUSTER,DYNAMIC SPATIOTEMPORAL WATCH,SCENARIO-BASED; VERIFY WITH OFFICIAL SURVEILLANCE
2038-06,1206507000,Sultan Kudarat,LUTAYAN,0.25205204267608866,3.1904834343862425,HOT_SPOT_95,1,10,51.74119013710787,MODERATE,37.204129579762956,STATISTICAL_HOTSPOT+CONNECTED_HOTSPOT_CLUSTER,DYNAMIC SPATIOTEMPORAL WATCH,SCENARIO-BASED; VERIFY WITH OFFICIAL SURVEILLANCE
2038-06,1206314000,South Cotabato,TAMPAKAN,0.09232653966461522,3.6412166791730893,HOT_SPOT_95,1,10,50.113042415101596,MODERATE,29.736222162404808,STATISTICAL_HOTSPOT+CONNECTED_HOTSPOT_CLUSTER+NEIGHBOR_INFECTIOUS_PRESSURE,DYNAMIC SPATIOTEMPORAL WATCH,SCENARIO-BASED; VERIFY WITH OFFICIAL SURVEILLANCE
2038-06,1204706000,Cotabato,MAGPET,0.10159038635826219,2.5619760992400464,NOT_SIGNIFICANT,0,0,40.88516144414523,LOW,44.80958221549852,NEIGHBOR_INFECTIOUS_PRESSURE,DYNAMIC SPATIOTEMPORAL WATCH,SCENARIO-BASED; VERIFY WITH OFFICIAL SURVEILLANCE
2038-07,1206306000,South Cotabato,KORONADAL,1.4344942089443586,7.16204066730697,HOT_SPOT_99,1,10,77.20728385622213,HIGH,49.94718251135882,TRANSMISSION_PRESSURE_PROXY+STATISTICAL_HOTSPOT+CONNECTED_HOTSPOT_CLUSTER,DYNAMIC SPATIOTEMPORAL WATCH,SCENARIO-BASED; VERIFY WITH OFFICIAL SURVEILLANCE
2038-07,1206511000,Sultan Kudarat,TACURONG,0.9653364738940771,6.27373707442893,HOT_SPOT_99,1,10,68.4080024290388,HIGH,44.81715572935038,TRANSMISSION_PRESSURE_PROXY+STATISTICAL_HOTSPOT+CONNECTED_HOTSPOT_CLUSTER,DYNAMIC SPATIOTEMPORAL WATCH,SCENARIO-BASED; VERIFY WITH OFFICIAL SURVEILLANCE
2038-07,1206314000,South Cotabato,TAMPAKAN,0.2174595943659708,3.6586835965515356,HOT_SPOT_95,1,10,64.96393644178904,MODERATE,35.594646814771295,STATISTICAL_HOTSPOT+CONNECTED_HOTSPOT_CLUSTER+NEIGHBOR_INFECTIOUS_PRESSURE,DYNAMIC SPATIOTEMPORAL WATCH,SCENARIO-BASED; VERIFY WITH OFFICIAL SURVEILLANCE
2038-07,1206311000,South Cotabato,NORALA,0.16449640229383844,5.369075908390588,HOT_SPOT_99,1,10,61.08641477300492,MODERATE,37.84079839798997,STATISTICAL_HOTSPOT+CONNECTED_HOTSPOT_CLUSTER,DYNAMIC SPATIOTEMPORAL WATCH,SCENARIO-BASED; VERIFY WITH OFFICIAL SURVEILLANCE
2038-07,1206315000,South Cotabato,TANTANGAN,0.16219767156614615,5.878152749994358,HOT_SPOT_99,1,10,58.61642977901907,MODERATE,36.2327308755694,STATISTICAL_HOTSPOT+CONNECTED_HOTSPOT_CLUSTER,DYNAMIC SPATIOTEMPORAL WATCH,SCENARIO-BASED; VERIFY WITH OFFICIAL SURVEILLANCE
2038-07,1206302000,South Cotabato,BANGA,0.32008130634510307,4.9650072110678245,HOT_SPOT_99,1,10,57.41977445691286,MODERATE,37.354755992590015,STATISTICAL_HOTSPOT+CONNECTED_HOTSPOT_CLUSTER,DYNAMIC SPATIOTEMPORAL WATCH,SCENARIO-BASED; VERIFY WITH OFFICIAL SURVEILLANCE
2038-07,1206318000,South Cotabato,SANTO NIÑO,0.1452179033354314,6.247187538646233,HOT_SPOT_95,1,10,53.07281770722295,MODERATE,35.80368113902377,STATISTICAL_HOTSPOT+CONNECTED_HOTSPOT_CLUSTER,DYNAMIC SPATIOTEMPORAL WATCH,SCENARIO-BASED; VERIFY WITH OFFICIAL SURVEILLANCE
2038-07,1206507000,Sultan Kudarat,LUTAYAN,0.14147024932990696,3.1945780772527725,HOT_SPOT_95,1,10,44.098598469287225,LOW,32.513974431819214,STATISTICAL_HOTSPOT+CONNECTED_HOTSPOT_CLUSTER+NEIGHBOR_INFECTIOUS_PRESSURE,DYNAMIC SPATIOTEMPORAL WATCH,SCENARIO-BASED; VERIFY WITH OFFICIAL SURVEILLANCE
2038-07,1204706000,Cotabato,MAGPET,0.08026772497841075,2.5666678949562436,NOT_SIGNIFICANT,0,0,40.88360049583413,LOW,44.76573567458058,NEIGHBOR_INFECTIOUS_PRESSURE,DYNAMIC SPATIOTEMPORAL WATCH,SCENARIO-BASED; VERIFY WITH OFFICIAL SURVEILLANCE
2038-07,1204712000,Cotabato,PIKIT,0.10749299165501648,2.039185667233585,NOT_SIGNIFICANT,0,0,38.10294833743701,LOW,48.959682241157424,NEIGHBOR_INFECTIOUS_PRESSURE,DYNAMIC SPATIOTEMPORAL WATCH,SCENARIO-BASED; VERIFY WITH OFFICIAL SURVEILLANCE
2038-08,1206306000,South Cotabato,KORONADAL,1.192929459831353,7.166643056044129,HOT_SPOT_99,1,10,72.19096318182329,HIGH,46.915529319739015,TRANSMISSION_PRESSURE_PROXY+STATISTICAL_HOTSPOT+CONNECTED_HOTSPOT_CLUSTER,DYNAMIC SPATIOTEMPORAL WATCH,SCENARIO-BASED; VERIFY WITH OFFICIAL SURVEILLANCE
2038-08,1206311000,South Cotabato,NORALA,0.19096527461238705,5.37528542500958,HOT_SPOT_99,1,10,63.274884365517,MODERATE,38.57701709755331,STATISTICAL_HOTSPOT+CONNECTED_HOTSPOT_CLUSTER,DYNAMIC SPATIOTEMPORAL WATCH,SCENARIO-BASED; VERIFY WITH OFFICIAL SURVEILLANCE
2038-08,1206511000,Sultan Kudarat,TACURONG,0.6483537494150771,6.278570700631223,HOT_SPOT_99,1,10,63.14133531058636,MODERATE,39.06589236225044,STATISTICAL_HOTSPOT+CONNECTED_HOTSPOT_CLUSTER,DYNAMIC SPATIOTEMPORAL WATCH,SCENARIO-BASED; VERIFY WITH OFFICIAL SURVEILLANCE
2038-08,1206315000,South Cotabato,TANTANGAN,0.1877945782608305,5.883968532446405,HOT_SPOT_99,1,10,61.65530267855688,MODERATE,37.59300476070016,STATISTICAL_HOTSPOT+CONNECTED_HOTSPOT_CLUSTER,DYNAMIC SPATIOTEMPORAL WATCH,SCENARIO-BASED; VERIFY WITH OFFICIAL SURVEILLANCE
2038-08,1206302000,South Cotabato,BANGA,0.32379825086544095,4.970075436688326,HOT_SPOT_99,1,10,55.887709975325684,MODERATE,37.0773682030229,STATISTICAL_HOTSPOT+CONNECTED_HOTSPOT_CLUSTER,DYNAMIC SPATIOTEMPORAL WATCH,SCENARIO-BASED; VERIFY WITH OFFICIAL SURVEILLANCE
2038-08,1206318000,South Cotabato,SANTO NIÑO,0.1528541991320282,6.252500614216975,HOT_SPOT_95,1,10,55.38934985763236,MODERATE,36.64192284738811,STATISTICAL_HOTSPOT+CONNECTED_HOTSPOT_CLUSTER,DYNAMIC SPATIOTEMPORAL WATCH,SCENARIO-BASED; VERIFY WITH OFFICIAL SURVEILLANCE
2038-08,1206314000,South Cotabato,TAMPAKAN,0.09455462883038813,3.664984763616646,HOT_SPOT_95,1,10,49.29320929143883,MODERATE,29.053375760427507,STATISTICAL_HOTSPOT+CONNECTED_HOTSPOT_CLUSTER+NEIGHBOR_INFECTIOUS_PRESSURE,DYNAMIC SPATIOTEMPORAL WATCH,SCENARIO-BASED; VERIFY WITH OFFICIAL SURVEILLANCE
2038-08,1204701000,Cotabato,ALAMADA,0.16537074856135084,2.223112033816402,NOT_SIGNIFICANT,0,0,47.98314312874681,MODERATE,55.77302201262793,NEIGHBOR_INFECTIOUS_PRESSURE,DYNAMIC SPATIOTEMPORAL WATCH,SCENARIO-BASED; VERIFY WITH OFFICIAL SURVEILLANCE
2038-08,1204706000,Cotabato,MAGPET,0.1013878632423261,2.5727150590461814,NOT_SIGNIFICANT,0,0,45.30865408984578,MODERATE,48.52840780880929,NEIGHBOR_INFECTIOUS_PRESSURE,DYNAMIC SPATIOTEMPORAL WATCH,SCENARIO-BASED; VERIFY WITH OFFICIAL SURVEILLANCE
2038-08,1204712000,Cotabato,PIKIT,0.13099141113457405,2.0442649406166,NOT_SIGNIFICANT,0,0,43.37677429549722,LOW,52.019837185479275,NEIGHBOR_INFECTIOUS_PRESSURE,DYNAMIC SPATIOTEMPORAL WATCH,SCENARIO-BASED; VERIFY WITH OFFICIAL SURVEILLANCE
2038-08,1206507000,Sultan Kudarat,LUTAYAN,0.1480755662400352,3.199154542002393,HOT_SPOT_95,1,10,43.31154513169345,LOW,32.02718239505447,STATISTICAL_HOTSPOT+CONNECTED_HOTSPOT_CLUSTER+NEIGHBOR_INFECTIOUS_PRESSURE,DYNAMIC SPATIOTEMPORAL WATCH,SCENARIO-BASED; VERIFY WITH OFFICIAL SURVEILLANCE
2038-08,1204718000,Cotabato,ARAKAN,0.08093627623090303,2.3318616749309435,NOT_SIGNIFICANT,0,0,38.73596707533883,LOW,41.549425945540996,NEIGHBOR_INFECTIOUS_PRESSURE,DYNAMIC SPATIOTEMPORAL WATCH,SCENARIO-BASED; VERIFY WITH OFFICIAL SURVEILLANCE
2038-09,1206306000,South Cotabato,KORONADAL,0.8989650806084309,7.167231134169843,HOT_SPOT_99,1,10,73.03356572772046,HIGH,47.726832883025345,TRANSMISSION_PRESSURE_PROXY+STATISTICAL_HOTSPOT+CONNECTED_HOTSPOT_CLUSTER,DYNAMIC SPATIOTEMPORAL WATCH,SCENARIO-BASED; VERIFY WITH OFFICIAL SURVEILLANCE
2038-09,1206315000,South Cotabato,TANTANGAN,0.19059585214589603,5.890426340667462,HOT_SPOT_99,1,10,70.54224915695548,HIGH,43.52313205578008,TRANSMISSION_PRESSURE_PROXY+STATISTICAL_HOTSPOT+CONNECTED_HOTSPOT_CLUSTER,DYNAMIC SPATIOTEMPORAL WATCH,SCENARIO-BASED; VERIFY WITH OFFICIAL SURVEILLANCE
2038-09,1206318000,South Cotabato,SANTO NIÑO,0.1981950366942273,6.262218638629378,HOT_SPOT_95,1,10,66.86651600036218,HIGH,44.24259872918921,TRANSMISSION_PRESSURE_PROXY+STATISTICAL_HOTSPOT+CONNECTED_HOTSPOT_CLUSTER,DYNAMIC SPATIOTEMPORAL WATCH,SCENARIO-BASED; VERIFY WITH OFFICIAL SURVEILLANCE
2038-09,1206311000,South Cotabato,NORALA,0.13289499969134258,5.377638897053606,HOT_SPOT_99,1,10,63.79254724104534,MODERATE,38.925903988067034,STATISTICAL_HOTSPOT+CONNECTED_HOTSPOT_CLUSTER,DYNAMIC SPATIOTEMPORAL WATCH,SCENARIO-BASED; VERIFY WITH OFFICIAL SURVEILLANCE
2038-09,1206511000,Sultan Kudarat,TACURONG,0.42895036693221794,6.277866178627333,HOT_SPOT_99,1,10,62.59016898941322,MODERATE,39.16797085256891,STATISTICAL_HOTSPOT+CONNECTED_HOTSPOT_CLUSTER,DYNAMIC SPATIOTEMPORAL WATCH,SCENARIO-BASED; VERIFY WITH OFFICIAL SURVEILLANCE
2038-09,1206302000,South Cotabato,BANGA,0.23188136023002653,4.97197712812789,HOT_SPOT_99,1,10,56.7040633994352,MODERATE,37.700634520092656,STATISTICAL_HOTSPOT+CONNECTED_HOTSPOT_CLUSTER,DYNAMIC SPATIOTEMPORAL WATCH,SCENARIO-BASED; VERIFY WITH OFFICIAL SURVEILLANCE
2038-09,1206507000,Sultan Kudarat,LUTAYAN,0.1637152230981429,3.2047939604938898,HOT_SPOT_95,1,10,54.58394074063364,MODERATE,37.62339254840275,STATISTICAL_HOTSPOT+CONNECTED_HOTSPOT_CLUSTER+NEIGHBOR_INFECTIOUS_PRESSURE,DYNAMIC SPATIOTEMPORAL WATCH,SCENARIO-BASED; VERIFY WITH OFFICIAL SURVEILLANCE
2038-09,1204712000,Cotabato,PIKIT,0.14114050030670447,2.049985347328894,NOT_SIGNIFICANT,0,0,52.737029003817185,MODERATE,56.3755526344865,NEIGHBOR_INFECTIOUS_PRESSURE,DYNAMIC SPATIOTEMPORAL WATCH,SCENARIO-BASED; VERIFY WITH OFFICIAL SURVEILLANCE
2038-09,1204718000,Cotabato,ARAKAN,0.12953215065882723,2.3406004062831434,NOT_SIGNIFICANT,0,0,52.54957790542836,MODERATE,47.377497993068395,NONE,DYNAMIC SPATIOTEMPORAL WATCH,SCENARIO-BASED; VERIFY WITH OFFICIAL SURVEILLANCE
2038-09,1206314000,South Cotabato,TAMPAKAN,0.051413208687709384,3.66781443259635,HOT_SPOT_95,1,10,46.688980387243525,MODERATE,28.141596921552182,STATISTICAL_HOTSPOT+CONNECTED_HOTSPOT_CLUSTER+NEIGHBOR_INFECTIOUS_PRESSURE,DYNAMIC SPATIOTEMPORAL WATCH,SCENARIO-BASED; VERIFY WITH OFFICIAL SURVEILLANCE
2038-09,1204701000,Cotabato,ALAMADA,0.09440064825543912,2.226344219031332,NOT_SIGNIFICANT,0,0,43.1924911286867,LOW,51.70535793663284,NEIGHBOR_INFECTIOUS_PRESSURE,DYNAMIC SPATIOTEMPORAL WATCH,SCENARIO-BASED; VERIFY WITH OFFICIAL SURVEILLANCE
2038-10,1206311000,South Cotabato,NORALA,0.28274370956758127,5.391499383607602,HOT_SPOT_99,1,10,71.90515740039221,HIGH,43.72948556108476,TRANSMISSION_PRESSURE_PROXY+STATISTICAL_HOTSPOT+CONNECTED_HOTSPOT_CLUSTER,DYNAMIC SPATIOTEMPORAL WATCH,SCENARIO-BASED; VERIFY WITH OFFICIAL SURVEILLANCE
2038-10,1206306000,South Cotabato,KORONADAL,1.4554978837580155,7.178209590022665,HOT_SPOT_99,1,10,68.51360720268933,HIGH,45.91934567139735,TRANSMISSION_PRESSURE_PROXY+STATISTICAL_HOTSPOT+CONNECTED_HOTSPOT_CLUSTER,DYNAMIC SPATIOTEMPORAL WATCH,SCENARIO-BASED; VERIFY WITH OFFICIAL SURVEILLANCE
2038-10,1206318000,South Cotabato,SANTO NIÑO,0.37150031821274826,6.287523491491146,HOT_SPOT_95,1,10,68.40828306196565,HIGH,44.89806631777488,TRANSMISSION_PRESSURE_PROXY+STATISTICAL_HOTSPOT+CONNECTED_HOTSPOT_CLUSTER,DYNAMIC SPATIOTEMPORAL WATCH,SCENARIO-BASED; VERIFY WITH OFFICIAL SURVEILLANCE
2038-10,1206302000,South Cotabato,BANGA,0.5342667143908946,4.98610589008932,HOT_SPOT_99,1,10,66.60461880033014,HIGH,43.37373382396146,TRANSMISSION_PRESSURE_PROXY+STATISTICAL_HOTSPOT+CONNECTED_HOTSPOT_CLUSTER,DYNAMIC SPATIOTEMPORAL WATCH,SCENARIO-BASED; VERIFY WITH OFFICIAL SURVEILLANCE
2038-10,1206511000,Sultan Kudarat,TACURONG,0.7889572544940152,6.288668638639531,HOT_SPOT_99,1,10,66.16940866259338,HIGH,40.59924199660177,TRANSMISSION_PRESSURE_PROXY+STATISTICAL_HOTSPOT+CONNECTED_HOTSPOT_CLUSTER,DYNAMIC SPATIOTEMPORAL WATCH,SCENARIO-BASED; VERIFY WITH OFFICIAL SURVEILLANCE
2038-10,1206315000,South Cotabato,TANTANGAN,0.19978454807199433,5.8979721956416515,HOT_SPOT_99,1,10,60.952389491514225,MODERATE,38.30984835865296,STATISTICAL_HOTSPOT+CONNECTED_HOTSPOT_CLUSTER,DYNAMIC SPATIOTEMPORAL WATCH,SCENARIO-BASED; VERIFY WITH OFFICIAL SURVEILLANCE
2038-10,1206317000,South Cotabato,TUPI,0.4924907334719207,4.340054841523214,HOT_SPOT_90,1,10,55.4856842615081,MODERATE,35.26438360724939,CONNECTED_HOTSPOT_CLUSTER,DYNAMIC SPATIOTEMPORAL WATCH,SCENARIO-BASED; VERIFY WITH OFFICIAL SURVEILLANCE
2038-10,1206507000,Sultan Kudarat,LUTAYAN,0.2651355819486111,3.2162089401170055,HOT_SPOT_95,1,10,46.87315454712257,MODERATE,35.42118157245648,STATISTICAL_HOTSPOT+CONNECTED_HOTSPOT_CLUSTER,DYNAMIC SPATIOTEMPORAL WATCH,SCENARIO-BASED; VERIFY WITH OFFICIAL SURVEILLANCE
2038-10,1204712000,Cotabato,PIKIT,0.1614762404563556,2.0567665336287115,NOT_SIGNIFICANT,0,0,46.144951899352215,MODERATE,52.682046902439154,NEIGHBOR_INFECTIOUS_PRESSURE,DYNAMIC SPATIOTEMPORAL WATCH,SCENARIO-BASED; VERIFY WITH OFFICIAL SURVEILLANCE
2038-10,1204701000,Cotabato,ALAMADA,0.1298398098219142,2.2313159375454905,NOT_SIGNIFICANT,0,0,42.22762047778591,LOW,50.8896492224498,NEIGHBOR_INFECTIOUS_PRESSURE,DYNAMIC SPATIOTEMPORAL WATCH,SCENARIO-BASED; VERIFY WITH OFFICIAL SURVEILLANCE
2038-10,1204718000,Cotabato,ARAKAN,0.09177101217823654,2.3464264279039875,NOT_SIGNIFICANT,0,0,40.52341257220603,LOW,42.21595834874644,NEIGHBOR_INFECTIOUS_PRESSURE,DYNAMIC SPATIOTEMPORAL WATCH,SCENARIO-BASED; VERIFY WITH OFFICIAL SURVEILLANCE
2038-10,1206314000,South Cotabato,TAMPAKAN,0.0874377417903455,3.6736928561569,HOT_SPOT_95,1,10,39.66382396702792,LOW,24.957793361986468,STATISTICAL_HOTSPOT+CONNECTED_HOTSPOT_CLUSTER,DYNAMIC SPATIOTEMPORAL WATCH,SCENARIO-BASED; VERIFY WITH OFFICIAL SURVEILLANCE
2038-10,1206509000,Sultan Kudarat,PALIMBANG,0.1599912441628633,2.220585216773157,COLD_SPOT_90,0,0,37.93236033795888,LOW,48.567874702717766,NEIGHBOR_INFECTIOUS_PRESSURE,DYNAMIC SPATIOTEMPORAL WATCH,SCENARIO-BASED; VERIFY WITH OFFICIAL SURVEILLANCE
2038-11,1206311000,South Cotabato,NORALA,0.5175127197146506,5.4230061102766545,HOT_SPOT_99,1,10,75.875226018149,HIGH,45.89546641918787,TRANSMISSION_PRESSURE_PROXY+STATISTICAL_HOTSPOT+CONNECTED_HOTSPOT_CLUSTER,DYNAMIC SPATIOTEMPORAL WATCH,SCENARIO-BASED; VERIFY WITH OFFICIAL SURVEILLANCE
2038-11,1206315000,South Cotabato,TANTANGAN,0.5985896223694547,5.93527454471526,HOT_SPOT_99,1,10,71.79957811148341,HIGH,44.45480371084877,TRANSMISSION_PRESSURE_PROXY+STATISTICAL_HOTSPOT+CONNECTED_HOTSPOT_CLUSTER,DYNAMIC SPATIOTEMPORAL WATCH,SCENARIO-BASED; VERIFY WITH OFFICIAL SURVEILLANCE
2038-11,1206306000,South Cotabato,KORONADAL,2.1466232997189416,7.201520463248504,HOT_SPOT_99,1,10,70.15351899073198,HIGH,47.64333003036741,TRANSMISSION_PRESSURE_PROXY+STATISTICAL_HOTSPOT+CONNECTED_HOTSPOT_CLUSTER,DYNAMIC SPATIOTEMPORAL WATCH,SCENARIO-BASED; VERIFY WITH OFFICIAL SURVEILLANCE
2038-11,1206318000,South Cotabato,SANTO NIÑO,0.4000589358547875,6.316937308802117,HOT_SPOT_95,1,10,68.31973142511363,HIGH,42.32385255054854,TRANSMISSION_PRESSURE_PROXY+STATISTICAL_HOTSPOT+CONNECTED_HOTSPOT_CLUSTER,DYNAMIC SPATIOTEMPORAL WATCH,SCENARIO-BASED; VERIFY WITH OFFICIAL SURVEILLANCE
2038-11,1206302000,South Cotabato,BANGA,0.589550855917478,5.002682084291873,HOT_SPOT_99,1,10,62.03606450392709,MODERATE,39.53034967631103,STATISTICAL_HOTSPOT+CONNECTED_HOTSPOT_CLUSTER,DYNAMIC SPATIOTEMPORAL WATCH,SCENARIO-BASED; VERIFY WITH OFFICIAL SURVEILLANCE
2038-11,1206511000,Sultan Kudarat,TACURONG,0.8880256939841478,6.303072296921597,HOT_SPOT_99,1,10,61.57719883679088,MODERATE,38.8203890005984,STATISTICAL_HOTSPOT+CONNECTED_HOTSPOT_CLUSTER,DYNAMIC SPATIOTEMPORAL WATCH,SCENARIO-BASED; VERIFY WITH OFFICIAL SURVEILLANCE
2038-11,1206507000,Sultan Kudarat,LUTAYAN,0.4253602505545171,3.236640880042163,HOT_SPOT_95,1,10,49.879706883790504,MODERATE,35.933092546291675,STATISTICAL_HOTSPOT+CONNECTED_HOTSPOT_CLUSTER,DYNAMIC SPATIOTEMPORAL WATCH,SCENARIO-BASED; VERIFY WITH OFFICIAL SURVEILLANCE
2038-11,1204701000,Cotabato,ALAMADA,0.23510939004724377,2.2416701200160505,NOT_SIGNIFICANT,0,0,46.16531393326665,MODERATE,53.58841715361266,NEIGHBOR_INFECTIOUS_PRESSURE,DYNAMIC SPATIOTEMPORAL WATCH,SCENARIO-BASED; VERIFY WITH OFFICIAL SURVEILLANCE
2038-11,1204712000,Cotabato,PIKIT,0.16603109717174916,2.0637488343589947,NOT_SIGNIFICANT,0,0,39.50536136628427,LOW,48.062290459855625,NEIGHBOR_INFECTIOUS_PRESSURE,DYNAMIC SPATIOTEMPORAL WATCH,SCENARIO-BASED; VERIFY WITH OFFICIAL SURVEILLANCE
2038-11,1206509000,Sultan Kudarat,PALIMBANG,0.24503575959662302,2.2251406054143366,COLD_SPOT_90,0,0,38.01588409767118,LOW,50.330007847530695,NEIGHBOR_INFECTIOUS_PRESSURE,DYNAMIC SPATIOTEMPORAL WATCH,SCENARIO-BASED; VERIFY WITH OFFICIAL SURVEILLANCE
2038-11,1204718000,Cotabato,ARAKAN,0.11617726166091015,2.353884976494333,NOT_SIGNIFICANT,0,0,37.75653492746082,LOW,41.32879758868507,NEIGHBOR_INFECTIOUS_PRESSURE,DYNAMIC SPATIOTEMPORAL WATCH,SCENARIO-BASED; VERIFY WITH OFFICIAL SURVEILLANCE
2038-11,1206314000,South Cotabato,TAMPAKAN,0.11208769624249719,3.681648401669186,HOT_SPOT_95,1,10,35.20335976803201,LOW,23.22639179779869,STATISTICAL_HOTSPOT+CONNECTED_HOTSPOT_CLUSTER,DYNAMIC SPATIOTEMPORAL WATCH,SCENARIO-BASED; VERIFY WITH OFFICIAL SURVEILLANCE
2038-12,1206306000,South Cotabato,KORONADAL,0.9912516919259097,7.205581542044459,HOT_SPOT_99,1,10,72.98443750813696,HIGH,49.1194402971583,TRANSMISSION_PRESSURE_PROXY+STATISTICAL_HOTSPOT+CONNECTED_HOTSPOT_CLUSTER,DYNAMIC SPATIOTEMPORAL WATCH,SCENARIO-BASED; VERIFY WITH OFFICIAL SURVEILLANCE
2038-12,1206511000,Sultan Kudarat,TACURONG,0.4814905209686297,6.305735718550746,HOT_SPOT_99,1,10,71.24742314614393,HIGH,44.705319853114915,TRANSMISSION_PRESSURE_PROXY+STATISTICAL_HOTSPOT+CONNECTED_HOTSPOT_CLUSTER,DYNAMIC SPATIOTEMPORAL WATCH,SCENARIO-BASED; VERIFY WITH OFFICIAL SURVEILLANCE
2038-12,1206311000,South Cotabato,NORALA,0.12498392539303298,5.426988398499093,HOT_SPOT_99,1,10,69.89987858126842,HIGH,40.50107401556656,TRANSMISSION_PRESSURE_PROXY+STATISTICAL_HOTSPOT+CONNECTED_HOTSPOT_CLUSTER+NEIGHBOR_INFECTIOUS_PRESSURE,DYNAMIC SPATIOTEMPORAL WATCH,SCENARIO-BASED; VERIFY WITH OFFICIAL SURVEILLANCE
2038-12,1206315000,South Cotabato,TANTANGAN,0.12729380468953935,5.939184363581673,HOT_SPOT_99,1,10,66.84391149469114,HIGH,39.39421691287717,TRANSMISSION_PRESSURE_PROXY+STATISTICAL_HOTSPOT+CONNECTED_HOTSPOT_CLUSTER,DYNAMIC SPATIOTEMPORAL WATCH,SCENARIO-BASED; VERIFY WITH OFFICIAL SURVEILLANCE
2038-12,1206318000,South Cotabato,SANTO NIÑO,0.13445765489524017,6.323165229638315,HOT_SPOT_95,1,10,65.08857666028807,HIGH,39.18448737107317,TRANSMISSION_PRESSURE_PROXY+STATISTICAL_HOTSPOT+CONNECTED_HOTSPOT_CLUSTER,DYNAMIC SPATIOTEMPORAL WATCH,SCENARIO-BASED; VERIFY WITH OFFICIAL SURVEILLANCE
2038-12,1206302000,South Cotabato,BANGA,0.19554976885042122,5.004000254168117,HOT_SPOT_99,1,10,61.3202378008176,MODERATE,39.13558300265885,STATISTICAL_HOTSPOT+CONNECTED_HOTSPOT_CLUSTER+NEIGHBOR_INFECTIOUS_PRESSURE,DYNAMIC SPATIOTEMPORAL WATCH,SCENARIO-BASED; VERIFY WITH OFFICIAL SURVEILLANCE
2038-12,1206317000,South Cotabato,TUPI,0.26802287215835013,4.358427183338529,HOT_SPOT_90,1,10,55.06654921190465,MODERATE,34.969130871413995,CONNECTED_HOTSPOT_CLUSTER,DYNAMIC SPATIOTEMPORAL WATCH,SCENARIO-BASED; VERIFY WITH OFFICIAL SURVEILLANCE
2038-12,1206507000,Sultan Kudarat,LUTAYAN,0.10490654204402906,3.2398291720034966,HOT_SPOT_95,1,10,42.22049203815153,LOW,30.365851056062283,STATISTICAL_HOTSPOT+CONNECTED_HOTSPOT_CLUSTER,DYNAMIC SPATIOTEMPORAL WATCH,SCENARIO-BASED; VERIFY WITH OFFICIAL SURVEILLANCE
2038-12,1206314000,South Cotabato,TAMPAKAN,0.04770427366577445,3.684065005093414,HOT_SPOT_95,1,10,40.592917941739564,LOW,26.734635245538765,STATISTICAL_HOTSPOT+CONNECTED_HOTSPOT_CLUSTER,DYNAMIC SPATIOTEMPORAL WATCH,SCENARIO-BASED; VERIFY WITH OFFICIAL SURVEILLANCE
2038-12,1204712000,Cotabato,PIKIT,0.07803148305872455,2.0660096020822825,NOT_SIGNIFICANT,0,0,39.62257660862976,LOW,49.17717119910437,NEIGHBOR_INFECTIOUS_PRESSURE,DYNAMIC SPATIOTEMPORAL WATCH,SCENARIO-BASED; VERIFY WITH OFFICIAL SURVEILLANCE
2038-12,1204701000,Cotabato,ALAMADA,0.07900925861689742,2.243702685702623,NOT_SIGNIFICANT,0,0,39.26215332430486,LOW,49.6427991315217,NEIGHBOR_INFECTIOUS_PRESSURE,DYNAMIC SPATIOTEMPORAL WATCH,SCENARIO-BASED; VERIFY WITH OFFICIAL SURVEILLANCE
2039-01,1206311000,South Cotabato,NORALA,0.10571467692649113,5.427883161121881,HOT_SPOT_99,1,10,74.89313568071253,HIGH,41.83628716861031,TRANSMISSION_PRESSURE_PROXY+STATISTICAL_HOTSPOT+CONNECTED_HOTSPOT_CLUSTER+NEIGHBOR_INFECTIOUS_PRESSURE,DYNAMIC SPATIOTEMPORAL WATCH,SCENARIO-BASED; VERIFY WITH OFFICIAL SURVEILLANCE
2039-01,1206315000,South Cotabato,TANTANGAN,0.1095271835615551,5.9401649856096155,HOT_SPOT_99,1,10,73.01515365145767,HIGH,41.230775425692144,TRANSMISSION_PRESSURE_PROXY+STATISTICAL_HOTSPOT+CONNECTED_HOTSPOT_CLUSTER,DYNAMIC SPATIOTEMPORAL WATCH,SCENARIO-BASED; VERIFY WITH OFFICIAL SURVEILLANCE
2039-01,1206306000,South Cotabato,KORONADAL,0.60446740033829,7.202709914486078,HOT_SPOT_99,1,10,70.29637194363603,HIGH,46.60791814983799,TRANSMISSION_PRESSURE_PROXY+STATISTICAL_HOTSPOT+CONNECTED_HOTSPOT_CLUSTER,DYNAMIC SPATIOTEMPORAL WATCH,SCENARIO-BASED; VERIFY WITH OFFICIAL SURVEILLANCE
2039-01,1206318000,South Cotabato,SANTO NIÑO,0.0949145880872898,6.324302340486413,HOT_SPOT_95,1,10,66.81336751041312,HIGH,39.65932207150804,TRANSMISSION_PRESSURE_PROXY+STATISTICAL_HOTSPOT+CONNECTED_HOTSPOT_CLUSTER,DYNAMIC SPATIOTEMPORAL WATCH,SCENARIO-BASED; VERIFY WITH OFFICIAL SURVEILLANCE
2039-01,1206302000,South Cotabato,BANGA,0.15259944315040913,5.0034248270177635,HOT_SPOT_99,1,10,62.57187646835859,MODERATE,40.03143671309298,STATISTICAL_HOTSPOT+CONNECTED_HOTSPOT_CLUSTER+NEIGHBOR_INFECTIOUS_PRESSURE,DYNAMIC SPATIOTEMPORAL WATCH,SCENARIO-BASED; VERIFY WITH OFFICIAL SURVEILLANCE
2039-01,1206511000,Sultan Kudarat,TACURONG,0.24982908962562428,6.3013217157269175,HOT_SPOT_99,1,10,60.79655654661492,MODERATE,40.12545223695252,STATISTICAL_HOTSPOT+CONNECTED_HOTSPOT_CLUSTER,DYNAMIC SPATIOTEMPORAL WATCH,SCENARIO-BASED; VERIFY WITH OFFICIAL SURVEILLANCE
2039-01,1206314000,South Cotabato,TAMPAKAN,0.05598854902098741,3.6870708159537933,HOT_SPOT_95,1,10,54.10449189904464,MODERATE,34.86975311705619,STATISTICAL_HOTSPOT+CONNECTED_HOTSPOT_CLUSTER+NEIGHBOR_INFECTIOUS_PRESSURE,DYNAMIC SPATIOTEMPORAL WATCH,SCENARIO-BASED; VERIFY WITH OFFICIAL SURVEILLANCE
2039-01,1204701000,Cotabato,ALAMADA,0.08156848228424579,2.246146533427532,NOT_SIGNIFICANT,0,0,49.012427591701886,MODERATE,56.220650911403204,NEIGHBOR_INFECTIOUS_PRESSURE,DYNAMIC SPATIOTEMPORAL WATCH,SCENARIO-BASED; VERIFY WITH OFFICIAL SURVEILLANCE
2039-01,1204712000,Cotabato,PIKIT,0.0591668184459216,2.06756300699239,NOT_SIGNIFICANT,0,0,41.92560108968138,LOW,51.74867959123723,NEIGHBOR_INFECTIOUS_PRESSURE,DYNAMIC SPATIOTEMPORAL WATCH,SCENARIO-BASED; VERIFY WITH OFFICIAL SURVEILLANCE
2039-01,1206509000,Sultan Kudarat,PALIMBANG,0.08432265790234571,2.227868047974364,COLD_SPOT_90,0,0,41.31796334326335,LOW,53.20069355071245,NEIGHBOR_INFECTIOUS_PRESSURE,DYNAMIC SPATIOTEMPORAL WATCH,SCENARIO-BASED; VERIFY WITH OFFICIAL SURVEILLANCE
2039-01,1206507000,Sultan Kudarat,LUTAYAN,0.07303824786824996,3.2406052036924304,HOT_SPOT_95,1,10,40.36388711059429,LOW,29.688126397969278,STATISTICAL_HOTSPOT+CONNECTED_HOTSPOT_CLUSTER,DYNAMIC SPATIOTEMPORAL WATCH,SCENARIO-BASED; VERIFY WITH OFFICIAL SURVEILLANCE
2039-02,1206315000,South Cotabato,TANTANGAN,0.5392152238288982,5.971046233426067,HOT_SPOT_99,1,10,76.35064675745815,HIGH,44.9844416025841,TRANSMISSION_PRESSURE_PROXY+STATISTICAL_HOTSPOT+CONNECTED_HOTSPOT_CLUSTER,DYNAMIC SPATIOTEMPORAL WATCH,SCENARIO-BASED; VERIFY WITH OFFICIAL SURVEILLANCE
2039-02,1206302000,South Cotabato,BANGA,0.8323846722693211,5.027804159067723,HOT_SPOT_99,1,10,71.23471624042509,HIGH,45.35302665036474,TRANSMISSION_PRESSURE_PROXY+STATISTICAL_HOTSPOT+CONNECTED_HOTSPOT_CLUSTER,DYNAMIC SPATIOTEMPORAL WATCH,SCENARIO-BASED; VERIFY WITH OFFICIAL SURVEILLANCE
2039-02,1206306000,South Cotabato,KORONADAL,1.7411307706815644,7.217479466596491,HOT_SPOT_99,1,10,68.7864104610056,HIGH,45.42126178240592,TRANSMISSION_PRESSURE_PROXY+STATISTICAL_HOTSPOT+CONNECTED_HOTSPOT_CLUSTER,DYNAMIC SPATIOTEMPORAL WATCH,SCENARIO-BASED; VERIFY WITH OFFICIAL SURVEILLANCE
2039-02,1206511000,Sultan Kudarat,TACURONG,1.030088714296423,6.318103448706522,HOT_SPOT_99,1,10,68.6349429118839,HIGH,43.31422344554162,TRANSMISSION_PRESSURE_PROXY+STATISTICAL_HOTSPOT+CONNECTED_HOTSPOT_CLUSTER,DYNAMIC SPATIOTEMPORAL WATCH,SCENARIO-BASED; VERIFY WITH OFFICIAL SURVEILLANCE
2039-02,1206311000,South Cotabato,NORALA,0.25222804856959113,5.438767728721743,HOT_SPOT_99,1,10,64.57447644474405,MODERATE,38.006090095436555,STATISTICAL_HOTSPOT+CONNECTED_HOTSPOT_CLUSTER,DYNAMIC SPATIOTEMPORAL WATCH,SCENARIO-BASED; VERIFY WITH OFFICIAL SURVEILLANCE
2039-02,1206318000,South Cotabato,SANTO NIÑO,0.24654868348694148,6.337767868012762,HOT_SPOT_95,1,10,60.33308531860778,MODERATE,38.380332872572865,STATISTICAL_HOTSPOT+CONNECTED_HOTSPOT_CLUSTER,DYNAMIC SPATIOTEMPORAL WATCH,SCENARIO-BASED; VERIFY WITH OFFICIAL SURVEILLANCE
2039-02,1204711000,Cotabato,PIGKAWAYAN,0.14754761570283115,3.2835000639469807,NOT_SIGNIFICANT,0,0,44.7815859881281,LOW,48.58697904119096,NEIGHBOR_INFECTIOUS_PRESSURE,DYNAMIC SPATIOTEMPORAL WATCH,SCENARIO-BASED; VERIFY WITH OFFICIAL SURVEILLANCE
2039-02,1206314000,South Cotabato,TAMPAKAN,0.1371682110147628,3.69672316766715,HOT_SPOT_95,1,10,41.63453163232841,LOW,26.760548939901042,STATISTICAL_HOTSPOT+CONNECTED_HOTSPOT_CLUSTER,DYNAMIC SPATIOTEMPORAL WATCH,SCENARIO-BASED; VERIFY WITH OFFICIAL SURVEILLANCE
2039-02,1204712000,Cotabato,PIKIT,0.1476688796565871,2.0733308986629795,NOT_SIGNIFICANT,0,0,41.19637265687668,LOW,50.45848743915476,NEIGHBOR_INFECTIOUS_PRESSURE,DYNAMIC SPATIOTEMPORAL WATCH,SCENARIO-BASED; VERIFY WITH OFFICIAL SURVEILLANCE
2039-02,1204701000,Cotabato,ALAMADA,0.14697549118785166,2.2517377865993815,NOT_SIGNIFICANT,0,0,39.8346730033993,LOW,48.846660233571036,NEIGHBOR_INFECTIOUS_PRESSURE,DYNAMIC SPATIOTEMPORAL WATCH,SCENARIO-BASED; VERIFY WITH OFFICIAL SURVEILLANCE
2039-02,1206507000,Sultan Kudarat,LUTAYAN,0.19575955925993696,3.2476989771115856,HOT_SPOT_95,1,10,39.13673617669555,LOW,29.11645838984979,STATISTICAL_HOTSPOT+CONNECTED_HOTSPOT_CLUSTER,DYNAMIC SPATIOTEMPORAL WATCH,SCENARIO-BASED; VERIFY WITH OFFICIAL SURVEILLANCE
2039-02,1206509000,Sultan Kudarat,PALIMBANG,0.16099336607967135,2.2343857362967894,COLD_SPOT_90,0,0,36.29506920338017,LOW,47.645395240179745,NEIGHBOR_INFECTIOUS_PRESSURE,DYNAMIC SPATIOTEMPORAL WATCH,SCENARIO-BASED; VERIFY WITH OFFICIAL SURVEILLANCE
2039-03,1206311000,South Cotabato,NORALA,0.624543045123958,5.475393746578733,HOT_SPOT_99,1,10,74.86298788528518,HIGH,45.462367679947356,TRANSMISSION_PRESSURE_PROXY+STATISTICAL_HOTSPOT+CONNECTED_HOTSPOT_CLUSTER,DYNAMIC SPATIOTEMPORAL WATCH,SCENARIO-BASED; VERIFY WITH OFFICIAL SURVEILLANCE
2039-03,1206315000,South Cotabato,TANTANGAN,0.41949018726021503,5.994398910106239,HOT_SPOT_99,1,10,72.92070847374241,HIGH,41.144591830235484,TRANSMISSION_PRESSURE_PROXY+STATISTICAL_HOTSPOT+CONNECTED_HOTSPOT_CLUSTER,DYNAMIC SPATIOTEMPORAL WATCH,SCENARIO-BASED; VERIFY WITH OFFICIAL SURVEILLANCE
2039-03,1206306000,South Cotabato,KORONADAL,2.769548269448152,7.247762232924814,HOT_SPOT_99,1,10,72.84916896365985,HIGH,49.98113158427428,TRANSMISSION_PRESSURE_PROXY+STATISTICAL_HOTSPOT+CONNECTED_HOTSPOT_CLUSTER,DYNAMIC SPATIOTEMPORAL WATCH,SCENARIO-BASED; VERIFY WITH OFFICIAL SURVEILLANCE
2039-03,1206511000,Sultan Kudarat,TACURONG,1.2976819611546515,6.341498494955262,HOT_SPOT_99,1,10,71.65216447726273,HIGH,44.51886076693881,TRANSMISSION_PRESSURE_PROXY+STATISTICAL_HOTSPOT+CONNECTED_HOTSPOT_CLUSTER,DYNAMIC SPATIOTEMPORAL WATCH,SCENARIO-BASED; VERIFY WITH OFFICIAL SURVEILLANCE
2039-03,1206318000,South Cotabato,SANTO NIÑO,0.5959299467553274,6.379938661201146,HOT_SPOT_95,1,10,69.18243371134622,HIGH,45.323446834479896,TRANSMISSION_PRESSURE_PROXY+STATISTICAL_HOTSPOT+CONNECTED_HOTSPOT_CLUSTER,DYNAMIC SPATIOTEMPORAL WATCH,SCENARIO-BASED; VERIFY WITH OFFICIAL SURVEILLANCE
2039-03,1206302000,South Cotabato,BANGA,0.8003396673295068,5.051947791662404,HOT_SPOT_99,1,10,68.50644459813903,HIGH,41.755320008586494,TRANSMISSION_PRESSURE_PROXY+STATISTICAL_HOTSPOT+CONNECTED_HOTSPOT_CLUSTER,DYNAMIC SPATIOTEMPORAL WATCH,SCENARIO-BASED; VERIFY WITH OFFICIAL SURVEILLANCE
2039-03,1204711000,Cotabato,PIGKAWAYAN,0.3057554531675816,3.3004778739179903,NOT_SIGNIFICANT,0,0,58.82261302332083,MODERATE,58.0090267430158,NEIGHBOR_INFECTIOUS_PRESSURE,DYNAMIC SPATIOTEMPORAL WATCH,SCENARIO-BASED; VERIFY WITH OFFICIAL SURVEILLANCE
2039-03,1206314000,South Cotabato,TAMPAKAN,0.3201345642722184,3.721593517965417,HOT_SPOT_95,1,10,53.87781245774485,MODERATE,32.70958722973998,STATISTICAL_HOTSPOT+CONNECTED_HOTSPOT_CLUSTER,DYNAMIC SPATIOTEMPORAL WATCH,SCENARIO-BASED; VERIFY WITH OFFICIAL SURVEILLANCE
2039-03,1206507000,Sultan Kudarat,LUTAYAN,0.3280264252738906,3.26161167652997,HOT_SPOT_95,1,10,49.03710774148994,MODERATE,37.28309337266904,STATISTICAL_HOTSPOT+CONNECTED_HOTSPOT_CLUSTER,DYNAMIC SPATIOTEMPORAL WATCH,SCENARIO-BASED; VERIFY WITH OFFICIAL SURVEILLANCE
2039-03,1206509000,Sultan Kudarat,PALIMBANG,0.2815168348546459,2.2393325733486034,COLD_SPOT_90,0,0,42.86991820865918,LOW,54.3117052233458,NEIGHBOR_INFECTIOUS_PRESSURE,DYNAMIC SPATIOTEMPORAL WATCH,SCENARIO-BASED; VERIFY WITH OFFICIAL SURVEILLANCE
2039-03,1204701000,Cotabato,ALAMADA,0.1984829061788171,2.2598955494490993,NOT_SIGNIFICANT,0,0,42.801089291947804,LOW,52.10707581756626,NEIGHBOR_INFECTIOUS_PRESSURE,DYNAMIC SPATIOTEMPORAL WATCH,SCENARIO-BASED; VERIFY WITH OFFICIAL SURVEILLANCE
2039-03,1204712000,Cotabato,PIKIT,0.1759254195946475,2.0805923326206335,NOT_SIGNIFICANT,0,0,41.47548024762905,LOW,50.61169412038539,NEIGHBOR_INFECTIOUS_PRESSURE,DYNAMIC SPATIOTEMPORAL WATCH,SCENARIO-BASED; VERIFY WITH OFFICIAL SURVEILLANCE
2039-04,1206315000,South Cotabato,TANTANGAN,0.40016838094464097,6.016173644968142,HOT_SPOT_99,1,10,79.78945414124216,HIGH,44.40492250830496,TRANSMISSION_PRESSURE_PROXY+STATISTICAL_HOTSPOT+CONNECTED_HOTSPOT_CLUSTER+NEIGHBOR_INFECTIOUS_PRESSURE,DYNAMIC SPATIOTEMPORAL WATCH,SCENARIO-BASED; VERIFY WITH OFFICIAL SURVEILLANCE
2039-04,1206511000,Sultan Kudarat,TACURONG,1.1638675263219886,6.360325819937231,HOT_SPOT_99,1,10,76.19165569384867,HIGH,46.10429884562847,TRANSMISSION_PRESSURE_PROXY+STATISTICAL_HOTSPOT+CONNECTED_HOTSPOT_CLUSTER,DYNAMIC SPATIOTEMPORAL WATCH,SCENARIO-BASED; VERIFY WITH OFFICIAL SURVEILLANCE
2039-04,1206302000,South Cotabato,BANGA,0.7305904413207058,5.073294239864669,HOT_SPOT_99,1,10,76.04455179964594,HIGH,44.523330154748656,TRANSMISSION_PRESSURE_PROXY+STATISTICAL_HOTSPOT+CONNECTED_HOTSPOT_CLUSTER+NEIGHBOR_INFECTIOUS_PRESSURE,DYNAMIC SPATIOTEMPORAL WATCH,SCENARIO-BASED; VERIFY WITH OFFICIAL SURVEILLANCE
2039-04,1206306000,South Cotabato,KORONADAL,2.3807028799862167,7.270935896953468,HOT_SPOT_99,1,10,73.54153694591756,HIGH,49.155366264361206,TRANSMISSION_PRESSURE_PROXY+STATISTICAL_HOTSPOT+CONNECTED_HOTSPOT_CLUSTER,DYNAMIC SPATIOTEMPORAL WATCH,SCENARIO-BASED; VERIFY WITH OFFICIAL SURVEILLANCE
2039-04,1206311000,South Cotabato,NORALA,0.3042382122804048,5.490611408946007,HOT_SPOT_99,1,10,73.00952285255711,HIGH,41.46570047982375,TRANSMISSION_PRESSURE_PROXY+STATISTICAL_HOTSPOT+CONNECTED_HOTSPOT_CLUSTER+NEIGHBOR_INFECTIOUS_PRESSURE,DYNAMIC SPATIOTEMPORAL WATCH,SCENARIO-BASED; VERIFY WITH OFFICIAL SURVEILLANCE
2039-04,1206318000,South Cotabato,SANTO NIÑO,0.3108117716120024,6.399321221868442,HOT_SPOT_95,1,10,69.66533671197747,HIGH,41.60468601221494,TRANSMISSION_PRESSURE_PROXY+STATISTICAL_HOTSPOT+CONNECTED_HOTSPOT_CLUSTER,DYNAMIC SPATIOTEMPORAL WATCH,SCENARIO-BASED; VERIFY WITH OFFICIAL SURVEILLANCE
2039-04,1206314000,South Cotabato,TAMPAKAN,0.4877809971853182,3.760181028332125,HOT_SPOT_95,1,10,61.7129946473275,MODERATE,36.17246430347306,STATISTICAL_HOTSPOT+CONNECTED_HOTSPOT_CLUSTER,DYNAMIC SPATIOTEMPORAL WATCH,SCENARIO-BASED; VERIFY WITH OFFICIAL SURVEILLANCE
2039-04,1204701000,Cotabato,ALAMADA,0.35088020489393146,2.275664623009258,NOT_SIGNIFICANT,0,0,50.511195696172706,MODERATE,56.00123527165464,NEIGHBOR_INFECTIOUS_PRESSURE,DYNAMIC SPATIOTEMPORAL WATCH,SCENARIO-BASED; VERIFY WITH OFFICIAL SURVEILLANCE
2039-04,1206507000,Sultan Kudarat,LUTAYAN,0.21580694739221967,3.269405413431032,HOT_SPOT_95,1,10,42.88305577884498,LOW,32.03419266083668,STATISTICAL_HOTSPOT+CONNECTED_HOTSPOT_CLUSTER+NEIGHBOR_INFECTIOUS_PRESSURE,DYNAMIC SPATIOTEMPORAL WATCH,SCENARIO-BASED; VERIFY WITH OFFICIAL SURVEILLANCE
2039-04,1204712000,Cotabato,PIKIT,0.1626774998143615,2.087240346496026,NOT_SIGNIFICANT,0,0,39.520371307704075,LOW,50.38501174282138,NEIGHBOR_INFECTIOUS_PRESSURE,DYNAMIC SPATIOTEMPORAL WATCH,SCENARIO-BASED; VERIFY WITH OFFICIAL SURVEILLANCE
2039-05,1206315000,South Cotabato,TANTANGAN,0.21717357520921593,6.023289870451375,HOT_SPOT_99,1,10,82.32060941032321,CRITICAL,46.26119404283614,TRANSMISSION_PRESSURE_PROXY+STATISTICAL_HOTSPOT+CONNECTED_HOTSPOT_CLUSTER+NEIGHBOR_INFECTIOUS_PRESSURE,DYNAMIC SPATIOTEMPORAL WATCH,SCENARIO-BASED; VERIFY WITH OFFICIAL SURVEILLANCE
2039-05,1206318000,South Cotabato,SANTO NIÑO,0.16623113187606364,6.405005527282748,HOT_SPOT_95,1,10,73.11009620578871,HIGH,43.375816623917785,TRANSMISSION_PRESSURE_PROXY+STATISTICAL_HOTSPOT+CONNECTED_HOTSPOT_CLUSTER,DYNAMIC SPATIOTEMPORAL WATCH,SCENARIO-BASED; VERIFY WITH OFFICIAL SURVEILLANCE
2039-05,1206306000,South Cotabato,KORONADAL,0.9289127800137298,7.270290406420456,HOT_SPOT_99,1,10,72.3727023584665,HIGH,46.56150614536517,TRANSMISSION_PRESSURE_PROXY+STATISTICAL_HOTSPOT+CONNECTED_HOTSPOT_CLUSTER,DYNAMIC SPATIOTEMPORAL WATCH,SCENARIO-BASED; VERIFY WITH OFFICIAL SURVEILLANCE
2039-05,1206511000,Sultan Kudarat,TACURONG,0.46997619415343395,6.359253364283008,HOT_SPOT_99,1,10,71.66985124781897,HIGH,43.31668627738265,TRANSMISSION_PRESSURE_PROXY+STATISTICAL_HOTSPOT+CONNECTED_HOTSPOT_CLUSTER,DYNAMIC SPATIOTEMPORAL WATCH,SCENARIO-BASED; VERIFY WITH OFFICIAL SURVEILLANCE
2039-05,1206311000,South Cotabato,NORALA,0.1442069757908096,5.492778278515906,HOT_SPOT_99,1,10,70.74406458850815,HIGH,40.74929069635132,TRANSMISSION_PRESSURE_PROXY+STATISTICAL_HOTSPOT+CONNECTED_HOTSPOT_CLUSTER+NEIGHBOR_INFECTIOUS_PRESSURE,DYNAMIC SPATIOTEMPORAL WATCH,SCENARIO-BASED; VERIFY WITH OFFICIAL SURVEILLANCE
2039-05,1206302000,South Cotabato,BANGA,0.26023911487131635,5.075334396128348,HOT_SPOT_99,1,10,68.19547445593409,HIGH,41.218422184273216,TRANSMISSION_PRESSURE_PROXY+STATISTICAL_HOTSPOT+CONNECTED_HOTSPOT_CLUSTER+NEIGHBOR_INFECTIOUS_PRESSURE,DYNAMIC SPATIOTEMPORAL WATCH,SCENARIO-BASED; VERIFY WITH OFFICIAL SURVEILLANCE
2039-05,1206314000,South Cotabato,TAMPAKAN,0.07907636220369683,3.7647396500869568,HOT_SPOT_95,1,10,51.77719731558378,MODERATE,30.6329451117466,STATISTICAL_HOTSPOT+CONNECTED_HOTSPOT_CLUSTER+NEIGHBOR_INFECTIOUS_PRESSURE,DYNAMIC SPATIOTEMPORAL WATCH,SCENARIO-BASED; VERIFY WITH OFFICIAL SURVEILLANCE
2039-05,1206507000,Sultan Kudarat,LUTAYAN,0.12254783993393426,3.2721869047965892,HOT_SPOT_95,1,10,46.1843670732113,MODERATE,34.64407387061239,STATISTICAL_HOTSPOT+CONNECTED_HOTSPOT_CLUSTER+NEIGHBOR_INFECTIOUS_PRESSURE,DYNAMIC SPATIOTEMPORAL WATCH,SCENARIO-BASED; VERIFY WITH OFFICIAL SURVEILLANCE
2039-06,1206311000,South Cotabato,NORALA,0.2508609856497968,5.502324020704529,HOT_SPOT_99,1,10,74.7236828321505,HIGH,41.05804581269445,TRANSMISSION_PRESSURE_PROXY+STATISTICAL_HOTSPOT+CONNECTED_HOTSPOT_CLUSTER+NEIGHBOR_INFECTIOUS_PRESSURE,DYNAMIC SPATIOTEMPORAL WATCH,SCENARIO-BASED; VERIFY WITH OFFICIAL SURVEILLANCE
2039-06,1206306000,South Cotabato,KORONADAL,1.5608656166945505,7.279568810633543,HOT_SPOT_99,1,10,71.94407336722573,HIGH,46.53702054309351,TRANSMISSION_PRESSURE_PROXY+STATISTICAL_HOTSPOT+CONNECTED_HOTSPOT_CLUSTER,DYNAMIC SPATIOTEMPORAL WATCH,SCENARIO-BASED; VERIFY WITH OFFICIAL SURVEILLANCE
2039-06,1206315000,South Cotabato,TANTANGAN,0.2432400616737565,6.032123097244674,HOT_SPOT_99,1,10,71.82056143812922,HIGH,40.40728642953274,TRANSMISSION_PRESSURE_PROXY+STATISTICAL_HOTSPOT+CONNECTED_HOTSPOT_CLUSTER,DYNAMIC SPATIOTEMPORAL WATCH,SCENARIO-BASED; VERIFY WITH OFFICIAL SURVEILLANCE
2039-06,1206302000,South Cotabato,BANGA,0.4460692912781708,5.084159660394793,HOT_SPOT_99,1,10,69.66705249558758,HIGH,41.25146509348387,TRANSMISSION_PRESSURE_PROXY+STATISTICAL_HOTSPOT+CONNECTED_HOTSPOT_CLUSTER+NEIGHBOR_INFECTIOUS_PRESSURE,DYNAMIC SPATIOTEMPORAL WATCH,SCENARIO-BASED; VERIFY WITH OFFICIAL SURVEILLANCE
2039-06,1206318000,South Cotabato,SANTO NIÑO,0.22672245344334802,6.415610926211059,HOT_SPOT_95,1,10,67.73439878811733,HIGH,39.644792561857884,TRANSMISSION_PRESSURE_PROXY+STATISTICAL_HOTSPOT+CONNECTED_HOTSPOT_CLUSTER,DYNAMIC SPATIOTEMPORAL WATCH,SCENARIO-BASED; VERIFY WITH OFFICIAL SURVEILLANCE
2039-06,1206511000,Sultan Kudarat,TACURONG,0.6718872252648143,6.363654243474352,HOT_SPOT_99,1,10,66.23661080952637,HIGH,39.852043658545405,TRANSMISSION_PRESSURE_PROXY+STATISTICAL_HOTSPOT+CONNECTED_HOTSPOT_CLUSTER,DYNAMIC SPATIOTEMPORAL WATCH,SCENARIO-BASED; VERIFY WITH OFFICIAL SURVEILLANCE
2039-06,1206317000,South Cotabato,TUPI,0.39681571466903726,4.418557326165371,HOT_SPOT_90,1,10,57.91723762175458,MODERATE,33.78213511626521,CONNECTED_HOTSPOT_CLUSTER,DYNAMIC SPATIOTEMPORAL WATCH,SCENARIO-BASED; VERIFY WITH OFFICIAL SURVEILLANCE
2039-06,1206507000,Sultan Kudarat,LUTAYAN,0.26108681022107394,3.2822232050558746,HOT_SPOT_95,1,10,52.01889945990955,MODERATE,37.45259424095394,STATISTICAL_HOTSPOT+CONNECTED_HOTSPOT_CLUSTER,DYNAMIC SPATIOTEMPORAL WATCH,SCENARIO-BASED; VERIFY WITH OFFICIAL SURVEILLANCE
2039-06,1206314000,South Cotabato,TAMPAKAN,0.09630537744571778,3.7709407214617903,HOT_SPOT_95,1,10,50.93706273971541,MODERATE,30.297227941652128,STATISTICAL_HOTSPOT+CONNECTED_HOTSPOT_CLUSTER+NEIGHBOR_INFECTIOUS_PRESSURE,DYNAMIC SPATIOTEMPORAL WATCH,SCENARIO-BASED; VERIFY WITH OFFICIAL SURVEILLANCE
2039-06,1204706000,Cotabato,MAGPET,0.10621229028380091,2.6569754093534095,NOT_SIGNIFICANT,0,0,41.30684810396171,LOW,45.11445174746535,NEIGHBOR_INFECTIOUS_PRESSURE,DYNAMIC SPATIOTEMPORAL WATCH,SCENARIO-BASED; VERIFY WITH OFFICIAL SURVEILLANCE
2039-07,1206306000,South Cotabato,KORONADAL,1.4709183636545315,7.287636447869383,HOT_SPOT_99,1,10,77.61757552110357,HIGH,50.205492299099525,TRANSMISSION_PRESSURE_PROXY+STATISTICAL_HOTSPOT+CONNECTED_HOTSPOT_CLUSTER,DYNAMIC SPATIOTEMPORAL WATCH,SCENARIO-BASED; VERIFY WITH OFFICIAL SURVEILLANCE
2039-07,1206511000,Sultan Kudarat,TACURONG,0.9924930818411122,6.37712130085047,HOT_SPOT_99,1,10,68.9366349973416,HIGH,45.13996010858596,TRANSMISSION_PRESSURE_PROXY+STATISTICAL_HOTSPOT+CONNECTED_HOTSPOT_CLUSTER,DYNAMIC SPATIOTEMPORAL WATCH,SCENARIO-BASED; VERIFY WITH OFFICIAL SURVEILLANCE
2039-07,1206314000,South Cotabato,TAMPAKAN,0.2265872164030369,3.7880016470678894,HOT_SPOT_95,1,10,65.4385154000186,HIGH,35.98972270713776,TRANSMISSION_PRESSURE_PROXY+STATISTICAL_HOTSPOT+CONNECTED_HOTSPOT_CLUSTER+NEIGHBOR_INFECTIOUS_PRESSURE,DYNAMIC SPATIOTEMPORAL WATCH,SCENARIO-BASED; VERIFY WITH OFFICIAL SURVEILLANCE
2039-07,1206311000,South Cotabato,NORALA,0.16886520062717117,5.506241246253651,HOT_SPOT_99,1,10,61.47373819094663,MODERATE,38.09990098717803,STATISTICAL_HOTSPOT+CONNECTED_HOTSPOT_CLUSTER,DYNAMIC SPATIOTEMPORAL WATCH,SCENARIO-BASED; VERIFY WITH OFFICIAL SURVEILLANCE
2039-07,1206315000,South Cotabato,TANTANGAN,0.16657604244094268,6.035703933160191,HOT_SPOT_99,1,10,59.018217191164425,MODERATE,36.48455218242413,STATISTICAL_HOTSPOT+CONNECTED_HOTSPOT_CLUSTER,DYNAMIC SPATIOTEMPORAL WATCH,SCENARIO-BASED; VERIFY WITH OFFICIAL SURVEILLANCE
2039-07,1206302000,South Cotabato,BANGA,0.32883239461196334,5.0887561807906145,HOT_SPOT_99,1,10,57.81473836147587,MODERATE,37.628087411289485,STATISTICAL_HOTSPOT+CONNECTED_HOTSPOT_CLUSTER,DYNAMIC SPATIOTEMPORAL WATCH,SCENARIO-BASED; VERIFY WITH OFFICIAL SURVEILLANCE
2039-07,1206318000,South Cotabato,SANTO NIÑO,0.14934753152035546,6.419897244217538,HOT_SPOT_95,1,10,53.74061887303115,MODERATE,36.20207686740653,STATISTICAL_HOTSPOT+CONNECTED_HOTSPOT_CLUSTER,DYNAMIC SPATIOTEMPORAL WATCH,SCENARIO-BASED; VERIFY WITH OFFICIAL SURVEILLANCE
2039-07,1206507000,Sultan Kudarat,LUTAYAN,0.14600657086495686,3.2862241697700574,HOT_SPOT_95,1,10,44.17382872076559,LOW,32.66175530557271,STATISTICAL_HOTSPOT+CONNECTED_HOTSPOT_CLUSTER+NEIGHBOR_INFECTIOUS_PRESSURE,DYNAMIC SPATIOTEMPORAL WATCH,SCENARIO-BASED; VERIFY WITH OFFICIAL SURVEILLANCE
2039-07,1204706000,Cotabato,MAGPET,0.08402522162029531,2.661556881293698,NOT_SIGNIFICANT,0,0,41.3879739709956,LOW,45.10138129502911,NEIGHBOR_INFECTIOUS_PRESSURE,DYNAMIC SPATIOTEMPORAL WATCH,SCENARIO-BASED; VERIFY WITH OFFICIAL SURVEILLANCE
2039-07,1204712000,Cotabato,PIKIT,0.11158734528839892,2.101136128597932,NOT_SIGNIFICANT,0,0,37.20641932865694,LOW,48.60592611430101,NEIGHBOR_INFECTIOUS_PRESSURE,DYNAMIC SPATIOTEMPORAL WATCH,SCENARIO-BASED; VERIFY WITH OFFICIAL SURVEILLANCE
2039-08,1206306000,South Cotabato,KORONADAL,1.2208115382079616,7.292422481079937,HOT_SPOT_99,1,10,72.63312477925126,HIGH,47.1972407547875,TRANSMISSION_PRESSURE_PROXY+STATISTICAL_HOTSPOT+CONNECTED_HOTSPOT_CLUSTER,DYNAMIC SPATIOTEMPORAL WATCH,SCENARIO-BASED; VERIFY WITH OFFICIAL SURVEILLANCE
2039-08,1206311000,South Cotabato,NORALA,0.19655882137873862,5.51240236925921,HOT_SPOT_99,1,10,63.514511278400455,MODERATE,38.80110347557563,STATISTICAL_HOTSPOT+CONNECTED_HOTSPOT_CLUSTER,DYNAMIC SPATIOTEMPORAL WATCH,SCENARIO-BASED; VERIFY WITH OFFICIAL SURVEILLANCE
2039-08,1206511000,Sultan Kudarat,TACURONG,0.663258526588511,6.38213428984314,HOT_SPOT_99,1,10,63.495787801855755,MODERATE,39.2970011032004,STATISTICAL_HOTSPOT+CONNECTED_HOTSPOT_CLUSTER,DYNAMIC SPATIOTEMPORAL WATCH,SCENARIO-BASED; VERIFY WITH OFFICIAL SURVEILLANCE
2039-08,1206315000,South Cotabato,TANTANGAN,0.19335542177463938,6.041458709076576,HOT_SPOT_99,1,10,61.847124515515404,MODERATE,37.768796860989255,STATISTICAL_HOTSPOT+CONNECTED_HOTSPOT_CLUSTER,DYNAMIC SPATIOTEMPORAL WATCH,SCENARIO-BASED; VERIFY WITH OFFICIAL SURVEILLANCE
2039-08,1206302000,South Cotabato,BANGA,0.33295670226330704,5.093797643026676,HOT_SPOT_99,1,10,56.113645409831584,MODERATE,37.297282267904876,STATISTICAL_HOTSPOT+CONNECTED_HOTSPOT_CLUSTER,DYNAMIC SPATIOTEMPORAL WATCH,SCENARIO-BASED; VERIFY WITH OFFICIAL SURVEILLANCE
2039-08,1206318000,South Cotabato,SANTO NIÑO,0.15740169547880528,6.4251413366128185,HOT_SPOT_95,1,10,55.865924028344594,MODERATE,36.96696536214412,STATISTICAL_HOTSPOT+CONNECTED_HOTSPOT_CLUSTER,DYNAMIC SPATIOTEMPORAL WATCH,SCENARIO-BASED; VERIFY WITH OFFICIAL SURVEILLANCE
2039-08,1206314000,South Cotabato,TAMPAKAN,0.09847664371943218,3.7940957080195417,HOT_SPOT_95,1,10,49.589609042152624,MODERATE,29.36394250184133,STATISTICAL_HOTSPOT+CONNECTED_HOTSPOT_CLUSTER+NEIGHBOR_INFECTIOUS_PRESSURE,DYNAMIC SPATIOTEMPORAL WATCH,SCENARIO-BASED; VERIFY WITH OFFICIAL SURVEILLANCE
2039-08,1204701000,Cotabato,ALAMADA,0.1721386574147133,2.2956538160905713,NOT_SIGNIFICANT,0,0,47.07280917821751,MODERATE,55.44613175340719,NEIGHBOR_INFECTIOUS_PRESSURE,DYNAMIC SPATIOTEMPORAL WATCH,SCENARIO-BASED; VERIFY WITH OFFICIAL SURVEILLANCE
2039-08,1204706000,Cotabato,MAGPET,0.10596307968412982,2.6674725000242647,NOT_SIGNIFICANT,0,0,46.020991551410205,MODERATE,49.25362068661603,NEIGHBOR_INFECTIOUS_PRESSURE,DYNAMIC SPATIOTEMPORAL WATCH,SCENARIO-BASED; VERIFY WITH OFFICIAL SURVEILLANCE
2039-08,1206507000,Sultan Kudarat,LUTAYAN,0.15294571979717794,3.2906998718713,HOT_SPOT_95,1,10,43.55873868966738,LOW,32.25570413025173,STATISTICAL_HOTSPOT+CONNECTED_HOTSPOT_CLUSTER+NEIGHBOR_INFECTIOUS_PRESSURE,DYNAMIC SPATIOTEMPORAL WATCH,SCENARIO-BASED; VERIFY WITH OFFICIAL SURVEILLANCE
2039-08,1204712000,Cotabato,PIKIT,0.13605304468224538,2.1066249189457875,NOT_SIGNIFICANT,0,0,42.54652886750869,LOW,51.7009279674593,NEIGHBOR_INFECTIOUS_PRESSURE,DYNAMIC SPATIOTEMPORAL WATCH,SCENARIO-BASED; VERIFY WITH OFFICIAL SURVEILLANCE
2039-08,1204718000,Cotabato,ARAKAN,0.0843670120843042,2.4193961744256627,NOT_SIGNIFICANT,0,0,39.107336875194875,LOW,41.8006440391815,NEIGHBOR_INFECTIOUS_PRESSURE,DYNAMIC SPATIOTEMPORAL WATCH,SCENARIO-BASED; VERIFY WITH OFFICIAL SURVEILLANCE
2039-09,1206306000,South Cotabato,KORONADAL,0.9164338335997408,7.293239013939529,HOT_SPOT_99,1,10,73.35524883979676,HIGH,47.86344388145242,TRANSMISSION_PRESSURE_PROXY+STATISTICAL_HOTSPOT+CONNECTED_HOTSPOT_CLUSTER,DYNAMIC SPATIOTEMPORAL WATCH,SCENARIO-BASED; VERIFY WITH OFFICIAL SURVEILLANCE
2039-09,1206315000,South Cotabato,TANTANGAN,0.19645226330204005,6.047838444648749,HOT_SPOT_99,1,10,70.83071666183848,HIGH,43.74826716604139,TRANSMISSION_PRESSURE_PROXY+STATISTICAL_HOTSPOT+CONNECTED_HOTSPOT_CLUSTER,DYNAMIC SPATIOTEMPORAL WATCH,SCENARIO-BASED; VERIFY WITH OFFICIAL SURVEILLANCE
2039-09,1206318000,South Cotabato,SANTO NIÑO,0.20475095836833543,6.434716549605507,HOT_SPOT_95,1,10,67.37693269381958,HIGH,44.59049013556736,TRANSMISSION_PRESSURE_PROXY+STATISTICAL_HOTSPOT+CONNECTED_HOTSPOT_CLUSTER,DYNAMIC SPATIOTEMPORAL WATCH,SCENARIO-BASED; VERIFY WITH OFFICIAL SURVEILLANCE
2039-09,1206311000,South Cotabato,NORALA,0.1362916319307131,5.514759047536353,HOT_SPOT_99,1,10,64.01419322387567,MODERATE,39.0461918578209,STATISTICAL_HOTSPOT+CONNECTED_HOTSPOT_CLUSTER,DYNAMIC SPATIOTEMPORAL WATCH,SCENARIO-BASED; VERIFY WITH OFFICIAL SURVEILLANCE
2039-09,1206511000,Sultan Kudarat,TACURONG,0.4357809638417237,6.381679610589468,HOT_SPOT_99,1,10,62.68977085040558,MODERATE,39.178294375140005,STATISTICAL_HOTSPOT+CONNECTED_HOTSPOT_CLUSTER,DYNAMIC SPATIOTEMPORAL WATCH,SCENARIO-BASED; VERIFY WITH OFFICIAL SURVEILLANCE
2039-09,1206302000,South Cotabato,BANGA,0.2376105279047083,5.095714007919563,HOT_SPOT_99,1,10,56.85497447760297,MODERATE,37.79312153758984,STATISTICAL_HOTSPOT+CONNECTED_HOTSPOT_CLUSTER,DYNAMIC SPATIOTEMPORAL WATCH,SCENARIO-BASED; VERIFY WITH OFFICIAL SURVEILLANCE
2039-09,1206507000,Sultan Kudarat,LUTAYAN,0.16933909707965977,3.2962235467327954,HOT_SPOT_95,1,10,55.13480192984132,MODERATE,37.96927963500157,STATISTICAL_HOTSPOT+CONNECTED_HOTSPOT_CLUSTER+NEIGHBOR_INFECTIOUS_PRESSURE,DYNAMIC SPATIOTEMPORAL WATCH,SCENARIO-BASED; VERIFY WITH OFFICIAL SURVEILLANCE
2039-09,1204718000,Cotabato,ARAKAN,0.13525028309981316,2.428001750184954,NOT_SIGNIFICANT,0,0,52.997467052161085,MODERATE,47.62462168075796,NEIGHBOR_INFECTIOUS_PRESSURE,DYNAMIC SPATIOTEMPORAL WATCH,SCENARIO-BASED; VERIFY WITH OFFICIAL SURVEILLANCE
2039-09,1204712000,Cotabato,PIKIT,0.14664248464466775,2.112709277347316,NOT_SIGNIFICANT,0,0,51.86792635412183,MODERATE,56.04062351101952,NEIGHBOR_INFECTIOUS_PRESSURE,DYNAMIC SPATIOTEMPORAL WATCH,SCENARIO-BASED; VERIFY WITH OFFICIAL SURVEILLANCE
2039-09,1206314000,South Cotabato,TAMPAKAN,0.053687136549273436,3.7967446350271756,HOT_SPOT_95,1,10,46.97066490954055,MODERATE,28.453295523842982,STATISTICAL_HOTSPOT+CONNECTED_HOTSPOT_CLUSTER+NEIGHBOR_INFECTIOUS_PRESSURE,DYNAMIC SPATIOTEMPORAL WATCH,SCENARIO-BASED; VERIFY WITH OFFICIAL SURVEILLANCE
2039-09,1204701000,Cotabato,ALAMADA,0.09825331123516877,2.2991628240560087,NOT_SIGNIFICANT,0,0,42.42627049518303,LOW,51.37932492335979,NEIGHBOR_INFECTIOUS_PRESSURE,DYNAMIC SPATIOTEMPORAL WATCH,SCENARIO-BASED; VERIFY WITH OFFICIAL SURVEILLANCE
2039-10,1206311000,South Cotabato,NORALA,0.2924706531431129,5.52843586068568,HOT_SPOT_99,1,10,72.37371692908975,HIGH,44.028821454096054,TRANSMISSION_PRESSURE_PROXY+STATISTICAL_HOTSPOT+CONNECTED_HOTSPOT_CLUSTER,DYNAMIC SPATIOTEMPORAL WATCH,SCENARIO-BASED; VERIFY WITH OFFICIAL SURVEILLANCE
2039-10,1206318000,South Cotabato,SANTO NIÑO,0.3853051815440471,6.459632410089276,HOT_SPOT_95,1,10,69.13180078979248,HIGH,45.33839909806926,TRANSMISSION_PRESSURE_PROXY+STATISTICAL_HOTSPOT+CONNECTED_HOTSPOT_CLUSTER,DYNAMIC SPATIOTEMPORAL WATCH,SCENARIO-BASED; VERIFY WITH OFFICIAL SURVEILLANCE
2039-10,1206306000,South Cotabato,KORONADAL,1.4978503109319041,7.3042380536737115,HOT_SPOT_99,1,10,68.69330670116967,HIGH,46.10139438771111,TRANSMISSION_PRESSURE_PROXY+STATISTICAL_HOTSPOT+CONNECTED_HOTSPOT_CLUSTER,DYNAMIC SPATIOTEMPORAL WATCH,SCENARIO-BASED; VERIFY WITH OFFICIAL SURVEILLANCE
2039-10,1206302000,South Cotabato,BANGA,0.5527501498534513,5.109658127470925,HOT_SPOT_99,1,10,66.95324672256233,HIGH,43.634474326476145,TRANSMISSION_PRESSURE_PROXY+STATISTICAL_HOTSPOT+CONNECTED_HOTSPOT_CLUSTER,DYNAMIC SPATIOTEMPORAL WATCH,SCENARIO-BASED; VERIFY WITH OFFICIAL SURVEILLANCE
2039-10,1206511000,Sultan Kudarat,TACURONG,0.8116885719801986,6.3925083722832525,HOT_SPOT_99,1,10,66.83322674195217,HIGH,40.97721927630007,TRANSMISSION_PRESSURE_PROXY+STATISTICAL_HOTSPOT+CONNECTED_HOTSPOT_CLUSTER,DYNAMIC SPATIOTEMPORAL WATCH,SCENARIO-BASED; VERIFY WITH OFFICIAL SURVEILLANCE
2039-10,1206315000,South Cotabato,TANTANGAN,0.20618453294121428,6.055281486818258,HOT_SPOT_99,1,10,61.36380097936086,MODERATE,38.57440452184957,STATISTICAL_HOTSPOT+CONNECTED_HOTSPOT_CLUSTER,DYNAMIC SPATIOTEMPORAL WATCH,SCENARIO-BASED; VERIFY WITH OFFICIAL SURVEILLANCE
2039-10,1206317000,South Cotabato,TUPI,0.5101803803384005,4.446947333544064,HOT_SPOT_90,1,10,55.63804655125677,MODERATE,35.39973920675965,CONNECTED_HOTSPOT_CLUSTER,DYNAMIC SPATIOTEMPORAL WATCH,SCENARIO-BASED; VERIFY WITH OFFICIAL SURVEILLANCE
2039-10,1206507000,Sultan Kudarat,LUTAYAN,0.2749804315108708,3.3074367198073102,HOT_SPOT_95,1,10,47.04515718445085,MODERATE,35.58974762685399,STATISTICAL_HOTSPOT+CONNECTED_HOTSPOT_CLUSTER,DYNAMIC SPATIOTEMPORAL WATCH,SCENARIO-BASED; VERIFY WITH OFFICIAL SURVEILLANCE
2039-10,1204712000,Cotabato,PIKIT,0.16773988009165613,2.119813553599735,NOT_SIGNIFICANT,0,0,45.74511473176266,MODERATE,52.51329733589291,NEIGHBOR_INFECTIOUS_PRESSURE,DYNAMIC SPATIOTEMPORAL WATCH,SCENARIO-BASED; VERIFY WITH OFFICIAL SURVEILLANCE
2039-10,1204701000,Cotabato,ALAMADA,0.13504236326711097,2.3043690269582764,NOT_SIGNIFICANT,0,0,42.07397060127905,LOW,50.85679047757059,NEIGHBOR_INFECTIOUS_PRESSURE,DYNAMIC SPATIOTEMPORAL WATCH,SCENARIO-BASED; VERIFY WITH OFFICIAL SURVEILLANCE
2039-10,1204718000,Cotabato,ARAKAN,0.09583066845049558,2.4337373769515067,NOT_SIGNIFICANT,0,0,41.36733999850915,LOW,42.66921517091666,NEIGHBOR_INFECTIOUS_PRESSURE,DYNAMIC SPATIOTEMPORAL WATCH,SCENARIO-BASED; VERIFY WITH OFFICIAL SURVEILLANCE
2039-10,1206314000,South Cotabato,TAMPAKAN,0.09112848576105675,3.802407071825924,HOT_SPOT_95,1,10,40.18988285007165,LOW,25.364255140226103,STATISTICAL_HOTSPOT+CONNECTED_HOTSPOT_CLUSTER,DYNAMIC SPATIOTEMPORAL WATCH,SCENARIO-BASED; VERIFY WITH OFFICIAL SURVEILLANCE
2039-10,1206509000,Sultan Kudarat,PALIMBANG,0.16730729545766612,2.2719822149261795,COLD_SPOT_90,0,0,37.80049862563897,LOW,48.60885754211989,NEIGHBOR_INFECTIOUS_PRESSURE,DYNAMIC SPATIOTEMPORAL WATCH,SCENARIO-BASED; VERIFY WITH OFFICIAL SURVEILLANCE
2039-11,1206311000,South Cotabato,NORALA,0.5370101000299584,5.5594801046392215,HOT_SPOT_99,1,10,76.11538273198549,HIGH,46.07961855345126,TRANSMISSION_PRESSURE_PROXY+STATISTICAL_HOTSPOT+CONNECTED_HOTSPOT_CLUSTER,DYNAMIC SPATIOTEMPORAL WATCH,SCENARIO-BASED; VERIFY WITH OFFICIAL SURVEILLANCE
2039-11,1206315000,South Cotabato,TANTANGAN,0.6214908685351126,6.092016685472507,HOT_SPOT_99,1,10,71.98264571966797,HIGH,44.63050852780887,TRANSMISSION_PRESSURE_PROXY+STATISTICAL_HOTSPOT+CONNECTED_HOTSPOT_CLUSTER,DYNAMIC SPATIOTEMPORAL WATCH,SCENARIO-BASED; VERIFY WITH OFFICIAL SURVEILLANCE
2039-11,1206306000,South Cotabato,KORONADAL,2.21884029149219,7.327334556193538,HOT_SPOT_99,1,10,70.24421019300246,HIGH,47.75119717776436,TRANSMISSION_PRESSURE_PROXY+STATISTICAL_HOTSPOT+CONNECTED_HOTSPOT_CLUSTER,DYNAMIC SPATIOTEMPORAL WATCH,SCENARIO-BASED; VERIFY WITH OFFICIAL SURVEILLANCE
2039-11,1206318000,South Cotabato,SANTO NIÑO,0.41574465576434816,6.48855247985367,HOT_SPOT_95,1,10,68.69805380682801,HIGH,42.55469840276266,TRANSMISSION_PRESSURE_PROXY+STATISTICAL_HOTSPOT+CONNECTED_HOTSPOT_CLUSTER,DYNAMIC SPATIOTEMPORAL WATCH,SCENARIO-BASED; VERIFY WITH OFFICIAL SURVEILLANCE
2039-11,1206302000,South Cotabato,BANGA,0.6105492274849976,5.126005672986956,HOT_SPOT_99,1,10,62.164308516344356,MODERATE,39.61376426494685,STATISTICAL_HOTSPOT+CONNECTED_HOTSPOT_CLUSTER,DYNAMIC SPATIOTEMPORAL WATCH,SCENARIO-BASED; VERIFY WITH OFFICIAL SURVEILLANCE
2039-11,1206511000,Sultan Kudarat,TACURONG,0.9156360652124321,6.406858648741766,HOT_SPOT_99,1,10,61.76102336490366,MODERATE,38.937157908337,STATISTICAL_HOTSPOT+CONNECTED_HOTSPOT_CLUSTER,DYNAMIC SPATIOTEMPORAL WATCH,SCENARIO-BASED; VERIFY WITH OFFICIAL SURVEILLANCE
2039-11,1206507000,Sultan Kudarat,LUTAYAN,0.4418283543707499,3.3275333914888314,HOT_SPOT_95,1,10,50.02913334594537,MODERATE,36.023099609679335,STATISTICAL_HOTSPOT+CONNECTED_HOTSPOT_CLUSTER,DYNAMIC SPATIOTEMPORAL WATCH,SCENARIO-BASED; VERIFY WITH OFFICIAL SURVEILLANCE
2039-11,1204701000,Cotabato,ALAMADA,0.24455661499271655,2.314869065095925,NOT_SIGNIFICANT,0,0,45.26371127885721,MODERATE,53.14499598880693,NEIGHBOR_INFECTIOUS_PRESSURE,DYNAMIC SPATIOTEMPORAL WATCH,SCENARIO-BASED; VERIFY WITH OFFICIAL SURVEILLANCE
2039-11,1204712000,Cotabato,PIKIT,0.17242617787590966,2.1270980103400112,NOT_SIGNIFICANT,0,0,38.42571062174065,LOW,47.54247925346322,NEIGHBOR_INFECTIOUS_PRESSURE,DYNAMIC SPATIOTEMPORAL WATCH,SCENARIO-BASED; VERIFY WITH OFFICIAL SURVEILLANCE
2039-11,1204718000,Cotabato,ARAKAN,0.12116122314805458,2.4410843927156374,NOT_SIGNIFICANT,0,0,37.78279584750328,LOW,41.33953323898118,NEIGHBOR_INFECTIOUS_PRESSURE,DYNAMIC SPATIOTEMPORAL WATCH,SCENARIO-BASED; VERIFY WITH OFFICIAL SURVEILLANCE
2039-11,1206509000,Sultan Kudarat,PALIMBANG,0.25142048687700475,2.277418947536049,COLD_SPOT_90,0,0,36.167948324273375,LOW,49.40351883570167,NEIGHBOR_INFECTIOUS_PRESSURE,DYNAMIC SPATIOTEMPORAL WATCH,SCENARIO-BASED; VERIFY WITH OFFICIAL SURVEILLANCE
2039-11,1206314000,South Cotabato,TAMPAKAN,0.11674556656428015,3.8101232725903293,HOT_SPOT_95,1,10,35.830237560343264,LOW,23.805807395301457,STATISTICAL_HOTSPOT+CONNECTED_HOTSPOT_CLUSTER,DYNAMIC SPATIOTEMPORAL WATCH,SCENARIO-BASED; VERIFY WITH OFFICIAL SURVEILLANCE
2039-12,1206306000,South Cotabato,KORONADAL,1.016106609491132,7.331512107223496,HOT_SPOT_99,1,10,73.3757257512062,HIGH,49.34497159066242,TRANSMISSION_PRESSURE_PROXY+STATISTICAL_HOTSPOT+CONNECTED_HOTSPOT_CLUSTER,DYNAMIC SPATIOTEMPORAL WATCH,SCENARIO-BASED; VERIFY WITH OFFICIAL SURVEILLANCE
2039-12,1206511000,Sultan Kudarat,TACURONG,0.4924917213133561,6.409663258619474,HOT_SPOT_99,1,10,71.69718675558136,HIGH,44.94247419908544,TRANSMISSION_PRESSURE_PROXY+STATISTICAL_HOTSPOT+CONNECTED_HOTSPOT_CLUSTER,DYNAMIC SPATIOTEMPORAL WATCH,SCENARIO-BASED; VERIFY WITH OFFICIAL SURVEILLANCE
2039-12,1206311000,South Cotabato,NORALA,0.12915850363541206,5.563385102834579,HOT_SPOT_99,1,10,69.89975191053236,HIGH,40.545645068215045,TRANSMISSION_PRESSURE_PROXY+STATISTICAL_HOTSPOT+CONNECTED_HOTSPOT_CLUSTER+NEIGHBOR_INFECTIOUS_PRESSURE,DYNAMIC SPATIOTEMPORAL WATCH,SCENARIO-BASED; VERIFY WITH OFFICIAL SURVEILLANCE
2039-12,1206315000,South Cotabato,TANTANGAN,0.131604133043228,6.095836800485309,HOT_SPOT_99,1,10,67.31325445295937,HIGH,39.66200034911976,TRANSMISSION_PRESSURE_PROXY+STATISTICAL_HOTSPOT+CONNECTED_HOTSPOT_CLUSTER,DYNAMIC SPATIOTEMPORAL WATCH,SCENARIO-BASED; VERIFY WITH OFFICIAL SURVEILLANCE
2039-12,1206318000,South Cotabato,SANTO NIÑO,0.13927232735248274,6.494642961936753,HOT_SPOT_95,1,10,65.569068474754,HIGH,39.48769846637618,TRANSMISSION_PRESSURE_PROXY+STATISTICAL_HOTSPOT+CONNECTED_HOTSPOT_CLUSTER,DYNAMIC SPATIOTEMPORAL WATCH,SCENARIO-BASED; VERIFY WITH OFFICIAL SURVEILLANCE
2039-12,1206302000,South Cotabato,BANGA,0.2004702080706707,5.1273315914258815,HOT_SPOT_99,1,10,61.73846577035842,MODERATE,39.33767251353164,STATISTICAL_HOTSPOT+CONNECTED_HOTSPOT_CLUSTER+NEIGHBOR_INFECTIOUS_PRESSURE,DYNAMIC SPATIOTEMPORAL WATCH,SCENARIO-BASED; VERIFY WITH OFFICIAL SURVEILLANCE
2039-12,1206317000,South Cotabato,TUPI,0.27675100897285165,4.465070798734202,HOT_SPOT_90,1,10,55.220557651997424,MODERATE,35.08218505704461,CONNECTED_HOTSPOT_CLUSTER,DYNAMIC SPATIOTEMPORAL WATCH,SCENARIO-BASED; VERIFY WITH OFFICIAL SURVEILLANCE
2039-12,1206507000,Sultan Kudarat,LUTAYAN,0.10867796866975209,3.3306365876673416,HOT_SPOT_95,1,10,42.791338020620074,LOW,30.728588248469393,STATISTICAL_HOTSPOT+CONNECTED_HOTSPOT_CLUSTER,DYNAMIC SPATIOTEMPORAL WATCH,SCENARIO-BASED; VERIFY WITH OFFICIAL SURVEILLANCE
2039-12,1206314000,South Cotabato,TAMPAKAN,0.04976735249747611,3.812384001781241,HOT_SPOT_95,1,10,41.63154427993007,LOW,27.59557595445418,STATISTICAL_HOTSPOT+CONNECTED_HOTSPOT_CLUSTER,DYNAMIC SPATIOTEMPORAL WATCH,SCENARIO-BASED; VERIFY WITH OFFICIAL SURVEILLANCE
2039-12,1204712000,Cotabato,PIKIT,0.08089585887948407,2.1297143012631223,NOT_SIGNIFICANT,0,0,38.883312921877106,LOW,48.86017097057568,NEIGHBOR_INFECTIOUS_PRESSURE,DYNAMIC SPATIOTEMPORAL WATCH,SCENARIO-BASED; VERIFY WITH OFFICIAL SURVEILLANCE
2039-12,1204701000,Cotabato,ALAMADA,0.08189823110867567,2.317201980483793,NOT_SIGNIFICANT,0,0,38.66131912793392,LOW,49.398589273311124,NEIGHBOR_INFECTIOUS_PRESSURE,DYNAMIC SPATIOTEMPORAL WATCH,SCENARIO-BASED; VERIFY WITH OFFICIAL SURVEILLANCE
2040-01,1206311000,South Cotabato,NORALA,0.10821082053978212,5.564293085262916,HOT_SPOT_99,1,10,75.1840724674282,HIGH,41.959282547363216,TRANSMISSION_PRESSURE_PROXY+STATISTICAL_HOTSPOT+CONNECTED_HOTSPOT_CLUSTER+NEIGHBOR_INFECTIOUS_PRESSURE,DYNAMIC SPATIOTEMPORAL WATCH,SCENARIO-BASED; VERIFY WITH OFFICIAL SURVEILLANCE
2040-01,1206315000,South Cotabato,TANTANGAN,0.11224587015051612,6.096813239578775,HOT_SPOT_99,1,10,73.26671718932242,HIGH,41.36628734583121,TRANSMISSION_PRESSURE_PROXY+STATISTICAL_HOTSPOT+CONNECTED_HOTSPOT_CLUSTER,DYNAMIC SPATIOTEMPORAL WATCH,SCENARIO-BASED; VERIFY WITH OFFICIAL SURVEILLANCE
2040-01,1206306000,South Cotabato,KORONADAL,0.6124248022004336,7.3288853857376415,HOT_SPOT_99,1,10,70.42987887264022,HIGH,46.6237064262581,TRANSMISSION_PRESSURE_PROXY+STATISTICAL_HOTSPOT+CONNECTED_HOTSPOT_CLUSTER,DYNAMIC SPATIOTEMPORAL WATCH,SCENARIO-BASED; VERIFY WITH OFFICIAL SURVEILLANCE
2040-01,1206318000,South Cotabato,SANTO NIÑO,0.09737507323860391,6.495760673863153,HOT_SPOT_95,1,10,67.18248527622862,HIGH,39.88956198424562,TRANSMISSION_PRESSURE_PROXY+STATISTICAL_HOTSPOT+CONNECTED_HOTSPOT_CLUSTER,DYNAMIC SPATIOTEMPORAL WATCH,SCENARIO-BASED; VERIFY WITH OFFICIAL SURVEILLANCE
2040-01,1206302000,South Cotabato,BANGA,0.1555508856102505,5.126796319488777,HOT_SPOT_99,1,10,62.791297720905646,MODERATE,40.1208168826932,STATISTICAL_HOTSPOT+CONNECTED_HOTSPOT_CLUSTER+NEIGHBOR_INFECTIOUS_PRESSURE,DYNAMIC SPATIOTEMPORAL WATCH,SCENARIO-BASED; VERIFY WITH OFFICIAL SURVEILLANCE
2040-01,1206511000,Sultan Kudarat,TACURONG,0.2509124650624337,6.405517876595162,HOT_SPOT_99,1,10,60.9042550700717,MODERATE,40.10356212288877,STATISTICAL_HOTSPOT+CONNECTED_HOTSPOT_CLUSTER,DYNAMIC SPATIOTEMPORAL WATCH,SCENARIO-BASED; VERIFY WITH OFFICIAL SURVEILLANCE
2040-01,1206314000,South Cotabato,TAMPAKAN,0.058333317301318355,3.815226187973181,HOT_SPOT_95,1,10,54.61205343725243,MODERATE,35.24601248523129,STATISTICAL_HOTSPOT+CONNECTED_HOTSPOT_CLUSTER+NEIGHBOR_INFECTIOUS_PRESSURE,DYNAMIC SPATIOTEMPORAL WATCH,SCENARIO-BASED; VERIFY WITH OFFICIAL SURVEILLANCE
2040-01,1204701000,Cotabato,ALAMADA,0.08474145456530927,2.3198808584653143,NOT_SIGNIFICANT,0,0,48.36064025620164,MODERATE,55.95084382841483,NEIGHBOR_INFECTIOUS_PRESSURE,DYNAMIC SPATIOTEMPORAL WATCH,SCENARIO-BASED; VERIFY WITH OFFICIAL SURVEILLANCE
2040-01,1204712000,Cotabato,PIKIT,0.06123983905023964,2.131277928953861,NOT_SIGNIFICANT,0,0,41.12667388459862,LOW,51.40379874464918,NEIGHBOR_INFECTIOUS_PRESSURE,DYNAMIC SPATIOTEMPORAL WATCH,SCENARIO-BASED; VERIFY WITH OFFICIAL SURVEILLANCE
2040-01,1206507000,Sultan Kudarat,LUTAYAN,0.07504816096967855,3.331371396876481,HOT_SPOT_95,1,10,40.78997157253534,LOW,29.982507984097815,STATISTICAL_HOTSPOT+CONNECTED_HOTSPOT_CLUSTER,DYNAMIC SPATIOTEMPORAL WATCH,SCENARIO-BASED; VERIFY WITH OFFICIAL SURVEILLANCE
2040-01,1206509000,Sultan Kudarat,PALIMBANG,0.08735818689642794,2.2812561402825526,COLD_SPOT_90,0,0,40.15651912264101,LOW,52.76753558863365,NEIGHBOR_INFECTIOUS_PRESSURE,DYNAMIC SPATIOTEMPORAL WATCH,SCENARIO-BASED; VERIFY WITH OFFICIAL SURVEILLANCE
2040-02,1206315000,South Cotabato,TANTANGAN,0.5586423530445708,6.12724837413424,HOT_SPOT_99,1,10,76.7187249988172,HIGH,45.256492527789476,TRANSMISSION_PRESSURE_PROXY+STATISTICAL_HOTSPOT+CONNECTED_HOTSPOT_CLUSTER,DYNAMIC SPATIOTEMPORAL WATCH,SCENARIO-BASED; VERIFY WITH OFFICIAL SURVEILLANCE
2040-02,1206302000,South Cotabato,BANGA,0.8617350343046121,5.150843931508708,HOT_SPOT_99,1,10,71.46038150984776,HIGH,45.532503923285006,TRANSMISSION_PRESSURE_PROXY+STATISTICAL_HOTSPOT+CONNECTED_HOTSPOT_CLUSTER,DYNAMIC SPATIOTEMPORAL WATCH,SCENARIO-BASED; VERIFY WITH OFFICIAL SURVEILLANCE
2040-02,1206511000,Sultan Kudarat,TACURONG,1.0612939158361212,6.422228598454775,HOT_SPOT_99,1,10,69.03014415554289,HIGH,43.618276266465806,TRANSMISSION_PRESSURE_PROXY+STATISTICAL_HOTSPOT+CONNECTED_HOTSPOT_CLUSTER,DYNAMIC SPATIOTEMPORAL WATCH,SCENARIO-BASED; VERIFY WITH OFFICIAL SURVEILLANCE
2040-02,1206306000,South Cotabato,KORONADAL,1.792871606587001,7.343614536805619,HOT_SPOT_99,1,10,68.99199478721083,HIGH,45.63089246579758,TRANSMISSION_PRESSURE_PROXY+STATISTICAL_HOTSPOT+CONNECTED_HOTSPOT_CLUSTER,DYNAMIC SPATIOTEMPORAL WATCH,SCENARIO-BASED; VERIFY WITH OFFICIAL SURVEILLANCE
2040-02,1206311000,South Cotabato,NORALA,0.2603302051682263,5.5750459609231875,HOT_SPOT_99,1,10,64.85501126866633,MODERATE,38.18367133195224,STATISTICAL_HOTSPOT+CONNECTED_HOTSPOT_CLUSTER,DYNAMIC SPATIOTEMPORAL WATCH,SCENARIO-BASED; VERIFY WITH OFFICIAL SURVEILLANCE
2040-02,1206318000,South Cotabato,SANTO NIÑO,0.254838694615607,6.509027088010616,HOT_SPOT_95,1,10,60.78853371188717,MODERATE,38.69063228377053,STATISTICAL_HOTSPOT+CONNECTED_HOTSPOT_CLUSTER,DYNAMIC SPATIOTEMPORAL WATCH,SCENARIO-BASED; VERIFY WITH OFFICIAL SURVEILLANCE
2040-02,1204711000,Cotabato,PIGKAWAYAN,0.15283722051391183,3.382884002466309,NOT_SIGNIFICANT,0,0,44.54020817811411,LOW,48.58636026261895,NEIGHBOR_INFECTIOUS_PRESSURE,DYNAMIC SPATIOTEMPORAL WATCH,SCENARIO-BASED; VERIFY WITH OFFICIAL SURVEILLANCE
2040-02,1206314000,South Cotabato,TAMPAKAN,0.14264346212260387,3.8246175290629534,HOT_SPOT_95,1,10,42.35617129271178,LOW,27.45150291350606,STATISTICAL_HOTSPOT+CONNECTED_HOTSPOT_CLUSTER,DYNAMIC SPATIOTEMPORAL WATCH,SCENARIO-BASED; VERIFY WITH OFFICIAL SURVEILLANCE
2040-02,1204712000,Cotabato,PIKIT,0.15313880724465745,2.137310230916175,NOT_SIGNIFICANT,0,0,40.61072480757946,LOW,50.235154390004716,NEIGHBOR_INFECTIOUS_PRESSURE,DYNAMIC SPATIOTEMPORAL WATCH,SCENARIO-BASED; VERIFY WITH OFFICIAL SURVEILLANCE
2040-02,1206507000,Sultan Kudarat,LUTAYAN,0.2024530352068783,3.338332785242262,HOT_SPOT_95,1,10,39.42446466099695,LOW,29.336994890529823,STATISTICAL_HOTSPOT+CONNECTED_HOTSPOT_CLUSTER,DYNAMIC SPATIOTEMPORAL WATCH,SCENARIO-BASED; VERIFY WITH OFFICIAL SURVEILLANCE
2040-02,1204701000,Cotabato,ALAMADA,0.15264155863362944,2.3256420373857676,NOT_SIGNIFICANT,0,0,39.42254398073115,LOW,48.71309641100987,NEIGHBOR_INFECTIOUS_PRESSURE,DYNAMIC SPATIOTEMPORAL WATCH,SCENARIO-BASED; VERIFY WITH OFFICIAL SURVEILLANCE
2040-02,1206509000,Sultan Kudarat,PALIMBANG,0.16864010175161834,2.2879911523838357,COLD_SPOT_90,0,0,35.40494225813909,LOW,47.37581118570652,NEIGHBOR_INFECTIOUS_PRESSURE,DYNAMIC SPATIOTEMPORAL WATCH,SCENARIO-BASED; VERIFY WITH OFFICIAL SURVEILLANCE
2040-03,1206311000,South Cotabato,NORALA,0.6470591467959315,5.611163368275999,HOT_SPOT_99,1,10,75.08091801595269,HIGH,45.622366000029785,TRANSMISSION_PRESSURE_PROXY+STATISTICAL_HOTSPOT+CONNECTED_HOTSPOT_CLUSTER,DYNAMIC SPATIOTEMPORAL WATCH,SCENARIO-BASED; VERIFY WITH OFFICIAL SURVEILLANCE
2040-03,1206315000,South Cotabato,TANTANGAN,0.4347795204767103,6.150234921612208,HOT_SPOT_99,1,10,73.12482040596687,HIGH,41.24161284671533,TRANSMISSION_PRESSURE_PROXY+STATISTICAL_HOTSPOT+CONNECTED_HOTSPOT_CLUSTER,DYNAMIC SPATIOTEMPORAL WATCH,SCENARIO-BASED; VERIFY WITH OFFICIAL SURVEILLANCE
2040-03,1206306000,South Cotabato,KORONADAL,2.8600877068895647,7.373614226150247,HOT_SPOT_99,1,10,73.08815079157925,HIGH,50.22090529554223,TRANSMISSION_PRESSURE_PROXY+STATISTICAL_HOTSPOT+CONNECTED_HOTSPOT_CLUSTER,DYNAMIC SPATIOTEMPORAL WATCH,SCENARIO-BASED; VERIFY WITH OFFICIAL SURVEILLANCE
2040-03,1206511000,Sultan Kudarat,TACURONG,1.338538631631737,6.445463941155939,HOT_SPOT_99,1,10,72.03647647957416,HIGH,44.77150036834391,TRANSMISSION_PRESSURE_PROXY+STATISTICAL_HOTSPOT+CONNECTED_HOTSPOT_CLUSTER,DYNAMIC SPATIOTEMPORAL WATCH,SCENARIO-BASED; VERIFY WITH OFFICIAL SURVEILLANCE
2040-03,1206318000,South Cotabato,SANTO NIÑO,0.6177742958878141,6.550579169853159,HOT_SPOT_95,1,10,69.60310564675349,HIGH,45.627454148991006,TRANSMISSION_PRESSURE_PROXY+STATISTICAL_HOTSPOT+CONNECTED_HOTSPOT_CLUSTER,DYNAMIC SPATIOTEMPORAL WATCH,SCENARIO-BASED; VERIFY WITH OFFICIAL SURVEILLANCE
2040-03,1206302000,South Cotabato,BANGA,0.8295325333637221,5.174627113565753,HOT_SPOT_99,1,10,68.69027884251486,HIGH,41.888449153254584,TRANSMISSION_PRESSURE_PROXY+STATISTICAL_HOTSPOT+CONNECTED_HOTSPOT_CLUSTER,DYNAMIC SPATIOTEMPORAL WATCH,SCENARIO-BASED; VERIFY WITH OFFICIAL SURVEILLANCE
2040-03,1204711000,Cotabato,PIGKAWAYAN,0.31721318731439613,3.3997883467977905,NOT_SIGNIFICANT,0,0,58.60716062665014,MODERATE,58.01993079707502,NEIGHBOR_INFECTIOUS_PRESSURE,DYNAMIC SPATIOTEMPORAL WATCH,SCENARIO-BASED; VERIFY WITH OFFICIAL SURVEILLANCE
2040-03,1206314000,South Cotabato,TAMPAKAN,0.33277602407427914,3.8490106608607095,HOT_SPOT_95,1,10,54.113779202177504,MODERATE,32.96193523067553,STATISTICAL_HOTSPOT+CONNECTED_HOTSPOT_CLUSTER,DYNAMIC SPATIOTEMPORAL WATCH,SCENARIO-BASED; VERIFY WITH OFFICIAL SURVEILLANCE
2040-03,1206507000,Sultan Kudarat,LUTAYAN,0.3397912730474661,3.352015704045279,HOT_SPOT_95,1,10,49.29906029137846,MODERATE,37.51247569820569,STATISTICAL_HOTSPOT+CONNECTED_HOTSPOT_CLUSTER,DYNAMIC SPATIOTEMPORAL WATCH,SCENARIO-BASED; VERIFY WITH OFFICIAL SURVEILLANCE
2040-03,1204701000,Cotabato,ALAMADA,0.20618550249306938,2.3339076719051173,NOT_SIGNIFICANT,0,0,42.29561248007941,LOW,51.863436834308544,NEIGHBOR_INFECTIOUS_PRESSURE,DYNAMIC SPATIOTEMPORAL WATCH,SCENARIO-BASED; VERIFY WITH OFFICIAL SURVEILLANCE
2040-03,1206509000,Sultan Kudarat,PALIMBANG,0.2885495820574962,2.294048162564864,COLD_SPOT_90,0,0,41.66205371561655,LOW,53.66566803115093,NEIGHBOR_INFECTIOUS_PRESSURE,DYNAMIC SPATIOTEMPORAL WATCH,SCENARIO-BASED; VERIFY WITH OFFICIAL SURVEILLANCE
2040-03,1204712000,Cotabato,PIKIT,0.18250804114388564,2.1447848537390755,NOT_SIGNIFICANT,0,0,41.21220779020139,LOW,50.673435472905894,NEIGHBOR_INFECTIOUS_PRESSURE,DYNAMIC SPATIOTEMPORAL WATCH,SCENARIO-BASED; VERIFY WITH OFFICIAL SURVEILLANCE
2040-04,1206315000,South Cotabato,TANTANGAN,0.4146523016663277,6.171668719882686,HOT_SPOT_99,1,10,80.08737064580009,CRITICAL,44.650401352484856,TRANSMISSION_PRESSURE_PROXY+STATISTICAL_HOTSPOT+CONNECTED_HOTSPOT_CLUSTER+NEIGHBOR_INFECTIOUS_PRESSURE,DYNAMIC SPATIOTEMPORAL WATCH,SCENARIO-BASED; VERIFY WITH OFFICIAL SURVEILLANCE
2040-04,1206511000,Sultan Kudarat,TACURONG,1.1985782356862307,6.464229687615351,HOT_SPOT_99,1,10,76.55997786198813,HIGH,46.35852299950767,TRANSMISSION_PRESSURE_PROXY+STATISTICAL_HOTSPOT+CONNECTED_HOTSPOT_CLUSTER,DYNAMIC SPATIOTEMPORAL WATCH,SCENARIO-BASED; VERIFY WITH OFFICIAL SURVEILLANCE
2040-04,1206302000,South Cotabato,BANGA,0.7569572442060373,5.195657584120436,HOT_SPOT_99,1,10,76.13465337100656,HIGH,44.66515365881111,TRANSMISSION_PRESSURE_PROXY+STATISTICAL_HOTSPOT+CONNECTED_HOTSPOT_CLUSTER+NEIGHBOR_INFECTIOUS_PRESSURE,DYNAMIC SPATIOTEMPORAL WATCH,SCENARIO-BASED; VERIFY WITH OFFICIAL SURVEILLANCE
2040-04,1206306000,South Cotabato,KORONADAL,2.4611617513081274,7.399355207704411,HOT_SPOT_99,1,10,74.02400060060313,HIGH,49.49881552932299,TRANSMISSION_PRESSURE_PROXY+STATISTICAL_HOTSPOT+CONNECTED_HOTSPOT_CLUSTER,DYNAMIC SPATIOTEMPORAL WATCH,SCENARIO-BASED; VERIFY WITH OFFICIAL SURVEILLANCE
2040-04,1206311000,South Cotabato,NORALA,0.314871357082568,5.6261543680623,HOT_SPOT_99,1,10,73.0461261750434,HIGH,41.5718983094809,TRANSMISSION_PRESSURE_PROXY+STATISTICAL_HOTSPOT+CONNECTED_HOTSPOT_CLUSTER+NEIGHBOR_INFECTIOUS_PRESSURE,DYNAMIC SPATIOTEMPORAL WATCH,SCENARIO-BASED; VERIFY WITH OFFICIAL SURVEILLANCE
2040-04,1206318000,South Cotabato,SANTO NIÑO,0.32199695926076166,6.5696470962709235,HOT_SPOT_95,1,10,70.14028436335853,HIGH,41.953241736800635,TRANSMISSION_PRESSURE_PROXY+STATISTICAL_HOTSPOT+CONNECTED_HOTSPOT_CLUSTER,DYNAMIC SPATIOTEMPORAL WATCH,SCENARIO-BASED; VERIFY WITH OFFICIAL SURVEILLANCE
2040-04,1206314000,South Cotabato,TAMPAKAN,0.506908952087627,3.886953197418255,HOT_SPOT_95,1,10,62.080520750222675,MODERATE,36.49212355256648,STATISTICAL_HOTSPOT+CONNECTED_HOTSPOT_CLUSTER,DYNAMIC SPATIOTEMPORAL WATCH,SCENARIO-BASED; VERIFY WITH OFFICIAL SURVEILLANCE
2040-04,1204701000,Cotabato,ALAMADA,0.36462785468606623,2.3496504143673955,NOT_SIGNIFICANT,0,0,50.03866961211516,MODERATE,55.83699387495216,NEIGHBOR_INFECTIOUS_PRESSURE,DYNAMIC SPATIOTEMPORAL WATCH,SCENARIO-BASED; VERIFY WITH OFFICIAL SURVEILLANCE
2040-04,1206507000,Sultan Kudarat,LUTAYAN,0.2230962465306352,3.3596682616864144,HOT_SPOT_95,1,10,43.149002073706114,LOW,32.258957274055405,STATISTICAL_HOTSPOT+CONNECTED_HOTSPOT_CLUSTER+NEIGHBOR_INFECTIOUS_PRESSURE,DYNAMIC SPATIOTEMPORAL WATCH,SCENARIO-BASED; VERIFY WITH OFFICIAL SURVEILLANCE
2040-04,1204712000,Cotabato,PIKIT,0.16879610256015393,2.1516201099300414,NOT_SIGNIFICANT,0,0,38.96885040577694,LOW,50.17157589528192,NEIGHBOR_INFECTIOUS_PRESSURE,DYNAMIC SPATIOTEMPORAL WATCH,SCENARIO-BASED; VERIFY WITH OFFICIAL SURVEILLANCE
2040-05,1206315000,South Cotabato,TANTANGAN,0.22355688536156715,6.1787118701345465,HOT_SPOT_99,1,10,82.24410844525318,CRITICAL,46.293013764928034,TRANSMISSION_PRESSURE_PROXY+STATISTICAL_HOTSPOT+CONNECTED_HOTSPOT_CLUSTER+NEIGHBOR_INFECTIOUS_PRESSURE,DYNAMIC SPATIOTEMPORAL WATCH,SCENARIO-BASED; VERIFY WITH OFFICIAL SURVEILLANCE
2040-05,1206318000,South Cotabato,SANTO NIÑO,0.17103821021649368,6.575264401264828,HOT_SPOT_95,1,10,73.45724889082305,HIGH,43.610112953551386,TRANSMISSION_PRESSURE_PROXY+STATISTICAL_HOTSPOT+CONNECTED_HOTSPOT_CLUSTER,DYNAMIC SPATIOTEMPORAL WATCH,SCENARIO-BASED; VERIFY WITH OFFICIAL SURVEILLANCE
2040-05,1206306000,South Cotabato,KORONADAL,0.9443006566739168,7.3989938927945325,HOT_SPOT_99,1,10,72.54541885303937,HIGH,46.63522101579437,TRANSMISSION_PRESSURE_PROXY+STATISTICAL_HOTSPOT+CONNECTED_HOTSPOT_CLUSTER,DYNAMIC SPATIOTEMPORAL WATCH,SCENARIO-BASED; VERIFY WITH OFFICIAL SURVEILLANCE
2040-05,1206511000,Sultan Kudarat,TACURONG,0.4767354498987222,6.463442354191106,HOT_SPOT_99,1,10,71.79167532712364,HIGH,43.34560998142563,TRANSMISSION_PRESSURE_PROXY+STATISTICAL_HOTSPOT+CONNECTED_HOTSPOT_CLUSTER,DYNAMIC SPATIOTEMPORAL WATCH,SCENARIO-BASED; VERIFY WITH OFFICIAL SURVEILLANCE
2040-05,1206311000,South Cotabato,NORALA,0.1476338588443133,5.628340368916881,HOT_SPOT_99,1,10,70.75622063791596,HIGH,40.75282698108931,TRANSMISSION_PRESSURE_PROXY+STATISTICAL_HOTSPOT+CONNECTED_HOTSPOT_CLUSTER+NEIGHBOR_INFECTIOUS_PRESSURE,DYNAMIC SPATIOTEMPORAL WATCH,SCENARIO-BASED; VERIFY WITH OFFICIAL SURVEILLANCE
2040-05,1206302000,South Cotabato,BANGA,0.26634610331001934,5.197723009608383,HOT_SPOT_99,1,10,68.3886673307731,HIGH,41.390846003750255,TRANSMISSION_PRESSURE_PROXY+STATISTICAL_HOTSPOT+CONNECTED_HOTSPOT_CLUSTER+NEIGHBOR_INFECTIOUS_PRESSURE,DYNAMIC SPATIOTEMPORAL WATCH,SCENARIO-BASED; VERIFY WITH OFFICIAL SURVEILLANCE
2040-05,1206314000,South Cotabato,TAMPAKAN,0.08223245631545612,3.891333051687667,HOT_SPOT_95,1,10,52.330491786112546,MODERATE,31.03432814197259,STATISTICAL_HOTSPOT+CONNECTED_HOTSPOT_CLUSTER+NEIGHBOR_INFECTIOUS_PRESSURE,DYNAMIC SPATIOTEMPORAL WATCH,SCENARIO-BASED; VERIFY WITH OFFICIAL SURVEILLANCE
2040-05,1206507000,Sultan Kudarat,LUTAYAN,0.126162570259032,3.362380950914073,HOT_SPOT_95,1,10,46.36563282107879,MODERATE,34.79864511238574,STATISTICAL_HOTSPOT+CONNECTED_HOTSPOT_CLUSTER+NEIGHBOR_INFECTIOUS_PRESSURE,DYNAMIC SPATIOTEMPORAL WATCH,SCENARIO-BASED; VERIFY WITH OFFICIAL SURVEILLANCE
2040-06,1206311000,South Cotabato,NORALA,0.25842441951755457,5.637796181845347,HOT_SPOT_99,1,10,74.93308743481151,HIGH,41.21557956194521,TRANSMISSION_PRESSURE_PROXY+STATISTICAL_HOTSPOT+CONNECTED_HOTSPOT_CLUSTER+NEIGHBOR_INFECTIOUS_PRESSURE,DYNAMIC SPATIOTEMPORAL WATCH,SCENARIO-BASED; VERIFY WITH OFFICIAL SURVEILLANCE
2040-06,1206306000,South Cotabato,KORONADAL,1.6008726721620565,7.408390850737212,HOT_SPOT_99,1,10,72.2440332433106,HIGH,46.74530813374771,TRANSMISSION_PRESSURE_PROXY+STATISTICAL_HOTSPOT+CONNECTED_HOTSPOT_CLUSTER,DYNAMIC SPATIOTEMPORAL WATCH,SCENARIO-BASED; VERIFY WITH OFFICIAL SURVEILLANCE
2040-06,1206315000,South Cotabato,TANTANGAN,0.2506023310619759,6.187447161498357,HOT_SPOT_99,1,10,72.18219439137353,HIGH,40.653564058074345,TRANSMISSION_PRESSURE_PROXY+STATISTICAL_HOTSPOT+CONNECTED_HOTSPOT_CLUSTER,DYNAMIC SPATIOTEMPORAL WATCH,SCENARIO-BASED; VERIFY WITH OFFICIAL SURVEILLANCE
2040-06,1206302000,South Cotabato,BANGA,0.4593807391388108,5.206472319708457,HOT_SPOT_99,1,10,69.88937647705352,HIGH,41.419651726282616,TRANSMISSION_PRESSURE_PROXY+STATISTICAL_HOTSPOT+CONNECTED_HOTSPOT_CLUSTER+NEIGHBOR_INFECTIOUS_PRESSURE,DYNAMIC SPATIOTEMPORAL WATCH,SCENARIO-BASED; VERIFY WITH OFFICIAL SURVEILLANCE
2040-06,1206318000,South Cotabato,SANTO NIÑO,0.23386337425283335,6.585730495771187,HOT_SPOT_95,1,10,68.10841416782313,HIGH,39.929925456379976,TRANSMISSION_PRESSURE_PROXY+STATISTICAL_HOTSPOT+CONNECTED_HOTSPOT_CLUSTER,DYNAMIC SPATIOTEMPORAL WATCH,SCENARIO-BASED; VERIFY WITH OFFICIAL SURVEILLANCE
2040-06,1206511000,Sultan Kudarat,TACURONG,0.6864601184796543,6.468040980499333,HOT_SPOT_99,1,10,66.70316684030364,HIGH,40.124412794716456,TRANSMISSION_PRESSURE_PROXY+STATISTICAL_HOTSPOT+CONNECTED_HOTSPOT_CLUSTER,DYNAMIC SPATIOTEMPORAL WATCH,SCENARIO-BASED; VERIFY WITH OFFICIAL SURVEILLANCE
2040-06,1206317000,South Cotabato,TUPI,0.40931516959745484,4.525382996885611,HOT_SPOT_90,1,10,58.104965110150886,MODERATE,33.899761435375126,CONNECTED_HOTSPOT_CLUSTER,DYNAMIC SPATIOTEMPORAL WATCH,SCENARIO-BASED; VERIFY WITH OFFICIAL SURVEILLANCE
2040-06,1206507000,Sultan Kudarat,LUTAYAN,0.27007751660376145,3.372244458737502,HOT_SPOT_95,1,10,52.158317803266165,MODERATE,37.615489695162466,STATISTICAL_HOTSPOT+CONNECTED_HOTSPOT_CLUSTER,DYNAMIC SPATIOTEMPORAL WATCH,SCENARIO-BASED; VERIFY WITH OFFICIAL SURVEILLANCE
2040-06,1206314000,South Cotabato,TAMPAKAN,0.10022612509063318,3.8973014968062394,HOT_SPOT_95,1,10,51.49483752556938,MODERATE,30.701739108093093,STATISTICAL_HOTSPOT+CONNECTED_HOTSPOT_CLUSTER+NEIGHBOR_INFECTIOUS_PRESSURE,DYNAMIC SPATIOTEMPORAL WATCH,SCENARIO-BASED; VERIFY WITH OFFICIAL SURVEILLANCE
2040-06,1204706000,Cotabato,MAGPET,0.11078373360349997,2.750252290984095,NOT_SIGNIFICANT,0,0,41.612040362320684,LOW,45.350843674026635,NEIGHBOR_INFECTIOUS_PRESSURE,DYNAMIC SPATIOTEMPORAL WATCH,SCENARIO-BASED; VERIFY WITH OFFICIAL SURVEILLANCE
2040-07,1206306000,South Cotabato,KORONADAL,1.5077871649808645,7.416588306321428,HOT_SPOT_99,1,10,77.89972399679618,HIGH,50.401762542685915,TRANSMISSION_PRESSURE_PROXY+STATISTICAL_HOTSPOT+CONNECTED_HOTSPOT_CLUSTER,DYNAMIC SPATIOTEMPORAL WATCH,SCENARIO-BASED; VERIFY WITH OFFICIAL SURVEILLANCE
2040-07,1206511000,Sultan Kudarat,TACURONG,1.0198486707375032,6.481546591763108,HOT_SPOT_99,1,10,69.26897721276605,HIGH,45.37136333725977,TRANSMISSION_PRESSURE_PROXY+STATISTICAL_HOTSPOT+CONNECTED_HOTSPOT_CLUSTER,DYNAMIC SPATIOTEMPORAL WATCH,SCENARIO-BASED; VERIFY WITH OFFICIAL SURVEILLANCE
2040-07,1206314000,South Cotabato,TAMPAKAN,0.23562163161896532,3.9139841189671554,HOT_SPOT_95,1,10,65.72675339488423,HIGH,36.26582141932738,TRANSMISSION_PRESSURE_PROXY+STATISTICAL_HOTSPOT+CONNECTED_HOTSPOT_CLUSTER+NEIGHBOR_INFECTIOUS_PRESSURE,DYNAMIC SPATIOTEMPORAL WATCH,SCENARIO-BASED; VERIFY WITH OFFICIAL SURVEILLANCE
2040-07,1206311000,South Cotabato,NORALA,0.17327132744726464,5.641704837408219,HOT_SPOT_99,1,10,61.54535054713133,MODERATE,38.17757003811342,STATISTICAL_HOTSPOT+CONNECTED_HOTSPOT_CLUSTER,DYNAMIC SPATIOTEMPORAL WATCH,SCENARIO-BASED; VERIFY WITH OFFICIAL SURVEILLANCE
2040-07,1206315000,South Cotabato,TANTANGAN,0.17098809715907407,6.191005909837921,HOT_SPOT_99,1,10,59.211643425922574,MODERATE,36.648821858305794,STATISTICAL_HOTSPOT+CONNECTED_HOTSPOT_CLUSTER,DYNAMIC SPATIOTEMPORAL WATCH,SCENARIO-BASED; VERIFY WITH OFFICIAL SURVEILLANCE
2040-07,1206302000,South Cotabato,BANGA,0.3376469725315974,5.211053888500931,HOT_SPOT_99,1,10,57.916515350154896,MODERATE,37.73525429735193,STATISTICAL_HOTSPOT+CONNECTED_HOTSPOT_CLUSTER,DYNAMIC SPATIOTEMPORAL WATCH,SCENARIO-BASED; VERIFY WITH OFFICIAL SURVEILLANCE
2040-07,1206318000,South Cotabato,SANTO NIÑO,0.15349966578791813,6.5899689266134605,HOT_SPOT_95,1,10,54.19879471762695,MODERATE,36.504096135809775,STATISTICAL_HOTSPOT+CONNECTED_HOTSPOT_CLUSTER,DYNAMIC SPATIOTEMPORAL WATCH,SCENARIO-BASED; VERIFY WITH OFFICIAL SURVEILLANCE
2040-07,1206507000,Sultan Kudarat,LUTAYAN,0.15053036919243512,3.3761591238644475,HOT_SPOT_95,1,10,44.177470974883846,LOW,32.75749418940116,STATISTICAL_HOTSPOT+CONNECTED_HOTSPOT_CLUSTER+NEIGHBOR_INFECTIOUS_PRESSURE,DYNAMIC SPATIOTEMPORAL WATCH,SCENARIO-BASED; VERIFY WITH OFFICIAL SURVEILLANCE
2040-07,1204706000,Cotabato,MAGPET,0.08773695888850684,2.754678021167299,NOT_SIGNIFICANT,0,0,41.711912144133834,LOW,45.34143404915371,NEIGHBOR_INFECTIOUS_PRESSURE,DYNAMIC SPATIOTEMPORAL WATCH,SCENARIO-BASED; VERIFY WITH OFFICIAL SURVEILLANCE
2040-07,1204712000,Cotabato,PIKIT,0.11582566344171771,2.1659636074498323,NOT_SIGNIFICANT,0,0,36.71321271270206,LOW,48.41290915913514,NEIGHBOR_INFECTIOUS_PRESSURE,DYNAMIC SPATIOTEMPORAL WATCH,SCENARIO-BASED; VERIFY WITH OFFICIAL SURVEILLANCE
2040-08,1206306000,South Cotabato,KORONADAL,1.249155305373707,7.421540875695342,HOT_SPOT_99,1,10,72.93879449877755,HIGH,47.422067521575194,TRANSMISSION_PRESSURE_PROXY+STATISTICAL_HOTSPOT+CONNECTED_HOTSPOT_CLUSTER,DYNAMIC SPATIOTEMPORAL WATCH,SCENARIO-BASED; VERIFY WITH OFFICIAL SURVEILLANCE
2040-08,1206511000,Sultan Kudarat,TACURONG,0.6784250767895581,6.486720959010901,HOT_SPOT_99,1,10,63.72670275761651,MODERATE,39.47218358891134,STATISTICAL_HOTSPOT+CONNECTED_HOTSPOT_CLUSTER,DYNAMIC SPATIOTEMPORAL WATCH,SCENARIO-BASED; VERIFY WITH OFFICIAL SURVEILLANCE
2040-08,1206311000,South Cotabato,NORALA,0.20217700427797763,5.647817838859686,HOT_SPOT_99,1,10,63.53796605971688,MODERATE,38.88627869161416,STATISTICAL_HOTSPOT+CONNECTED_HOTSPOT_CLUSTER,DYNAMIC SPATIOTEMPORAL WATCH,SCENARIO-BASED; VERIFY WITH OFFICIAL SURVEILLANCE
2040-08,1206315000,South Cotabato,TANTANGAN,0.198937766920234,6.1967007930120985,HOT_SPOT_99,1,10,61.93558950307868,MODERATE,37.90102797929164,STATISTICAL_HOTSPOT+CONNECTED_HOTSPOT_CLUSTER,DYNAMIC SPATIOTEMPORAL WATCH,SCENARIO-BASED; VERIFY WITH OFFICIAL SURVEILLANCE
2040-08,1206318000,South Cotabato,SANTO NIÑO,0.1619656796482682,6.595146046208044,HOT_SPOT_95,1,10,56.21487400657522,MODERATE,37.23067315088904,STATISTICAL_HOTSPOT+CONNECTED_HOTSPOT_CLUSTER,DYNAMIC SPATIOTEMPORAL WATCH,SCENARIO-BASED; VERIFY WITH OFFICIAL SURVEILLANCE
2040-08,1206302000,South Cotabato,BANGA,0.3421682566191609,5.216067654084094,HOT_SPOT_99,1,10,56.14053715765719,MODERATE,37.390930636598725,STATISTICAL_HOTSPOT+CONNECTED_HOTSPOT_CLUSTER,DYNAMIC SPATIOTEMPORAL WATCH,SCENARIO-BASED; VERIFY WITH OFFICIAL SURVEILLANCE
2040-08,1206314000,South Cotabato,TAMPAKAN,0.10235771845509621,3.919885289757764,HOT_SPOT_95,1,10,49.77861020295363,MODERATE,29.59225325334852,STATISTICAL_HOTSPOT+CONNECTED_HOTSPOT_CLUSTER+NEIGHBOR_INFECTIOUS_PRESSURE,DYNAMIC SPATIOTEMPORAL WATCH,SCENARIO-BASED; VERIFY WITH OFFICIAL SURVEILLANCE
2040-08,1204706000,Cotabato,MAGPET,0.11048758731483317,2.760422702061342,NOT_SIGNIFICANT,0,0,46.7075832301507,MODERATE,49.94785209695737,NEIGHBOR_INFECTIOUS_PRESSURE,DYNAMIC SPATIOTEMPORAL WATCH,SCENARIO-BASED; VERIFY WITH OFFICIAL SURVEILLANCE
2040-08,1204701000,Cotabato,ALAMADA,0.178978048078553,2.3699190182693384,NOT_SIGNIFICANT,0,0,46.60734501289348,MODERATE,55.29225108035276,NEIGHBOR_INFECTIOUS_PRESSURE,DYNAMIC SPATIOTEMPORAL WATCH,SCENARIO-BASED; VERIFY WITH OFFICIAL SURVEILLANCE
2040-08,1206507000,Sultan Kudarat,LUTAYAN,0.15779997621116082,3.3805416656199214,HOT_SPOT_95,1,10,43.66254551202075,LOW,32.39979214755248,STATISTICAL_HOTSPOT+CONNECTED_HOTSPOT_CLUSTER+NEIGHBOR_INFECTIOUS_PRESSURE,DYNAMIC SPATIOTEMPORAL WATCH,SCENARIO-BASED; VERIFY WITH OFFICIAL SURVEILLANCE
2040-08,1204712000,Cotabato,PIKIT,0.14123648033024797,2.1715418415907557,NOT_SIGNIFICANT,0,0,42.14370196636174,LOW,51.55358441841995,NEIGHBOR_INFECTIOUS_PRESSURE,DYNAMIC SPATIOTEMPORAL WATCH,SCENARIO-BASED; VERIFY WITH OFFICIAL SURVEILLANCE
2040-08,1204718000,Cotabato,ARAKAN,0.08778795796679968,2.5053763992233518,NOT_SIGNIFICANT,0,0,39.47706457643407,LOW,42.03616253609718,NEIGHBOR_INFECTIOUS_PRESSURE,DYNAMIC SPATIOTEMPORAL WATCH,SCENARIO-BASED; VERIFY WITH OFFICIAL SURVEILLANCE
2040-09,1206306000,South Cotabato,KORONADAL,0.9343808962665124,7.422566245907793,HOT_SPOT_99,1,10,73.53415972579029,HIGH,47.9378083281858,TRANSMISSION_PRESSURE_PROXY+STATISTICAL_HOTSPOT+CONNECTED_HOTSPOT_CLUSTER,DYNAMIC SPATIOTEMPORAL WATCH,SCENARIO-BASED; VERIFY WITH OFFICIAL SURVEILLANCE
2040-09,1206315000,South Cotabato,TANTANGAN,0.20232325376080817,6.203004661659362,HOT_SPOT_99,1,10,70.98406590548396,HIGH,43.91421070494026,TRANSMISSION_PRESSURE_PROXY+STATISTICAL_HOTSPOT+CONNECTED_HOTSPOT_CLUSTER,DYNAMIC SPATIOTEMPORAL WATCH,SCENARIO-BASED; VERIFY WITH OFFICIAL SURVEILLANCE
2040-09,1206318000,South Cotabato,SANTO NIÑO,0.2113054384575486,6.604584591716199,HOT_SPOT_95,1,10,67.763163341536,HIGH,44.87644405567392,TRANSMISSION_PRESSURE_PROXY+STATISTICAL_HOTSPOT+CONNECTED_HOTSPOT_CLUSTER,DYNAMIC SPATIOTEMPORAL WATCH,SCENARIO-BASED; VERIFY WITH OFFICIAL SURVEILLANCE
2040-09,1206311000,South Cotabato,NORALA,0.13972320974605681,5.650175277463812,HOT_SPOT_99,1,10,63.97552036606105,MODERATE,39.012253974078455,STATISTICAL_HOTSPOT+CONNECTED_HOTSPOT_CLUSTER,DYNAMIC SPATIOTEMPORAL WATCH,SCENARIO-BASED; VERIFY WITH OFFICIAL SURVEILLANCE
2040-09,1206511000,Sultan Kudarat,TACURONG,0.4428989664927575,6.486494547877147,HOT_SPOT_99,1,10,62.6859454521405,MODERATE,39.13842360429561,STATISTICAL_HOTSPOT+CONNECTED_HOTSPOT_CLUSTER,DYNAMIC SPATIOTEMPORAL WATCH,SCENARIO-BASED; VERIFY WITH OFFICIAL SURVEILLANCE
2040-09,1206302000,South Cotabato,BANGA,0.24340746199330576,5.2179956655266695,HOT_SPOT_99,1,10,56.78087634065603,MODERATE,37.75085504573377,STATISTICAL_HOTSPOT+CONNECTED_HOTSPOT_CLUSTER,DYNAMIC SPATIOTEMPORAL WATCH,SCENARIO-BASED; VERIFY WITH OFFICIAL SURVEILLANCE
2040-09,1206507000,Sultan Kudarat,LUTAYAN,0.17494079171423596,3.3859576767688755,HOT_SPOT_95,1,10,55.41959128721567,MODERATE,38.177857252348716,STATISTICAL_HOTSPOT+CONNECTED_HOTSPOT_CLUSTER+NEIGHBOR_INFECTIOUS_PRESSURE,DYNAMIC SPATIOTEMPORAL WATCH,SCENARIO-BASED; VERIFY WITH OFFICIAL SURVEILLANCE
2040-09,1204718000,Cotabato,ARAKAN,0.1409198041064622,2.5137969414681027,NOT_SIGNIFICANT,0,0,53.39303587802141,MODERATE,47.82995326730709,NEIGHBOR_INFECTIOUS_PRESSURE,DYNAMIC SPATIOTEMPORAL WATCH,SCENARIO-BASED; VERIFY WITH OFFICIAL SURVEILLANCE
2040-09,1204712000,Cotabato,PIKIT,0.15225327577391837,2.1776957599140037,NOT_SIGNIFICANT,0,0,51.46071535356489,MODERATE,55.890173540399005,NEIGHBOR_INFECTIOUS_PRESSURE,DYNAMIC SPATIOTEMPORAL WATCH,SCENARIO-BASED; VERIFY WITH OFFICIAL SURVEILLANCE
2040-09,1206314000,South Cotabato,TAMPAKAN,0.05592077971856482,3.922368543488363,HOT_SPOT_95,1,10,47.162712200540454,MODERATE,28.692250596806076,STATISTICAL_HOTSPOT+CONNECTED_HOTSPOT_CLUSTER+NEIGHBOR_INFECTIOUS_PRESSURE,DYNAMIC SPATIOTEMPORAL WATCH,SCENARIO-BASED; VERIFY WITH OFFICIAL SURVEILLANCE
2040-09,1204701000,Cotabato,ALAMADA,0.10219118646472702,2.3734722862619684,NOT_SIGNIFICANT,0,0,42.01525232047587,LOW,51.18675677541764,NEIGHBOR_INFECTIOUS_PRESSURE,DYNAMIC SPATIOTEMPORAL WATCH,SCENARIO-BASED; VERIFY WITH OFFICIAL SURVEILLANCE
2040-10,1206311000,South Cotabato,NORALA,0.30218245314336284,5.66367652648096,HOT_SPOT_99,1,10,72.50356160028878,HIGH,44.14506198595204,TRANSMISSION_PRESSURE_PROXY+STATISTICAL_HOTSPOT+CONNECTED_HOTSPOT_CLUSTER,DYNAMIC SPATIOTEMPORAL WATCH,SCENARIO-BASED; VERIFY WITH OFFICIAL SURVEILLANCE
2040-10,1206318000,South Cotabato,SANTO NIÑO,0.3990534364756907,6.629131321288526,HOT_SPOT_95,1,10,69.52823361747816,HIGH,45.628487946510404,TRANSMISSION_PRESSURE_PROXY+STATISTICAL_HOTSPOT+CONNECTED_HOTSPOT_CLUSTER,DYNAMIC SPATIOTEMPORAL WATCH,SCENARIO-BASED; VERIFY WITH OFFICIAL SURVEILLANCE
2040-10,1206306000,South Cotabato,KORONADAL,1.5404534194476631,7.4335787026646445,HOT_SPOT_99,1,10,68.85727513319733,HIGH,46.27487489523851,TRANSMISSION_PRESSURE_PROXY+STATISTICAL_HOTSPOT+CONNECTED_HOTSPOT_CLUSTER,DYNAMIC SPATIOTEMPORAL WATCH,SCENARIO-BASED; VERIFY WITH OFFICIAL SURVEILLANCE
2040-10,1206511000,Sultan Kudarat,TACURONG,0.8345656571940253,6.497341695939538,HOT_SPOT_99,1,10,67.11742728445466,HIGH,41.184288648288025,TRANSMISSION_PRESSURE_PROXY+STATISTICAL_HOTSPOT+CONNECTED_HOTSPOT_CLUSTER,DYNAMIC SPATIOTEMPORAL WATCH,SCENARIO-BASED; VERIFY WITH OFFICIAL SURVEILLANCE
2040-10,1206302000,South Cotabato,BANGA,0.5712016646779463,5.2317634231418495,HOT_SPOT_99,1,10,67.0399208424893,HIGH,43.74869172935665,TRANSMISSION_PRESSURE_PROXY+STATISTICAL_HOTSPOT+CONNECTED_HOTSPOT_CLUSTER,DYNAMIC SPATIOTEMPORAL WATCH,SCENARIO-BASED; VERIFY WITH OFFICIAL SURVEILLANCE
2040-10,1206315000,South Cotabato,TANTANGAN,0.21259001617441717,6.210348687554906,HOT_SPOT_99,1,10,61.50732848162291,MODERATE,38.72150631458496,STATISTICAL_HOTSPOT+CONNECTED_HOTSPOT_CLUSTER,DYNAMIC SPATIOTEMPORAL WATCH,SCENARIO-BASED; VERIFY WITH OFFICIAL SURVEILLANCE
2040-10,1206317000,South Cotabato,TUPI,0.5278129547658319,4.553467469240388,HOT_SPOT_90,1,10,55.60613817386905,MODERATE,35.4265138573923,CONNECTED_HOTSPOT_CLUSTER,DYNAMIC SPATIOTEMPORAL WATCH,SCENARIO-BASED; VERIFY WITH OFFICIAL SURVEILLANCE
2040-10,1206507000,Sultan Kudarat,LUTAYAN,0.2847716827069059,3.3969816843369727,HOT_SPOT_95,1,10,47.1109680110895,MODERATE,35.69368363190874,STATISTICAL_HOTSPOT+CONNECTED_HOTSPOT_CLUSTER,DYNAMIC SPATIOTEMPORAL WATCH,SCENARIO-BASED; VERIFY WITH OFFICIAL SURVEILLANCE
2040-10,1204712000,Cotabato,PIKIT,0.17410033166353758,2.184848197636401,NOT_SIGNIFICANT,0,0,45.42796217145349,MODERATE,52.371309748296596,NEIGHBOR_INFECTIOUS_PRESSURE,DYNAMIC SPATIOTEMPORAL WATCH,SCENARIO-BASED; VERIFY WITH OFFICIAL SURVEILLANCE
2040-10,1204718000,Cotabato,ARAKAN,0.09985550231764993,2.5193920058158312,NOT_SIGNIFICANT,0,0,41.88992644752762,LOW,42.96465139775882,NEIGHBOR_INFECTIOUS_PRESSURE,DYNAMIC SPATIOTEMPORAL WATCH,SCENARIO-BASED; VERIFY WITH OFFICIAL SURVEILLANCE
2040-10,1204701000,Cotabato,ALAMADA,0.14031655287897649,2.3786960642784014,NOT_SIGNIFICANT,0,0,41.87808813840165,LOW,50.79228341258466,NEIGHBOR_INFECTIOUS_PRESSURE,DYNAMIC SPATIOTEMPORAL WATCH,SCENARIO-BASED; VERIFY WITH OFFICIAL SURVEILLANCE
2040-10,1206314000,South Cotabato,TAMPAKAN,0.09477123863615215,3.9278316278444603,HOT_SPOT_95,1,10,40.463314038362455,LOW,25.631415779315,STATISTICAL_HOTSPOT+CONNECTED_HOTSPOT_CLUSTER,DYNAMIC SPATIOTEMPORAL WATCH,SCENARIO-BASED; VERIFY WITH OFFICIAL SURVEILLANCE
2040-10,1206509000,Sultan Kudarat,PALIMBANG,0.1749641331581655,2.3297174524126847,COLD_SPOT_90,0,0,37.28848312716379,LOW,48.46100136573861,NEIGHBOR_INFECTIOUS_PRESSURE,DYNAMIC SPATIOTEMPORAL WATCH,SCENARIO-BASED; VERIFY WITH OFFICIAL SURVEILLANCE
2040-11,1206311000,South Cotabato,NORALA,0.55641956785474,5.6942819686800235,HOT_SPOT_99,1,10,76.23137722135911,HIGH,46.19810812862535,TRANSMISSION_PRESSURE_PROXY+STATISTICAL_HOTSPOT+CONNECTED_HOTSPOT_CLUSTER,DYNAMIC SPATIOTEMPORAL WATCH,SCENARIO-BASED; VERIFY WITH OFFICIAL SURVEILLANCE
2040-11,1206315000,South Cotabato,TANTANGAN,0.644277735061807,6.246546315462998,HOT_SPOT_99,1,10,72.06650694607255,HIGH,44.76270885572302,TRANSMISSION_PRESSURE_PROXY+STATISTICAL_HOTSPOT+CONNECTED_HOTSPOT_CLUSTER,DYNAMIC SPATIOTEMPORAL WATCH,SCENARIO-BASED; VERIFY WITH OFFICIAL SURVEILLANCE
2040-11,1206306000,South Cotabato,KORONADAL,2.291059548153312,7.4564678385232845,HOT_SPOT_99,1,10,70.29817767066864,HIGH,47.82541026775737,TRANSMISSION_PRESSURE_PROXY+STATISTICAL_HOTSPOT+CONNECTED_HOTSPOT_CLUSTER,DYNAMIC SPATIOTEMPORAL WATCH,SCENARIO-BASED; VERIFY WITH OFFICIAL SURVEILLANCE
2040-11,1206318000,South Cotabato,SANTO NIÑO,0.43134058079185494,6.657583725639131,HOT_SPOT_95,1,10,68.87783276127448,HIGH,42.69732657114657,TRANSMISSION_PRESSURE_PROXY+STATISTICAL_HOTSPOT+CONNECTED_HOTSPOT_CLUSTER,DYNAMIC SPATIOTEMPORAL WATCH,SCENARIO-BASED; VERIFY WITH OFFICIAL SURVEILLANCE
2040-11,1206302000,South Cotabato,BANGA,0.6314908023185645,5.24789320953972,HOT_SPOT_99,1,10,62.17252094047004,MODERATE,39.643165200800404,STATISTICAL_HOTSPOT+CONNECTED_HOTSPOT_CLUSTER,DYNAMIC SPATIOTEMPORAL WATCH,SCENARIO-BASED; VERIFY WITH OFFICIAL SURVEILLANCE
2040-11,1206511000,Sultan Kudarat,TACURONG,0.9433359897110335,6.511635606916184,HOT_SPOT_99,1,10,61.90979014214682,MODERATE,39.06666238057636,STATISTICAL_HOTSPOT+CONNECTED_HOTSPOT_CLUSTER,DYNAMIC SPATIOTEMPORAL WATCH,SCENARIO-BASED; VERIFY WITH OFFICIAL SURVEILLANCE
2040-11,1206507000,Sultan Kudarat,LUTAYAN,0.4581951433590349,3.416762785823051,HOT_SPOT_95,1,10,49.897931538874026,MODERATE,35.921953693282845,STATISTICAL_HOTSPOT+CONNECTED_HOTSPOT_CLUSTER,DYNAMIC SPATIOTEMPORAL WATCH,SCENARIO-BASED; VERIFY WITH OFFICIAL SURVEILLANCE
2040-11,1204701000,Cotabato,ALAMADA,0.25404306282560196,2.3891392606019304,NOT_SIGNIFICANT,0,0,44.776630639025306,LOW,52.85604803874146,NEIGHBOR_INFECTIOUS_PRESSURE,DYNAMIC SPATIOTEMPORAL WATCH,SCENARIO-BASED; VERIFY WITH OFFICIAL SURVEILLANCE
2040-11,1204718000,Cotabato,ARAKAN,0.12610559271905583,2.5265811545780377,NOT_SIGNIFICANT,0,0,38.04746855405744,LOW,41.502893190706125,NEIGHBOR_INFECTIOUS_PRESSURE,DYNAMIC SPATIOTEMPORAL WATCH,SCENARIO-BASED; VERIFY WITH OFFICIAL SURVEILLANCE
2040-11,1204712000,Cotabato,PIKIT,0.17891272705941513,2.1921735143231165,NOT_SIGNIFICANT,0,0,38.00936436119197,LOW,47.36774457912893,NEIGHBOR_INFECTIOUS_PRESSURE,DYNAMIC SPATIOTEMPORAL WATCH,SCENARIO-BASED; VERIFY WITH OFFICIAL SURVEILLANCE
2040-11,1206314000,South Cotabato,TAMPAKAN,0.12135036366831209,3.9353261142251696,HOT_SPOT_95,1,10,36.36918449374363,LOW,24.383818919562316,STATISTICAL_HOTSPOT+CONNECTED_HOTSPOT_CLUSTER,DYNAMIC SPATIOTEMPORAL WATCH,SCENARIO-BASED; VERIFY WITH OFFICIAL SURVEILLANCE
2040-11,1206509000,Sultan Kudarat,PALIMBANG,0.2581764491907809,2.3354809481691965,COLD_SPOT_90,0,0,35.23812757943555,LOW,48.875461933534325,NEIGHBOR_INFECTIOUS_PRESSURE,DYNAMIC SPATIOTEMPORAL WATCH,SCENARIO-BASED; VERIFY WITH OFFICIAL SURVEILLANCE
2040-12,1206306000,South Cotabato,KORONADAL,1.0426214780291594,7.461281376719108,HOT_SPOT_99,1,10,73.68336791534523,HIGH,49.56159881073617,TRANSMISSION_PRESSURE_PROXY+STATISTICAL_HOTSPOT+CONNECTED_HOTSPOT_CLUSTER,DYNAMIC SPATIOTEMPORAL WATCH,SCENARIO-BASED; VERIFY WITH OFFICIAL SURVEILLANCE
2040-12,1206511000,Sultan Kudarat,TACURONG,0.5036895643875646,6.514567401974518,HOT_SPOT_99,1,10,71.9384927540667,HIGH,45.100427230794416,TRANSMISSION_PRESSURE_PROXY+STATISTICAL_HOTSPOT+CONNECTED_HOTSPOT_CLUSTER,DYNAMIC SPATIOTEMPORAL WATCH,SCENARIO-BASED; VERIFY WITH OFFICIAL SURVEILLANCE
2040-12,1206311000,South Cotabato,NORALA,0.13333102729470653,5.698112521425227,HOT_SPOT_99,1,10,69.936937956172,HIGH,40.634954903820955,TRANSMISSION_PRESSURE_PROXY+STATISTICAL_HOTSPOT+CONNECTED_HOTSPOT_CLUSTER+NEIGHBOR_INFECTIOUS_PRESSURE,DYNAMIC SPATIOTEMPORAL WATCH,SCENARIO-BASED; VERIFY WITH OFFICIAL SURVEILLANCE
2040-12,1206315000,South Cotabato,TANTANGAN,0.13591029942471453,6.25028040954588,HOT_SPOT_99,1,10,67.56205384137152,HIGH,39.8732823404586,TRANSMISSION_PRESSURE_PROXY+STATISTICAL_HOTSPOT+CONNECTED_HOTSPOT_CLUSTER,DYNAMIC SPATIOTEMPORAL WATCH,SCENARIO-BASED; VERIFY WITH OFFICIAL SURVEILLANCE
2040-12,1206318000,South Cotabato,SANTO NIÑO,0.144073586819524,6.663543218376469,HOT_SPOT_95,1,10,65.94050545022274,HIGH,39.771778181854664,TRANSMISSION_PRESSURE_PROXY+STATISTICAL_HOTSPOT+CONNECTED_HOTSPOT_CLUSTER,DYNAMIC SPATIOTEMPORAL WATCH,SCENARIO-BASED; VERIFY WITH OFFICIAL SURVEILLANCE
2040-12,1206302000,South Cotabato,BANGA,0.20569259785360677,5.249454184394405,HOT_SPOT_99,1,10,61.843428855782015,MODERATE,39.44158679572155,STATISTICAL_HOTSPOT+CONNECTED_HOTSPOT_CLUSTER+NEIGHBOR_INFECTIOUS_PRESSURE,DYNAMIC SPATIOTEMPORAL WATCH,SCENARIO-BASED; VERIFY WITH OFFICIAL SURVEILLANCE
2040-12,1206317000,South Cotabato,TUPI,0.28547910119052133,4.571353691028035,HOT_SPOT_90,1,10,55.28397556926614,MODERATE,35.15177096001548,CONNECTED_HOTSPOT_CLUSTER,DYNAMIC SPATIOTEMPORAL WATCH,SCENARIO-BASED; VERIFY WITH OFFICIAL SURVEILLANCE
2040-12,1206507000,Sultan Kudarat,LUTAYAN,0.1124326397087968,3.419786320846935,HOT_SPOT_95,1,10,43.044721925381545,LOW,30.94421318461045,STATISTICAL_HOTSPOT+CONNECTED_HOTSPOT_CLUSTER,DYNAMIC SPATIOTEMPORAL WATCH,SCENARIO-BASED; VERIFY WITH OFFICIAL SURVEILLANCE
2040-12,1206314000,South Cotabato,TAMPAKAN,0.05179707755854081,3.9374437611938053,HOT_SPOT_95,1,10,42.386441639613714,LOW,28.34316194670137,STATISTICAL_HOTSPOT+CONNECTED_HOTSPOT_CLUSTER,DYNAMIC SPATIOTEMPORAL WATCH,SCENARIO-BASED; VERIFY WITH OFFICIAL SURVEILLANCE
2040-12,1204712000,Cotabato,PIKIT,0.08387323595962257,2.1948907618318096,NOT_SIGNIFICANT,0,0,38.555544691169615,LOW,48.74325222594591,NEIGHBOR_INFECTIOUS_PRESSURE,DYNAMIC SPATIOTEMPORAL WATCH,SCENARIO-BASED; VERIFY WITH OFFICIAL SURVEILLANCE
2040-12,1204701000,Cotabato,ALAMADA,0.08489639847638876,2.3915569475271767,NOT_SIGNIFICANT,0,0,38.39399011717327,LOW,49.31623324553664,NEIGHBOR_INFECTIOUS_PRESSURE,DYNAMIC SPATIOTEMPORAL WATCH,SCENARIO-BASED; VERIFY WITH OFFICIAL SURVEILLANCE
2041-01,1206311000,South Cotabato,NORALA,0.11074054906100608,5.699031788285971,HOT_SPOT_99,1,10,75.12422304642853,HIGH,41.95105795450837,TRANSMISSION_PRESSURE_PROXY+STATISTICAL_HOTSPOT+CONNECTED_HOTSPOT_CLUSTER+NEIGHBOR_INFECTIOUS_PRESSURE,DYNAMIC SPATIOTEMPORAL WATCH,SCENARIO-BASED; VERIFY WITH OFFICIAL SURVEILLANCE
2041-01,1206315000,South Cotabato,TANTANGAN,0.11499422276618439,6.2512519893884,HOT_SPOT_99,1,10,73.29299278843668,HIGH,41.42506265346583,TRANSMISSION_PRESSURE_PROXY+STATISTICAL_HOTSPOT+CONNECTED_HOTSPOT_CLUSTER,DYNAMIC SPATIOTEMPORAL WATCH,SCENARIO-BASED; VERIFY WITH OFFICIAL SURVEILLANCE
2041-01,1206306000,South Cotabato,KORONADAL,0.6208375742068188,7.4588804806769975,HOT_SPOT_99,1,10,70.43133341744799,HIGH,46.61480838801583,TRANSMISSION_PRESSURE_PROXY+STATISTICAL_HOTSPOT+CONNECTED_HOTSPOT_CLUSTER,DYNAMIC SPATIOTEMPORAL WATCH,SCENARIO-BASED; VERIFY WITH OFFICIAL SURVEILLANCE
2041-01,1206318000,South Cotabato,SANTO NIÑO,0.09985766505641856,6.664641932516038,HOT_SPOT_95,1,10,67.35885278219457,HIGH,40.04415278433617,TRANSMISSION_PRESSURE_PROXY+STATISTICAL_HOTSPOT+CONNECTED_HOTSPOT_CLUSTER,DYNAMIC SPATIOTEMPORAL WATCH,SCENARIO-BASED; VERIFY WITH OFFICIAL SURVEILLANCE
2041-01,1206302000,South Cotabato,BANGA,0.15857516185562542,5.24895577128334,HOT_SPOT_99,1,10,62.7461753577422,MODERATE,40.117353918158514,STATISTICAL_HOTSPOT+CONNECTED_HOTSPOT_CLUSTER+NEIGHBOR_INFECTIOUS_PRESSURE,DYNAMIC SPATIOTEMPORAL WATCH,SCENARIO-BASED; VERIFY WITH OFFICIAL SURVEILLANCE
2041-01,1206511000,Sultan Kudarat,TACURONG,0.25227038153511044,6.51066940026591,HOT_SPOT_99,1,10,60.82384072646961,MODERATE,40.026551622911555,STATISTICAL_HOTSPOT+CONNECTED_HOTSPOT_CLUSTER,DYNAMIC SPATIOTEMPORAL WATCH,SCENARIO-BASED; VERIFY WITH OFFICIAL SURVEILLANCE
2041-01,1206314000,South Cotabato,TAMPAKAN,0.06064354639099921,3.940135956860228,HOT_SPOT_95,1,10,54.81410915168213,MODERATE,35.479669548434536,STATISTICAL_HOTSPOT+CONNECTED_HOTSPOT_CLUSTER+NEIGHBOR_INFECTIOUS_PRESSURE,DYNAMIC SPATIOTEMPORAL WATCH,SCENARIO-BASED; VERIFY WITH OFFICIAL SURVEILLANCE
2041-01,1204701000,Cotabato,ALAMADA,0.08799198045799746,2.3942786765081423,NOT_SIGNIFICANT,0,0,48.08738144622456,MODERATE,55.87837950261468,NEIGHBOR_INFECTIOUS_PRESSURE,DYNAMIC SPATIOTEMPORAL WATCH,SCENARIO-BASED; VERIFY WITH OFFICIAL SURVEILLANCE
2041-01,1206507000,Sultan Kudarat,LUTAYAN,0.07706066851537668,3.420483922700613,HOT_SPOT_95,1,10,40.936012268929574,LOW,30.149495761241695,STATISTICAL_HOTSPOT+CONNECTED_HOTSPOT_CLUSTER,DYNAMIC SPATIOTEMPORAL WATCH,SCENARIO-BASED; VERIFY WITH OFFICIAL SURVEILLANCE
2041-01,1204712000,Cotabato,PIKIT,0.0634264817551918,2.1965627803121293,NOT_SIGNIFICANT,0,0,40.75808236551003,LOW,51.26983436972236,NEIGHBOR_INFECTIOUS_PRESSURE,DYNAMIC SPATIOTEMPORAL WATCH,SCENARIO-BASED; VERIFY WITH OFFICIAL SURVEILLANCE
2041-01,1206509000,Sultan Kudarat,PALIMBANG,0.08971491304156042,2.3389005750349305,COLD_SPOT_90,0,0,39.495276384860325,LOW,52.464008757093076,NEIGHBOR_INFECTIOUS_PRESSURE,DYNAMIC SPATIOTEMPORAL WATCH,SCENARIO-BASED; VERIFY WITH OFFICIAL SURVEILLANCE
2041-02,1206315000,South Cotabato,TANTANGAN,0.5779953100045373,6.281270130120424,HOT_SPOT_99,1,10,76.95332435030284,HIGH,45.47047667677732,TRANSMISSION_PRESSURE_PROXY+STATISTICAL_HOTSPOT+CONNECTED_HOTSPOT_CLUSTER,DYNAMIC SPATIOTEMPORAL WATCH,SCENARIO-BASED; VERIFY WITH OFFICIAL SURVEILLANCE
2041-02,1206302000,South Cotabato,BANGA,0.8909953096950319,5.272693488122099,HOT_SPOT_99,1,10,71.57862994762735,HIGH,45.66592253913272,TRANSMISSION_PRESSURE_PROXY+STATISTICAL_HOTSPOT+CONNECTED_HOTSPOT_CLUSTER,DYNAMIC SPATIOTEMPORAL WATCH,SCENARIO-BASED; VERIFY WITH OFFICIAL SURVEILLANCE
2041-02,1206511000,Sultan Kudarat,TACURONG,1.092601284301316,6.527311495789987,HOT_SPOT_99,1,10,69.32034265030363,HIGH,43.87265936944239,TRANSMISSION_PRESSURE_PROXY+STATISTICAL_HOTSPOT+CONNECTED_HOTSPOT_CLUSTER,DYNAMIC SPATIOTEMPORAL WATCH,SCENARIO-BASED; VERIFY WITH OFFICIAL SURVEILLANCE
2041-02,1206306000,South Cotabato,KORONADAL,1.8448239696795226,7.473569599631159,HOT_SPOT_99,1,10,69.17758754855765,HIGH,45.83414678347566,TRANSMISSION_PRESSURE_PROXY+STATISTICAL_HOTSPOT+CONNECTED_HOTSPOT_CLUSTER,DYNAMIC SPATIOTEMPORAL WATCH,SCENARIO-BASED; VERIFY WITH OFFICIAL SURVEILLANCE
2041-02,1206311000,South Cotabato,NORALA,0.26843322457637137,5.709660893877427,HOT_SPOT_99,1,10,65.01011802661135,HIGH,38.3167150247192,TRANSMISSION_PRESSURE_PROXY+STATISTICAL_HOTSPOT+CONNECTED_HOTSPOT_CLUSTER,DYNAMIC SPATIOTEMPORAL WATCH,SCENARIO-BASED; VERIFY WITH OFFICIAL SURVEILLANCE
2041-02,1206318000,South Cotabato,SANTO NIÑO,0.26311584917400554,6.677721838731171,HOT_SPOT_95,1,10,61.143787968941474,MODERATE,38.95902244512547,STATISTICAL_HOTSPOT+CONNECTED_HOTSPOT_CLUSTER,DYNAMIC SPATIOTEMPORAL WATCH,SCENARIO-BASED; VERIFY WITH OFFICIAL SURVEILLANCE
2041-02,1204711000,Cotabato,PIGKAWAYAN,0.1581566021245448,3.4820044030922532,NOT_SIGNIFICANT,0,0,44.42810622910828,LOW,48.63569168380619,NEIGHBOR_INFECTIOUS_PRESSURE,DYNAMIC SPATIOTEMPORAL WATCH,SCENARIO-BASED; VERIFY WITH OFFICIAL SURVEILLANCE
2041-02,1206314000,South Cotabato,TAMPAKAN,0.14806258157727176,3.9492867860520766,HOT_SPOT_95,1,10,42.987752048573434,LOW,28.096346696874868,STATISTICAL_HOTSPOT+CONNECTED_HOTSPOT_CLUSTER,DYNAMIC SPATIOTEMPORAL WATCH,SCENARIO-BASED; VERIFY WITH OFFICIAL SURVEILLANCE
2041-02,1204712000,Cotabato,PIKIT,0.15869195715166645,2.2026323982450897,NOT_SIGNIFICANT,0,0,40.317225042998984,LOW,50.13229071146512,NEIGHBOR_INFECTIOUS_PRESSURE,DYNAMIC SPATIOTEMPORAL WATCH,SCENARIO-BASED; VERIFY WITH OFFICIAL SURVEILLANCE
2041-02,1206507000,Sultan Kudarat,LUTAYAN,0.20911976603003135,3.4273233002494505,HOT_SPOT_95,1,10,39.62026325938678,LOW,29.519017360404455,STATISTICAL_HOTSPOT+CONNECTED_HOTSPOT_CLUSTER,DYNAMIC SPATIOTEMPORAL WATCH,SCENARIO-BASED; VERIFY WITH OFFICIAL SURVEILLANCE
2041-02,1204701000,Cotabato,ALAMADA,0.15836085952160606,2.400030914181186,NOT_SIGNIFICANT,0,0,39.22582516082199,LOW,48.666512372867686,NEIGHBOR_INFECTIOUS_PRESSURE,DYNAMIC SPATIOTEMPORAL WATCH,SCENARIO-BASED; VERIFY WITH OFFICIAL SURVEILLANCE
2041-02,1206509000,Sultan Kudarat,PALIMBANG,0.17583479607820035,2.345091231054506,COLD_SPOT_90,0,0,35.050695583117154,LOW,47.314244571690786,NEIGHBOR_INFECTIOUS_PRESSURE,DYNAMIC SPATIOTEMPORAL WATCH,SCENARIO-BASED; VERIFY WITH OFFICIAL SURVEILLANCE
2041-03,1206311000,South Cotabato,NORALA,0.6694887616762882,5.7453030434155465,HOT_SPOT_99,1,10,75.16673657831319,HIGH,45.72614693630132,TRANSMISSION_PRESSURE_PROXY+STATISTICAL_HOTSPOT+CONNECTED_HOTSPOT_CLUSTER,DYNAMIC SPATIOTEMPORAL WATCH,SCENARIO-BASED; VERIFY WITH OFFICIAL SURVEILLANCE
2041-03,1206306000,South Cotabato,KORONADAL,2.9506385674547246,7.503303455468493,HOT_SPOT_99,1,10,73.29845151036075,HIGH,50.441526389434046,TRANSMISSION_PRESSURE_PROXY+STATISTICAL_HOTSPOT+CONNECTED_HOTSPOT_CLUSTER,DYNAMIC SPATIOTEMPORAL WATCH,SCENARIO-BASED; VERIFY WITH OFFICIAL SURVEILLANCE
2041-03,1206315000,South Cotabato,TANTANGAN,0.45000445220587804,6.303914272853989,HOT_SPOT_99,1,10,73.15674156414367,HIGH,41.25630494158625,TRANSMISSION_PRESSURE_PROXY+STATISTICAL_HOTSPOT+CONNECTED_HOTSPOT_CLUSTER,DYNAMIC SPATIOTEMPORAL WATCH,SCENARIO-BASED; VERIFY WITH OFFICIAL SURVEILLANCE
2041-03,1206511000,Sultan Kudarat,TACURONG,1.379463195311184,6.550395674038773,HOT_SPOT_99,1,10,72.27028038050948,HIGH,44.95203211316906,TRANSMISSION_PRESSURE_PROXY+STATISTICAL_HOTSPOT+CONNECTED_HOTSPOT_CLUSTER,DYNAMIC SPATIOTEMPORAL WATCH,SCENARIO-BASED; VERIFY WITH OFFICIAL SURVEILLANCE
2041-03,1206318000,South Cotabato,SANTO NIÑO,0.6395227295368017,6.718696007889645,HOT_SPOT_95,1,10,69.91436327151872,HIGH,45.8784522104699,TRANSMISSION_PRESSURE_PROXY+STATISTICAL_HOTSPOT+CONNECTED_HOTSPOT_CLUSTER,DYNAMIC SPATIOTEMPORAL WATCH,SCENARIO-BASED; VERIFY WITH OFFICIAL SURVEILLANCE
2041-03,1206302000,South Cotabato,BANGA,0.8586041811696765,5.29613988230739,HOT_SPOT_99,1,10,68.73833990349773,HIGH,41.95612878151885,TRANSMISSION_PRESSURE_PROXY+STATISTICAL_HOTSPOT+CONNECTED_HOTSPOT_CLUSTER,DYNAMIC SPATIOTEMPORAL WATCH,SCENARIO-BASED; VERIFY WITH OFFICIAL SURVEILLANCE
2041-03,1204711000,Cotabato,PIGKAWAYAN,0.32865633574134007,3.498721356413059,NOT_SIGNIFICANT,0,0,58.48736626766616,MODERATE,58.06253987604963,NONE,DYNAMIC SPATIOTEMPORAL WATCH,SCENARIO-BASED; VERIFY WITH OFFICIAL SURVEILLANCE
2041-03,1206314000,South Cotabato,TAMPAKAN,0.3453136052725256,3.973237399968597,HOT_SPOT_95,1,10,54.27286239052068,MODERATE,33.171015437713905,STATISTICAL_HOTSPOT+CONNECTED_HOTSPOT_CLUSTER,DYNAMIC SPATIOTEMPORAL WATCH,SCENARIO-BASED; VERIFY WITH OFFICIAL SURVEILLANCE
2041-03,1206507000,Sultan Kudarat,LUTAYAN,0.3514983086887164,3.44079343047336,HOT_SPOT_95,1,10,49.449148198098975,MODERATE,37.68656232517544,STATISTICAL_HOTSPOT+CONNECTED_HOTSPOT_CLUSTER,DYNAMIC SPATIOTEMPORAL WATCH,SCENARIO-BASED; VERIFY WITH OFFICIAL SURVEILLANCE
2041-03,1204701000,Cotabato,ALAMADA,0.21391765421053582,2.408240153237664,NOT_SIGNIFICANT,0,0,41.956693108175784,LOW,51.67367647356246,NEIGHBOR_INFECTIOUS_PRESSURE,DYNAMIC SPATIOTEMPORAL WATCH,SCENARIO-BASED; VERIFY WITH OFFICIAL SURVEILLANCE
2041-03,1206509000,Sultan Kudarat,PALIMBANG,0.29659358122637497,2.352137106121112,COLD_SPOT_90,0,0,41.04090621253159,LOW,53.31299692085224,NEIGHBOR_INFECTIOUS_PRESSURE,DYNAMIC SPATIOTEMPORAL WATCH,SCENARIO-BASED; VERIFY WITH OFFICIAL SURVEILLANCE
2041-03,1204712000,Cotabato,PIKIT,0.18915591664934536,2.210109714431824,NOT_SIGNIFICANT,0,0,40.97119774922123,LOW,50.609526975586554,NEIGHBOR_INFECTIOUS_PRESSURE,DYNAMIC SPATIOTEMPORAL WATCH,SCENARIO-BASED; VERIFY WITH OFFICIAL SURVEILLANCE
2041-04,1206315000,South Cotabato,TANTANGAN,0.4290784520782318,6.325028775367196,HOT_SPOT_99,1,10,80.31602617981768,CRITICAL,44.86289860379693,TRANSMISSION_PRESSURE_PROXY+STATISTICAL_HOTSPOT+CONNECTED_HOTSPOT_CLUSTER+NEIGHBOR_INFECTIOUS_PRESSURE,DYNAMIC SPATIOTEMPORAL WATCH,SCENARIO-BASED; VERIFY WITH OFFICIAL SURVEILLANCE
2041-04,1206511000,Sultan Kudarat,TACURONG,1.2334230443221041,6.5691013965191125,HOT_SPOT_99,1,10,76.83778442036997,HIGH,46.57208776383901,TRANSMISSION_PRESSURE_PROXY+STATISTICAL_HOTSPOT+CONNECTED_HOTSPOT_CLUSTER,DYNAMIC SPATIOTEMPORAL WATCH,SCENARIO-BASED; VERIFY WITH OFFICIAL SURVEILLANCE
2041-04,1206302000,South Cotabato,BANGA,0.7832237479735055,5.316874553431285,HOT_SPOT_99,1,10,76.17001081576055,HIGH,44.78194771522881,TRANSMISSION_PRESSURE_PROXY+STATISTICAL_HOTSPOT+CONNECTED_HOTSPOT_CLUSTER+NEIGHBOR_INFECTIOUS_PRESSURE,DYNAMIC SPATIOTEMPORAL WATCH,SCENARIO-BASED; VERIFY WITH OFFICIAL SURVEILLANCE
2041-04,1206306000,South Cotabato,KORONADAL,2.5427853942193694,7.5292796639631865,HOT_SPOT_99,1,10,74.40993471407779,HIGH,49.80302248614054,TRANSMISSION_PRESSURE_PROXY+STATISTICAL_HOTSPOT+CONNECTED_HOTSPOT_CLUSTER,DYNAMIC SPATIOTEMPORAL WATCH,SCENARIO-BASED; VERIFY WITH OFFICIAL SURVEILLANCE
2041-04,1206311000,South Cotabato,NORALA,0.32547415908439337,5.760081635160175,HOT_SPOT_99,1,10,73.05342709844713,HIGH,41.66462853728645,TRANSMISSION_PRESSURE_PROXY+STATISTICAL_HOTSPOT+CONNECTED_HOTSPOT_CLUSTER+NEIGHBOR_INFECTIOUS_PRESSURE,DYNAMIC SPATIOTEMPORAL WATCH,SCENARIO-BASED; VERIFY WITH OFFICIAL SURVEILLANCE
2041-04,1206318000,South Cotabato,SANTO NIÑO,0.33313969174200353,6.737469508278915,HOT_SPOT_95,1,10,70.5294732265133,HIGH,42.260075071662285,TRANSMISSION_PRESSURE_PROXY+STATISTICAL_HOTSPOT+CONNECTED_HOTSPOT_CLUSTER,DYNAMIC SPATIOTEMPORAL WATCH,SCENARIO-BASED; VERIFY WITH OFFICIAL SURVEILLANCE
2041-04,1206314000,South Cotabato,TAMPAKAN,0.525900885424643,4.010578037080973,HOT_SPOT_95,1,10,62.36092868674854,MODERATE,36.762859557672726,STATISTICAL_HOTSPOT+CONNECTED_HOTSPOT_CLUSTER,DYNAMIC SPATIOTEMPORAL WATCH,SCENARIO-BASED; VERIFY WITH OFFICIAL SURVEILLANCE
2041-04,1204701000,Cotabato,ALAMADA,0.37835455734996976,2.4238128990505747,NOT_SIGNIFICANT,0,0,49.75635610767233,MODERATE,55.75336884922453,NEIGHBOR_INFECTIOUS_PRESSURE,DYNAMIC SPATIOTEMPORAL WATCH,SCENARIO-BASED; VERIFY WITH OFFICIAL SURVEILLANCE
2041-04,1206507000,Sultan Kudarat,LUTAYAN,0.23035803716904987,3.4483156550554037,HOT_SPOT_95,1,10,43.36010098430938,LOW,32.454020660054134,STATISTICAL_HOTSPOT+CONNECTED_HOTSPOT_CLUSTER+NEIGHBOR_INFECTIOUS_PRESSURE,DYNAMIC SPATIOTEMPORAL WATCH,SCENARIO-BASED; VERIFY WITH OFFICIAL SURVEILLANCE
2041-04,1204712000,Cotabato,PIKIT,0.17497063680667985,2.216938429789728,NOT_SIGNIFICANT,0,0,38.66388630437204,LOW,50.064027469367424,NEIGHBOR_INFECTIOUS_PRESSURE,DYNAMIC SPATIOTEMPORAL WATCH,SCENARIO-BASED; VERIFY WITH OFFICIAL SURVEILLANCE
2041-05,1206315000,South Cotabato,TANTANGAN,0.2304516994912412,6.332860062484151,HOT_SPOT_99,1,10,82.20774324963278,CRITICAL,46.36327663878837,TRANSMISSION_PRESSURE_PROXY+STATISTICAL_HOTSPOT+CONNECTED_HOTSPOT_CLUSTER+NEIGHBOR_INFECTIOUS_PRESSURE,DYNAMIC SPATIOTEMPORAL WATCH,SCENARIO-BASED; VERIFY WITH OFFICIAL SURVEILLANCE
2041-05,1206318000,South Cotabato,SANTO NIÑO,0.1758647560921783,6.743023530658894,HOT_SPOT_95,1,10,73.64724734620629,HIGH,43.777935841612134,TRANSMISSION_PRESSURE_PROXY+STATISTICAL_HOTSPOT+CONNECTED_HOTSPOT_CLUSTER,DYNAMIC SPATIOTEMPORAL WATCH,SCENARIO-BASED; VERIFY WITH OFFICIAL SURVEILLANCE
2041-05,1206306000,South Cotabato,KORONADAL,0.9602613773321644,7.5291769750799515,HOT_SPOT_99,1,10,72.58992926660396,HIGH,46.66323819142979,TRANSMISSION_PRESSURE_PROXY+STATISTICAL_HOTSPOT+CONNECTED_HOTSPOT_CLUSTER,DYNAMIC SPATIOTEMPORAL WATCH,SCENARIO-BASED; VERIFY WITH OFFICIAL SURVEILLANCE
2041-05,1206511000,Sultan Kudarat,TACURONG,0.48382651823517286,6.568576724196101,HOT_SPOT_99,1,10,71.77142105148955,HIGH,43.32309770713119,TRANSMISSION_PRESSURE_PROXY+STATISTICAL_HOTSPOT+CONNECTED_HOTSPOT_CLUSTER,DYNAMIC SPATIOTEMPORAL WATCH,SCENARIO-BASED; VERIFY WITH OFFICIAL SURVEILLANCE
2041-05,1206311000,South Cotabato,NORALA,0.15110482691315832,5.7622846793069895,HOT_SPOT_99,1,10,70.72116745680351,HIGH,40.744363098863886,TRANSMISSION_PRESSURE_PROXY+STATISTICAL_HOTSPOT+CONNECTED_HOTSPOT_CLUSTER+NEIGHBOR_INFECTIOUS_PRESSURE,DYNAMIC SPATIOTEMPORAL WATCH,SCENARIO-BASED; VERIFY WITH OFFICIAL SURVEILLANCE
2041-05,1206302000,South Cotabato,BANGA,0.2725356060461983,5.318962822938582,HOT_SPOT_99,1,10,68.51985745504959,HIGH,41.53814747067046,TRANSMISSION_PRESSURE_PROXY+STATISTICAL_HOTSPOT+CONNECTED_HOTSPOT_CLUSTER+NEIGHBOR_INFECTIOUS_PRESSURE,DYNAMIC SPATIOTEMPORAL WATCH,SCENARIO-BASED; VERIFY WITH OFFICIAL SURVEILLANCE
2041-05,1206314000,South Cotabato,TAMPAKAN,0.08535496038715579,4.014792187289787,HOT_SPOT_95,1,10,52.64855405052904,MODERATE,31.325213065968587,STATISTICAL_HOTSPOT+CONNECTED_HOTSPOT_CLUSTER+NEIGHBOR_INFECTIOUS_PRESSURE,DYNAMIC SPATIOTEMPORAL WATCH,SCENARIO-BASED; VERIFY WITH OFFICIAL SURVEILLANCE
2041-05,1206507000,Sultan Kudarat,LUTAYAN,0.12977485289809979,3.4509658272085777,HOT_SPOT_95,1,10,46.36649233397111,MODERATE,34.87370078736675,STATISTICAL_HOTSPOT+CONNECTED_HOTSPOT_CLUSTER+NEIGHBOR_INFECTIOUS_PRESSURE,DYNAMIC SPATIOTEMPORAL WATCH,SCENARIO-BASED; VERIFY WITH OFFICIAL SURVEILLANCE
2041-06,1206311000,South Cotabato,NORALA,0.2660062263451474,5.771655774667022,HOT_SPOT_99,1,10,75.04974152343972,HIGH,41.3336043284637,TRANSMISSION_PRESSURE_PROXY+STATISTICAL_HOTSPOT+CONNECTED_HOTSPOT_CLUSTER+NEIGHBOR_INFECTIOUS_PRESSURE,DYNAMIC SPATIOTEMPORAL WATCH,SCENARIO-BASED; VERIFY WITH OFFICIAL SURVEILLANCE
2041-06,1206306000,South Cotabato,KORONADAL,1.6413043649033456,7.538678984739943,HOT_SPOT_99,1,10,72.51916526300477,HIGH,46.944795036630836,TRANSMISSION_PRESSURE_PROXY+STATISTICAL_HOTSPOT+CONNECTED_HOTSPOT_CLUSTER,DYNAMIC SPATIOTEMPORAL WATCH,SCENARIO-BASED; VERIFY WITH OFFICIAL SURVEILLANCE
2041-06,1206315000,South Cotabato,TANTANGAN,0.25798142300291504,6.341503693151067,HOT_SPOT_99,1,10,72.48761203003549,HIGH,40.87230083304589,TRANSMISSION_PRESSURE_PROXY+STATISTICAL_HOTSPOT+CONNECTED_HOTSPOT_CLUSTER,DYNAMIC SPATIOTEMPORAL WATCH,SCENARIO-BASED; VERIFY WITH OFFICIAL SURVEILLANCE
2041-06,1206302000,South Cotabato,BANGA,0.4727299334757389,5.327640565646792,HOT_SPOT_99,1,10,69.97332932827473,HIGH,41.52980298457742,TRANSMISSION_PRESSURE_PROXY+STATISTICAL_HOTSPOT+CONNECTED_HOTSPOT_CLUSTER+NEIGHBOR_INFECTIOUS_PRESSURE,DYNAMIC SPATIOTEMPORAL WATCH,SCENARIO-BASED; VERIFY WITH OFFICIAL SURVEILLANCE
2041-06,1206318000,South Cotabato,SANTO NIÑO,0.24100936146226654,6.753358928524642,HOT_SPOT_95,1,10,68.45355687440453,HIGH,40.19919757677899,TRANSMISSION_PRESSURE_PROXY+STATISTICAL_HOTSPOT+CONNECTED_HOTSPOT_CLUSTER,DYNAMIC SPATIOTEMPORAL WATCH,SCENARIO-BASED; VERIFY WITH OFFICIAL SURVEILLANCE
2041-06,1206511000,Sultan Kudarat,TACURONG,0.7013202584424489,6.573356501261323,HOT_SPOT_99,1,10,67.04552067381205,HIGH,40.34339117798345,TRANSMISSION_PRESSURE_PROXY+STATISTICAL_HOTSPOT+CONNECTED_HOTSPOT_CLUSTER,DYNAMIC SPATIOTEMPORAL WATCH,SCENARIO-BASED; VERIFY WITH OFFICIAL SURVEILLANCE
2041-06,1206317000,South Cotabato,TUPI,0.42181891340090766,4.630949719936016,HOT_SPOT_90,1,10,58.27158230755876,MODERATE,34.00885335913341,CONNECTED_HOTSPOT_CLUSTER,DYNAMIC SPATIOTEMPORAL WATCH,SCENARIO-BASED; VERIFY WITH OFFICIAL SURVEILLANCE
2041-06,1206507000,Sultan Kudarat,LUTAYAN,0.27903142094912087,3.4606697521717598,HOT_SPOT_95,1,10,52.31949890581912,MODERATE,37.78302195385789,STATISTICAL_HOTSPOT+CONNECTED_HOTSPOT_CLUSTER,DYNAMIC SPATIOTEMPORAL WATCH,SCENARIO-BASED; VERIFY WITH OFFICIAL SURVEILLANCE
2041-06,1206314000,South Cotabato,TAMPAKAN,0.10409555623126998,4.020546940489589,HOT_SPOT_95,1,10,51.99169377378829,MODERATE,31.069667296130717,STATISTICAL_HOTSPOT+CONNECTED_HOTSPOT_CLUSTER+NEIGHBOR_INFECTIOUS_PRESSURE,DYNAMIC SPATIOTEMPORAL WATCH,SCENARIO-BASED; VERIFY WITH OFFICIAL SURVEILLANCE
2041-06,1204706000,Cotabato,MAGPET,0.11529588145946329,2.8413566703313515,NOT_SIGNIFICANT,0,0,41.83852447923011,LOW,45.545882919922846,NEIGHBOR_INFECTIOUS_PRESSURE,DYNAMIC SPATIOTEMPORAL WATCH,SCENARIO-BASED; VERIFY WITH OFFICIAL SURVEILLANCE
2041-07,1206306000,South Cotabato,KORONADAL,1.5450822870681353,7.546992620058706,HOT_SPOT_99,1,10,78.11616251807831,HIGH,50.572398187830956,TRANSMISSION_PRESSURE_PROXY+STATISTICAL_HOTSPOT+CONNECTED_HOTSPOT_CLUSTER,DYNAMIC SPATIOTEMPORAL WATCH,SCENARIO-BASED; VERIFY WITH OFFICIAL SURVEILLANCE
2041-07,1206511000,Sultan Kudarat,TACURONG,1.0474000181115009,6.586895543655905,HOT_SPOT_99,1,10,69.50022851860118,HIGH,45.558280847424626,TRANSMISSION_PRESSURE_PROXY+STATISTICAL_HOTSPOT+CONNECTED_HOTSPOT_CLUSTER,DYNAMIC SPATIOTEMPORAL WATCH,SCENARIO-BASED; VERIFY WITH OFFICIAL SURVEILLANCE
2041-07,1206314000,South Cotabato,TAMPAKAN,0.2445729514047419,4.0368792619293465,HOT_SPOT_95,1,10,65.95100429771864,HIGH,36.50569759852978,TRANSMISSION_PRESSURE_PROXY+STATISTICAL_HOTSPOT+CONNECTED_HOTSPOT_CLUSTER+NEIGHBOR_INFECTIOUS_PRESSURE,DYNAMIC SPATIOTEMPORAL WATCH,SCENARIO-BASED; VERIFY WITH OFFICIAL SURVEILLANCE
2041-07,1206311000,South Cotabato,NORALA,0.1777144977385937,5.775555562777454,HOT_SPOT_99,1,10,61.535631298009505,MODERATE,38.224089756503396,STATISTICAL_HOTSPOT+CONNECTED_HOTSPOT_CLUSTER,DYNAMIC SPATIOTEMPORAL WATCH,SCENARIO-BASED; VERIFY WITH OFFICIAL SURVEILLANCE
2041-07,1206315000,South Cotabato,TANTANGAN,0.1754342845014484,6.345041286127503,HOT_SPOT_99,1,10,59.30667344915995,MODERATE,36.77044121829538,STATISTICAL_HOTSPOT+CONNECTED_HOTSPOT_CLUSTER,DYNAMIC SPATIOTEMPORAL WATCH,SCENARIO-BASED; VERIFY WITH OFFICIAL SURVEILLANCE
2041-07,1206302000,South Cotabato,BANGA,0.346525133430933,5.332207450206382,HOT_SPOT_99,1,10,57.94135758028952,MODERATE,37.81325749914501,STATISTICAL_HOTSPOT+CONNECTED_HOTSPOT_CLUSTER,DYNAMIC SPATIOTEMPORAL WATCH,SCENARIO-BASED; VERIFY WITH OFFICIAL SURVEILLANCE
2041-07,1206318000,South Cotabato,SANTO NIÑO,0.15767480389905617,6.757551912738756,HOT_SPOT_95,1,10,54.54348972464683,MODERATE,36.756756863086004,STATISTICAL_HOTSPOT+CONNECTED_HOTSPOT_CLUSTER,DYNAMIC SPATIOTEMPORAL WATCH,SCENARIO-BASED; VERIFY WITH OFFICIAL SURVEILLANCE
2041-07,1206507000,Sultan Kudarat,LUTAYAN,0.15504571974534123,3.4645055040626342,HOT_SPOT_95,1,10,44.17518091326965,LOW,32.84908128237052,STATISTICAL_HOTSPOT+CONNECTED_HOTSPOT_CLUSTER+NEIGHBOR_INFECTIOUS_PRESSURE,DYNAMIC SPATIOTEMPORAL WATCH,SCENARIO-BASED; VERIFY WITH OFFICIAL SURVEILLANCE
2041-07,1204706000,Cotabato,MAGPET,0.09139499910866994,2.845617160973666,NOT_SIGNIFICANT,0,0,41.95181551615635,LOW,45.54053693934694,NEIGHBOR_INFECTIOUS_PRESSURE,DYNAMIC SPATIOTEMPORAL WATCH,SCENARIO-BASED; VERIFY WITH OFFICIAL SURVEILLANCE
2041-07,1204712000,Cotabato,PIKIT,0.12009995774023974,2.231250444198509,NOT_SIGNIFICANT,0,0,36.41283785403589,LOW,48.303250535227,NEIGHBOR_INFECTIOUS_PRESSURE,DYNAMIC SPATIOTEMPORAL WATCH,SCENARIO-BASED; VERIFY WITH OFFICIAL SURVEILLANCE
2041-08,1206306000,South Cotabato,KORONADAL,1.27793988098495,7.552095881864916,HOT_SPOT_99,1,10,73.0976062014223,HIGH,47.545042474121146,TRANSMISSION_PRESSURE_PROXY+STATISTICAL_HOTSPOT+CONNECTED_HOTSPOT_CLUSTER,DYNAMIC SPATIOTEMPORAL WATCH,SCENARIO-BASED; VERIFY WITH OFFICIAL SURVEILLANCE
2041-08,1206511000,Sultan Kudarat,TACURONG,0.6938430511794622,6.592217480182689,HOT_SPOT_99,1,10,63.817982680480746,MODERATE,39.54603269510233,STATISTICAL_HOTSPOT+CONNECTED_HOTSPOT_CLUSTER,DYNAMIC SPATIOTEMPORAL WATCH,SCENARIO-BASED; VERIFY WITH OFFICIAL SURVEILLANCE
2041-08,1206311000,South Cotabato,NORALA,0.20782058233416123,5.781622801093494,HOT_SPOT_99,1,10,63.41506212429686,MODERATE,38.850321576470606,STATISTICAL_HOTSPOT+CONNECTED_HOTSPOT_CLUSTER,DYNAMIC SPATIOTEMPORAL WATCH,SCENARIO-BASED; VERIFY WITH OFFICIAL SURVEILLANCE
2041-08,1206315000,South Cotabato,TANTANGAN,0.20454297556679443,6.350679594720079,HOT_SPOT_99,1,10,61.896489088499926,MODERATE,37.932992751317016,STATISTICAL_HOTSPOT+CONNECTED_HOTSPOT_CLUSTER,DYNAMIC SPATIOTEMPORAL WATCH,SCENARIO-BASED; VERIFY WITH OFFICIAL SURVEILLANCE
2041-08,1206318000,South Cotabato,SANTO NIÑO,0.1665470896606337,6.762665774044597,HOT_SPOT_95,1,10,56.433157808914636,MODERATE,37.403227189762646,STATISTICAL_HOTSPOT+CONNECTED_HOTSPOT_CLUSTER,DYNAMIC SPATIOTEMPORAL WATCH,SCENARIO-BASED; VERIFY WITH OFFICIAL SURVEILLANCE
2041-08,1206302000,South Cotabato,BANGA,0.35143367392045827,5.3371946516152855,HOT_SPOT_99,1,10,56.04723484835915,MODERATE,37.3876240234416,STATISTICAL_HOTSPOT+CONNECTED_HOTSPOT_CLUSTER,DYNAMIC SPATIOTEMPORAL WATCH,SCENARIO-BASED; VERIFY WITH OFFICIAL SURVEILLANCE
2041-08,1206314000,South Cotabato,TAMPAKAN,0.1062024970930498,4.042601414764241,HOT_SPOT_95,1,10,49.91807457089765,MODERATE,29.778794923251745,STATISTICAL_HOTSPOT+CONNECTED_HOTSPOT_CLUSTER+NEIGHBOR_INFECTIOUS_PRESSURE,DYNAMIC SPATIOTEMPORAL WATCH,SCENARIO-BASED; VERIFY WITH OFFICIAL SURVEILLANCE
2041-08,1204706000,Cotabato,MAGPET,0.11495513368020181,2.8511843031472566,NOT_SIGNIFICANT,0,0,47.24817865913422,MODERATE,50.4969144972685,NEIGHBOR_INFECTIOUS_PRESSURE,DYNAMIC SPATIOTEMPORAL WATCH,SCENARIO-BASED; VERIFY WITH OFFICIAL SURVEILLANCE
2041-08,1204701000,Cotabato,ALAMADA,0.18580871022855575,2.4438746305068113,NOT_SIGNIFICANT,0,0,46.13526457897944,MODERATE,55.01037287352709,NEIGHBOR_INFECTIOUS_PRESSURE,DYNAMIC SPATIOTEMPORAL WATCH,SCENARIO-BASED; VERIFY WITH OFFICIAL SURVEILLANCE
2041-08,1206507000,Sultan Kudarat,LUTAYAN,0.16264260740391928,3.4688026245173424,HOT_SPOT_95,1,10,43.666815602161776,LOW,32.46623380579762,STATISTICAL_HOTSPOT+CONNECTED_HOTSPOT_CLUSTER+NEIGHBOR_INFECTIOUS_PRESSURE,DYNAMIC SPATIOTEMPORAL WATCH,SCENARIO-BASED; VERIFY WITH OFFICIAL SURVEILLANCE
2041-08,1204712000,Cotabato,PIKIT,0.1464442687229614,2.236789325348143,NOT_SIGNIFICANT,0,0,41.8069185798178,LOW,51.36151069892384,NEIGHBOR_INFECTIOUS_PRESSURE,DYNAMIC SPATIOTEMPORAL WATCH,SCENARIO-BASED; VERIFY WITH OFFICIAL SURVEILLANCE
2041-08,1204718000,Cotabato,ARAKAN,0.09118477037340819,2.5893833762809058,NOT_SIGNIFICANT,0,0,39.837098844079605,LOW,42.26376161633897,NEIGHBOR_INFECTIOUS_PRESSURE,DYNAMIC SPATIOTEMPORAL WATCH,SCENARIO-BASED; VERIFY WITH OFFICIAL SURVEILLANCE
2041-09,1206306000,South Cotabato,KORONADAL,0.9527826249855812,7.553311792592414,HOT_SPOT_99,1,10,73.71213378470232,HIGH,48.05784538986159,TRANSMISSION_PRESSURE_PROXY+STATISTICAL_HOTSPOT+CONNECTED_HOTSPOT_CLUSTER,DYNAMIC SPATIOTEMPORAL WATCH,SCENARIO-BASED; VERIFY WITH OFFICIAL SURVEILLANCE
2041-09,1206315000,South Cotabato,TANTANGAN,0.20821053471740475,6.356911831542236,HOT_SPOT_99,1,10,71.07885176383093,HIGH,44.05843444584748,TRANSMISSION_PRESSURE_PROXY+STATISTICAL_HOTSPOT+CONNECTED_HOTSPOT_CLUSTER,DYNAMIC SPATIOTEMPORAL WATCH,SCENARIO-BASED; VERIFY WITH OFFICIAL SURVEILLANCE
2041-09,1206318000,South Cotabato,SANTO NIÑO,0.21786095278206544,6.7719759791409695,HOT_SPOT_95,1,10,68.07191822663312,HIGH,45.126748540093246,TRANSMISSION_PRESSURE_PROXY+STATISTICAL_HOTSPOT+CONNECTED_HOTSPOT_CLUSTER,DYNAMIC SPATIOTEMPORAL WATCH,SCENARIO-BASED; VERIFY WITH OFFICIAL SURVEILLANCE
2041-09,1206311000,South Cotabato,NORALA,0.14318923392233238,5.783980045695991,HOT_SPOT_99,1,10,63.939673463238165,MODERATE,39.02189499008618,STATISTICAL_HOTSPOT+CONNECTED_HOTSPOT_CLUSTER,DYNAMIC SPATIOTEMPORAL WATCH,SCENARIO-BASED; VERIFY WITH OFFICIAL SURVEILLANCE
2041-09,1206511000,Sultan Kudarat,TACURONG,0.45029049012314526,6.592201046677014,HOT_SPOT_99,1,10,62.72280225718342,MODERATE,39.17011035655541,STATISTICAL_HOTSPOT+CONNECTED_HOTSPOT_CLUSTER,DYNAMIC SPATIOTEMPORAL WATCH,SCENARIO-BASED; VERIFY WITH OFFICIAL SURVEILLANCE
2041-09,1206302000,South Cotabato,BANGA,0.2492710395221559,5.33913278135716,HOT_SPOT_99,1,10,56.72765396297612,MODERATE,37.76268110163189,STATISTICAL_HOTSPOT+CONNECTED_HOTSPOT_CLUSTER,DYNAMIC SPATIOTEMPORAL WATCH,SCENARIO-BASED; VERIFY WITH OFFICIAL SURVEILLANCE
2041-09,1206507000,Sultan Kudarat,LUTAYAN,0.18052493381003892,3.4741194070359223,HOT_SPOT_95,1,10,55.61524531048575,MODERATE,38.357344406398845,STATISTICAL_HOTSPOT+CONNECTED_HOTSPOT_CLUSTER+NEIGHBOR_INFECTIOUS_PRESSURE,DYNAMIC SPATIOTEMPORAL WATCH,SCENARIO-BASED; VERIFY WITH OFFICIAL SURVEILLANCE
2041-09,1204718000,Cotabato,ARAKAN,0.14653235326867065,2.597607965291963,NOT_SIGNIFICANT,0,0,53.78163104718022,MODERATE,48.05155081870096,NEIGHBOR_INFECTIOUS_PRESSURE,DYNAMIC SPATIOTEMPORAL WATCH,SCENARIO-BASED; VERIFY WITH OFFICIAL SURVEILLANCE
2041-09,1204712000,Cotabato,PIKIT,0.15788300254575446,2.242894318771698,NOT_SIGNIFICANT,0,0,51.25090045790424,MODERATE,55.8246066532408,NEIGHBOR_INFECTIOUS_PRESSURE,DYNAMIC SPATIOTEMPORAL WATCH,SCENARIO-BASED; VERIFY WITH OFFICIAL SURVEILLANCE
2041-09,1206314000,South Cotabato,TAMPAKAN,0.058118965501153766,4.044932754946947,HOT_SPOT_95,1,10,47.32879472921312,MODERATE,28.911260231074106,STATISTICAL_HOTSPOT+CONNECTED_HOTSPOT_CLUSTER+NEIGHBOR_INFECTIOUS_PRESSURE,DYNAMIC SPATIOTEMPORAL WATCH,SCENARIO-BASED; VERIFY WITH OFFICIAL SURVEILLANCE
2041-09,1204701000,Cotabato,ALAMADA,0.10613805972250831,2.4473779385682173,NOT_SIGNIFICANT,0,0,41.828215637263675,LOW,51.126971906699595,NEIGHBOR_INFECTIOUS_PRESSURE,DYNAMIC SPATIOTEMPORAL WATCH,SCENARIO-BASED; VERIFY WITH OFFICIAL SURVEILLANCE
2041-10,1206311000,South Cotabato,NORALA,0.31188324373467263,5.797316662977675,HOT_SPOT_99,1,10,72.54099494394521,HIGH,44.22225758053716,TRANSMISSION_PRESSURE_PROXY+STATISTICAL_HOTSPOT+CONNECTED_HOTSPOT_CLUSTER,DYNAMIC SPATIOTEMPORAL WATCH,SCENARIO-BASED; VERIFY WITH OFFICIAL SURVEILLANCE
2041-10,1206318000,South Cotabato,SANTO NIÑO,0.4127527505425919,6.79617751071451,HOT_SPOT_95,1,10,69.79549454914944,HIGH,45.85962661694151,TRANSMISSION_PRESSURE_PROXY+STATISTICAL_HOTSPOT+CONNECTED_HOTSPOT_CLUSTER,DYNAMIC SPATIOTEMPORAL WATCH,SCENARIO-BASED; VERIFY WITH OFFICIAL SURVEILLANCE
2041-10,1206306000,South Cotabato,KORONADAL,1.5833030750171775,7.564333209773108,HOT_SPOT_99,1,10,69.00511857622426,HIGH,46.4424435168832,TRANSMISSION_PRESSURE_PROXY+STATISTICAL_HOTSPOT+CONNECTED_HOTSPOT_CLUSTER,DYNAMIC SPATIOTEMPORAL WATCH,SCENARIO-BASED; VERIFY WITH OFFICIAL SURVEILLANCE
2041-10,1206511000,Sultan Kudarat,TACURONG,0.8575867046529527,6.603062920153361,HOT_SPOT_99,1,10,67.2653824018492,HIGH,41.33176692185829,TRANSMISSION_PRESSURE_PROXY+STATISTICAL_HOTSPOT+CONNECTED_HOTSPOT_CLUSTER,DYNAMIC SPATIOTEMPORAL WATCH,SCENARIO-BASED; VERIFY WITH OFFICIAL SURVEILLANCE
2041-10,1206302000,South Cotabato,BANGA,0.5896293740359293,5.352735325261876,HOT_SPOT_99,1,10,67.06131511331903,HIGH,43.83568725371217,TRANSMISSION_PRESSURE_PROXY+STATISTICAL_HOTSPOT+CONNECTED_HOTSPOT_CLUSTER,DYNAMIC SPATIOTEMPORAL WATCH,SCENARIO-BASED; VERIFY WITH OFFICIAL SURVEILLANCE
2041-10,1206315000,South Cotabato,TANTANGAN,0.2190033190077879,6.364162595911627,HOT_SPOT_99,1,10,61.55515194665059,MODERATE,38.8270221282851,STATISTICAL_HOTSPOT+CONNECTED_HOTSPOT_CLUSTER,DYNAMIC SPATIOTEMPORAL WATCH,SCENARIO-BASED; VERIFY WITH OFFICIAL SURVEILLANCE
2041-10,1206317000,South Cotabato,TUPI,0.5453974883084881,4.658746247627497,HOT_SPOT_90,1,10,55.52824034580023,MODERATE,35.43469080281122,CONNECTED_HOTSPOT_CLUSTER,DYNAMIC SPATIOTEMPORAL WATCH,SCENARIO-BASED; VERIFY WITH OFFICIAL SURVEILLANCE
2041-10,1206507000,Sultan Kudarat,LUTAYAN,0.2945169325847775,3.484968041534058,HOT_SPOT_95,1,10,47.14621856707695,MODERATE,35.78346765928684,STATISTICAL_HOTSPOT+CONNECTED_HOTSPOT_CLUSTER,DYNAMIC SPATIOTEMPORAL WATCH,SCENARIO-BASED; VERIFY WITH OFFICIAL SURVEILLANCE
2041-10,1204712000,Cotabato,PIKIT,0.18047369337909988,2.249984653919721,NOT_SIGNIFICANT,0,0,45.20870315979864,MODERATE,52.27298861635176,NEIGHBOR_INFECTIOUS_PRESSURE,DYNAMIC SPATIOTEMPORAL WATCH,SCENARIO-BASED; VERIFY WITH OFFICIAL SURVEILLANCE
2041-10,1204718000,Cotabato,ARAKAN,0.10383678213100411,2.6030502960318063,NOT_SIGNIFICANT,0,0,42.29713464805211,LOW,43.20697169978974,NEIGHBOR_INFECTIOUS_PRESSURE,DYNAMIC SPATIOTEMPORAL WATCH,SCENARIO-BASED; VERIFY WITH OFFICIAL SURVEILLANCE
2041-10,1204701000,Cotabato,ALAMADA,0.14559159688290987,2.45253222201901,NOT_SIGNIFICANT,0,0,41.72854173598017,LOW,50.749447219273826,NEIGHBOR_INFECTIOUS_PRESSURE,DYNAMIC SPATIOTEMPORAL WATCH,SCENARIO-BASED; VERIFY WITH OFFICIAL SURVEILLANCE
2041-10,1206314000,South Cotabato,TAMPAKAN,0.09837163879675508,4.050212377905631,HOT_SPOT_95,1,10,40.649161679613165,LOW,25.851926648911377,STATISTICAL_HOTSPOT+CONNECTED_HOTSPOT_CLUSTER,DYNAMIC SPATIOTEMPORAL WATCH,SCENARIO-BASED; VERIFY WITH OFFICIAL SURVEILLANCE
2041-10,1206509000,Sultan Kudarat,PALIMBANG,0.1827489770603354,2.388789745988941,COLD_SPOT_90,0,0,37.05610238550454,LOW,48.425810525346414,NEIGHBOR_INFECTIOUS_PRESSURE,DYNAMIC SPATIOTEMPORAL WATCH,SCENARIO-BASED; VERIFY WITH OFFICIAL SURVEILLANCE
2041-11,1206311000,South Cotabato,NORALA,0.5757521666703694,5.827511945195262,HOT_SPOT_99,1,10,76.32694046835772,HIGH,46.30881726044689,TRANSMISSION_PRESSURE_PROXY+STATISTICAL_HOTSPOT+CONNECTED_HOTSPOT_CLUSTER,DYNAMIC SPATIOTEMPORAL WATCH,SCENARIO-BASED; VERIFY WITH OFFICIAL SURVEILLANCE
2041-11,1206315000,South Cotabato,TANTANGAN,0.6669639999455753,6.3998577867144535,HOT_SPOT_99,1,10,72.13859967233748,HIGH,44.889307471381784,TRANSMISSION_PRESSURE_PROXY+STATISTICAL_HOTSPOT+CONNECTED_HOTSPOT_CLUSTER,DYNAMIC SPATIOTEMPORAL WATCH,SCENARIO-BASED; VERIFY WITH OFFICIAL SURVEILLANCE
2041-11,1206306000,South Cotabato,KORONADAL,2.3632994501344338,7.587026277005978,HOT_SPOT_99,1,10,70.29000421522474,HIGH,47.84638463899316,TRANSMISSION_PRESSURE_PROXY+STATISTICAL_HOTSPOT+CONNECTED_HOTSPOT_CLUSTER,DYNAMIC SPATIOTEMPORAL WATCH,SCENARIO-BASED; VERIFY WITH OFFICIAL SURVEILLANCE
2041-11,1206318000,South Cotabato,SANTO NIÑO,0.4468566487443335,6.824192656125045,HOT_SPOT_95,1,10,68.97132926644898,HIGH,42.78157826736789,TRANSMISSION_PRESSURE_PROXY+STATISTICAL_HOTSPOT+CONNECTED_HOTSPOT_CLUSTER,DYNAMIC SPATIOTEMPORAL WATCH,SCENARIO-BASED; VERIFY WITH OFFICIAL SURVEILLANCE
2041-11,1206302000,South Cotabato,BANGA,0.6523858593296383,5.3686613555316,HOT_SPOT_99,1,10,62.13620301220946,MODERATE,39.63693521283826,STATISTICAL_HOTSPOT+CONNECTED_HOTSPOT_CLUSTER,DYNAMIC SPATIOTEMPORAL WATCH,SCENARIO-BASED; VERIFY WITH OFFICIAL SURVEILLANCE
2041-11,1206511000,Sultan Kudarat,TACURONG,0.9711280332867175,6.617302014856521,HOT_SPOT_99,1,10,62.013801382172026,MODERATE,39.1633800610272,STATISTICAL_HOTSPOT+CONNECTED_HOTSPOT_CLUSTER,DYNAMIC SPATIOTEMPORAL WATCH,SCENARIO-BASED; VERIFY WITH OFFICIAL SURVEILLANCE
2041-11,1206507000,Sultan Kudarat,LUTAYAN,0.47447279663194164,3.504455651639541,HOT_SPOT_95,1,10,49.69772943164219,MODERATE,35.75554754131737,STATISTICAL_HOTSPOT+CONNECTED_HOTSPOT_CLUSTER,DYNAMIC SPATIOTEMPORAL WATCH,SCENARIO-BASED; VERIFY WITH OFFICIAL SURVEILLANCE
2041-11,1204701000,Cotabato,ALAMADA,0.26350402461795003,2.462840130507487,NOT_SIGNIFICANT,0,0,44.418668873824615,LOW,52.607739369849455,NEIGHBOR_INFECTIOUS_PRESSURE,DYNAMIC SPATIOTEMPORAL WATCH,SCENARIO-BASED; VERIFY WITH OFFICIAL SURVEILLANCE
2041-11,1204718000,Cotabato,ARAKAN,0.13100279761980546,2.6100716206474934,NOT_SIGNIFICANT,0,0,38.33620822837446,LOW,41.67683971066207,NEIGHBOR_INFECTIOUS_PRESSURE,DYNAMIC SPATIOTEMPORAL WATCH,SCENARIO-BASED; VERIFY WITH OFFICIAL SURVEILLANCE
2041-11,1204712000,Cotabato,PIKIT,0.18541078149332496,2.257245915551637,NOT_SIGNIFICANT,0,0,37.81638318512199,LOW,47.29209834863275,NEIGHBOR_INFECTIOUS_PRESSURE,DYNAMIC SPATIOTEMPORAL WATCH,SCENARIO-BASED; VERIFY WITH OFFICIAL SURVEILLANCE
2041-11,1206314000,South Cotabato,TAMPAKAN,0.12590830114709342,4.057502518525927,HOT_SPOT_95,1,10,36.85523478296438,LOW,24.912726001296665,STATISTICAL_HOTSPOT+CONNECTED_HOTSPOT_CLUSTER,DYNAMIC SPATIOTEMPORAL WATCH,SCENARIO-BASED; VERIFY WITH OFFICIAL SURVEILLANCE
2041-11,1206509000,Sultan Kudarat,PALIMBANG,0.26509620232185693,2.394658914040214,COLD_SPOT_90,0,0,34.68439008032715,LOW,48.50612851041798,NEIGHBOR_INFECTIOUS_PRESSURE,DYNAMIC SPATIOTEMPORAL WATCH,SCENARIO-BASED; VERIFY WITH OFFICIAL SURVEILLANCE
2041-12,1206306000,South Cotabato,KORONADAL,1.0743012748041227,7.593834822082391,HOT_SPOT_99,1,10,73.96781912053231,HIGH,49.81275851670487,TRANSMISSION_PRESSURE_PROXY+STATISTICAL_HOTSPOT+CONNECTED_HOTSPOT_CLUSTER,DYNAMIC SPATIOTEMPORAL WATCH,SCENARIO-BASED; VERIFY WITH OFFICIAL SURVEILLANCE
2041-12,1206511000,Sultan Kudarat,TACURONG,0.5150765920047536,6.620350119051759,HOT_SPOT_99,1,10,72.07247922191911,HIGH,45.21607730662285,TRANSMISSION_PRESSURE_PROXY+STATISTICAL_HOTSPOT+CONNECTED_HOTSPOT_CLUSTER,DYNAMIC SPATIOTEMPORAL WATCH,SCENARIO-BASED; VERIFY WITH OFFICIAL SURVEILLANCE
2041-12,1206311000,South Cotabato,NORALA,0.1375032059695033,5.831272214179162,HOT_SPOT_99,1,10,69.96501955822855,HIGH,40.719675054036514,TRANSMISSION_PRESSURE_PROXY+STATISTICAL_HOTSPOT+CONNECTED_HOTSPOT_CLUSTER+NEIGHBOR_INFECTIOUS_PRESSURE,DYNAMIC SPATIOTEMPORAL WATCH,SCENARIO-BASED; VERIFY WITH OFFICIAL SURVEILLANCE
2041-12,1206315000,South Cotabato,TANTANGAN,0.14021449473772796,6.403510798201902,HOT_SPOT_99,1,10,67.69946581064268,HIGH,40.036555745594164,TRANSMISSION_PRESSURE_PROXY+STATISTICAL_HOTSPOT+CONNECTED_HOTSPOT_CLUSTER,DYNAMIC SPATIOTEMPORAL WATCH,SCENARIO-BASED; VERIFY WITH OFFICIAL SURVEILLANCE
2041-12,1206318000,South Cotabato,SANTO NIÑO,0.1488639622026857,6.830029071701293,HOT_SPOT_95,1,10,66.1987423077664,HIGH,40.00351120264297,TRANSMISSION_PRESSURE_PROXY+STATISTICAL_HOTSPOT+CONNECTED_HOTSPOT_CLUSTER,DYNAMIC SPATIOTEMPORAL WATCH,SCENARIO-BASED; VERIFY WITH OFFICIAL SURVEILLANCE
2041-12,1206302000,South Cotabato,BANGA,0.21191623456442388,5.3710967300471975,HOT_SPOT_99,1,10,61.88716597374025,MODERATE,39.548573469575835,STATISTICAL_HOTSPOT+CONNECTED_HOTSPOT_CLUSTER+NEIGHBOR_INFECTIOUS_PRESSURE,DYNAMIC SPATIOTEMPORAL WATCH,SCENARIO-BASED; VERIFY WITH OFFICIAL SURVEILLANCE
2041-12,1206317000,South Cotabato,TUPI,0.29421119118514016,4.676797093237631,HOT_SPOT_90,1,10,55.274259549102446,MODERATE,35.19227714978688,CONNECTED_HOTSPOT_CLUSTER,DYNAMIC SPATIOTEMPORAL WATCH,SCENARIO-BASED; VERIFY WITH OFFICIAL SURVEILLANCE
2041-12,1206507000,Sultan Kudarat,LUTAYAN,0.11617373760385714,3.507405409733122,HOT_SPOT_95,1,10,43.18320299546242,LOW,31.107939415823775,STATISTICAL_HOTSPOT+CONNECTED_HOTSPOT_CLUSTER,DYNAMIC SPATIOTEMPORAL WATCH,SCENARIO-BASED; VERIFY WITH OFFICIAL SURVEILLANCE
2041-12,1206314000,South Cotabato,TAMPAKAN,0.05379767767971831,4.059489146488072,HOT_SPOT_95,1,10,43.018329024185384,LOW,29.026377812966782,STATISTICAL_HOTSPOT+CONNECTED_HOTSPOT_CLUSTER,DYNAMIC SPATIOTEMPORAL WATCH,SCENARIO-BASED; VERIFY WITH OFFICIAL SURVEILLANCE
2041-12,1204712000,Cotabato,PIKIT,0.08688388139266322,2.259958704073831,NOT_SIGNIFICANT,0,0,38.38059148941959,LOW,48.69471052982002,NEIGHBOR_INFECTIOUS_PRESSURE,DYNAMIC SPATIOTEMPORAL WATCH,SCENARIO-BASED; VERIFY WITH OFFICIAL SURVEILLANCE
2041-12,1204701000,Cotabato,ALAMADA,0.08793060356121768,2.465251820208686,NOT_SIGNIFICANT,0,0,38.25132029832592,LOW,49.29150741824252,NEIGHBOR_INFECTIOUS_PRESSURE,DYNAMIC SPATIOTEMPORAL WATCH,SCENARIO-BASED; VERIFY WITH OFFICIAL SURVEILLANCE
2042-01,1206311000,South Cotabato,NORALA,0.11330357974633802,5.832201847797336,HOT_SPOT_99,1,10,75.11550741372989,HIGH,42.010576814730015,TRANSMISSION_PRESSURE_PROXY+STATISTICAL_HOTSPOT+CONNECTED_HOTSPOT_CLUSTER+NEIGHBOR_INFECTIOUS_PRESSURE,DYNAMIC SPATIOTEMPORAL WATCH,SCENARIO-BASED; VERIFY WITH OFFICIAL SURVEILLANCE
2042-01,1206315000,South Cotabato,TANTANGAN,0.11777254331087463,6.404477651746346,HOT_SPOT_99,1,10,73.42429130874689,HIGH,41.57065818134424,TRANSMISSION_PRESSURE_PROXY+STATISTICAL_HOTSPOT+CONNECTED_HOTSPOT_CLUSTER,DYNAMIC SPATIOTEMPORAL WATCH,SCENARIO-BASED; VERIFY WITH OFFICIAL SURVEILLANCE
2042-01,1206306000,South Cotabato,KORONADAL,0.629691863628219,7.59164377274991,HOT_SPOT_99,1,10,70.51317953047933,HIGH,46.67752045046072,TRANSMISSION_PRESSURE_PROXY+STATISTICAL_HOTSPOT+CONNECTED_HOTSPOT_CLUSTER,DYNAMIC SPATIOTEMPORAL WATCH,SCENARIO-BASED; VERIFY WITH OFFICIAL SURVEILLANCE
2042-01,1206318000,South Cotabato,SANTO NIÑO,0.10236270883021517,6.831110041618587,HOT_SPOT_95,1,10,67.63427939333188,HIGH,40.28784266328795,TRANSMISSION_PRESSURE_PROXY+STATISTICAL_HOTSPOT+CONNECTED_HOTSPOT_CLUSTER,DYNAMIC SPATIOTEMPORAL WATCH,SCENARIO-BASED; VERIFY WITH OFFICIAL SURVEILLANCE
2042-01,1206302000,South Cotabato,BANGA,0.16167170256492341,5.370633119931803,HOT_SPOT_99,1,10,62.816466346585045,MODERATE,40.2081756717126,STATISTICAL_HOTSPOT+CONNECTED_HOTSPOT_CLUSTER+NEIGHBOR_INFECTIOUS_PRESSURE,DYNAMIC SPATIOTEMPORAL WATCH,SCENARIO-BASED; VERIFY WITH OFFICIAL SURVEILLANCE
2042-01,1206511000,Sultan Kudarat,TACURONG,0.25388884006382306,6.616680578646535,HOT_SPOT_99,1,10,60.85801238246281,MODERATE,40.05179517390839,STATISTICAL_HOTSPOT+CONNECTED_HOTSPOT_CLUSTER,DYNAMIC SPATIOTEMPORAL WATCH,SCENARIO-BASED; VERIFY WITH OFFICIAL SURVEILLANCE
2042-01,1206314000,South Cotabato,TAMPAKAN,0.06292379131687824,4.062044186443445,HOT_SPOT_95,1,10,55.036872721527544,MODERATE,35.715602678053344,STATISTICAL_HOTSPOT+CONNECTED_HOTSPOT_CLUSTER+NEIGHBOR_INFECTIOUS_PRESSURE,DYNAMIC SPATIOTEMPORAL WATCH,SCENARIO-BASED; VERIFY WITH OFFICIAL SURVEILLANCE
2042-01,1204701000,Cotabato,ALAMADA,0.09125595772915361,2.4679374044913454,NOT_SIGNIFICANT,0,0,47.938238661854385,MODERATE,55.859953710567915,NEIGHBOR_INFECTIOUS_PRESSURE,DYNAMIC SPATIOTEMPORAL WATCH,SCENARIO-BASED; VERIFY WITH OFFICIAL SURVEILLANCE
2042-01,1206507000,Sultan Kudarat,LUTAYAN,0.07907802127688116,3.508069723377578,HOT_SPOT_95,1,10,41.10560699375051,LOW,30.324940486101127,STATISTICAL_HOTSPOT+CONNECTED_HOTSPOT_CLUSTER,DYNAMIC SPATIOTEMPORAL WATCH,SCENARIO-BASED; VERIFY WITH OFFICIAL SURVEILLANCE
2042-01,1204712000,Cotabato,PIKIT,0.06564965139990958,2.261637127146491,NOT_SIGNIFICANT,0,0,40.58678699491664,LOW,51.24469327446249,NEIGHBOR_INFECTIOUS_PRESSURE,DYNAMIC SPATIOTEMPORAL WATCH,SCENARIO-BASED; VERIFY WITH OFFICIAL SURVEILLANCE
2042-01,1206509000,Sultan Kudarat,PALIMBANG,0.09223026090749707,2.3983321397993076,COLD_SPOT_90,0,0,39.16194262409546,LOW,52.32060016680369,NEIGHBOR_INFECTIOUS_PRESSURE,DYNAMIC SPATIOTEMPORAL WATCH,SCENARIO-BASED; VERIFY WITH OFFICIAL SURVEILLANCE
2042-02,1206315000,South Cotabato,TANTANGAN,0.5972879584088484,6.434111454457101,HOT_SPOT_99,1,10,77.13553410494367,HIGH,45.659600019700434,TRANSMISSION_PRESSURE_PROXY+STATISTICAL_HOTSPOT+CONNECTED_HOTSPOT_CLUSTER,DYNAMIC SPATIOTEMPORAL WATCH,SCENARIO-BASED; VERIFY WITH OFFICIAL SURVEILLANCE
2042-02,1206302000,South Cotabato,BANGA,0.9201861624265328,5.394086176958139,HOT_SPOT_99,1,10,71.65837932961975,HIGH,45.785536006329274,TRANSMISSION_PRESSURE_PROXY+STATISTICAL_HOTSPOT+CONNECTED_HOTSPOT_CLUSTER,DYNAMIC SPATIOTEMPORAL WATCH,SCENARIO-BASED; VERIFY WITH OFFICIAL SURVEILLANCE
2042-02,1206511000,Sultan Kudarat,TACURONG,1.1240197786559547,6.63326046952772,HOT_SPOT_99,1,10,69.55969299307311,HIGH,44.10116261172125,TRANSMISSION_PRESSURE_PROXY+STATISTICAL_HOTSPOT+CONNECTED_HOTSPOT_CLUSTER,DYNAMIC SPATIOTEMPORAL WATCH,SCENARIO-BASED; VERIFY WITH OFFICIAL SURVEILLANCE
2042-02,1206306000,South Cotabato,KORONADAL,1.8970058413022581,7.606297801906628,HOT_SPOT_99,1,10,69.32910772208207,HIGH,46.0162136146787,TRANSMISSION_PRESSURE_PROXY+STATISTICAL_HOTSPOT+CONNECTED_HOTSPOT_CLUSTER,DYNAMIC SPATIOTEMPORAL WATCH,SCENARIO-BASED; VERIFY WITH OFFICIAL SURVEILLANCE
2042-02,1206311000,South Cotabato,NORALA,0.27654132431463235,5.842717064208987,HOT_SPOT_99,1,10,65.11180796400117,HIGH,38.42809194283926,TRANSMISSION_PRESSURE_PROXY+STATISTICAL_HOTSPOT+CONNECTED_HOTSPOT_CLUSTER,DYNAMIC SPATIOTEMPORAL WATCH,SCENARIO-BASED; VERIFY WITH OFFICIAL SURVEILLANCE
2042-02,1206318000,South Cotabato,SANTO NIÑO,0.27138523478310317,6.844018059013915,HOT_SPOT_95,1,10,61.44869908220525,MODERATE,39.20411210608185,STATISTICAL_HOTSPOT+CONNECTED_HOTSPOT_CLUSTER,DYNAMIC SPATIOTEMPORAL WATCH,SCENARIO-BASED; VERIFY WITH OFFICIAL SURVEILLANCE
2042-02,1204711000,Cotabato,PIGKAWAYAN,0.16347409811712962,3.5799044733863656,NOT_SIGNIFICANT,0,0,44.35804598191021,LOW,48.70388676369596,NEIGHBOR_INFECTIOUS_PRESSURE,DYNAMIC SPATIOTEMPORAL WATCH,SCENARIO-BASED; VERIFY WITH OFFICIAL SURVEILLANCE
2042-02,1206314000,South Cotabato,TAMPAKAN,0.1534330726040312,4.070974782734277,HOT_SPOT_95,1,10,43.567235179422894,LOW,28.709838453480696,STATISTICAL_HOTSPOT+CONNECTED_HOTSPOT_CLUSTER,DYNAMIC SPATIOTEMPORAL WATCH,SCENARIO-BASED; VERIFY WITH OFFICIAL SURVEILLANCE
2042-02,1204712000,Cotabato,PIKIT,0.16425823074881485,2.267652350247538,NOT_SIGNIFICANT,0,0,40.15960521118749,LOW,50.08918275665967,NEIGHBOR_INFECTIOUS_PRESSURE,DYNAMIC SPATIOTEMPORAL WATCH,SCENARIO-BASED; VERIFY WITH OFFICIAL SURVEILLANCE
2042-02,1206507000,Sultan Kudarat,LUTAYAN,0.21576609435733232,3.5147979428162834,HOT_SPOT_95,1,10,39.770233781546715,LOW,29.679487668706614,STATISTICAL_HOTSPOT+CONNECTED_HOTSPOT_CLUSTER,DYNAMIC SPATIOTEMPORAL WATCH,SCENARIO-BASED; VERIFY WITH OFFICIAL SURVEILLANCE
2042-02,1204701000,Cotabato,ALAMADA,0.16407510089438357,2.4736096642600516,NOT_SIGNIFICANT,0,0,39.133413709981696,LOW,48.66689608085748,NEIGHBOR_INFECTIOUS_PRESSURE,DYNAMIC SPATIOTEMPORAL WATCH,SCENARIO-BASED; VERIFY WITH OFFICIAL SURVEILLANCE
2042-02,1206509000,Sultan Kudarat,PALIMBANG,0.18313578421829874,2.4045646065345543,COLD_SPOT_90,0,0,34.94986068865476,LOW,47.358357029764164,NEIGHBOR_INFECTIOUS_PRESSURE,DYNAMIC SPATIOTEMPORAL WATCH,SCENARIO-BASED; VERIFY WITH OFFICIAL SURVEILLANCE
2042-03,1206311000,South Cotabato,NORALA,0.6918477175726974,5.877921686226508,HOT_SPOT_99,1,10,75.2095906011428,HIGH,45.812227549915185,TRANSMISSION_PRESSURE_PROXY+STATISTICAL_HOTSPOT+CONNECTED_HOTSPOT_CLUSTER,DYNAMIC SPATIOTEMPORAL WATCH,SCENARIO-BASED; VERIFY WITH OFFICIAL SURVEILLANCE
2042-03,1206306000,South Cotabato,KORONADAL,3.0412472284070784,7.6357889543836714,HOT_SPOT_99,1,10,73.48117644752118,HIGH,50.635207820120854,TRANSMISSION_PRESSURE_PROXY+STATISTICAL_HOTSPOT+CONNECTED_HOTSPOT_CLUSTER,DYNAMIC SPATIOTEMPORAL WATCH,SCENARIO-BASED; VERIFY WITH OFFICIAL SURVEILLANCE
2042-03,1206315000,South Cotabato,TANTANGAN,0.4651762863601133,6.456439485524254,HOT_SPOT_99,1,10,73.11595336888249,HIGH,41.231421510566406,TRANSMISSION_PRESSURE_PROXY+STATISTICAL_HOTSPOT+CONNECTED_HOTSPOT_CLUSTER,DYNAMIC SPATIOTEMPORAL WATCH,SCENARIO-BASED; VERIFY WITH OFFICIAL SURVEILLANCE
2042-03,1206511000,Sultan Kudarat,TACURONG,1.4204709659721908,6.6562067271928615,HOT_SPOT_99,1,10,72.43997415726064,HIGH,45.100092009851394,TRANSMISSION_PRESSURE_PROXY+STATISTICAL_HOTSPOT+CONNECTED_HOTSPOT_CLUSTER,DYNAMIC SPATIOTEMPORAL WATCH,SCENARIO-BASED; VERIFY WITH OFFICIAL SURVEILLANCE
2042-03,1206318000,South Cotabato,SANTO NIÑO,0.6611913032279318,6.884459852076078,HOT_SPOT_95,1,10,70.18007734263301,HIGH,46.10764606203417,TRANSMISSION_PRESSURE_PROXY+STATISTICAL_HOTSPOT+CONNECTED_HOTSPOT_CLUSTER,DYNAMIC SPATIOTEMPORAL WATCH,SCENARIO-BASED; VERIFY WITH OFFICIAL SURVEILLANCE
2042-03,1206302000,South Cotabato,BANGA,0.8875766094894656,5.4172225363091515,HOT_SPOT_99,1,10,68.73170497985133,HIGH,41.99103730354479,TRANSMISSION_PRESSURE_PROXY+STATISTICAL_HOTSPOT+CONNECTED_HOTSPOT_CLUSTER,DYNAMIC SPATIOTEMPORAL WATCH,SCENARIO-BASED; VERIFY WITH OFFICIAL SURVEILLANCE
2042-03,1204711000,Cotabato,PIGKAWAYAN,0.3400607338895344,3.596398256771333,NOT_SIGNIFICANT,0,0,58.42378702834111,MODERATE,58.13069061079605,NONE,DYNAMIC SPATIOTEMPORAL WATCH,SCENARIO-BASED; VERIFY WITH OFFICIAL SURVEILLANCE
2042-03,1206314000,South Cotabato,TAMPAKAN,0.3577609693191912,4.094518880830875,HOT_SPOT_95,1,10,54.41254743933028,MODERATE,33.36515113663795,STATISTICAL_HOTSPOT+CONNECTED_HOTSPOT_CLUSTER,DYNAMIC SPATIOTEMPORAL WATCH,SCENARIO-BASED; VERIFY WITH OFFICIAL SURVEILLANCE
2042-03,1206507000,Sultan Kudarat,LUTAYAN,0.36315814287294446,3.5280733975300995,HOT_SPOT_95,1,10,49.56566684265238,MODERATE,37.84292883593153,STATISTICAL_HOTSPOT+CONNECTED_HOTSPOT_CLUSTER,DYNAMIC SPATIOTEMPORAL WATCH,SCENARIO-BASED; VERIFY WITH OFFICIAL SURVEILLANCE
2042-03,1204701000,Cotabato,ALAMADA,0.22162709064989128,2.4816996152628357,NOT_SIGNIFICANT,0,0,41.67990864119637,LOW,51.50618603321329,NEIGHBOR_INFECTIOUS_PRESSURE,DYNAMIC SPATIOTEMPORAL WATCH,SCENARIO-BASED; VERIFY WITH OFFICIAL SURVEILLANCE
2042-03,1204712000,Cotabato,PIKIT,0.19580472214818762,2.2750487677909454,NOT_SIGNIFICANT,0,0,40.63231989712017,LOW,50.3904593886606,NEIGHBOR_INFECTIOUS_PRESSURE,DYNAMIC SPATIOTEMPORAL WATCH,SCENARIO-BASED; VERIFY WITH OFFICIAL SURVEILLANCE
2042-03,1206509000,Sultan Kudarat,PALIMBANG,0.3047790645739893,2.411681764259602,COLD_SPOT_90,0,0,40.62677381574418,LOW,53.04498420502118,NEIGHBOR_INFECTIOUS_PRESSURE,DYNAMIC SPATIOTEMPORAL WATCH,SCENARIO-BASED; VERIFY WITH OFFICIAL SURVEILLANCE
2042-04,1206315000,South Cotabato,TANTANGAN,0.44345733794955566,6.477259015947009,HOT_SPOT_99,1,10,80.4630903499016,CRITICAL,45.03490352919364,TRANSMISSION_PRESSURE_PROXY+STATISTICAL_HOTSPOT+CONNECTED_HOTSPOT_CLUSTER+NEIGHBOR_INFECTIOUS_PRESSURE,DYNAMIC SPATIOTEMPORAL WATCH,SCENARIO-BASED; VERIFY WITH OFFICIAL SURVEILLANCE
2042-04,1206511000,Sultan Kudarat,TACURONG,1.2684109903501026,6.674858597517669,HOT_SPOT_99,1,10,77.03329920598338,HIGH,46.74747508422552,TRANSMISSION_PRESSURE_PROXY+STATISTICAL_HOTSPOT+CONNECTED_HOTSPOT_CLUSTER,DYNAMIC SPATIOTEMPORAL WATCH,SCENARIO-BASED; VERIFY WITH OFFICIAL SURVEILLANCE
2042-04,1206302000,South Cotabato,BANGA,0.8094092919261334,5.437684714847688,HOT_SPOT_99,1,10,76.19441420887736,HIGH,44.892511526366555,TRANSMISSION_PRESSURE_PROXY+STATISTICAL_HOTSPOT+CONNECTED_HOTSPOT_CLUSTER+NEIGHBOR_INFECTIOUS_PRESSURE,DYNAMIC SPATIOTEMPORAL WATCH,SCENARIO-BASED; VERIFY WITH OFFICIAL SURVEILLANCE
2042-04,1206306000,South Cotabato,KORONADAL,2.624324529806995,7.661506056766713,HOT_SPOT_99,1,10,74.72120525139773,HIGH,50.07184425986425,TRANSMISSION_PRESSURE_PROXY+STATISTICAL_HOTSPOT+CONNECTED_HOTSPOT_CLUSTER,DYNAMIC SPATIOTEMPORAL WATCH,SCENARIO-BASED; VERIFY WITH OFFICIAL SURVEILLANCE
2042-04,1206311000,South Cotabato,NORALA,0.33605368461094753,5.892504311159847,HOT_SPOT_99,1,10,73.0401147652421,HIGH,41.743633349047656,TRANSMISSION_PRESSURE_PROXY+STATISTICAL_HOTSPOT+CONNECTED_HOTSPOT_CLUSTER+NEIGHBOR_INFECTIOUS_PRESSURE,DYNAMIC SPATIOTEMPORAL WATCH,SCENARIO-BASED; VERIFY WITH OFFICIAL SURVEILLANCE
2042-04,1206318000,South Cotabato,SANTO NIÑO,0.34424798066180323,6.902961573311356,HOT_SPOT_95,1,10,70.83450928024975,HIGH,42.523249731104414,TRANSMISSION_PRESSURE_PROXY+STATISTICAL_HOTSPOT+CONNECTED_HOTSPOT_CLUSTER,DYNAMIC SPATIOTEMPORAL WATCH,SCENARIO-BASED; VERIFY WITH OFFICIAL SURVEILLANCE
2042-04,1206314000,South Cotabato,TAMPAKAN,0.5447745492706616,4.131304438119005,HOT_SPOT_95,1,10,62.569846950172156,MODERATE,36.9954571067483,STATISTICAL_HOTSPOT+CONNECTED_HOTSPOT_CLUSTER,DYNAMIC SPATIOTEMPORAL WATCH,SCENARIO-BASED; VERIFY WITH OFFICIAL SURVEILLANCE
2042-04,1204701000,Cotabato,ALAMADA,0.39201785395521893,2.4970532053762935,NOT_SIGNIFICANT,0,0,49.580922835783234,MODERATE,55.71761637321265,NEIGHBOR_INFECTIOUS_PRESSURE,DYNAMIC SPATIOTEMPORAL WATCH,SCENARIO-BASED; VERIFY WITH OFFICIAL SURVEILLANCE
2042-04,1206507000,Sultan Kudarat,LUTAYAN,0.23759912077581746,3.5354768897309685,HOT_SPOT_95,1,10,43.50045076442902,LOW,32.61297468251892,STATISTICAL_HOTSPOT+CONNECTED_HOTSPOT_CLUSTER+NEIGHBOR_INFECTIOUS_PRESSURE,DYNAMIC SPATIOTEMPORAL WATCH,SCENARIO-BASED; VERIFY WITH OFFICIAL SURVEILLANCE
2042-04,1204712000,Cotabato,PIKIT,0.18114192496827855,2.2817942570192202,NOT_SIGNIFICANT,0,0,38.468368525827174,LOW,50.00264591822796,NEIGHBOR_INFECTIOUS_PRESSURE,DYNAMIC SPATIOTEMPORAL WATCH,SCENARIO-BASED; VERIFY WITH OFFICIAL SURVEILLANCE
2042-05,1206315000,South Cotabato,TANTANGAN,0.23767717720703366,6.485552234090176,HOT_SPOT_99,1,10,82.19669073411593,CRITICAL,46.45740582918494,TRANSMISSION_PRESSURE_PROXY+STATISTICAL_HOTSPOT+CONNECTED_HOTSPOT_CLUSTER+NEIGHBOR_INFECTIOUS_PRESSURE,DYNAMIC SPATIOTEMPORAL WATCH,SCENARIO-BASED; VERIFY WITH OFFICIAL SURVEILLANCE
2042-05,1206318000,South Cotabato,SANTO NIÑO,0.1807125730512146,6.908457493748107,HOT_SPOT_95,1,10,73.80726590885483,HIGH,43.93473847623714,TRANSMISSION_PRESSURE_PROXY+STATISTICAL_HOTSPOT+CONNECTED_HOTSPOT_CLUSTER,DYNAMIC SPATIOTEMPORAL WATCH,SCENARIO-BASED; VERIFY WITH OFFICIAL SURVEILLANCE
2042-05,1206306000,South Cotabato,KORONADAL,0.9767733283798291,7.661642315638464,HOT_SPOT_99,1,10,72.61652344647526,HIGH,46.694233806369134,TRANSMISSION_PRESSURE_PROXY+STATISTICAL_HOTSPOT+CONNECTED_HOTSPOT_CLUSTER,DYNAMIC SPATIOTEMPORAL WATCH,SCENARIO-BASED; VERIFY WITH OFFICIAL SURVEILLANCE
2042-05,1206511000,Sultan Kudarat,TACURONG,0.491235046943601,6.674577095004279,HOT_SPOT_99,1,10,71.73798974614186,HIGH,43.30424474736971,TRANSMISSION_PRESSURE_PROXY+STATISTICAL_HOTSPOT+CONNECTED_HOTSPOT_CLUSTER,DYNAMIC SPATIOTEMPORAL WATCH,SCENARIO-BASED; VERIFY WITH OFFICIAL SURVEILLANCE
2042-05,1206311000,South Cotabato,NORALA,0.15461964588772723,5.894723444346718,HOT_SPOT_99,1,10,70.66392621781463,HIGH,40.733876994722074,TRANSMISSION_PRESSURE_PROXY+STATISTICAL_HOTSPOT+CONNECTED_HOTSPOT_CLUSTER+NEIGHBOR_INFECTIOUS_PRESSURE,DYNAMIC SPATIOTEMPORAL WATCH,SCENARIO-BASED; VERIFY WITH OFFICIAL SURVEILLANCE
2042-05,1206302000,South Cotabato,BANGA,0.2790679689935106,5.440033327054459,HOT_SPOT_99,1,10,68.62222430663863,HIGH,41.67673499691872,TRANSMISSION_PRESSURE_PROXY+STATISTICAL_HOTSPOT+CONNECTED_HOTSPOT_CLUSTER+NEIGHBOR_INFECTIOUS_PRESSURE,DYNAMIC SPATIOTEMPORAL WATCH,SCENARIO-BASED; VERIFY WITH OFFICIAL SURVEILLANCE
2042-05,1206314000,South Cotabato,TAMPAKAN,0.08844839893440185,4.135365907199273,HOT_SPOT_95,1,10,52.90348162529538,MODERATE,31.58251923142788,STATISTICAL_HOTSPOT+CONNECTED_HOTSPOT_CLUSTER+NEIGHBOR_INFECTIOUS_PRESSURE,DYNAMIC SPATIOTEMPORAL WATCH,SCENARIO-BASED; VERIFY WITH OFFICIAL SURVEILLANCE
2042-05,1206507000,Sultan Kudarat,LUTAYAN,0.13338832393614644,3.5380707581902198,HOT_SPOT_95,1,10,46.35650905162031,MODERATE,34.94479594035568,STATISTICAL_HOTSPOT+CONNECTED_HOTSPOT_CLUSTER+NEIGHBOR_INFECTIOUS_PRESSURE,DYNAMIC SPATIOTEMPORAL WATCH,SCENARIO-BASED; VERIFY WITH OFFICIAL SURVEILLANCE
2042-06,1206311000,South Cotabato,NORALA,0.27360954819570216,5.904016922859027,HOT_SPOT_99,1,10,75.12031150150618,HIGH,41.4321341974072,TRANSMISSION_PRESSURE_PROXY+STATISTICAL_HOTSPOT+CONNECTED_HOTSPOT_CLUSTER+NEIGHBOR_INFECTIOUS_PRESSURE,DYNAMIC SPATIOTEMPORAL WATCH,SCENARIO-BASED; VERIFY WITH OFFICIAL SURVEILLANCE
2042-06,1206306000,South Cotabato,KORONADAL,1.682158007664365,7.671241910074743,HOT_SPOT_99,1,10,72.65921057389801,HIGH,47.08957415059262,TRANSMISSION_PRESSURE_PROXY+STATISTICAL_HOTSPOT+CONNECTED_HOTSPOT_CLUSTER,DYNAMIC SPATIOTEMPORAL WATCH,SCENARIO-BASED; VERIFY WITH OFFICIAL SURVEILLANCE
2042-06,1206315000,South Cotabato,TANTANGAN,0.26538039541155783,6.494111139297446,HOT_SPOT_99,1,10,72.58720072992404,HIGH,41.000167872255496,TRANSMISSION_PRESSURE_PROXY+STATISTICAL_HOTSPOT+CONNECTED_HOTSPOT_CLUSTER,DYNAMIC SPATIOTEMPORAL WATCH,SCENARIO-BASED; VERIFY WITH OFFICIAL SURVEILLANCE
2042-06,1206302000,South Cotabato,BANGA,0.4861231237135986,5.44864589070733,HOT_SPOT_99,1,10,70.02959006831668,HIGH,41.630930973258714,TRANSMISSION_PRESSURE_PROXY+STATISTICAL_HOTSPOT+CONNECTED_HOTSPOT_CLUSTER+NEIGHBOR_INFECTIOUS_PRESSURE,DYNAMIC SPATIOTEMPORAL WATCH,SCENARIO-BASED; VERIFY WITH OFFICIAL SURVEILLANCE
2042-06,1206318000,South Cotabato,SANTO NIÑO,0.2481641265087661,6.91867270546861,HOT_SPOT_95,1,10,68.65218145046887,HIGH,40.4026554137177,TRANSMISSION_PRESSURE_PROXY+STATISTICAL_HOTSPOT+CONNECTED_HOTSPOT_CLUSTER,DYNAMIC SPATIOTEMPORAL WATCH,SCENARIO-BASED; VERIFY WITH OFFICIAL SURVEILLANCE
2042-06,1206511000,Sultan Kudarat,TACURONG,0.7164591089406723,6.6795249698541035,HOT_SPOT_99,1,10,67.20463810468654,HIGH,40.48397093556224,TRANSMISSION_PRESSURE_PROXY+STATISTICAL_HOTSPOT+CONNECTED_HOTSPOT_CLUSTER,DYNAMIC SPATIOTEMPORAL WATCH,SCENARIO-BASED; VERIFY WITH OFFICIAL SURVEILLANCE
2042-06,1206317000,South Cotabato,TUPI,0.4343340564672574,4.735736764621254,HOT_SPOT_90,1,10,58.27148021248679,MODERATE,34.04980538831784,CONNECTED_HOTSPOT_CLUSTER,DYNAMIC SPATIOTEMPORAL WATCH,SCENARIO-BASED; VERIFY WITH OFFICIAL SURVEILLANCE
2042-06,1206507000,Sultan Kudarat,LUTAYAN,0.2879567056469221,3.5476290219848883,HOT_SPOT_95,1,10,52.3303153229826,MODERATE,37.883753325626905,STATISTICAL_HOTSPOT+CONNECTED_HOTSPOT_CLUSTER,DYNAMIC SPATIOTEMPORAL WATCH,SCENARIO-BASED; VERIFY WITH OFFICIAL SURVEILLANCE
2042-06,1206314000,South Cotabato,TAMPAKAN,0.10792045131255174,4.14092531122935,HOT_SPOT_95,1,10,52.26761954709125,MODERATE,31.33535081248468,STATISTICAL_HOTSPOT+CONNECTED_HOTSPOT_CLUSTER+NEIGHBOR_INFECTIOUS_PRESSURE,DYNAMIC SPATIOTEMPORAL WATCH,SCENARIO-BASED; VERIFY WITH OFFICIAL SURVEILLANCE
2042-06,1204706000,Cotabato,MAGPET,0.119750039714614,2.9302684136209383,NOT_SIGNIFICANT,0,0,42.02060147672141,LOW,45.71989852332845,NEIGHBOR_INFECTIOUS_PRESSURE,DYNAMIC SPATIOTEMPORAL WATCH,SCENARIO-BASED; VERIFY WITH OFFICIAL SURVEILLANCE
2042-07,1206306000,South Cotabato,KORONADAL,1.5827998502343328,7.679663425263204,HOT_SPOT_99,1,10,78.34329393942599,HIGH,50.75227695749266,TRANSMISSION_PRESSURE_PROXY+STATISTICAL_HOTSPOT+CONNECTED_HOTSPOT_CLUSTER,DYNAMIC SPATIOTEMPORAL WATCH,SCENARIO-BASED; VERIFY WITH OFFICIAL SURVEILLANCE
2042-07,1206511000,Sultan Kudarat,TACURONG,1.0751498204500953,6.693096434373619,HOT_SPOT_99,1,10,69.7002611790951,HIGH,45.73167389464175,TRANSMISSION_PRESSURE_PROXY+STATISTICAL_HOTSPOT+CONNECTED_HOTSPOT_CLUSTER,DYNAMIC SPATIOTEMPORAL WATCH,SCENARIO-BASED; VERIFY WITH OFFICIAL SURVEILLANCE
2042-07,1206314000,South Cotabato,TAMPAKAN,0.2534519730219003,4.156935938440619,HOT_SPOT_95,1,10,66.1512956370267,HIGH,36.72906563845363,TRANSMISSION_PRESSURE_PROXY+STATISTICAL_HOTSPOT+CONNECTED_HOTSPOT_CLUSTER+NEIGHBOR_INFECTIOUS_PRESSURE,DYNAMIC SPATIOTEMPORAL WATCH,SCENARIO-BASED; VERIFY WITH OFFICIAL SURVEILLANCE
2042-07,1206311000,South Cotabato,NORALA,0.18219532850881437,5.9079088996506215,HOT_SPOT_99,1,10,61.550969003201736,MODERATE,38.28474510009002,STATISTICAL_HOTSPOT+CONNECTED_HOTSPOT_CLUSTER,DYNAMIC SPATIOTEMPORAL WATCH,SCENARIO-BASED; VERIFY WITH OFFICIAL SURVEILLANCE
2042-07,1206315000,South Cotabato,TANTANGAN,0.17991533591267378,6.497628942680263,HOT_SPOT_99,1,10,59.39797185994974,MODERATE,36.89081170192461,STATISTICAL_HOTSPOT+CONNECTED_HOTSPOT_CLUSTER,DYNAMIC SPATIOTEMPORAL WATCH,SCENARIO-BASED; VERIFY WITH OFFICIAL SURVEILLANCE
2042-07,1206302000,South Cotabato,BANGA,0.3554694217795073,5.453199804218439,HOT_SPOT_99,1,10,57.986304942097156,MODERATE,37.90486525660145,STATISTICAL_HOTSPOT+CONNECTED_HOTSPOT_CLUSTER,DYNAMIC SPATIOTEMPORAL WATCH,SCENARIO-BASED; VERIFY WITH OFFICIAL SURVEILLANCE
2042-07,1206318000,South Cotabato,SANTO NIÑO,0.16187424473858744,6.922823963146383,HOT_SPOT_95,1,10,54.84734531958018,MODERATE,36.99200155360126,STATISTICAL_HOTSPOT+CONNECTED_HOTSPOT_CLUSTER,DYNAMIC SPATIOTEMPORAL WATCH,SCENARIO-BASED; VERIFY WITH OFFICIAL SURVEILLANCE
2042-07,1206507000,Sultan Kudarat,LUTAYAN,0.15955705519334398,3.551393380820811,HOT_SPOT_95,1,10,44.171662221253186,LOW,32.93949977371179,STATISTICAL_HOTSPOT+CONNECTED_HOTSPOT_CLUSTER+NEIGHBOR_INFECTIOUS_PRESSURE,DYNAMIC SPATIOTEMPORAL WATCH,SCENARIO-BASED; VERIFY WITH OFFICIAL SURVEILLANCE
2042-07,1204706000,Cotabato,MAGPET,0.09500045726870857,2.9343686986906605,NOT_SIGNIFICANT,0,0,42.142602081196486,LOW,45.71714776265945,NEIGHBOR_INFECTIOUS_PRESSURE,DYNAMIC SPATIOTEMPORAL WATCH,SCENARIO-BASED; VERIFY WITH OFFICIAL SURVEILLANCE
2042-07,1204712000,Cotabato,PIKIT,0.12436633994446611,2.2958850025490802,NOT_SIGNIFICANT,0,0,36.28443171877001,LOW,48.27004373772953,NEIGHBOR_INFECTIOUS_PRESSURE,DYNAMIC SPATIOTEMPORAL WATCH,SCENARIO-BASED; VERIFY WITH OFFICIAL SURVEILLANCE
2042-08,1206306000,South Cotabato,KORONADAL,1.3071563780259972,7.6849060499692925,HOT_SPOT_99,1,10,73.28306952269563,HIGH,47.71910908509156,TRANSMISSION_PRESSURE_PROXY+STATISTICAL_HOTSPOT+CONNECTED_HOTSPOT_CLUSTER,DYNAMIC SPATIOTEMPORAL WATCH,SCENARIO-BASED; VERIFY WITH OFFICIAL SURVEILLANCE
2042-08,1206511000,Sultan Kudarat,TACURONG,0.7095063051634071,6.698555480985703,HOT_SPOT_99,1,10,63.942941127551876,MODERATE,39.67340060068975,STATISTICAL_HOTSPOT+CONNECTED_HOTSPOT_CLUSTER,DYNAMIC SPATIOTEMPORAL WATCH,SCENARIO-BASED; VERIFY WITH OFFICIAL SURVEILLANCE
2042-08,1206311000,South Cotabato,NORALA,0.21349135718701756,5.9139342466266624,HOT_SPOT_99,1,10,63.37286372884818,MODERATE,38.9026232032369,STATISTICAL_HOTSPOT+CONNECTED_HOTSPOT_CLUSTER,DYNAMIC SPATIOTEMPORAL WATCH,SCENARIO-BASED; VERIFY WITH OFFICIAL SURVEILLANCE
2042-08,1206315000,South Cotabato,TANTANGAN,0.2101729430802107,6.50321478481767,HOT_SPOT_99,1,10,61.900001407206354,MODERATE,38.01748525665681,STATISTICAL_HOTSPOT+CONNECTED_HOTSPOT_CLUSTER,DYNAMIC SPATIOTEMPORAL WATCH,SCENARIO-BASED; VERIFY WITH OFFICIAL SURVEILLANCE
2042-08,1206318000,South Cotabato,SANTO NIÑO,0.1711476987358493,6.927879595527524,HOT_SPOT_95,1,10,56.66300458747982,MODERATE,37.60928204476411,STATISTICAL_HOTSPOT+CONNECTED_HOTSPOT_CLUSTER,DYNAMIC SPATIOTEMPORAL WATCH,SCENARIO-BASED; VERIFY WITH OFFICIAL SURVEILLANCE
2042-08,1206302000,South Cotabato,BANGA,0.3607560482196137,5.4581628991552495,HOT_SPOT_99,1,10,56.02090125495739,MODERATE,37.45749797690759,STATISTICAL_HOTSPOT+CONNECTED_HOTSPOT_CLUSTER,DYNAMIC SPATIOTEMPORAL WATCH,SCENARIO-BASED; VERIFY WITH OFFICIAL SURVEILLANCE
2042-08,1206314000,South Cotabato,TAMPAKAN,0.11001590466949522,4.1624930232082065,HOT_SPOT_95,1,10,50.0608223247646,MODERATE,29.972912649355855,STATISTICAL_HOTSPOT+CONNECTED_HOTSPOT_CLUSTER+NEIGHBOR_INFECTIOUS_PRESSURE,DYNAMIC SPATIOTEMPORAL WATCH,SCENARIO-BASED; VERIFY WITH OFFICIAL SURVEILLANCE
2042-08,1204706000,Cotabato,MAGPET,0.11936782683671918,2.93976505641666,NOT_SIGNIFICANT,0,0,47.80952317730804,MODERATE,51.07152328083103,NEIGHBOR_INFECTIOUS_PRESSURE,DYNAMIC SPATIOTEMPORAL WATCH,SCENARIO-BASED; VERIFY WITH OFFICIAL SURVEILLANCE
2042-08,1204701000,Cotabato,ALAMADA,0.19260048847634023,2.5167219848017477,NOT_SIGNIFICANT,0,0,45.95840103905914,MODERATE,54.964101770313505,NEIGHBOR_INFECTIOUS_PRESSURE,DYNAMIC SPATIOTEMPORAL WATCH,SCENARIO-BASED; VERIFY WITH OFFICIAL SURVEILLANCE
2042-08,1206507000,Sultan Kudarat,LUTAYAN,0.16747829711542397,3.5556130162435187,HOT_SPOT_95,1,10,43.70489065283659,LOW,32.57492994478588,STATISTICAL_HOTSPOT+CONNECTED_HOTSPOT_CLUSTER+NEIGHBOR_INFECTIOUS_PRESSURE,DYNAMIC SPATIOTEMPORAL WATCH,SCENARIO-BASED; VERIFY WITH OFFICIAL SURVEILLANCE
2042-08,1204712000,Cotabato,PIKIT,0.1516374642408589,2.3013348253508394,NOT_SIGNIFICANT,0,0,41.67248974708186,LOW,51.32147490197671,NEIGHBOR_INFECTIOUS_PRESSURE,DYNAMIC SPATIOTEMPORAL WATCH,SCENARIO-BASED; VERIFY WITH OFFICIAL SURVEILLANCE
2042-08,1204718000,Cotabato,ARAKAN,0.09455426908412186,2.671357383328371,NOT_SIGNIFICANT,0,0,40.174890869520205,LOW,42.48193755116281,NEIGHBOR_INFECTIOUS_PRESSURE,DYNAMIC SPATIOTEMPORAL WATCH,SCENARIO-BASED; VERIFY WITH OFFICIAL SURVEILLANCE
2042-09,1206306000,South Cotabato,KORONADAL,0.971624824332221,7.686297882814442,HOT_SPOT_99,1,10,73.89077699964228,HIGH,48.21499258029653,TRANSMISSION_PRESSURE_PROXY+STATISTICAL_HOTSPOT+CONNECTED_HOTSPOT_CLUSTER,DYNAMIC SPATIOTEMPORAL WATCH,SCENARIO-BASED; VERIFY WITH OFFICIAL SURVEILLANCE
2042-09,1206315000,South Cotabato,TANTANGAN,0.21411646289819242,6.509380580347035,HOT_SPOT_99,1,10,71.1276450055219,HIGH,44.18463796420215,TRANSMISSION_PRESSURE_PROXY+STATISTICAL_HOTSPOT+CONNECTED_HOTSPOT_CLUSTER,DYNAMIC SPATIOTEMPORAL WATCH,SCENARIO-BASED; VERIFY WITH OFFICIAL SURVEILLANCE
2042-09,1206318000,South Cotabato,SANTO NIÑO,0.2244210523229018,6.937071452775074,HOT_SPOT_95,1,10,68.31015856979504,HIGH,45.34473766559698,TRANSMISSION_PRESSURE_PROXY+STATISTICAL_HOTSPOT+CONNECTED_HOTSPOT_CLUSTER,DYNAMIC SPATIOTEMPORAL WATCH,SCENARIO-BASED; VERIFY WITH OFFICIAL SURVEILLANCE
2042-09,1206311000,South Cotabato,NORALA,0.14668993795811675,5.916291438789732,HOT_SPOT_99,1,10,63.914732711403474,MODERATE,39.06933439175074,STATISTICAL_HOTSPOT+CONNECTED_HOTSPOT_CLUSTER,DYNAMIC SPATIOTEMPORAL WATCH,SCENARIO-BASED; VERIFY WITH OFFICIAL SURVEILLANCE
2042-09,1206511000,Sultan Kudarat,TACURONG,0.4579445938672554,6.698733443277265,HOT_SPOT_99,1,10,62.77833150894053,MODERATE,39.25266968101742,STATISTICAL_HOTSPOT+CONNECTED_HOTSPOT_CLUSTER,DYNAMIC SPATIOTEMPORAL WATCH,SCENARIO-BASED; VERIFY WITH OFFICIAL SURVEILLANCE
2042-09,1206302000,South Cotabato,BANGA,0.25520187618927,5.460110513566817,HOT_SPOT_99,1,10,56.696684799027494,MODERATE,37.82169819934712,STATISTICAL_HOTSPOT+CONNECTED_HOTSPOT_CLUSTER,DYNAMIC SPATIOTEMPORAL WATCH,SCENARIO-BASED; VERIFY WITH OFFICIAL SURVEILLANCE
2042-09,1206507000,Sultan Kudarat,LUTAYAN,0.1860966896549968,3.5608393512686582,HOT_SPOT_95,1,10,55.767683058855745,MODERATE,38.525570913010036,STATISTICAL_HOTSPOT+CONNECTED_HOTSPOT_CLUSTER+NEIGHBOR_INFECTIOUS_PRESSURE,DYNAMIC SPATIOTEMPORAL WATCH,SCENARIO-BASED; VERIFY WITH OFFICIAL SURVEILLANCE
2042-09,1204718000,Cotabato,ARAKAN,0.15208934316028536,2.679391937728797,NOT_SIGNIFICANT,0,0,54.154748951343635,MODERATE,48.282368768359014,NEIGHBOR_INFECTIOUS_PRESSURE,DYNAMIC SPATIOTEMPORAL WATCH,SCENARIO-BASED; VERIFY WITH OFFICIAL SURVEILLANCE
2042-09,1204712000,Cotabato,PIKIT,0.16349597558785076,2.3073455869718047,NOT_SIGNIFICANT,0,0,51.13010417737869,MODERATE,55.79838877686534,NEIGHBOR_INFECTIOUS_PRESSURE,DYNAMIC SPATIOTEMPORAL WATCH,SCENARIO-BASED; VERIFY WITH OFFICIAL SURVEILLANCE
2042-09,1206314000,South Cotabato,TAMPAKAN,0.0602863770206877,4.164685419125462,HOT_SPOT_95,1,10,47.474413836495444,MODERATE,29.11478215319575,STATISTICAL_HOTSPOT+CONNECTED_HOTSPOT_CLUSTER+NEIGHBOR_INFECTIOUS_PRESSURE,DYNAMIC SPATIOTEMPORAL WATCH,SCENARIO-BASED; VERIFY WITH OFFICIAL SURVEILLANCE
2042-09,1204701000,Cotabato,ALAMADA,0.11006372765526858,2.520139588570337,NOT_SIGNIFICANT,0,0,41.76211283798647,LOW,51.14723916118592,NEIGHBOR_INFECTIOUS_PRESSURE,DYNAMIC SPATIOTEMPORAL WATCH,SCENARIO-BASED; VERIFY WITH OFFICIAL SURVEILLANCE
2042-10,1206311000,South Cotabato,NORALA,0.3215786871980836,5.929476438796966,HOT_SPOT_99,1,10,72.57194627807584,HIGH,44.31014434296239,TRANSMISSION_PRESSURE_PROXY+STATISTICAL_HOTSPOT+CONNECTED_HOTSPOT_CLUSTER,DYNAMIC SPATIOTEMPORAL WATCH,SCENARIO-BASED; VERIFY WITH OFFICIAL SURVEILLANCE
2042-10,1206318000,South Cotabato,SANTO NIÑO,0.4264127842027192,6.960954768929669,HOT_SPOT_95,1,10,70.01771605009233,HIGH,46.069338745718895,TRANSMISSION_PRESSURE_PROXY+STATISTICAL_HOTSPOT+CONNECTED_HOTSPOT_CLUSTER,DYNAMIC SPATIOTEMPORAL WATCH,SCENARIO-BASED; VERIFY WITH OFFICIAL SURVEILLANCE
2042-10,1206306000,South Cotabato,KORONADAL,1.6264070373699877,7.6973278080572385,HOT_SPOT_99,1,10,69.14834158623579,HIGH,46.61327503618723,TRANSMISSION_PRESSURE_PROXY+STATISTICAL_HOTSPOT+CONNECTED_HOTSPOT_CLUSTER,DYNAMIC SPATIOTEMPORAL WATCH,SCENARIO-BASED; VERIFY WITH OFFICIAL SURVEILLANCE
2042-10,1206511000,Sultan Kudarat,TACURONG,0.880754803619519,6.70960974961535,HOT_SPOT_99,1,10,67.37815656070264,HIGH,41.46641687407789,TRANSMISSION_PRESSURE_PROXY+STATISTICAL_HOTSPOT+CONNECTED_HOTSPOT_CLUSTER,DYNAMIC SPATIOTEMPORAL WATCH,SCENARIO-BASED; VERIFY WITH OFFICIAL SURVEILLANCE
2042-10,1206302000,South Cotabato,BANGA,0.6080446672245818,5.473560876857848,HOT_SPOT_99,1,10,67.06160016831357,HIGH,43.91221761508688,TRANSMISSION_PRESSURE_PROXY+STATISTICAL_HOTSPOT+CONNECTED_HOTSPOT_CLUSTER,DYNAMIC SPATIOTEMPORAL WATCH,SCENARIO-BASED; VERIFY WITH OFFICIAL SURVEILLANCE
2042-10,1206315000,South Cotabato,TANTANGAN,0.22542751939329975,6.5165449387223315,HOT_SPOT_99,1,10,61.578485339684704,MODERATE,38.923236113659925,STATISTICAL_HOTSPOT+CONNECTED_HOTSPOT_CLUSTER,DYNAMIC SPATIOTEMPORAL WATCH,SCENARIO-BASED; VERIFY WITH OFFICIAL SURVEILLANCE
2042-10,1206317000,South Cotabato,TUPI,0.562946059044703,4.763270031321424,HOT_SPOT_90,1,10,55.44602024656188,MODERATE,35.4445725952526,CONNECTED_HOTSPOT_CLUSTER,DYNAMIC SPATIOTEMPORAL WATCH,SCENARIO-BASED; VERIFY WITH OFFICIAL SURVEILLANCE
2042-10,1206507000,Sultan Kudarat,LUTAYAN,0.3042248687909001,3.5715273258723044,HOT_SPOT_95,1,10,47.19230950807495,MODERATE,35.89060250828235,STATISTICAL_HOTSPOT+CONNECTED_HOTSPOT_CLUSTER,DYNAMIC SPATIOTEMPORAL WATCH,SCENARIO-BASED; VERIFY WITH OFFICIAL SURVEILLANCE
2042-10,1204712000,Cotabato,PIKIT,0.18682714735124262,2.3143324593693393,NOT_SIGNIFICANT,0,0,45.07123491082859,MODERATE,52.218085636105315,NEIGHBOR_INFECTIOUS_PRESSURE,DYNAMIC SPATIOTEMPORAL WATCH,SCENARIO-BASED; VERIFY WITH OFFICIAL SURVEILLANCE
2042-10,1204718000,Cotabato,ARAKAN,0.10777478238015016,2.6846849034631384,NOT_SIGNIFICANT,0,0,42.661010594349435,LOW,43.43084687370385,NEIGHBOR_INFECTIOUS_PRESSURE,DYNAMIC SPATIOTEMPORAL WATCH,SCENARIO-BASED; VERIFY WITH OFFICIAL SURVEILLANCE
2042-10,1204701000,Cotabato,ALAMADA,0.15084023145548645,2.52519252169131,NOT_SIGNIFICANT,0,0,41.63145047960482,LOW,50.732707755246274,NEIGHBOR_INFECTIOUS_PRESSURE,DYNAMIC SPATIOTEMPORAL WATCH,SCENARIO-BASED; VERIFY WITH OFFICIAL SURVEILLANCE
2042-10,1206314000,South Cotabato,TAMPAKAN,0.1019353848985725,4.169797053617147,HOT_SPOT_95,1,10,40.79489100468513,LOW,26.047011431513628,STATISTICAL_HOTSPOT+CONNECTED_HOTSPOT_CLUSTER,DYNAMIC SPATIOTEMPORAL WATCH,SCENARIO-BASED; VERIFY WITH OFFICIAL SURVEILLANCE
2042-10,1206509000,Sultan Kudarat,PALIMBANG,0.19050090144236345,2.4483719711988647,COLD_SPOT_90,0,0,36.979606674391384,LOW,48.451852451953314,NEIGHBOR_INFECTIOUS_PRESSURE,DYNAMIC SPATIOTEMPORAL WATCH,SCENARIO-BASED; VERIFY WITH OFFICIAL SURVEILLANCE
2042-11,1206311000,South Cotabato,NORALA,0.5950217175237368,5.9592938593736555,HOT_SPOT_99,1,10,76.38917980566795,HIGH,46.40595645700747,TRANSMISSION_PRESSURE_PROXY+STATISTICAL_HOTSPOT+CONNECTED_HOTSPOT_CLUSTER,DYNAMIC SPATIOTEMPORAL WATCH,SCENARIO-BASED; VERIFY WITH OFFICIAL SURVEILLANCE
2042-11,1206315000,South Cotabato,TANTANGAN,0.6895663758984244,6.551776719890126,HOT_SPOT_99,1,10,72.18939768344174,HIGH,45.005977104593654,TRANSMISSION_PRESSURE_PROXY+STATISTICAL_HOTSPOT+CONNECTED_HOTSPOT_CLUSTER,DYNAMIC SPATIOTEMPORAL WATCH,SCENARIO-BASED; VERIFY WITH OFFICIAL SURVEILLANCE
2042-11,1206306000,South Cotabato,KORONADAL,2.4355934500357908,7.719840626135243,HOT_SPOT_99,1,10,70.48473631198478,HIGH,48.07318558365948,TRANSMISSION_PRESSURE_PROXY+STATISTICAL_HOTSPOT+CONNECTED_HOTSPOT_CLUSTER,DYNAMIC SPATIOTEMPORAL WATCH,SCENARIO-BASED; VERIFY WITH OFFICIAL SURVEILLANCE
2042-11,1206318000,South Cotabato,SANTO NIÑO,0.46230493230623715,6.988566213516904,HOT_SPOT_95,1,10,69.2021899776479,HIGH,43.0142201433884,TRANSMISSION_PRESSURE_PROXY+STATISTICAL_HOTSPOT+CONNECTED_HOTSPOT_CLUSTER,DYNAMIC SPATIOTEMPORAL WATCH,SCENARIO-BASED; VERIFY WITH OFFICIAL SURVEILLANCE
2042-11,1206302000,South Cotabato,BANGA,0.6732481541600965,5.489299143762184,HOT_SPOT_99,1,10,62.23685885222786,MODERATE,39.778490161159915,STATISTICAL_HOTSPOT+CONNECTED_HOTSPOT_CLUSTER,DYNAMIC SPATIOTEMPORAL WATCH,SCENARIO-BASED; VERIFY WITH OFFICIAL SURVEILLANCE
2042-11,1206511000,Sultan Kudarat,TACURONG,0.9990201896996675,6.723799074035982,HOT_SPOT_99,1,10,62.193168601796046,MODERATE,39.346768970537845,STATISTICAL_HOTSPOT+CONNECTED_HOTSPOT_CLUSTER,DYNAMIC SPATIOTEMPORAL WATCH,SCENARIO-BASED; VERIFY WITH OFFICIAL SURVEILLANCE
2042-11,1206507000,Sultan Kudarat,LUTAYAN,0.4906754475664165,3.5907453448831856,HOT_SPOT_95,1,10,49.80853534197445,MODERATE,35.90259748818603,STATISTICAL_HOTSPOT+CONNECTED_HOTSPOT_CLUSTER,DYNAMIC SPATIOTEMPORAL WATCH,SCENARIO-BASED; VERIFY WITH OFFICIAL SURVEILLANCE
2042-11,1204701000,Cotabato,ALAMADA,0.27291695779690645,2.535340012233272,NOT_SIGNIFICANT,0,0,44.33604820680314,LOW,52.595178332888636,NEIGHBOR_INFECTIOUS_PRESSURE,DYNAMIC SPATIOTEMPORAL WATCH,SCENARIO-BASED; VERIFY WITH OFFICIAL SURVEILLANCE
2042-11,1204718000,Cotabato,ARAKAN,0.13585399637543258,2.6915434551812845,NOT_SIGNIFICANT,0,0,38.62831429156687,LOW,41.861879305066395,NEIGHBOR_INFECTIOUS_PRESSURE,DYNAMIC SPATIOTEMPORAL WATCH,SCENARIO-BASED; VERIFY WITH OFFICIAL SURVEILLANCE
2042-11,1204712000,Cotabato,PIKIT,0.1918891924053602,2.3214905250298328,NOT_SIGNIFICANT,0,0,37.717713045923,LOW,47.26741766708048,NEIGHBOR_INFECTIOUS_PRESSURE,DYNAMIC SPATIOTEMPORAL WATCH,SCENARIO-BASED; VERIFY WITH OFFICIAL SURVEILLANCE
2042-11,1206314000,South Cotabato,TAMPAKAN,0.1304257725201038,4.176900011795868,HOT_SPOT_95,1,10,37.34040070606694,LOW,25.451455112696284,STATISTICAL_HOTSPOT+CONNECTED_HOTSPOT_CLUSTER,DYNAMIC SPATIOTEMPORAL WATCH,SCENARIO-BASED; VERIFY WITH OFFICIAL SURVEILLANCE
2042-11,1206509000,Sultan Kudarat,PALIMBANG,0.2721540114236899,2.4543183984906753,COLD_SPOT_90,0,0,34.448142060857386,LOW,48.3609179510932,NEIGHBOR_INFECTIOUS_PRESSURE,DYNAMIC SPATIOTEMPORAL WATCH,SCENARIO-BASED; VERIFY WITH OFFICIAL SURVEILLANCE
2042-12,1206306000,South Cotabato,KORONADAL,1.1060563177297076,7.726624688619039,HOT_SPOT_99,1,10,74.23819541386733,HIGH,50.05926199816976,TRANSMISSION_PRESSURE_PROXY+STATISTICAL_HOTSPOT+CONNECTED_HOTSPOT_CLUSTER,DYNAMIC SPATIOTEMPORAL WATCH,SCENARIO-BASED; VERIFY WITH OFFICIAL SURVEILLANCE
2042-12,1206511000,Sultan Kudarat,TACURONG,0.5266483468650318,6.7269550362707955,HOT_SPOT_99,1,10,72.19915419234162,HIGH,45.3339403383249,TRANSMISSION_PRESSURE_PROXY+STATISTICAL_HOTSPOT+CONNECTED_HOTSPOT_CLUSTER,DYNAMIC SPATIOTEMPORAL WATCH,SCENARIO-BASED; VERIFY WITH OFFICIAL SURVEILLANCE
2042-12,1206311000,South Cotabato,NORALA,0.14167723003794871,5.962988529502887,HOT_SPOT_99,1,10,69.98954367789435,HIGH,40.804138014740495,TRANSMISSION_PRESSURE_PROXY+STATISTICAL_HOTSPOT+CONNECTED_HOTSPOT_CLUSTER+NEIGHBOR_INFECTIOUS_PRESSURE,DYNAMIC SPATIOTEMPORAL WATCH,SCENARIO-BASED; VERIFY WITH OFFICIAL SURVEILLANCE
2042-12,1206315000,South Cotabato,TANTANGAN,0.1445189114488956,6.555353429595588,HOT_SPOT_99,1,10,67.82249231664467,HIGH,40.19269960133108,TRANSMISSION_PRESSURE_PROXY+STATISTICAL_HOTSPOT+CONNECTED_HOTSPOT_CLUSTER,DYNAMIC SPATIOTEMPORAL WATCH,SCENARIO-BASED; VERIFY WITH OFFICIAL SURVEILLANCE
2042-12,1206318000,South Cotabato,SANTO NIÑO,0.15364654844319306,6.994288133584721,HOT_SPOT_95,1,10,66.43734190891116,HIGH,40.22576577381413,TRANSMISSION_PRESSURE_PROXY+STATISTICAL_HOTSPOT+CONNECTED_HOTSPOT_CLUSTER,DYNAMIC SPATIOTEMPORAL WATCH,SCENARIO-BASED; VERIFY WITH OFFICIAL SURVEILLANCE
2042-12,1206302000,South Cotabato,BANGA,0.21815254719890792,5.491691920195586,HOT_SPOT_99,1,10,61.923548935291585,MODERATE,39.65417995943979,STATISTICAL_HOTSPOT+CONNECTED_HOTSPOT_CLUSTER+NEIGHBOR_INFECTIOUS_PRESSURE,DYNAMIC SPATIOTEMPORAL WATCH,SCENARIO-BASED; VERIFY WITH OFFICIAL SURVEILLANCE
2042-12,1206317000,South Cotabato,TUPI,0.3029521554918902,4.78166734065526,HOT_SPOT_90,1,10,55.27195386538266,MODERATE,35.23907207786407,CONNECTED_HOTSPOT_CLUSTER,DYNAMIC SPATIOTEMPORAL WATCH,SCENARIO-BASED; VERIFY WITH OFFICIAL SURVEILLANCE
2042-12,1206314000,South Cotabato,TAMPAKAN,0.05577290650084469,4.178766248496284,HOT_SPOT_95,1,10,43.63087775209671,LOW,29.69309828343631,STATISTICAL_HOTSPOT+CONNECTED_HOTSPOT_CLUSTER,DYNAMIC SPATIOTEMPORAL WATCH,SCENARIO-BASED; VERIFY WITH OFFICIAL SURVEILLANCE
2042-12,1206507000,Sultan Kudarat,LUTAYAN,0.11990432324793059,3.5936267656383074,HOT_SPOT_95,1,10,43.305926945059404,LOW,31.262571436470925,STATISTICAL_HOTSPOT+CONNECTED_HOTSPOT_CLUSTER,DYNAMIC SPATIOTEMPORAL WATCH,SCENARIO-BASED; VERIFY WITH OFFICIAL SURVEILLANCE
2042-12,1204712000,Cotabato,PIKIT,0.08989463497750749,2.3241562595638365,NOT_SIGNIFICANT,0,0,38.279050356763214,LOW,48.68047659952352,NEIGHBOR_INFECTIOUS_PRESSURE,DYNAMIC SPATIOTEMPORAL WATCH,SCENARIO-BASED; VERIFY WITH OFFICIAL SURVEILLANCE
2042-12,1204701000,Cotabato,ALAMADA,0.09096994294258684,2.5377085637636796,NOT_SIGNIFICANT,0,0,38.17061423014757,LOW,49.296880372338194,NEIGHBOR_INFECTIOUS_PRESSURE,DYNAMIC SPATIOTEMPORAL WATCH,SCENARIO-BASED; VERIFY WITH OFFICIAL SURVEILLANCE
2043-01,1206311000,South Cotabato,NORALA,0.11590001081978799,5.963928119835021,HOT_SPOT_99,1,10,75.1206093142462,HIGH,42.073082365187474,TRANSMISSION_PRESSURE_PROXY+STATISTICAL_HOTSPOT+CONNECTED_HOTSPOT_CLUSTER+NEIGHBOR_INFECTIOUS_PRESSURE,DYNAMIC SPATIOTEMPORAL WATCH,SCENARIO-BASED; VERIFY WITH OFFICIAL SURVEILLANCE
2043-01,1206315000,South Cotabato,TANTANGAN,0.12058117110857001,6.556315743479974,HOT_SPOT_99,1,10,73.56523824822119,HIGH,41.71410412878423,TRANSMISSION_PRESSURE_PROXY+STATISTICAL_HOTSPOT+CONNECTED_HOTSPOT_CLUSTER,DYNAMIC SPATIOTEMPORAL WATCH,SCENARIO-BASED; VERIFY WITH OFFICIAL SURVEILLANCE
2043-01,1206306000,South Cotabato,KORONADAL,0.6389618251081035,7.724625364052512,HOT_SPOT_99,1,10,70.63144620472,HIGH,46.75447846888804,TRANSMISSION_PRESSURE_PROXY+STATISTICAL_HOTSPOT+CONNECTED_HOTSPOT_CLUSTER,DYNAMIC SPATIOTEMPORAL WATCH,SCENARIO-BASED; VERIFY WITH OFFICIAL SURVEILLANCE
2043-01,1206318000,South Cotabato,SANTO NIÑO,0.10489088501850793,6.995353016143076,HOT_SPOT_95,1,10,67.9267363119393,HIGH,40.53544252053718,TRANSMISSION_PRESSURE_PROXY+STATISTICAL_HOTSPOT+CONNECTED_HOTSPOT_CLUSTER,DYNAMIC SPATIOTEMPORAL WATCH,SCENARIO-BASED; VERIFY WITH OFFICIAL SURVEILLANCE
2043-01,1206302000,South Cotabato,BANGA,0.16483803641160175,5.491259654596762,HOT_SPOT_99,1,10,62.871151552638274,MODERATE,40.291558979146124,STATISTICAL_HOTSPOT+CONNECTED_HOTSPOT_CLUSTER+NEIGHBOR_INFECTIOUS_PRESSURE,DYNAMIC SPATIOTEMPORAL WATCH,SCENARIO-BASED; VERIFY WITH OFFICIAL SURVEILLANCE
2043-01,1206511000,Sultan Kudarat,TACURONG,0.25575549555199445,6.723496914910711,HOT_SPOT_99,1,10,60.93405317415282,MODERATE,40.10004027872775,STATISTICAL_HOTSPOT+CONNECTED_HOTSPOT_CLUSTER,DYNAMIC SPATIOTEMPORAL WATCH,SCENARIO-BASED; VERIFY WITH OFFICIAL SURVEILLANCE
2043-01,1206314000,South Cotabato,TAMPAKAN,0.06517825880680328,4.18119577939508,HOT_SPOT_95,1,10,55.234847068100876,MODERATE,35.9345294536393,STATISTICAL_HOTSPOT+CONNECTED_HOTSPOT_CLUSTER+NEIGHBOR_INFECTIOUS_PRESSURE,DYNAMIC SPATIOTEMPORAL WATCH,SCENARIO-BASED; VERIFY WITH OFFICIAL SURVEILLANCE
2043-01,1204701000,Cotabato,ALAMADA,0.09450763625570503,2.54032758818024,NOT_SIGNIFICANT,0,0,47.8020975348831,MODERATE,55.81081596253276,NEIGHBOR_INFECTIOUS_PRESSURE,DYNAMIC SPATIOTEMPORAL WATCH,SCENARIO-BASED; VERIFY WITH OFFICIAL SURVEILLANCE
2043-01,1206507000,Sultan Kudarat,LUTAYAN,0.08110221550009933,3.594261150232264,HOT_SPOT_95,1,10,41.27910702905699,LOW,30.500201754390766,STATISTICAL_HOTSPOT+CONNECTED_HOTSPOT_CLUSTER,DYNAMIC SPATIOTEMPORAL WATCH,SCENARIO-BASED; VERIFY WITH OFFICIAL SURVEILLANCE
2043-01,1204712000,Cotabato,PIKIT,0.06787692954733536,2.3257993356662703,NOT_SIGNIFICANT,0,0,40.467671723456334,LOW,51.22120993236868,NEIGHBOR_INFECTIOUS_PRESSURE,DYNAMIC SPATIOTEMPORAL WATCH,SCENARIO-BASED; VERIFY WITH OFFICIAL SURVEILLANCE
2043-01,1206509000,Sultan Kudarat,PALIMBANG,0.09481922874590838,2.4580631291411525,COLD_SPOT_90,0,0,38.95695031653255,LOW,52.21037780763097,NEIGHBOR_INFECTIOUS_PRESSURE,DYNAMIC SPATIOTEMPORAL WATCH,SCENARIO-BASED; VERIFY WITH OFFICIAL SURVEILLANCE
2043-02,1206315000,South Cotabato,TANTANGAN,0.6165359892973928,6.585599976482694,HOT_SPOT_99,1,10,77.28463190855868,HIGH,45.832226030276225,TRANSMISSION_PRESSURE_PROXY+STATISTICAL_HOTSPOT+CONNECTED_HOTSPOT_CLUSTER,DYNAMIC SPATIOTEMPORAL WATCH,SCENARIO-BASED; VERIFY WITH OFFICIAL SURVEILLANCE
2043-02,1206302000,South Cotabato,BANGA,0.949329484079409,5.514453850549501,HOT_SPOT_99,1,10,71.7160406685475,HIGH,45.89677468580864,TRANSMISSION_PRESSURE_PROXY+STATISTICAL_HOTSPOT+CONNECTED_HOTSPOT_CLUSTER,DYNAMIC SPATIOTEMPORAL WATCH,SCENARIO-BASED; VERIFY WITH OFFICIAL SURVEILLANCE
2043-02,1206511000,Sultan Kudarat,TACURONG,1.1555633026941452,6.740024019524839,HOT_SPOT_99,1,10,69.76631265861793,HIGH,44.312293660730745,TRANSMISSION_PRESSURE_PROXY+STATISTICAL_HOTSPOT+CONNECTED_HOTSPOT_CLUSTER,DYNAMIC SPATIOTEMPORAL WATCH,SCENARIO-BASED; VERIFY WITH OFFICIAL SURVEILLANCE
2043-02,1206306000,South Cotabato,KORONADAL,1.9494303390524041,7.739248959018506,HOT_SPOT_99,1,10,69.4648414591679,HIGH,46.19130197649453,TRANSMISSION_PRESSURE_PROXY+STATISTICAL_HOTSPOT+CONNECTED_HOTSPOT_CLUSTER,DYNAMIC SPATIOTEMPORAL WATCH,SCENARIO-BASED; VERIFY WITH OFFICIAL SURVEILLANCE
2043-02,1206311000,South Cotabato,NORALA,0.28465969908222966,5.974340516087677,HOT_SPOT_99,1,10,65.18383324450537,HIGH,38.52786206231635,TRANSMISSION_PRESSURE_PROXY+STATISTICAL_HOTSPOT+CONNECTED_HOTSPOT_CLUSTER,DYNAMIC SPATIOTEMPORAL WATCH,SCENARIO-BASED; VERIFY WITH OFFICIAL SURVEILLANCE
2043-02,1206318000,South Cotabato,SANTO NIÑO,0.27965288259352844,7.008104992885708,HOT_SPOT_95,1,10,61.71725313553282,MODERATE,39.432360458612905,STATISTICAL_HOTSPOT+CONNECTED_HOTSPOT_CLUSTER,DYNAMIC SPATIOTEMPORAL WATCH,SCENARIO-BASED; VERIFY WITH OFFICIAL SURVEILLANCE
2043-02,1204711000,Cotabato,PIGKAWAYAN,0.16877926044130803,3.676270281645622,NOT_SIGNIFICANT,0,0,44.30797059679446,LOW,48.78074138829832,NEIGHBOR_INFECTIOUS_PRESSURE,DYNAMIC SPATIOTEMPORAL WATCH,SCENARIO-BASED; VERIFY WITH OFFICIAL SURVEILLANCE
2043-02,1206314000,South Cotabato,TAMPAKAN,0.158762383836276,4.1899256772596765,HOT_SPOT_95,1,10,44.112382451309536,LOW,29.300227659839535,STATISTICAL_HOTSPOT+CONNECTED_HOTSPOT_CLUSTER,DYNAMIC SPATIOTEMPORAL WATCH,SCENARIO-BASED; VERIFY WITH OFFICIAL SURVEILLANCE
2043-02,1204712000,Cotabato,PIKIT,0.16981042530819038,2.3317261057206027,NOT_SIGNIFICANT,0,0,40.06579787792571,LOW,50.07474405650975,NEIGHBOR_INFECTIOUS_PRESSURE,DYNAMIC SPATIOTEMPORAL WATCH,SCENARIO-BASED; VERIFY WITH OFFICIAL SURVEILLANCE
2043-02,1206507000,Sultan Kudarat,LUTAYAN,0.22239858968110474,3.600888948161102,HOT_SPOT_95,1,10,39.89256582595063,LOW,29.826266727575558,STATISTICAL_HOTSPOT+CONNECTED_HOTSPOT_CLUSTER,DYNAMIC SPATIOTEMPORAL WATCH,SCENARIO-BASED; VERIFY WITH OFFICIAL SURVEILLANCE
2043-02,1204701000,Cotabato,ALAMADA,0.16976277717810676,2.5458952945888247,NOT_SIGNIFICANT,0,0,39.08903557821833,LOW,48.68891687135539,NEIGHBOR_INFECTIOUS_PRESSURE,DYNAMIC SPATIOTEMPORAL WATCH,SCENARIO-BASED; VERIFY WITH OFFICIAL SURVEILLANCE
2043-02,1206509000,Sultan Kudarat,PALIMBANG,0.19048136188245232,2.4642729469114464,COLD_SPOT_90,0,0,34.96591197855439,LOW,47.44914750885458,NEIGHBOR_INFECTIOUS_PRESSURE,DYNAMIC SPATIOTEMPORAL WATCH,SCENARIO-BASED; VERIFY WITH OFFICIAL SURVEILLANCE
2043-03,1206311000,South Cotabato,NORALA,0.7141543326305266,6.009148246656905,HOT_SPOT_99,1,10,75.23934435342838,HIGH,45.8934483537219,TRANSMISSION_PRESSURE_PROXY+STATISTICAL_HOTSPOT+CONNECTED_HOTSPOT_CLUSTER,DYNAMIC SPATIOTEMPORAL WATCH,SCENARIO-BASED; VERIFY WITH OFFICIAL SURVEILLANCE
2043-03,1206306000,South Cotabato,KORONADAL,3.1319614947051333,7.768521930343282,HOT_SPOT_99,1,10,73.7454878538178,HIGH,50.8786985445803,TRANSMISSION_PRESSURE_PROXY+STATISTICAL_HOTSPOT+CONNECTED_HOTSPOT_CLUSTER,DYNAMIC SPATIOTEMPORAL WATCH,SCENARIO-BASED; VERIFY WITH OFFICIAL SURVEILLANCE
2043-03,1206315000,South Cotabato,TANTANGAN,0.4803076872571816,6.607639709353468,HOT_SPOT_99,1,10,73.23819821408797,HIGH,41.36975286235243,TRANSMISSION_PRESSURE_PROXY+STATISTICAL_HOTSPOT+CONNECTED_HOTSPOT_CLUSTER,DYNAMIC SPATIOTEMPORAL WATCH,SCENARIO-BASED; VERIFY WITH OFFICIAL SURVEILLANCE
2043-03,1206511000,Sultan Kudarat,TACURONG,1.4615833668175384,6.762849082475518,HOT_SPOT_99,1,10,72.67609805745765,HIGH,45.31535780347899,TRANSMISSION_PRESSURE_PROXY+STATISTICAL_HOTSPOT+CONNECTED_HOTSPOT_CLUSTER,DYNAMIC SPATIOTEMPORAL WATCH,SCENARIO-BASED; VERIFY WITH OFFICIAL SURVEILLANCE
2043-03,1206318000,South Cotabato,SANTO NIÑO,0.6827984307627879,7.048063104117675,HOT_SPOT_95,1,10,70.46280269939567,HIGH,46.342623828132844,TRANSMISSION_PRESSURE_PROXY+STATISTICAL_HOTSPOT+CONNECTED_HOTSPOT_CLUSTER,DYNAMIC SPATIOTEMPORAL WATCH,SCENARIO-BASED; VERIFY WITH OFFICIAL SURVEILLANCE
2043-03,1206302000,South Cotabato,BANGA,0.916473124133426,5.537307534371071,HOT_SPOT_99,1,10,68.83230721076407,HIGH,42.128953816776466,TRANSMISSION_PRESSURE_PROXY+STATISTICAL_HOTSPOT+CONNECTED_HOTSPOT_CLUSTER,DYNAMIC SPATIOTEMPORAL WATCH,SCENARIO-BASED; VERIFY WITH OFFICIAL SURVEILLANCE
2043-03,1204711000,Cotabato,PIGKAWAYAN,0.35142281071608783,3.6925391118983266,NOT_SIGNIFICANT,0,0,58.391809915085645,MODERATE,58.21279668824657,NONE,DYNAMIC SPATIOTEMPORAL WATCH,SCENARIO-BASED; VERIFY WITH OFFICIAL SURVEILLANCE
2043-03,1206314000,South Cotabato,TAMPAKAN,0.3701324413850583,4.213099649334675,HOT_SPOT_95,1,10,54.57106863803736,MODERATE,33.561199528335564,STATISTICAL_HOTSPOT+CONNECTED_HOTSPOT_CLUSTER,DYNAMIC SPATIOTEMPORAL WATCH,SCENARIO-BASED; VERIFY WITH OFFICIAL SURVEILLANCE
2043-03,1206507000,Sultan Kudarat,LUTAYAN,0.3747821465095853,3.613988225687244,HOT_SPOT_95,1,10,49.685152973968606,MODERATE,38.003237807612784,STATISTICAL_HOTSPOT+CONNECTED_HOTSPOT_CLUSTER,DYNAMIC SPATIOTEMPORAL WATCH,SCENARIO-BASED; VERIFY WITH OFFICIAL SURVEILLANCE
2043-03,1204701000,Cotabato,ALAMADA,0.22929634754898873,2.5538469017385346,NOT_SIGNIFICANT,0,0,41.56629929801292,LOW,51.47748588207447,NEIGHBOR_INFECTIOUS_PRESSURE,DYNAMIC SPATIOTEMPORAL WATCH,SCENARIO-BASED; VERIFY WITH OFFICIAL SURVEILLANCE
2043-03,1204712000,Cotabato,PIKIT,0.20243063439759074,2.339012365143955,NOT_SIGNIFICANT,0,0,40.483743651250144,LOW,50.330102068891826,NEIGHBOR_INFECTIOUS_PRESSURE,DYNAMIC SPATIOTEMPORAL WATCH,SCENARIO-BASED; VERIFY WITH OFFICIAL SURVEILLANCE
2043-03,1206509000,Sultan Kudarat,PALIMBANG,0.3130155933773417,2.471367015562206,COLD_SPOT_90,0,0,40.38722091253428,LOW,52.888926492965965,NEIGHBOR_INFECTIOUS_PRESSURE,DYNAMIC SPATIOTEMPORAL WATCH,SCENARIO-BASED; VERIFY WITH OFFICIAL SURVEILLANCE
2043-04,1206315000,South Cotabato,TANTANGAN,0.45780097654505375,6.62819043486101,HOT_SPOT_99,1,10,80.56905559968472,CRITICAL,45.18645291875427,TRANSMISSION_PRESSURE_PROXY+STATISTICAL_HOTSPOT+CONNECTED_HOTSPOT_CLUSTER+NEIGHBOR_INFECTIOUS_PRESSURE,DYNAMIC SPATIOTEMPORAL WATCH,SCENARIO-BASED; VERIFY WITH OFFICIAL SURVEILLANCE
2043-04,1206511000,Sultan Kudarat,TACURONG,1.3054446360398924,6.78273276112362,HOT_SPOT_99,1,10,77.21093587430988,HIGH,46.92818912223334,TRANSMISSION_PRESSURE_PROXY+STATISTICAL_HOTSPOT+CONNECTED_HOTSPOT_CLUSTER,DYNAMIC SPATIOTEMPORAL WATCH,SCENARIO-BASED; VERIFY WITH OFFICIAL SURVEILLANCE
2043-04,1206302000,South Cotabato,BANGA,0.835534697530042,5.557521412667046,HOT_SPOT_99,1,10,76.21345551226287,HIGH,44.99983975912087,TRANSMISSION_PRESSURE_PROXY+STATISTICAL_HOTSPOT+CONNECTED_HOTSPOT_CLUSTER+NEIGHBOR_INFECTIOUS_PRESSURE,DYNAMIC SPATIOTEMPORAL WATCH,SCENARIO-BASED; VERIFY WITH OFFICIAL SURVEILLANCE
2043-04,1206306000,South Cotabato,KORONADAL,2.705829378837315,7.794004672590063,HOT_SPOT_99,1,10,74.98601631461341,HIGH,50.31879055834838,TRANSMISSION_PRESSURE_PROXY+STATISTICAL_HOTSPOT+CONNECTED_HOTSPOT_CLUSTER,DYNAMIC SPATIOTEMPORAL WATCH,SCENARIO-BASED; VERIFY WITH OFFICIAL SURVEILLANCE
2043-04,1206311000,South Cotabato,NORALA,0.34661833486766397,6.02355294551778,HOT_SPOT_99,1,10,73.01929181619762,HIGH,41.817747532670175,TRANSMISSION_PRESSURE_PROXY+STATISTICAL_HOTSPOT+CONNECTED_HOTSPOT_CLUSTER+NEIGHBOR_INFECTIOUS_PRESSURE,DYNAMIC SPATIOTEMPORAL WATCH,SCENARIO-BASED; VERIFY WITH OFFICIAL SURVEILLANCE
2043-04,1206318000,South Cotabato,SANTO NIÑO,0.3553310556540942,7.066317233278782,HOT_SPOT_95,1,10,71.08801960153802,HIGH,42.76066638744786,TRANSMISSION_PRESSURE_PROXY+STATISTICAL_HOTSPOT+CONNECTED_HOTSPOT_CLUSTER,DYNAMIC SPATIOTEMPORAL WATCH,SCENARIO-BASED; VERIFY WITH OFFICIAL SURVEILLANCE
2043-04,1206314000,South Cotabato,TAMPAKAN,0.5635493200427198,4.249379064518379,HOT_SPOT_95,1,10,62.73689995218229,MODERATE,37.20330869298422,STATISTICAL_HOTSPOT+CONNECTED_HOTSPOT_CLUSTER,DYNAMIC SPATIOTEMPORAL WATCH,SCENARIO-BASED; VERIFY WITH OFFICIAL SURVEILLANCE
2043-04,1204701000,Cotabato,ALAMADA,0.40560818616023603,2.568973362566245,NOT_SIGNIFICANT,0,0,49.45939982162288,MODERATE,55.70618794793245,NEIGHBOR_INFECTIOUS_PRESSURE,DYNAMIC SPATIOTEMPORAL WATCH,SCENARIO-BASED; VERIFY WITH OFFICIAL SURVEILLANCE
2043-04,1206507000,Sultan Kudarat,LUTAYAN,0.24482677839129047,3.621284778146133,HOT_SPOT_95,1,10,43.603424378399886,LOW,32.7526052288588,STATISTICAL_HOTSPOT+CONNECTED_HOTSPOT_CLUSTER+NEIGHBOR_INFECTIOUS_PRESSURE,DYNAMIC SPATIOTEMPORAL WATCH,SCENARIO-BASED; VERIFY WITH OFFICIAL SURVEILLANCE
2043-04,1204712000,Cotabato,PIKIT,0.1872883096705869,2.34564823311715,NOT_SIGNIFICANT,0,0,38.328015358796094,LOW,49.96579075575353,NEIGHBOR_INFECTIOUS_PRESSURE,DYNAMIC SPATIOTEMPORAL WATCH,SCENARIO-BASED; VERIFY WITH OFFICIAL SURVEILLANCE
2043-05,1206315000,South Cotabato,TANTANGAN,0.24490229094916904,6.636367882824668,HOT_SPOT_99,1,10,82.2296699127156,CRITICAL,46.59358577864438,TRANSMISSION_PRESSURE_PROXY+STATISTICAL_HOTSPOT+CONNECTED_HOTSPOT_CLUSTER+NEIGHBOR_INFECTIOUS_PRESSURE,DYNAMIC SPATIOTEMPORAL WATCH,SCENARIO-BASED; VERIFY WITH OFFICIAL SURVEILLANCE
2043-05,1206318000,South Cotabato,SANTO NIÑO,0.18610632838646463,7.0728296325993325,HOT_SPOT_95,1,10,74.04450510466744,HIGH,44.17876636049075,TRANSMISSION_PRESSURE_PROXY+STATISTICAL_HOTSPOT+CONNECTED_HOTSPOT_CLUSTER,DYNAMIC SPATIOTEMPORAL WATCH,SCENARIO-BASED; VERIFY WITH OFFICIAL SURVEILLANCE
2043-05,1206306000,South Cotabato,KORONADAL,0.993815536182961,7.794362830158756,HOT_SPOT_99,1,10,72.70015336389525,HIGH,46.793551662174906,TRANSMISSION_PRESSURE_PROXY+STATISTICAL_HOTSPOT+CONNECTED_HOTSPOT_CLUSTER,DYNAMIC SPATIOTEMPORAL WATCH,SCENARIO-BASED; VERIFY WITH OFFICIAL SURVEILLANCE
2043-05,1206511000,Sultan Kudarat,TACURONG,0.49895306632208397,6.782679002475091,HOT_SPOT_99,1,10,71.76031747280575,HIGH,43.350646598256716,TRANSMISSION_PRESSURE_PROXY+STATISTICAL_HOTSPOT+CONNECTED_HOTSPOT_CLUSTER,DYNAMIC SPATIOTEMPORAL WATCH,SCENARIO-BASED; VERIFY WITH OFFICIAL SURVEILLANCE
2043-05,1206311000,South Cotabato,NORALA,0.15817890961129394,6.025788471535583,HOT_SPOT_99,1,10,70.66837729181206,HIGH,40.79489483160304,TRANSMISSION_PRESSURE_PROXY+STATISTICAL_HOTSPOT+CONNECTED_HOTSPOT_CLUSTER+NEIGHBOR_INFECTIOUS_PRESSURE,DYNAMIC SPATIOTEMPORAL WATCH,SCENARIO-BASED; VERIFY WITH OFFICIAL SURVEILLANCE
2043-05,1206302000,South Cotabato,BANGA,0.28684943219614867,5.560950604360119,HOT_SPOT_99,1,10,68.7127773530118,HIGH,41.813440898063874,TRANSMISSION_PRESSURE_PROXY+STATISTICAL_HOTSPOT+CONNECTED_HOTSPOT_CLUSTER+NEIGHBOR_INFECTIOUS_PRESSURE,DYNAMIC SPATIOTEMPORAL WATCH,SCENARIO-BASED; VERIFY WITH OFFICIAL SURVEILLANCE
2043-05,1206314000,South Cotabato,TAMPAKAN,0.09151728626772561,4.253300383190545,HOT_SPOT_95,1,10,53.12136989051544,MODERATE,31.817490075109838,STATISTICAL_HOTSPOT+CONNECTED_HOTSPOT_CLUSTER+NEIGHBOR_INFECTIOUS_PRESSURE,DYNAMIC SPATIOTEMPORAL WATCH,SCENARIO-BASED; VERIFY WITH OFFICIAL SURVEILLANCE
2043-05,1206507000,Sultan Kudarat,LUTAYAN,0.13700667718223494,3.6238283405062544,HOT_SPOT_95,1,10,46.38406743645319,MODERATE,35.05315897424124,STATISTICAL_HOTSPOT+CONNECTED_HOTSPOT_CLUSTER+NEIGHBOR_INFECTIOUS_PRESSURE,DYNAMIC SPATIOTEMPORAL WATCH,SCENARIO-BASED; VERIFY WITH OFFICIAL SURVEILLANCE
2043-06,1206311000,South Cotabato,NORALA,0.2812387173808467,6.035013059138584,HOT_SPOT_99,1,10,75.17201884835475,HIGH,41.52579543105427,TRANSMISSION_PRESSURE_PROXY+STATISTICAL_HOTSPOT+CONNECTED_HOTSPOT_CLUSTER+NEIGHBOR_INFECTIOUS_PRESSURE,DYNAMIC SPATIOTEMPORAL WATCH,SCENARIO-BASED; VERIFY WITH OFFICIAL SURVEILLANCE
2043-06,1206306000,South Cotabato,KORONADAL,1.7234350994577192,7.8040560031960196,HOT_SPOT_99,1,10,72.7822678905647,HIGH,47.23224531990846,TRANSMISSION_PRESSURE_PROXY+STATISTICAL_HOTSPOT+CONNECTED_HOTSPOT_CLUSTER,DYNAMIC SPATIOTEMPORAL WATCH,SCENARIO-BASED; VERIFY WITH OFFICIAL SURVEILLANCE
2043-06,1206315000,South Cotabato,TANTANGAN,0.2728030444998508,6.644850195020849,HOT_SPOT_99,1,10,72.67751529746295,HIGH,41.126459962917245,TRANSMISSION_PRESSURE_PROXY+STATISTICAL_HOTSPOT+CONNECTED_HOTSPOT_CLUSTER,DYNAMIC SPATIOTEMPORAL WATCH,SCENARIO-BASED; VERIFY WITH OFFICIAL SURVEILLANCE
2043-06,1206302000,South Cotabato,BANGA,0.49956852968669957,5.569505868402157,HOT_SPOT_99,1,10,70.07467798049473,HIGH,41.72960283490248,TRANSMISSION_PRESSURE_PROXY+STATISTICAL_HOTSPOT+CONNECTED_HOTSPOT_CLUSTER+NEIGHBOR_INFECTIOUS_PRESSURE,DYNAMIC SPATIOTEMPORAL WATCH,SCENARIO-BASED; VERIFY WITH OFFICIAL SURVEILLANCE
2043-06,1206318000,South Cotabato,SANTO NIÑO,0.2553330745244724,7.082937352298879,HOT_SPOT_95,1,10,68.82580945925893,HIGH,40.59498433953325,TRANSMISSION_PRESSURE_PROXY+STATISTICAL_HOTSPOT+CONNECTED_HOTSPOT_CLUSTER,DYNAMIC SPATIOTEMPORAL WATCH,SCENARIO-BASED; VERIFY WITH OFFICIAL SURVEILLANCE
2043-06,1206511000,Sultan Kudarat,TACURONG,0.7318747342455468,6.787785841686967,HOT_SPOT_99,1,10,67.3202602839437,HIGH,40.607411876646616,TRANSMISSION_PRESSURE_PROXY+STATISTICAL_HOTSPOT+CONNECTED_HOTSPOT_CLUSTER,DYNAMIC SPATIOTEMPORAL WATCH,SCENARIO-BASED; VERIFY WITH OFFICIAL SURVEILLANCE
2043-06,1206317000,South Cotabato,TUPI,0.4468692481819514,4.840015515063595,HOT_SPOT_90,1,10,58.27300789984407,MODERATE,34.097741681283594,CONNECTED_HOTSPOT_CLUSTER,DYNAMIC SPATIOTEMPORAL WATCH,SCENARIO-BASED; VERIFY WITH OFFICIAL SURVEILLANCE
2043-06,1206314000,South Cotabato,TAMPAKAN,0.11170742715264165,4.25868186463692,HOT_SPOT_95,1,10,52.51646864670217,MODERATE,31.582638281493608,STATISTICAL_HOTSPOT+CONNECTED_HOTSPOT_CLUSTER+NEIGHBOR_INFECTIOUS_PRESSURE,DYNAMIC SPATIOTEMPORAL WATCH,SCENARIO-BASED; VERIFY WITH OFFICIAL SURVEILLANCE
2043-06,1206507000,Sultan Kudarat,LUTAYAN,0.29686217909404117,3.6332551851799475,HOT_SPOT_95,1,10,52.34438946874222,MODERATE,37.983815217893245,STATISTICAL_HOTSPOT+CONNECTED_HOTSPOT_CLUSTER,DYNAMIC SPATIOTEMPORAL WATCH,SCENARIO-BASED; VERIFY WITH OFFICIAL SURVEILLANCE
2043-06,1204706000,Cotabato,MAGPET,0.12415168593596408,3.017096898092583,NOT_SIGNIFICANT,0,0,42.1755116040584,LOW,45.88119895132267,NEIGHBOR_INFECTIOUS_PRESSURE,DYNAMIC SPATIOTEMPORAL WATCH,SCENARIO-BASED; VERIFY WITH OFFICIAL SURVEILLANCE
2043-07,1206306000,South Cotabato,KORONADAL,1.6209404161192713,7.8125806797533555,HOT_SPOT_99,1,10,78.53561978423494,HIGH,50.92347012007742,TRANSMISSION_PRESSURE_PROXY+STATISTICAL_HOTSPOT+CONNECTED_HOTSPOT_CLUSTER,DYNAMIC SPATIOTEMPORAL WATCH,SCENARIO-BASED; VERIFY WITH OFFICIAL SURVEILLANCE
2043-07,1206511000,Sultan Kudarat,TACURONG,1.1031080627265062,6.801392600646553,HOT_SPOT_99,1,10,69.84629929155354,HIGH,45.881807653841136,TRANSMISSION_PRESSURE_PROXY+STATISTICAL_HOTSPOT+CONNECTED_HOTSPOT_CLUSTER,DYNAMIC SPATIOTEMPORAL WATCH,SCENARIO-BASED; VERIFY WITH OFFICIAL SURVEILLANCE
2043-07,1206314000,South Cotabato,TAMPAKAN,0.2622698876707656,4.274399405381908,HOT_SPOT_95,1,10,66.32944471014753,HIGH,36.940334865803806,TRANSMISSION_PRESSURE_PROXY+STATISTICAL_HOTSPOT+CONNECTED_HOTSPOT_CLUSTER+NEIGHBOR_INFECTIOUS_PRESSURE,DYNAMIC SPATIOTEMPORAL WATCH,SCENARIO-BASED; VERIFY WITH OFFICIAL SURVEILLANCE
2043-07,1206311000,South Cotabato,NORALA,0.18671527518934652,6.038899492456702,HOT_SPOT_99,1,10,61.538478722569245,MODERATE,38.337427853593994,STATISTICAL_HOTSPOT+CONNECTED_HOTSPOT_CLUSTER,DYNAMIC SPATIOTEMPORAL WATCH,SCENARIO-BASED; VERIFY WITH OFFICIAL SURVEILLANCE
2043-07,1206315000,South Cotabato,TANTANGAN,0.1844324699130319,6.648350513680846,HOT_SPOT_99,1,10,59.449500836125424,MODERATE,36.99543521275656,STATISTICAL_HOTSPOT+CONNECTED_HOTSPOT_CLUSTER,DYNAMIC SPATIOTEMPORAL WATCH,SCENARIO-BASED; VERIFY WITH OFFICIAL SURVEILLANCE
2043-07,1206302000,South Cotabato,BANGA,0.36448386155496626,5.574049719206771,HOT_SPOT_99,1,10,58.001567744444706,MODERATE,37.98622125351349,STATISTICAL_HOTSPOT+CONNECTED_HOTSPOT_CLUSTER,DYNAMIC SPATIOTEMPORAL WATCH,SCENARIO-BASED; VERIFY WITH OFFICIAL SURVEILLANCE
2043-07,1206318000,South Cotabato,SANTO NIÑO,0.16610051910407084,7.087052059315139,HOT_SPOT_95,1,10,55.08924958050746,MODERATE,37.19947649494423,STATISTICAL_HOTSPOT+CONNECTED_HOTSPOT_CLUSTER,DYNAMIC SPATIOTEMPORAL WATCH,SCENARIO-BASED; VERIFY WITH OFFICIAL SURVEILLANCE
2043-07,1206507000,Sultan Kudarat,LUTAYAN,0.16406900424437848,3.6369556028964434,HOT_SPOT_95,1,10,44.16937215963178,LOW,33.03042438123651,STATISTICAL_HOTSPOT+CONNECTED_HOTSPOT_CLUSTER+NEIGHBOR_INFECTIOUS_PRESSURE,DYNAMIC SPATIOTEMPORAL WATCH,SCENARIO-BASED; VERIFY WITH OFFICIAL SURVEILLANCE
2043-07,1204706000,Cotabato,MAGPET,0.09855813410452119,3.021047626124942,NOT_SIGNIFICANT,0,0,42.292956551055866,LOW,45.87549316201816,NEIGHBOR_INFECTIOUS_PRESSURE,DYNAMIC SPATIOTEMPORAL WATCH,SCENARIO-BASED; VERIFY WITH OFFICIAL SURVEILLANCE
2043-08,1206306000,South Cotabato,KORONADAL,1.3367997924095683,7.817954798851036,HOT_SPOT_99,1,10,73.45205596084833,HIGH,47.89361498492957,TRANSMISSION_PRESSURE_PROXY+STATISTICAL_HOTSPOT+CONNECTED_HOTSPOT_CLUSTER,DYNAMIC SPATIOTEMPORAL WATCH,SCENARIO-BASED; VERIFY WITH OFFICIAL SURVEILLANCE
2043-08,1206511000,Sultan Kudarat,TACURONG,0.7254141345684912,6.806981357459402,HOT_SPOT_99,1,10,64.05792878858442,MODERATE,39.80462556055064,STATISTICAL_HOTSPOT+CONNECTED_HOTSPOT_CLUSTER,DYNAMIC SPATIOTEMPORAL WATCH,SCENARIO-BASED; VERIFY WITH OFFICIAL SURVEILLANCE
2043-08,1206311000,South Cotabato,NORALA,0.21919205763884655,6.044888100474319,HOT_SPOT_99,1,10,63.340177501993686,MODERATE,38.96729343906209,STATISTICAL_HOTSPOT+CONNECTED_HOTSPOT_CLUSTER,DYNAMIC SPATIOTEMPORAL WATCH,SCENARIO-BASED; VERIFY WITH OFFICIAL SURVEILLANCE
2043-08,1206315000,South Cotabato,TANTANGAN,0.21583019730880712,6.653889100081558,HOT_SPOT_99,1,10,61.90505893089436,MODERATE,38.10810369569702,STATISTICAL_HOTSPOT+CONNECTED_HOTSPOT_CLUSTER,DYNAMIC SPATIOTEMPORAL WATCH,SCENARIO-BASED; VERIFY WITH OFFICIAL SURVEILLANCE
2043-08,1206318000,South Cotabato,SANTO NIÑO,0.1757704276829817,7.092055753937532,HOT_SPOT_95,1,10,56.865388020306405,MODERATE,37.803198668406544,STATISTICAL_HOTSPOT+CONNECTED_HOTSPOT_CLUSTER,DYNAMIC SPATIOTEMPORAL WATCH,SCENARIO-BASED; VERIFY WITH OFFICIAL SURVEILLANCE
2043-08,1206302000,South Cotabato,BANGA,0.37013995099194114,5.578992336328814,HOT_SPOT_99,1,10,55.99691408567294,MODERATE,37.5314691530364,STATISTICAL_HOTSPOT+CONNECTED_HOTSPOT_CLUSTER,DYNAMIC SPATIOTEMPORAL WATCH,SCENARIO-BASED; VERIFY WITH OFFICIAL SURVEILLANCE
2043-08,1206314000,South Cotabato,TAMPAKAN,0.11380297958159366,4.279805114418214,HOT_SPOT_95,1,10,50.19127094434237,MODERATE,30.157942092069636,STATISTICAL_HOTSPOT+CONNECTED_HOTSPOT_CLUSTER+NEIGHBOR_INFECTIOUS_PRESSURE,DYNAMIC SPATIOTEMPORAL WATCH,SCENARIO-BASED; VERIFY WITH OFFICIAL SURVEILLANCE
2043-08,1204706000,Cotabato,MAGPET,0.12373122726961401,3.0262851572718734,NOT_SIGNIFICANT,0,0,47.92430483457587,MODERATE,51.2136339572564,NEIGHBOR_INFECTIOUS_PRESSURE,DYNAMIC SPATIOTEMPORAL WATCH,SCENARIO-BASED; VERIFY WITH OFFICIAL SURVEILLANCE
2043-08,1204701000,Cotabato,ALAMADA,0.19934543877135472,2.588193748996126,NOT_SIGNIFICANT,0,0,45.86038765924163,MODERATE,54.96826868700619,NEIGHBOR_INFECTIOUS_PRESSURE,DYNAMIC SPATIOTEMPORAL WATCH,SCENARIO-BASED; VERIFY WITH OFFICIAL SURVEILLANCE
2043-08,1206507000,Sultan Kudarat,LUTAYAN,0.1723119795035017,3.6411056832110624,HOT_SPOT_95,1,10,43.738973032918956,LOW,32.68427492357629,STATISTICAL_HOTSPOT+CONNECTED_HOTSPOT_CLUSTER+NEIGHBOR_INFECTIOUS_PRESSURE,DYNAMIC SPATIOTEMPORAL WATCH,SCENARIO-BASED; VERIFY WITH OFFICIAL SURVEILLANCE
2043-08,1204712000,Cotabato,PIKIT,0.15680284816964177,2.364798100814882,NOT_SIGNIFICANT,0,0,41.59724220718806,LOW,51.317873228761464,NEIGHBOR_INFECTIOUS_PRESSURE,DYNAMIC SPATIOTEMPORAL WATCH,SCENARIO-BASED; VERIFY WITH OFFICIAL SURVEILLANCE
2043-08,1204718000,Cotabato,ARAKAN,0.09789804638586368,2.7513857737933614,NOT_SIGNIFICANT,0,0,40.489474851238306,LOW,42.6908853383169,NEIGHBOR_INFECTIOUS_PRESSURE,DYNAMIC SPATIOTEMPORAL WATCH,SCENARIO-BASED; VERIFY WITH OFFICIAL SURVEILLANCE
2043-09,1206306000,South Cotabato,KORONADAL,0.990896159301192,7.819511100622157,HOT_SPOT_99,1,10,74.03605711708052,HIGH,48.36132151863119,TRANSMISSION_PRESSURE_PROXY+STATISTICAL_HOTSPOT+CONNECTED_HOTSPOT_CLUSTER,DYNAMIC SPATIOTEMPORAL WATCH,SCENARIO-BASED; VERIFY WITH OFFICIAL SURVEILLANCE
2043-09,1206315000,South Cotabato,TANTANGAN,0.22004407063232437,6.659994785926165,HOT_SPOT_99,1,10,71.15182836891998,HIGH,44.298290508976336,TRANSMISSION_PRESSURE_PROXY+STATISTICAL_HOTSPOT+CONNECTED_HOTSPOT_CLUSTER,DYNAMIC SPATIOTEMPORAL WATCH,SCENARIO-BASED; VERIFY WITH OFFICIAL SURVEILLANCE
2043-09,1206318000,South Cotabato,SANTO NIÑO,0.23099053221312518,7.101140587428192,HOT_SPOT_95,1,10,68.50956234192701,HIGH,45.54556123496431,TRANSMISSION_PRESSURE_PROXY+STATISTICAL_HOTSPOT+CONNECTED_HOTSPOT_CLUSTER,DYNAMIC SPATIOTEMPORAL WATCH,SCENARIO-BASED; VERIFY WITH OFFICIAL SURVEILLANCE
2043-09,1206311000,South Cotabato,NORALA,0.15022621987030788,6.047246334307547,HOT_SPOT_99,1,10,63.87234957843647,MODERATE,39.11120273774869,STATISTICAL_HOTSPOT+CONNECTED_HOTSPOT_CLUSTER,DYNAMIC SPATIOTEMPORAL WATCH,SCENARIO-BASED; VERIFY WITH OFFICIAL SURVEILLANCE
2043-09,1206511000,Sultan Kudarat,TACURONG,0.4658544101476907,6.807340524203674,HOT_SPOT_99,1,10,62.80872887054946,MODERATE,39.32859044151158,STATISTICAL_HOTSPOT+CONNECTED_HOTSPOT_CLUSTER,DYNAMIC SPATIOTEMPORAL WATCH,SCENARIO-BASED; VERIFY WITH OFFICIAL SURVEILLANCE
2043-09,1206302000,South Cotabato,BANGA,0.2612016526815419,5.580949700397698,HOT_SPOT_99,1,10,56.656512667110334,MODERATE,37.881152608706856,STATISTICAL_HOTSPOT+CONNECTED_HOTSPOT_CLUSTER,DYNAMIC SPATIOTEMPORAL WATCH,SCENARIO-BASED; VERIFY WITH OFFICIAL SURVEILLANCE
2043-09,1206507000,Sultan Kudarat,LUTAYAN,0.19166158607165187,3.646250468259615,HOT_SPOT_95,1,10,55.88715033460223,MODERATE,38.676797696643334,STATISTICAL_HOTSPOT+CONNECTED_HOTSPOT_CLUSTER+NEIGHBOR_INFECTIOUS_PRESSURE,DYNAMIC SPATIOTEMPORAL WATCH,SCENARIO-BASED; VERIFY WITH OFFICIAL SURVEILLANCE
2043-09,1204718000,Cotabato,ARAKAN,0.15759634536397207,2.759243042864599,NOT_SIGNIFICANT,0,0,54.49294171907244,MODERATE,48.49849752374832,NEIGHBOR_INFECTIOUS_PRESSURE,DYNAMIC SPATIOTEMPORAL WATCH,SCENARIO-BASED; VERIFY WITH OFFICIAL SURVEILLANCE
2043-09,1204712000,Cotabato,PIKIT,0.1690804608596273,2.3707012493463817,NOT_SIGNIFICANT,0,0,51.05194906528503,MODERATE,55.79169879922501,NEIGHBOR_INFECTIOUS_PRESSURE,DYNAMIC SPATIOTEMPORAL WATCH,SCENARIO-BASED; VERIFY WITH OFFICIAL SURVEILLANCE
2043-09,1206314000,South Cotabato,TAMPAKAN,0.06242747807078018,4.281870623064928,HOT_SPOT_95,1,10,47.60452082657346,MODERATE,29.30518991007885,STATISTICAL_HOTSPOT+CONNECTED_HOTSPOT_CLUSTER+NEIGHBOR_INFECTIOUS_PRESSURE,DYNAMIC SPATIOTEMPORAL WATCH,SCENARIO-BASED; VERIFY WITH OFFICIAL SURVEILLANCE
2043-09,1204701000,Cotabato,ALAMADA,0.11395836934759766,2.591515445782853,NOT_SIGNIFICANT,0,0,41.72845015885354,LOW,51.18120500469264,NEIGHBOR_INFECTIOUS_PRESSURE,DYNAMIC SPATIOTEMPORAL WATCH,SCENARIO-BASED; VERIFY WITH OFFICIAL SURVEILLANCE
2043-10,1206311000,South Cotabato,NORALA,0.33127572012404793,6.060294336084344,HOT_SPOT_99,1,10,72.58367202674792,HIGH,44.38941450064716,TRANSMISSION_PRESSURE_PROXY+STATISTICAL_HOTSPOT+CONNECTED_HOTSPOT_CLUSTER,DYNAMIC SPATIOTEMPORAL WATCH,SCENARIO-BASED; VERIFY WITH OFFICIAL SURVEILLANCE
2043-10,1206318000,South Cotabato,SANTO NIÑO,0.44004509565034744,7.124734841854671,HOT_SPOT_95,1,10,70.20449724146754,HIGH,46.263275602094154,TRANSMISSION_PRESSURE_PROXY+STATISTICAL_HOTSPOT+CONNECTED_HOTSPOT_CLUSTER,DYNAMIC SPATIOTEMPORAL WATCH,SCENARIO-BASED; VERIFY WITH OFFICIAL SURVEILLANCE
2043-10,1206306000,South Cotabato,KORONADAL,1.6697785948686237,7.830552605435642,HOT_SPOT_99,1,10,69.19217584722612,HIGH,46.69418783827504,TRANSMISSION_PRESSURE_PROXY+STATISTICAL_HOTSPOT+CONNECTED_HOTSPOT_CLUSTER,DYNAMIC SPATIOTEMPORAL WATCH,SCENARIO-BASED; VERIFY WITH OFFICIAL SURVEILLANCE
2043-10,1206511000,Sultan Kudarat,TACURONG,0.90407837859686,6.8182335976777,HOT_SPOT_99,1,10,67.3581667944965,HIGH,41.48952497174024,TRANSMISSION_PRESSURE_PROXY+STATISTICAL_HOTSPOT+CONNECTED_HOTSPOT_CLUSTER,DYNAMIC SPATIOTEMPORAL WATCH,SCENARIO-BASED; VERIFY WITH OFFICIAL SURVEILLANCE
2043-10,1206302000,South Cotabato,BANGA,0.6264612469104284,5.594262513230166,HOT_SPOT_99,1,10,67.05364456349355,HIGH,43.98622913853613,TRANSMISSION_PRESSURE_PROXY+STATISTICAL_HOTSPOT+CONNECTED_HOTSPOT_CLUSTER,DYNAMIC SPATIOTEMPORAL WATCH,SCENARIO-BASED; VERIFY WITH OFFICIAL SURVEILLANCE
2043-10,1206315000,South Cotabato,TANTANGAN,0.23186642532878782,6.667080775665587,HOT_SPOT_99,1,10,61.47156952351085,MODERATE,38.901668570832925,STATISTICAL_HOTSPOT+CONNECTED_HOTSPOT_CLUSTER,DYNAMIC SPATIOTEMPORAL WATCH,SCENARIO-BASED; VERIFY WITH OFFICIAL SURVEILLANCE
2043-10,1206317000,South Cotabato,TUPI,0.5804727556649156,4.8673134863088245,HOT_SPOT_90,1,10,55.36424111566185,MODERATE,35.45892251334854,CONNECTED_HOTSPOT_CLUSTER,DYNAMIC SPATIOTEMPORAL WATCH,SCENARIO-BASED; VERIFY WITH OFFICIAL SURVEILLANCE
2043-10,1206507000,Sultan Kudarat,LUTAYAN,0.31390497670186834,3.6567930271196802,HOT_SPOT_95,1,10,47.228472523104934,MODERATE,35.991301860607344,STATISTICAL_HOTSPOT+CONNECTED_HOTSPOT_CLUSTER,DYNAMIC SPATIOTEMPORAL WATCH,SCENARIO-BASED; VERIFY WITH OFFICIAL SURVEILLANCE
2043-10,1204712000,Cotabato,PIKIT,0.19315058137872412,2.3775734954494325,NOT_SIGNIFICANT,0,0,44.876062572277974,LOW,52.09458889039684,NEIGHBOR_INFECTIOUS_PRESSURE,DYNAMIC SPATIOTEMPORAL WATCH,SCENARIO-BASED; VERIFY WITH OFFICIAL SURVEILLANCE
2043-10,1204718000,Cotabato,ARAKAN,0.11167355318661845,2.764396238435291,NOT_SIGNIFICANT,0,0,42.98232104044107,LOW,43.6373553915729,NEIGHBOR_INFECTIOUS_PRESSURE,DYNAMIC SPATIOTEMPORAL WATCH,SCENARIO-BASED; VERIFY WITH OFFICIAL SURVEILLANCE
2043-10,1204701000,Cotabato,ALAMADA,0.15605459280354214,2.5964594116075532,NOT_SIGNIFICANT,0,0,41.42922575090216,LOW,50.60571125588331,NEIGHBOR_INFECTIOUS_PRESSURE,DYNAMIC SPATIOTEMPORAL WATCH,SCENARIO-BASED; VERIFY WITH OFFICIAL SURVEILLANCE
2043-10,1206314000,South Cotabato,TAMPAKAN,0.10546812789524514,4.286829126612543,HOT_SPOT_95,1,10,40.91538923114846,LOW,26.22651380313301,STATISTICAL_HOTSPOT+CONNECTED_HOTSPOT_CLUSTER,DYNAMIC SPATIOTEMPORAL WATCH,SCENARIO-BASED; VERIFY WITH OFFICIAL SURVEILLANCE
2043-10,1206509000,Sultan Kudarat,PALIMBANG,0.1982375619624026,2.5077828125810426,COLD_SPOT_90,0,0,36.83290477354764,LOW,48.37022830799937,NEIGHBOR_INFECTIOUS_PRESSURE,DYNAMIC SPATIOTEMPORAL WATCH,SCENARIO-BASED; VERIFY WITH OFFICIAL SURVEILLANCE
2043-11,1206311000,South Cotabato,NORALA,0.6142442816300571,6.089768860218921,HOT_SPOT_99,1,10,76.43288003917678,HIGH,46.49584110238135,TRANSMISSION_PRESSURE_PROXY+STATISTICAL_HOTSPOT+CONNECTED_HOTSPOT_CLUSTER,DYNAMIC SPATIOTEMPORAL WATCH,SCENARIO-BASED; VERIFY WITH OFFICIAL SURVEILLANCE
2043-11,1206315000,South Cotabato,TANTANGAN,0.7121039878691089,6.7018912470689935,HOT_SPOT_99,1,10,72.22772926539793,HIGH,45.11635959266399,TRANSMISSION_PRESSURE_PROXY+STATISTICAL_HOTSPOT+CONNECTED_HOTSPOT_CLUSTER,DYNAMIC SPATIOTEMPORAL WATCH,SCENARIO-BASED; VERIFY WITH OFFICIAL SURVEILLANCE
2043-11,1206306000,South Cotabato,KORONADAL,2.5079832889927522,7.852904836763205,HOT_SPOT_99,1,10,70.65494325008001,HIGH,48.282464809089795,TRANSMISSION_PRESSURE_PROXY+STATISTICAL_HOTSPOT+CONNECTED_HOTSPOT_CLUSTER,DYNAMIC SPATIOTEMPORAL WATCH,SCENARIO-BASED; VERIFY WITH OFFICIAL SURVEILLANCE
2043-11,1206318000,South Cotabato,SANTO NIÑO,0.4776994691219424,7.151978281329681,HOT_SPOT_95,1,10,69.39699756066324,HIGH,43.222348952427176,TRANSMISSION_PRESSURE_PROXY+STATISTICAL_HOTSPOT+CONNECTED_HOTSPOT_CLUSTER,DYNAMIC SPATIOTEMPORAL WATCH,SCENARIO-BASED; VERIFY WITH OFFICIAL SURVEILLANCE
2043-11,1206511000,Sultan Kudarat,TACURONG,1.0270257150618929,6.832380576176549,HOT_SPOT_99,1,10,62.33509252255994,MODERATE,39.50459601702479,STATISTICAL_HOTSPOT+CONNECTED_HOTSPOT_CLUSTER,DYNAMIC SPATIOTEMPORAL WATCH,SCENARIO-BASED; VERIFY WITH OFFICIAL SURVEILLANCE
2043-11,1206302000,South Cotabato,BANGA,0.6940938614887384,5.609830611224015,HOT_SPOT_99,1,10,62.313600204149054,MODERATE,39.904343744155156,STATISTICAL_HOTSPOT+CONNECTED_HOTSPOT_CLUSTER,DYNAMIC SPATIOTEMPORAL WATCH,SCENARIO-BASED; VERIFY WITH OFFICIAL SURVEILLANCE
2043-11,1206507000,Sultan Kudarat,LUTAYAN,0.5068187046226915,3.6757665260593915,HOT_SPOT_95,1,10,49.90331687145756,MODERATE,36.039151968434176,STATISTICAL_HOTSPOT+CONNECTED_HOTSPOT_CLUSTER,DYNAMIC SPATIOTEMPORAL WATCH,SCENARIO-BASED; VERIFY WITH OFFICIAL SURVEILLANCE
2043-11,1204701000,Cotabato,ALAMADA,0.282278362530791,2.6064449878931355,NOT_SIGNIFICANT,0,0,44.27579143145142,LOW,52.589178429991826,NEIGHBOR_INFECTIOUS_PRESSURE,DYNAMIC SPATIOTEMPORAL WATCH,SCENARIO-BASED; VERIFY WITH OFFICIAL SURVEILLANCE
2043-11,1204718000,Cotabato,ARAKAN,0.14066406390749903,2.7711031526595824,NOT_SIGNIFICANT,0,0,38.88121736511874,LOW,42.01915942346996,NEIGHBOR_INFECTIOUS_PRESSURE,DYNAMIC SPATIOTEMPORAL WATCH,SCENARIO-BASED; VERIFY WITH OFFICIAL SURVEILLANCE
2043-11,1206314000,South Cotabato,TAMPAKAN,0.13490916432017452,4.293761496967064,HOT_SPOT_95,1,10,37.781401649358536,LOW,25.952772578580184,STATISTICAL_HOTSPOT+CONNECTED_HOTSPOT_CLUSTER,DYNAMIC SPATIOTEMPORAL WATCH,SCENARIO-BASED; VERIFY WITH OFFICIAL SURVEILLANCE
2043-11,1204712000,Cotabato,PIKIT,0.19833858996001502,2.3846181485577898,NOT_SIGNIFICANT,0,0,37.634212374102816,LOW,47.238947681090096,NEIGHBOR_INFECTIOUS_PRESSURE,DYNAMIC SPATIOTEMPORAL WATCH,SCENARIO-BASED; VERIFY WITH OFFICIAL SURVEILLANCE
2043-11,1206509000,Sultan Kudarat,PALIMBANG,0.27925720061778986,2.513710326670211,COLD_SPOT_90,0,0,34.28243963739215,LOW,48.24431729718587,NEIGHBOR_INFECTIOUS_PRESSURE,DYNAMIC SPATIOTEMPORAL WATCH,SCENARIO-BASED; VERIFY WITH OFFICIAL SURVEILLANCE
2043-12,1206306000,South Cotabato,KORONADAL,1.1379022343957028,7.859668385744509,HOT_SPOT_99,1,10,74.47433999839403,HIGH,50.2901567491261,TRANSMISSION_PRESSURE_PROXY+STATISTICAL_HOTSPOT+CONNECTED_HOTSPOT_CLUSTER,DYNAMIC SPATIOTEMPORAL WATCH,SCENARIO-BASED; VERIFY WITH OFFICIAL SURVEILLANCE
2043-12,1206511000,Sultan Kudarat,TACURONG,0.5384038134502771,6.835637680435823,HOT_SPOT_99,1,10,72.30404977958007,HIGH,45.44578674553662,TRANSMISSION_PRESSURE_PROXY+STATISTICAL_HOTSPOT+CONNECTED_HOTSPOT_CLUSTER,DYNAMIC SPATIOTEMPORAL WATCH,SCENARIO-BASED; VERIFY WITH OFFICIAL SURVEILLANCE
2043-12,1206311000,South Cotabato,NORALA,0.14585597116728694,6.093403480057818,HOT_SPOT_99,1,10,70.01064585390927,HIGH,40.88809273911934,TRANSMISSION_PRESSURE_PROXY+STATISTICAL_HOTSPOT+CONNECTED_HOTSPOT_CLUSTER+NEIGHBOR_INFECTIOUS_PRESSURE,DYNAMIC SPATIOTEMPORAL WATCH,SCENARIO-BASED; VERIFY WITH OFFICIAL SURVEILLANCE
2043-12,1206315000,South Cotabato,TANTANGAN,0.14882643468471915,6.705397622523798,HOT_SPOT_99,1,10,67.92822133312303,HIGH,40.34026744221776,TRANSMISSION_PRESSURE_PROXY+STATISTICAL_HOTSPOT+CONNECTED_HOTSPOT_CLUSTER,DYNAMIC SPATIOTEMPORAL WATCH,SCENARIO-BASED; VERIFY WITH OFFICIAL SURVEILLANCE
2043-12,1206318000,South Cotabato,SANTO NIÑO,0.15842534736207112,7.1575950362915455,HOT_SPOT_95,1,10,66.64571578904673,HIGH,40.43460666508541,TRANSMISSION_PRESSURE_PROXY+STATISTICAL_HOTSPOT+CONNECTED_HOTSPOT_CLUSTER,DYNAMIC SPATIOTEMPORAL WATCH,SCENARIO-BASED; VERIFY WITH OFFICIAL SURVEILLANCE
2043-12,1206302000,South Cotabato,BANGA,0.22440568612020184,5.612184150544911,HOT_SPOT_99,1,10,61.95975378900273,MODERATE,39.76285381180879,STATISTICAL_HOTSPOT+CONNECTED_HOTSPOT_CLUSTER+NEIGHBOR_INFECTIOUS_PRESSURE,DYNAMIC SPATIOTEMPORAL WATCH,SCENARIO-BASED; VERIFY WITH OFFICIAL SURVEILLANCE
2043-12,1206317000,South Cotabato,TUPI,0.3117073176381175,4.885487857280753,HOT_SPOT_90,1,10,55.25779616771589,MODERATE,35.283378174212615,CONNECTED_HOTSPOT_CLUSTER,DYNAMIC SPATIOTEMPORAL WATCH,SCENARIO-BASED; VERIFY WITH OFFICIAL SURVEILLANCE
2043-12,1206314000,South Cotabato,TAMPAKAN,0.05772653415636432,4.295517592445605,HOT_SPOT_95,1,10,44.09093451736308,LOW,30.214527049716295,STATISTICAL_HOTSPOT+CONNECTED_HOTSPOT_CLUSTER,DYNAMIC SPATIOTEMPORAL WATCH,SCENARIO-BASED; VERIFY WITH OFFICIAL SURVEILLANCE
2043-12,1206507000,Sultan Kudarat,LUTAYAN,0.12362803457366568,3.678585536958086,HOT_SPOT_95,1,10,43.410496923811614,LOW,31.4070958952578,STATISTICAL_HOTSPOT+CONNECTED_HOTSPOT_CLUSTER,DYNAMIC SPATIOTEMPORAL WATCH,SCENARIO-BASED; VERIFY WITH OFFICIAL SURVEILLANCE
2043-12,1204712000,Cotabato,PIKIT,0.0928930764374657,2.387221870722537,NOT_SIGNIFICANT,0,0,38.21100853961627,LOW,48.68173061411749,NEIGHBOR_INFECTIOUS_PRESSURE,DYNAMIC SPATIOTEMPORAL WATCH,SCENARIO-BASED; VERIFY WITH OFFICIAL SURVEILLANCE
2043-12,1204701000,Cotabato,ALAMADA,0.09400255290661842,2.608757119323929,NOT_SIGNIFICANT,0,0,38.11861628445995,LOW,49.3159498918833,NEIGHBOR_INFECTIOUS_PRESSURE,DYNAMIC SPATIOTEMPORAL WATCH,SCENARIO-BASED; VERIFY WITH OFFICIAL SURVEILLANCE
2044-01,1206311000,South Cotabato,NORALA,0.1185304543574092,6.094353343407006,HOT_SPOT_99,1,10,75.11841995132194,HIGH,42.12954341605333,TRANSMISSION_PRESSURE_PROXY+STATISTICAL_HOTSPOT+CONNECTED_HOTSPOT_CLUSTER+NEIGHBOR_INFECTIOUS_PRESSURE,DYNAMIC SPATIOTEMPORAL WATCH,SCENARIO-BASED; VERIFY WITH OFFICIAL SURVEILLANCE
2044-01,1206315000,South Cotabato,TANTANGAN,0.12342093360338437,6.706356556687738,HOT_SPOT_99,1,10,73.66522462907183,HIGH,41.83425500393036,TRANSMISSION_PRESSURE_PROXY+STATISTICAL_HOTSPOT+CONNECTED_HOTSPOT_CLUSTER,DYNAMIC SPATIOTEMPORAL WATCH,SCENARIO-BASED; VERIFY WITH OFFICIAL SURVEILLANCE
2044-01,1206306000,South Cotabato,KORONADAL,0.6486336848054135,7.857847892937211,HOT_SPOT_99,1,10,70.70207063035265,HIGH,46.812100119219934,TRANSMISSION_PRESSURE_PROXY+STATISTICAL_HOTSPOT+CONNECTED_HOTSPOT_CLUSTER,DYNAMIC SPATIOTEMPORAL WATCH,SCENARIO-BASED; VERIFY WITH OFFICIAL SURVEILLANCE
2044-01,1206318000,South Cotabato,SANTO NIÑO,0.10744348346397951,7.158645831635275,HOT_SPOT_95,1,10,68.16539993854802,HIGH,40.756325267251476,TRANSMISSION_PRESSURE_PROXY+STATISTICAL_HOTSPOT+CONNECTED_HOTSPOT_CLUSTER,DYNAMIC SPATIOTEMPORAL WATCH,SCENARIO-BASED; VERIFY WITH OFFICIAL SURVEILLANCE
2044-01,1206302000,South Cotabato,BANGA,0.16807393697044332,5.611781261280743,HOT_SPOT_99,1,10,62.90328925668026,MODERATE,40.36650635229684,STATISTICAL_HOTSPOT+CONNECTED_HOTSPOT_CLUSTER+NEIGHBOR_INFECTIOUS_PRESSURE,DYNAMIC SPATIOTEMPORAL WATCH,SCENARIO-BASED; VERIFY WITH OFFICIAL SURVEILLANCE
2044-01,1206511000,Sultan Kudarat,TACURONG,0.2578602642888603,6.832375230867202,HOT_SPOT_99,1,10,60.97794086426143,MODERATE,40.14013216818791,STATISTICAL_HOTSPOT+CONNECTED_HOTSPOT_CLUSTER,DYNAMIC SPATIOTEMPORAL WATCH,SCENARIO-BASED; VERIFY WITH OFFICIAL SURVEILLANCE
2044-01,1206314000,South Cotabato,TAMPAKAN,0.06741109420805483,4.297832703657726,HOT_SPOT_95,1,10,55.3939296385884,MODERATE,36.13067788507621,STATISTICAL_HOTSPOT+CONNECTED_HOTSPOT_CLUSTER+NEIGHBOR_INFECTIOUS_PRESSURE,DYNAMIC SPATIOTEMPORAL WATCH,SCENARIO-BASED; VERIFY WITH OFFICIAL SURVEILLANCE
2044-01,1204701000,Cotabato,ALAMADA,0.09773844446436422,2.6113006158967123,NOT_SIGNIFICANT,0,0,47.65046298425196,MODERATE,55.73039301443394,NEIGHBOR_INFECTIOUS_PRESSURE,DYNAMIC SPATIOTEMPORAL WATCH,SCENARIO-BASED; VERIFY WITH OFFICIAL SURVEILLANCE
2044-01,1206507000,Sultan Kudarat,LUTAYAN,0.08313545696303032,3.679193419824116,HOT_SPOT_95,1,10,41.4167531797685,LOW,30.65797744179315,STATISTICAL_HOTSPOT+CONNECTED_HOTSPOT_CLUSTER,DYNAMIC SPATIOTEMPORAL WATCH,SCENARIO-BASED; VERIFY WITH OFFICIAL SURVEILLANCE
2044-01,1204712000,Cotabato,PIKIT,0.07009580208784512,2.388814367929383,NOT_SIGNIFICANT,0,0,40.35525136875751,LOW,51.18497265481814,NEIGHBOR_INFECTIOUS_PRESSURE,DYNAMIC SPATIOTEMPORAL WATCH,SCENARIO-BASED; VERIFY WITH OFFICIAL SURVEILLANCE
2044-01,1206509000,Sultan Kudarat,PALIMBANG,0.09744325851042203,2.517445912000978,COLD_SPOT_90,0,0,38.79047765284298,LOW,52.10229845824989,NEIGHBOR_INFECTIOUS_PRESSURE,DYNAMIC SPATIOTEMPORAL WATCH,SCENARIO-BASED; VERIFY WITH OFFICIAL SURVEILLANCE
2044-02,1206315000,South Cotabato,TANTANGAN,0.6357568960824523,6.735328181092999,HOT_SPOT_99,1,10,77.40173965348728,HIGH,45.987867305954865,TRANSMISSION_PRESSURE_PROXY+STATISTICAL_HOTSPOT+CONNECTED_HOTSPOT_CLUSTER,DYNAMIC SPATIOTEMPORAL WATCH,SCENARIO-BASED; VERIFY WITH OFFICIAL SURVEILLANCE
2044-02,1206302000,South Cotabato,BANGA,0.978451260697464,5.634744644686886,HOT_SPOT_99,1,10,71.76308688053659,HIGH,46.006426529576274,TRANSMISSION_PRESSURE_PROXY+STATISTICAL_HOTSPOT+CONNECTED_HOTSPOT_CLUSTER,DYNAMIC SPATIOTEMPORAL WATCH,SCENARIO-BASED; VERIFY WITH OFFICIAL SURVEILLANCE
2044-02,1206511000,Sultan Kudarat,TACURONG,1.1872504834471262,6.848860819294361,HOT_SPOT_99,1,10,69.94030334745426,HIGH,44.50653302446012,TRANSMISSION_PRESSURE_PROXY+STATISTICAL_HOTSPOT+CONNECTED_HOTSPOT_CLUSTER,DYNAMIC SPATIOTEMPORAL WATCH,SCENARIO-BASED; VERIFY WITH OFFICIAL SURVEILLANCE
2044-02,1206306000,South Cotabato,KORONADAL,2.002125112184101,7.872450921535234,HOT_SPOT_99,1,10,69.5828328504348,HIGH,46.35658108118104,TRANSMISSION_PRESSURE_PROXY+STATISTICAL_HOTSPOT+CONNECTED_HOTSPOT_CLUSTER,DYNAMIC SPATIOTEMPORAL WATCH,SCENARIO-BASED; VERIFY WITH OFFICIAL SURVEILLANCE
2044-02,1206311000,South Cotabato,NORALA,0.2927944952051496,6.104675115345942,HOT_SPOT_99,1,10,65.22601768675575,HIGH,38.61254204402107,TRANSMISSION_PRESSURE_PROXY+STATISTICAL_HOTSPOT+CONNECTED_HOTSPOT_CLUSTER,DYNAMIC SPATIOTEMPORAL WATCH,SCENARIO-BASED; VERIFY WITH OFFICIAL SURVEILLANCE
2044-02,1206318000,South Cotabato,SANTO NIÑO,0.2879258575734227,7.171258388929216,HOT_SPOT_95,1,10,61.94625148243509,MODERATE,39.64041888118897,STATISTICAL_HOTSPOT+CONNECTED_HOTSPOT_CLUSTER,DYNAMIC SPATIOTEMPORAL WATCH,SCENARIO-BASED; VERIFY WITH OFFICIAL SURVEILLANCE
2044-02,1206314000,South Cotabato,TAMPAKAN,0.16405809031930646,4.306381095754411,HOT_SPOT_95,1,10,44.62937007229656,LOW,29.869097698269556,STATISTICAL_HOTSPOT+CONNECTED_HOTSPOT_CLUSTER,DYNAMIC SPATIOTEMPORAL WATCH,SCENARIO-BASED; VERIFY WITH OFFICIAL SURVEILLANCE
2044-02,1204711000,Cotabato,PIGKAWAYAN,0.17407117343088258,3.771060364770781,NOT_SIGNIFICANT,0,0,44.26120058846898,LOW,48.85557233894141,NEIGHBOR_INFECTIOUS_PRESSURE,DYNAMIC SPATIOTEMPORAL WATCH,SCENARIO-BASED; VERIFY WITH OFFICIAL SURVEILLANCE
2044-02,1204712000,Cotabato,PIKIT,0.1753405717651357,2.3946440946619103,NOT_SIGNIFICANT,0,0,39.99304598231752,LOW,50.06844797784191,NEIGHBOR_INFECTIOUS_PRESSURE,DYNAMIC SPATIOTEMPORAL WATCH,SCENARIO-BASED; VERIFY WITH OFFICIAL SURVEILLANCE
2044-02,1206507000,Sultan Kudarat,LUTAYAN,0.22902434509452074,3.6857318188319836,HOT_SPOT_95,1,10,39.98871103984293,LOW,29.956599610226313,STATISTICAL_HOTSPOT+CONNECTED_HOTSPOT_CLUSTER,DYNAMIC SPATIOTEMPORAL WATCH,SCENARIO-BASED; VERIFY WITH OFFICIAL SURVEILLANCE
2044-02,1204701000,Cotabato,ALAMADA,0.17541893301983053,2.6167597382064396,NOT_SIGNIFICANT,0,0,39.054033005089664,LOW,48.712561439959636,NEIGHBOR_INFECTIOUS_PRESSURE,DYNAMIC SPATIOTEMPORAL WATCH,SCENARIO-BASED; VERIFY WITH OFFICIAL SURVEILLANCE
2044-02,1206509000,Sultan Kudarat,PALIMBANG,0.1978298234395776,2.52359072530802,COLD_SPOT_90,0,0,35.02338579180639,LOW,47.55203124928544,NEIGHBOR_INFECTIOUS_PRESSURE,DYNAMIC SPATIOTEMPORAL WATCH,SCENARIO-BASED; VERIFY WITH OFFICIAL SURVEILLANCE
2044-03,1206311000,South Cotabato,NORALA,0.7364290218206464,6.139128784535099,HOT_SPOT_99,1,10,75.24331607177736,HIGH,45.964321673942926,TRANSMISSION_PRESSURE_PROXY+STATISTICAL_HOTSPOT+CONNECTED_HOTSPOT_CLUSTER,DYNAMIC SPATIOTEMPORAL WATCH,SCENARIO-BASED; VERIFY WITH OFFICIAL SURVEILLANCE
2044-03,1206306000,South Cotabato,KORONADAL,3.222845864651664,7.901535445064717,HOT_SPOT_99,1,10,73.96582119435759,HIGH,51.10137110170564,TRANSMISSION_PRESSURE_PROXY+STATISTICAL_HOTSPOT+CONNECTED_HOTSPOT_CLUSTER,DYNAMIC SPATIOTEMPORAL WATCH,SCENARIO-BASED; VERIFY WITH OFFICIAL SURVEILLANCE
2044-03,1206315000,South Cotabato,TANTANGAN,0.4954127075888104,6.757109134248379,HOT_SPOT_99,1,10,73.3190505559574,HIGH,41.487549416101125,TRANSMISSION_PRESSURE_PROXY+STATISTICAL_HOTSPOT+CONNECTED_HOTSPOT_CLUSTER,DYNAMIC SPATIOTEMPORAL WATCH,SCENARIO-BASED; VERIFY WITH OFFICIAL SURVEILLANCE
2044-03,1206511000,Sultan Kudarat,TACURONG,1.502827415137243,6.87158352431657,HOT_SPOT_99,1,10,72.86345732665256,HIGH,45.50753546238701,TRANSMISSION_PRESSURE_PROXY+STATISTICAL_HOTSPOT+CONNECTED_HOTSPOT_CLUSTER,DYNAMIC SPATIOTEMPORAL WATCH,SCENARIO-BASED; VERIFY WITH OFFICIAL SURVEILLANCE
2044-03,1206318000,South Cotabato,SANTO NIÑO,0.7043876698045667,7.2108303314875135,HOT_SPOT_95,1,10,70.6963673912907,HIGH,46.555976338212666,TRANSMISSION_PRESSURE_PROXY+STATISTICAL_HOTSPOT+CONNECTED_HOTSPOT_CLUSTER,DYNAMIC SPATIOTEMPORAL WATCH,SCENARIO-BASED; VERIFY WITH OFFICIAL SURVEILLANCE
2044-03,1206302000,South Cotabato,BANGA,0.9453208183959588,5.6573449296550455,HOT_SPOT_99,1,10,68.90346319670863,HIGH,42.25462028211863,TRANSMISSION_PRESSURE_PROXY+STATISTICAL_HOTSPOT+CONNECTED_HOTSPOT_CLUSTER,DYNAMIC SPATIOTEMPORAL WATCH,SCENARIO-BASED; VERIFY WITH OFFICIAL SURVEILLANCE
2044-03,1204711000,Cotabato,PIGKAWAYAN,0.3627484489747514,3.78711754857522,NOT_SIGNIFICANT,0,0,58.362321804052144,MODERATE,58.29599748861196,NONE,DYNAMIC SPATIOTEMPORAL WATCH,SCENARIO-BASED; VERIFY WITH OFFICIAL SURVEILLANCE
2044-03,1206314000,South Cotabato,TAMPAKAN,0.38244299108208174,4.3292216848946286,HOT_SPOT_95,1,10,54.690199980603204,MODERATE,33.734412455960474,STATISTICAL_HOTSPOT+CONNECTED_HOTSPOT_CLUSTER,DYNAMIC SPATIOTEMPORAL WATCH,SCENARIO-BASED; VERIFY WITH OFFICIAL SURVEILLANCE
2044-03,1206507000,Sultan Kudarat,LUTAYAN,0.3863825748951412,3.6986739709407472,HOT_SPOT_95,1,10,49.77440600309823,MODERATE,38.14679871566416,STATISTICAL_HOTSPOT+CONNECTED_HOTSPOT_CLUSTER,DYNAMIC SPATIOTEMPORAL WATCH,SCENARIO-BASED; VERIFY WITH OFFICIAL SURVEILLANCE
2044-03,1204701000,Cotabato,ALAMADA,0.2369236812950037,2.6245733536885134,NOT_SIGNIFICANT,0,0,41.47164489571595,LOW,51.45701825454951,NEIGHBOR_INFECTIOUS_PRESSURE,DYNAMIC SPATIOTEMPORAL WATCH,SCENARIO-BASED; VERIFY WITH OFFICIAL SURVEILLANCE
2044-03,1204712000,Cotabato,PIKIT,0.2090280214659284,2.4018149421479995,NOT_SIGNIFICANT,0,0,40.360741654125235,LOW,50.281779160075764,NEIGHBOR_INFECTIOUS_PRESSURE,DYNAMIC SPATIOTEMPORAL WATCH,SCENARIO-BASED; VERIFY WITH OFFICIAL SURVEILLANCE
2044-03,1206509000,Sultan Kudarat,PALIMBANG,0.3212812077656735,2.5306396504403126,COLD_SPOT_90,0,0,40.20622814009731,LOW,52.7620994714377,NEIGHBOR_INFECTIOUS_PRESSURE,DYNAMIC SPATIOTEMPORAL WATCH,SCENARIO-BASED; VERIFY WITH OFFICIAL SURVEILLANCE
2044-04,1206315000,South Cotabato,TANTANGAN,0.4721225588688523,6.777418615726166,HOT_SPOT_99,1,10,80.54385310129064,CRITICAL,45.22024707956611,TRANSMISSION_PRESSURE_PROXY+STATISTICAL_HOTSPOT+CONNECTED_HOTSPOT_CLUSTER+NEIGHBOR_INFECTIOUS_PRESSURE,DYNAMIC SPATIOTEMPORAL WATCH,SCENARIO-BASED; VERIFY WITH OFFICIAL SURVEILLANCE
2044-04,1206511000,Sultan Kudarat,TACURONG,1.3441721413721597,6.892439495545176,HOT_SPOT_99,1,10,77.17497615007275,HIGH,46.91374367589434,TRANSMISSION_PRESSURE_PROXY+STATISTICAL_HOTSPOT+CONNECTED_HOTSPOT_CLUSTER,DYNAMIC SPATIOTEMPORAL WATCH,SCENARIO-BASED; VERIFY WITH OFFICIAL SURVEILLANCE
2044-04,1206302000,South Cotabato,BANGA,0.8616241155977671,5.677336286743725,HOT_SPOT_99,1,10,76.08375845947761,HIGH,44.961708045653765,TRANSMISSION_PRESSURE_PROXY+STATISTICAL_HOTSPOT+CONNECTED_HOTSPOT_CLUSTER+NEIGHBOR_INFECTIOUS_PRESSURE,DYNAMIC SPATIOTEMPORAL WATCH,SCENARIO-BASED; VERIFY WITH OFFICIAL SURVEILLANCE
2044-04,1206306000,South Cotabato,KORONADAL,2.787364122984111,7.926812767197737,HOT_SPOT_99,1,10,74.99130720077984,HIGH,50.32720527832066,TRANSMISSION_PRESSURE_PROXY+STATISTICAL_HOTSPOT+CONNECTED_HOTSPOT_CLUSTER,DYNAMIC SPATIOTEMPORAL WATCH,SCENARIO-BASED; VERIFY WITH OFFICIAL SURVEILLANCE
2044-04,1206311000,South Cotabato,NORALA,0.35717739374720553,6.153374400646963,HOT_SPOT_99,1,10,72.96770692657797,HIGH,41.862412243809686,TRANSMISSION_PRESSURE_PROXY+STATISTICAL_HOTSPOT+CONNECTED_HOTSPOT_CLUSTER+NEIGHBOR_INFECTIOUS_PRESSURE,DYNAMIC SPATIOTEMPORAL WATCH,SCENARIO-BASED; VERIFY WITH OFFICIAL SURVEILLANCE
2044-04,1206318000,South Cotabato,SANTO NIÑO,0.3664004793353328,7.228864161964234,HOT_SPOT_95,1,10,71.25366427257582,HIGH,42.927917249003926,TRANSMISSION_PRESSURE_PROXY+STATISTICAL_HOTSPOT+CONNECTED_HOTSPOT_CLUSTER,DYNAMIC SPATIOTEMPORAL WATCH,SCENARIO-BASED; VERIFY WITH OFFICIAL SURVEILLANCE
2044-04,1206314000,South Cotabato,TAMPAKAN,0.5822458549649628,4.365045273248901,HOT_SPOT_95,1,10,62.87633424131972,MODERATE,37.3931380190543,STATISTICAL_HOTSPOT+CONNECTED_HOTSPOT_CLUSTER,DYNAMIC SPATIOTEMPORAL WATCH,SCENARIO-BASED; VERIFY WITH OFFICIAL SURVEILLANCE
2044-04,1204701000,Cotabato,ALAMADA,0.41913104182388117,2.639483052390263,NOT_SIGNIFICANT,0,0,49.3673938891926,MODERATE,55.70813202361566,NEIGHBOR_INFECTIOUS_PRESSURE,DYNAMIC SPATIOTEMPORAL WATCH,SCENARIO-BASED; VERIFY WITH OFFICIAL SURVEILLANCE
2044-04,1206507000,Sultan Kudarat,LUTAYAN,0.25204878501289457,3.705875594829615,HOT_SPOT_95,1,10,43.595342579535966,LOW,32.793206432923704,STATISTICAL_HOTSPOT+CONNECTED_HOTSPOT_CLUSTER+NEIGHBOR_INFECTIOUS_PRESSURE,DYNAMIC SPATIOTEMPORAL WATCH,SCENARIO-BASED; VERIFY WITH OFFICIAL SURVEILLANCE
2044-04,1204712000,Cotabato,PIKIT,0.1934049691008282,2.4083369799851235,NOT_SIGNIFICANT,0,0,38.04955278649399,LOW,49.77825440752716,NEIGHBOR_INFECTIOUS_PRESSURE,DYNAMIC SPATIOTEMPORAL WATCH,SCENARIO-BASED; VERIFY WITH OFFICIAL SURVEILLANCE
2044-05,1206315000,South Cotabato,TANTANGAN,0.2521329534823304,6.7854921569402675,HOT_SPOT_99,1,10,82.24043913662356,CRITICAL,46.7070207902193,TRANSMISSION_PRESSURE_PROXY+STATISTICAL_HOTSPOT+CONNECTED_HOTSPOT_CLUSTER+NEIGHBOR_INFECTIOUS_PRESSURE,DYNAMIC SPATIOTEMPORAL WATCH,SCENARIO-BASED; VERIFY WITH OFFICIAL SURVEILLANCE
2044-05,1206318000,South Cotabato,SANTO NIÑO,0.19156222951042196,7.235394792428231,HOT_SPOT_95,1,10,74.2947274400113,HIGH,44.41391809245066,TRANSMISSION_PRESSURE_PROXY+STATISTICAL_HOTSPOT+CONNECTED_HOTSPOT_CLUSTER,DYNAMIC SPATIOTEMPORAL WATCH,SCENARIO-BASED; VERIFY WITH OFFICIAL SURVEILLANCE
2044-05,1206306000,South Cotabato,KORONADAL,1.0147021175429998,7.928655998308393,HOT_SPOT_99,1,10,72.83354583049204,HIGH,46.92741964259899,TRANSMISSION_PRESSURE_PROXY+STATISTICAL_HOTSPOT+CONNECTED_HOTSPOT_CLUSTER,DYNAMIC SPATIOTEMPORAL WATCH,SCENARIO-BASED; VERIFY WITH OFFICIAL SURVEILLANCE
2044-05,1206511000,Sultan Kudarat,TACURONG,0.5069713169858111,6.892598034135531,HOT_SPOT_99,1,10,71.8044117437978,HIGH,43.394114404185615,TRANSMISSION_PRESSURE_PROXY+STATISTICAL_HOTSPOT+CONNECTED_HOTSPOT_CLUSTER,DYNAMIC SPATIOTEMPORAL WATCH,SCENARIO-BASED; VERIFY WITH OFFICIAL SURVEILLANCE
2044-05,1206311000,South Cotabato,NORALA,0.1617833600173972,6.155626687447025,HOT_SPOT_99,1,10,70.69197505273512,HIGH,40.881634305905024,TRANSMISSION_PRESSURE_PROXY+STATISTICAL_HOTSPOT+CONNECTED_HOTSPOT_CLUSTER+NEIGHBOR_INFECTIOUS_PRESSURE,DYNAMIC SPATIOTEMPORAL WATCH,SCENARIO-BASED; VERIFY WITH OFFICIAL SURVEILLANCE
2044-05,1206302000,South Cotabato,BANGA,0.29466530394691126,5.680731369149533,HOT_SPOT_99,1,10,68.79048161473112,HIGH,41.94511894764617,TRANSMISSION_PRESSURE_PROXY+STATISTICAL_HOTSPOT+CONNECTED_HOTSPOT_CLUSTER+NEIGHBOR_INFECTIOUS_PRESSURE,DYNAMIC SPATIOTEMPORAL WATCH,SCENARIO-BASED; VERIFY WITH OFFICIAL SURVEILLANCE
2044-05,1206314000,South Cotabato,TAMPAKAN,0.0945663137569013,4.368838884548342,HOT_SPOT_95,1,10,53.38009354150508,MODERATE,32.06490363526812,STATISTICAL_HOTSPOT+CONNECTED_HOTSPOT_CLUSTER+NEIGHBOR_INFECTIOUS_PRESSURE,DYNAMIC SPATIOTEMPORAL WATCH,SCENARIO-BASED; VERIFY WITH OFFICIAL SURVEILLANCE
2044-05,1206507000,Sultan Kudarat,LUTAYAN,0.14063408937971233,3.7083751997169467,HOT_SPOT_95,1,10,46.373240199786856,MODERATE,35.13398001853981,STATISTICAL_HOTSPOT+CONNECTED_HOTSPOT_CLUSTER+NEIGHBOR_INFECTIOUS_PRESSURE,DYNAMIC SPATIOTEMPORAL WATCH,SCENARIO-BASED; VERIFY WITH OFFICIAL SURVEILLANCE
2044-06,1206311000,South Cotabato,NORALA,0.28889869931733614,6.164791750890056,HOT_SPOT_99,1,10,75.21203758344622,HIGH,41.61594728962135,TRANSMISSION_PRESSURE_PROXY+STATISTICAL_HOTSPOT+CONNECTED_HOTSPOT_CLUSTER+NEIGHBOR_INFECTIOUS_PRESSURE,DYNAMIC SPATIOTEMPORAL WATCH,SCENARIO-BASED; VERIFY WITH OFFICIAL SURVEILLANCE
2044-06,1206306000,South Cotabato,KORONADAL,1.765153104310238,7.93844385593622,HOT_SPOT_99,1,10,72.907198545886,HIGH,47.37690383254388,TRANSMISSION_PRESSURE_PROXY+STATISTICAL_HOTSPOT+CONNECTED_HOTSPOT_CLUSTER,DYNAMIC SPATIOTEMPORAL WATCH,SCENARIO-BASED; VERIFY WITH OFFICIAL SURVEILLANCE
2044-06,1206315000,South Cotabato,TANTANGAN,0.28025441230353737,6.7939076656073105,HOT_SPOT_99,1,10,72.78472695292923,HIGH,41.26077603907884,TRANSMISSION_PRESSURE_PROXY+STATISTICAL_HOTSPOT+CONNECTED_HOTSPOT_CLUSTER,DYNAMIC SPATIOTEMPORAL WATCH,SCENARIO-BASED; VERIFY WITH OFFICIAL SURVEILLANCE
2044-06,1206302000,South Cotabato,BANGA,0.5130734023033483,5.689236672401427,HOT_SPOT_99,1,10,70.11358168054029,HIGH,41.82782876399298,TRANSMISSION_PRESSURE_PROXY+STATISTICAL_HOTSPOT+CONNECTED_HOTSPOT_CLUSTER+NEIGHBOR_INFECTIOUS_PRESSURE,DYNAMIC SPATIOTEMPORAL WATCH,SCENARIO-BASED; VERIFY WITH OFFICIAL SURVEILLANCE
2044-06,1206318000,South Cotabato,SANTO NIÑO,0.2625209389360162,7.24540636323529,HOT_SPOT_95,1,10,69.00160598072591,HIGH,40.787498905720014,TRANSMISSION_PRESSURE_PROXY+STATISTICAL_HOTSPOT+CONNECTED_HOTSPOT_CLUSTER,DYNAMIC SPATIOTEMPORAL WATCH,SCENARIO-BASED; VERIFY WITH OFFICIAL SURVEILLANCE
2044-06,1206511000,Sultan Kudarat,TACURONG,0.7475652977780431,6.897855353889704,HOT_SPOT_99,1,10,67.43070018407244,HIGH,40.729080196920826,TRANSMISSION_PRESSURE_PROXY+STATISTICAL_HOTSPOT+CONNECTED_HOTSPOT_CLUSTER,DYNAMIC SPATIOTEMPORAL WATCH,SCENARIO-BASED; VERIFY WITH OFFICIAL SURVEILLANCE
2044-06,1206317000,South Cotabato,TUPI,0.45943410668663376,4.943313489935495,HOT_SPOT_90,1,10,58.29939519822369,MODERATE,34.159742173148445,CONNECTED_HOTSPOT_CLUSTER,DYNAMIC SPATIOTEMPORAL WATCH,SCENARIO-BASED; VERIFY WITH OFFICIAL SURVEILLANCE
2044-06,1206314000,South Cotabato,TAMPAKAN,0.11546306509278195,4.3740592488396075,HOT_SPOT_95,1,10,52.76940044952945,MODERATE,31.826331094248115,STATISTICAL_HOTSPOT+CONNECTED_HOTSPOT_CLUSTER+NEIGHBOR_INFECTIOUS_PRESSURE,DYNAMIC SPATIOTEMPORAL WATCH,SCENARIO-BASED; VERIFY WITH OFFICIAL SURVEILLANCE
2044-06,1206507000,Sultan Kudarat,LUTAYAN,0.30575740949000046,3.7176853662154965,HOT_SPOT_95,1,10,52.38530585223853,MODERATE,38.094401096998375,STATISTICAL_HOTSPOT+CONNECTED_HOTSPOT_CLUSTER,DYNAMIC SPATIOTEMPORAL WATCH,SCENARIO-BASED; VERIFY WITH OFFICIAL SURVEILLANCE
2044-06,1204706000,Cotabato,MAGPET,0.128507930624035,3.102002916281044,NOT_SIGNIFICANT,0,0,42.31243100707684,LOW,46.0340883330161,NEIGHBOR_INFECTIOUS_PRESSURE,DYNAMIC SPATIOTEMPORAL WATCH,SCENARIO-BASED; VERIFY WITH OFFICIAL SURVEILLANCE
2044-07,1206306000,South Cotabato,KORONADAL,1.6595183376501217,7.947071295566418,HOT_SPOT_99,1,10,78.65587157210582,HIGH,51.06599950200595,TRANSMISSION_PRESSURE_PROXY+STATISTICAL_HOTSPOT+CONNECTED_HOTSPOT_CLUSTER,DYNAMIC SPATIOTEMPORAL WATCH,SCENARIO-BASED; VERIFY WITH OFFICIAL SURVEILLANCE
2044-07,1206511000,Sultan Kudarat,TACURONG,1.1312863487276374,6.911501464712337,HOT_SPOT_99,1,10,69.96080284060211,HIGH,46.01847142412342,TRANSMISSION_PRESSURE_PROXY+STATISTICAL_HOTSPOT+CONNECTED_HOTSPOT_CLUSTER,DYNAMIC SPATIOTEMPORAL WATCH,SCENARIO-BASED; VERIFY WITH OFFICIAL SURVEILLANCE
2044-07,1206314000,South Cotabato,TAMPAKAN,0.27103825375946505,4.389512269418618,HOT_SPOT_95,1,10,66.49214602291946,HIGH,37.1428117244742,TRANSMISSION_PRESSURE_PROXY+STATISTICAL_HOTSPOT+CONNECTED_HOTSPOT_CLUSTER+NEIGHBOR_INFECTIOUS_PRESSURE,DYNAMIC SPATIOTEMPORAL WATCH,SCENARIO-BASED; VERIFY WITH OFFICIAL SURVEILLANCE
2044-07,1206311000,South Cotabato,NORALA,0.19127621632527567,6.168675385073599,HOT_SPOT_99,1,10,61.47343199233345,MODERATE,38.37077206622933,STATISTICAL_HOTSPOT+CONNECTED_HOTSPOT_CLUSTER,DYNAMIC SPATIOTEMPORAL WATCH,SCENARIO-BASED; VERIFY WITH OFFICIAL SURVEILLANCE
2044-07,1206315000,South Cotabato,TANTANGAN,0.18898782713154486,6.797394083249364,HOT_SPOT_99,1,10,59.464409956733974,MODERATE,37.0853679412642,STATISTICAL_HOTSPOT+CONNECTED_HOTSPOT_CLUSTER,DYNAMIC SPATIOTEMPORAL WATCH,SCENARIO-BASED; VERIFY WITH OFFICIAL SURVEILLANCE
2044-07,1206302000,South Cotabato,BANGA,0.37357163609447414,5.693773092254279,HOT_SPOT_99,1,10,57.975246529099444,MODERATE,38.05272063460915,STATISTICAL_HOTSPOT+CONNECTED_HOTSPOT_CLUSTER,DYNAMIC SPATIOTEMPORAL WATCH,SCENARIO-BASED; VERIFY WITH OFFICIAL SURVEILLANCE
2044-07,1206318000,South Cotabato,SANTO NIÑO,0.17035553042815008,7.2494886522319275,HOT_SPOT_95,1,10,55.295961563183894,MODERATE,37.392388061788715,STATISTICAL_HOTSPOT+CONNECTED_HOTSPOT_CLUSTER,DYNAMIC SPATIOTEMPORAL WATCH,SCENARIO-BASED; VERIFY WITH OFFICIAL SURVEILLANCE
2044-07,1206507000,Sultan Kudarat,LUTAYAN,0.16858657440905556,3.7213294748461436,HOT_SPOT_95,1,10,44.16966757877135,LOW,33.123066694627454,STATISTICAL_HOTSPOT+CONNECTED_HOTSPOT_CLUSTER+NEIGHBOR_INFECTIOUS_PRESSURE,DYNAMIC SPATIOTEMPORAL WATCH,SCENARIO-BASED; VERIFY WITH OFFICIAL SURVEILLANCE
2044-07,1204706000,Cotabato,MAGPET,0.1020742383986051,3.1058166085824013,NOT_SIGNIFICANT,0,0,42.425783011786734,LOW,46.02570008048878,NEIGHBOR_INFECTIOUS_PRESSURE,DYNAMIC SPATIOTEMPORAL WATCH,SCENARIO-BASED; VERIFY WITH OFFICIAL SURVEILLANCE
2044-08,1206306000,South Cotabato,KORONADAL,1.3668766846808824,7.952572662881608,HOT_SPOT_99,1,10,73.59270597191991,HIGH,48.05388022458043,TRANSMISSION_PRESSURE_PROXY+STATISTICAL_HOTSPOT+CONNECTED_HOTSPOT_CLUSTER,DYNAMIC SPATIOTEMPORAL WATCH,SCENARIO-BASED; VERIFY WITH OFFICIAL SURVEILLANCE
2044-08,1206511000,Sultan Kudarat,TACURONG,0.7415669015696309,6.917213744976996,HOT_SPOT_99,1,10,64.15765922211818,MODERATE,39.931035147215994,STATISTICAL_HOTSPOT+CONNECTED_HOTSPOT_CLUSTER,DYNAMIC SPATIOTEMPORAL WATCH,SCENARIO-BASED; VERIFY WITH OFFICIAL SURVEILLANCE
2044-08,1206311000,South Cotabato,NORALA,0.2249259495836104,6.174632996581367,HOT_SPOT_99,1,10,63.30496736432638,MODERATE,39.0307610667777,STATISTICAL_HOTSPOT+CONNECTED_HOTSPOT_CLUSTER,DYNAMIC SPATIOTEMPORAL WATCH,SCENARIO-BASED; VERIFY WITH OFFICIAL SURVEILLANCE
2044-08,1206315000,South Cotabato,TANTANGAN,0.22151820123732124,6.8028918455363945,HOT_SPOT_99,1,10,61.90534628755178,MODERATE,38.196353643969836,STATISTICAL_HOTSPOT+CONNECTED_HOTSPOT_CLUSTER,DYNAMIC SPATIOTEMPORAL WATCH,SCENARIO-BASED; VERIFY WITH OFFICIAL SURVEILLANCE
2044-08,1206318000,South Cotabato,SANTO NIÑO,0.18041780403500704,7.254446093831974,HOT_SPOT_95,1,10,57.04382636239623,MODERATE,37.985814245270696,STATISTICAL_HOTSPOT+CONNECTED_HOTSPOT_CLUSTER,DYNAMIC SPATIOTEMPORAL WATCH,SCENARIO-BASED; VERIFY WITH OFFICIAL SURVEILLANCE
2044-08,1206302000,South Cotabato,BANGA,0.37958948757116384,5.698698890008903,HOT_SPOT_99,1,10,55.97273143865178,MODERATE,37.60606148972747,STATISTICAL_HOTSPOT+CONNECTED_HOTSPOT_CLUSTER,DYNAMIC SPATIOTEMPORAL WATCH,SCENARIO-BASED; VERIFY WITH OFFICIAL SURVEILLANCE
2044-08,1206314000,South Cotabato,TAMPAKAN,0.11756892025402021,4.394780148985468,HOT_SPOT_95,1,10,50.30899427623772,MODERATE,30.333082050700625,STATISTICAL_HOTSPOT+CONNECTED_HOTSPOT_CLUSTER+NEIGHBOR_INFECTIOUS_PRESSURE,DYNAMIC SPATIOTEMPORAL WATCH,SCENARIO-BASED; VERIFY WITH OFFICIAL SURVEILLANCE
2044-08,1204706000,Cotabato,MAGPET,0.12805224884788596,3.1109090285049237,NOT_SIGNIFICANT,0,0,48.02855377656262,MODERATE,51.350340150363216,NEIGHBOR_INFECTIOUS_PRESSURE,DYNAMIC SPATIOTEMPORAL WATCH,SCENARIO-BASED; VERIFY WITH OFFICIAL SURVEILLANCE
2044-08,1204701000,Cotabato,ALAMADA,0.20604567926604764,2.658257300728138,NOT_SIGNIFICANT,0,0,45.78689056861126,MODERATE,54.98260330704487,NEIGHBOR_INFECTIOUS_PRESSURE,DYNAMIC SPATIOTEMPORAL WATCH,SCENARIO-BASED; VERIFY WITH OFFICIAL SURVEILLANCE
2044-08,1206507000,Sultan Kudarat,LUTAYAN,0.17714896889795567,3.7254181016674277,HOT_SPOT_95,1,10,43.767036444161754,LOW,32.78997464237691,STATISTICAL_HOTSPOT+CONNECTED_HOTSPOT_CLUSTER+NEIGHBOR_INFECTIOUS_PRESSURE,DYNAMIC SPATIOTEMPORAL WATCH,SCENARIO-BASED; VERIFY WITH OFFICIAL SURVEILLANCE
2044-08,1204718000,Cotabato,ARAKAN,0.10121973389739539,2.829614383930227,NOT_SIGNIFICANT,0,0,40.78117283674153,LOW,42.89085732025092,NEIGHBOR_INFECTIOUS_PRESSURE,DYNAMIC SPATIOTEMPORAL WATCH,SCENARIO-BASED; VERIFY WITH OFFICIAL SURVEILLANCE
2044-09,1206306000,South Cotabato,KORONADAL,1.0105946067310816,7.954284925044441,HOT_SPOT_99,1,10,74.1637126817338,HIGH,48.50417765720847,TRANSMISSION_PRESSURE_PROXY+STATISTICAL_HOTSPOT+CONNECTED_HOTSPOT_CLUSTER,DYNAMIC SPATIOTEMPORAL WATCH,SCENARIO-BASED; VERIFY WITH OFFICIAL SURVEILLANCE
2044-09,1206315000,South Cotabato,TANTANGAN,0.22599727698311098,6.808944865824986,HOT_SPOT_99,1,10,71.16800752016972,HIGH,44.40672084069799,TRANSMISSION_PRESSURE_PROXY+STATISTICAL_HOTSPOT+CONNECTED_HOTSPOT_CLUSTER,DYNAMIC SPATIOTEMPORAL WATCH,SCENARIO-BASED; VERIFY WITH OFFICIAL SURVEILLANCE
2044-09,1206318000,South Cotabato,SANTO NIÑO,0.23757411557790606,7.26343511805616,HOT_SPOT_95,1,10,68.68711066468687,HIGH,45.73575866604423,TRANSMISSION_PRESSURE_PROXY+STATISTICAL_HOTSPOT+CONNECTED_HOTSPOT_CLUSTER,DYNAMIC SPATIOTEMPORAL WATCH,SCENARIO-BASED; VERIFY WITH OFFICIAL SURVEILLANCE
2044-09,1206311000,South Cotabato,NORALA,0.1537993526138904,6.176993805831438,HOT_SPOT_99,1,10,63.82617196628514,MODERATE,39.15317264243918,STATISTICAL_HOTSPOT+CONNECTED_HOTSPOT_CLUSTER,DYNAMIC SPATIOTEMPORAL WATCH,SCENARIO-BASED; VERIFY WITH OFFICIAL SURVEILLANCE
2044-09,1206511000,Sultan Kudarat,TACURONG,0.4740136882031852,6.917742057856735,HOT_SPOT_99,1,10,62.833190956113214,MODERATE,39.40552598477603,STATISTICAL_HOTSPOT+CONNECTED_HOTSPOT_CLUSTER,DYNAMIC SPATIOTEMPORAL WATCH,SCENARIO-BASED; VERIFY WITH OFFICIAL SURVEILLANCE
2044-09,1206302000,South Cotabato,BANGA,0.26727159102695863,5.700666393903491,HOT_SPOT_99,1,10,56.61658712536906,MODERATE,37.942275019033595,STATISTICAL_HOTSPOT+CONNECTED_HOTSPOT_CLUSTER,DYNAMIC SPATIOTEMPORAL WATCH,SCENARIO-BASED; VERIFY WITH OFFICIAL SURVEILLANCE
2044-09,1206507000,Sultan Kudarat,LUTAYAN,0.19722558117452121,3.730490449430282,HOT_SPOT_95,1,10,55.9875000696452,MODERATE,38.818177409546955,STATISTICAL_HOTSPOT+CONNECTED_HOTSPOT_CLUSTER+NEIGHBOR_INFECTIOUS_PRESSURE,DYNAMIC SPATIOTEMPORAL WATCH,SCENARIO-BASED; VERIFY WITH OFFICIAL SURVEILLANCE
2044-09,1204718000,Cotabato,ARAKAN,0.16306067706450675,2.8373096880900626,NOT_SIGNIFICANT,0,0,54.80364050888945,MODERATE,48.7033480905374,NEIGHBOR_INFECTIOUS_PRESSURE,DYNAMIC SPATIOTEMPORAL WATCH,SCENARIO-BASED; VERIFY WITH OFFICIAL SURVEILLANCE
2044-09,1204712000,Cotabato,PIKIT,0.17463559339478374,2.432882300077095,NOT_SIGNIFICANT,0,0,50.99448833096891,MODERATE,55.795071869461694,NEIGHBOR_INFECTIOUS_PRESSURE,DYNAMIC SPATIOTEMPORAL WATCH,SCENARIO-BASED; VERIFY WITH OFFICIAL SURVEILLANCE
2044-09,1206314000,South Cotabato,TAMPAKAN,0.0645466035752189,4.396730133065348,HOT_SPOT_95,1,10,47.72176942570928,MODERATE,29.484942315867503,STATISTICAL_HOTSPOT+CONNECTED_HOTSPOT_CLUSTER+NEIGHBOR_INFECTIOUS_PRESSURE,DYNAMIC SPATIOTEMPORAL WATCH,SCENARIO-BASED; VERIFY WITH OFFICIAL SURVEILLANCE
2044-09,1204701000,Cotabato,ALAMADA,0.11782134920862264,2.6614841376386593,NOT_SIGNIFICANT,0,0,41.70968336308754,LOW,51.22126736729386,NEIGHBOR_INFECTIOUS_PRESSURE,DYNAMIC SPATIOTEMPORAL WATCH,SCENARIO-BASED; VERIFY WITH OFFICIAL SURVEILLANCE
2044-10,1206311000,South Cotabato,NORALA,0.34098214448704395,6.1899203111220045,HOT_SPOT_99,1,10,72.59524191523658,HIGH,44.47355211295848,TRANSMISSION_PRESSURE_PROXY+STATISTICAL_HOTSPOT+CONNECTED_HOTSPOT_CLUSTER,DYNAMIC SPATIOTEMPORAL WATCH,SCENARIO-BASED; VERIFY WITH OFFICIAL SURVEILLANCE
2044-10,1206318000,South Cotabato,SANTO NIÑO,0.4536618451036356,7.286770196687142,HOT_SPOT_95,1,10,70.36678894395631,HIGH,46.44545678298761,TRANSMISSION_PRESSURE_PROXY+STATISTICAL_HOTSPOT+CONNECTED_HOTSPOT_CLUSTER,DYNAMIC SPATIOTEMPORAL WATCH,SCENARIO-BASED; VERIFY WITH OFFICIAL SURVEILLANCE
2044-10,1206306000,South Cotabato,KORONADAL,1.7134413214356368,7.965343837998911,HOT_SPOT_99,1,10,69.22652341671535,HIGH,46.7738793404718,TRANSMISSION_PRESSURE_PROXY+STATISTICAL_HOTSPOT+CONNECTED_HOTSPOT_CLUSTER,DYNAMIC SPATIOTEMPORAL WATCH,SCENARIO-BASED; VERIFY WITH OFFICIAL SURVEILLANCE
2044-10,1206511000,Sultan Kudarat,TACURONG,0.9275678808316768,6.92865568479143,HOT_SPOT_99,1,10,67.32301396358375,HIGH,41.50784237056402,TRANSMISSION_PRESSURE_PROXY+STATISTICAL_HOTSPOT+CONNECTED_HOTSPOT_CLUSTER,DYNAMIC SPATIOTEMPORAL WATCH,SCENARIO-BASED; VERIFY WITH OFFICIAL SURVEILLANCE
2044-10,1206302000,South Cotabato,BANGA,0.6448935346707956,5.713857024834521,HOT_SPOT_99,1,10,67.04309386578312,HIGH,44.06023955221708,TRANSMISSION_PRESSURE_PROXY+STATISTICAL_HOTSPOT+CONNECTED_HOTSPOT_CLUSTER,DYNAMIC SPATIOTEMPORAL WATCH,SCENARIO-BASED; VERIFY WITH OFFICIAL SURVEILLANCE
2044-10,1206315000,South Cotabato,TANTANGAN,0.23832471229825963,6.8159615618373985,HOT_SPOT_99,1,10,61.356731793452,MODERATE,38.87633357804686,STATISTICAL_HOTSPOT+CONNECTED_HOTSPOT_CLUSTER,DYNAMIC SPATIOTEMPORAL WATCH,SCENARIO-BASED; VERIFY WITH OFFICIAL SURVEILLANCE
2044-10,1206317000,South Cotabato,TUPI,0.5979931217609937,4.970407561475555,HOT_SPOT_90,1,10,55.286536416965085,MODERATE,35.47748291385459,CONNECTED_HOTSPOT_CLUSTER,DYNAMIC SPATIOTEMPORAL WATCH,SCENARIO-BASED; VERIFY WITH OFFICIAL SURVEILLANCE
2044-10,1206507000,Sultan Kudarat,LUTAYAN,0.32356747930362817,3.740903289508153,HOT_SPOT_95,1,10,47.268731842268615,MODERATE,36.09754015646693,STATISTICAL_HOTSPOT+CONNECTED_HOTSPOT_CLUSTER,DYNAMIC SPATIOTEMPORAL WATCH,SCENARIO-BASED; VERIFY WITH OFFICIAL SURVEILLANCE
2044-10,1204712000,Cotabato,PIKIT,0.19944423808092934,2.4396422161146636,NOT_SIGNIFICANT,0,0,44.699871267294135,LOW,51.982843743919766,NEIGHBOR_INFECTIOUS_PRESSURE,DYNAMIC SPATIOTEMPORAL WATCH,SCENARIO-BASED; VERIFY WITH OFFICIAL SURVEILLANCE
2044-10,1204718000,Cotabato,ARAKAN,0.11553868266640564,2.8423349912690306,NOT_SIGNIFICANT,0,0,43.27452542953297,LOW,43.83238755766101,NEIGHBOR_INFECTIOUS_PRESSURE,DYNAMIC SPATIOTEMPORAL WATCH,SCENARIO-BASED; VERIFY WITH OFFICIAL SURVEILLANCE
2044-10,1204701000,Cotabato,ALAMADA,0.16123562372423297,2.6663222456604188,NOT_SIGNIFICANT,0,0,41.23803310289371,LOW,50.4844622519772,NEIGHBOR_INFECTIOUS_PRESSURE,DYNAMIC SPATIOTEMPORAL WATCH,SCENARIO-BASED; VERIFY WITH OFFICIAL SURVEILLANCE
2044-10,1206314000,South Cotabato,TAMPAKAN,0.10897551007753141,4.401549854422247,HOT_SPOT_95,1,10,41.019034899021904,LOW,26.393957416493986,STATISTICAL_HOTSPOT+CONNECTED_HOTSPOT_CLUSTER,DYNAMIC SPATIOTEMPORAL WATCH,SCENARIO-BASED; VERIFY WITH OFFICIAL SURVEILLANCE
2044-10,1206509000,Sultan Kudarat,PALIMBANG,0.20596584519914882,2.566662247525715,COLD_SPOT_90,0,0,36.721036009915345,LOW,48.30279138079552,NEIGHBOR_INFECTIOUS_PRESSURE,DYNAMIC SPATIOTEMPORAL WATCH,SCENARIO-BASED; VERIFY WITH OFFICIAL SURVEILLANCE
2044-11,1206311000,South Cotabato,NORALA,0.6334375498055015,6.2190884947543115,HOT_SPOT_99,1,10,76.46427334984557,HIGH,46.58110443270381,TRANSMISSION_PRESSURE_PROXY+STATISTICAL_HOTSPOT+CONNECTED_HOTSPOT_CLUSTER,DYNAMIC SPATIOTEMPORAL WATCH,SCENARIO-BASED; VERIFY WITH OFFICIAL SURVEILLANCE
2044-11,1206315000,South Cotabato,TANTANGAN,0.7345980746898215,6.850394993622848,HOT_SPOT_99,1,10,72.257866156251,HIGH,45.22240174530202,TRANSMISSION_PRESSURE_PROXY+STATISTICAL_HOTSPOT+CONNECTED_HOTSPOT_CLUSTER,DYNAMIC SPATIOTEMPORAL WATCH,SCENARIO-BASED; VERIFY WITH OFFICIAL SURVEILLANCE
2044-11,1206306000,South Cotabato,KORONADAL,2.5805228866095424,7.9875579754453145,HOT_SPOT_99,1,10,70.74346720035886,HIGH,48.41900244214872,TRANSMISSION_PRESSURE_PROXY+STATISTICAL_HOTSPOT+CONNECTED_HOTSPOT_CLUSTER,DYNAMIC SPATIOTEMPORAL WATCH,SCENARIO-BASED; VERIFY WITH OFFICIAL SURVEILLANCE
2044-11,1206318000,South Cotabato,SANTO NIÑO,0.49305503091150993,7.313682140522491,HOT_SPOT_95,1,10,69.47392081391806,HIGH,43.32446470576535,TRANSMISSION_PRESSURE_PROXY+STATISTICAL_HOTSPOT+CONNECTED_HOTSPOT_CLUSTER,DYNAMIC SPATIOTEMPORAL WATCH,SCENARIO-BASED; VERIFY WITH OFFICIAL SURVEILLANCE
2044-11,1206511000,Sultan Kudarat,TACURONG,1.0551606007525032,6.942769457419141,HOT_SPOT_99,1,10,62.33140187697395,MODERATE,39.52876962234819,STATISTICAL_HOTSPOT+CONNECTED_HOTSPOT_CLUSTER,DYNAMIC SPATIOTEMPORAL WATCH,SCENARIO-BASED; VERIFY WITH OFFICIAL SURVEILLANCE
2044-11,1206302000,South Cotabato,BANGA,0.7149402934608698,5.729273564635595,HOT_SPOT_99,1,10,62.27736673166074,MODERATE,39.92519884490213,STATISTICAL_HOTSPOT+CONNECTED_HOTSPOT_CLUSTER,DYNAMIC SPATIOTEMPORAL WATCH,SCENARIO-BASED; VERIFY WITH OFFICIAL SURVEILLANCE
2044-11,1206507000,Sultan Kudarat,LUTAYAN,0.5229194184432215,3.759658196959165,HOT_SPOT_95,1,10,49.975519797651984,MODERATE,36.156959973558216,STATISTICAL_HOTSPOT+CONNECTED_HOTSPOT_CLUSTER,DYNAMIC SPATIOTEMPORAL WATCH,SCENARIO-BASED; VERIFY WITH OFFICIAL SURVEILLANCE
2044-11,1204701000,Cotabato,ALAMADA,0.2915935438619377,2.6761549939348814,NOT_SIGNIFICANT,0,0,44.15155968946544,LOW,52.513851998700495,NEIGHBOR_INFECTIOUS_PRESSURE,DYNAMIC SPATIOTEMPORAL WATCH,SCENARIO-BASED; VERIFY WITH OFFICIAL SURVEILLANCE
2044-11,1204718000,Cotabato,ARAKAN,0.14543944208212659,2.8489037010109275,NOT_SIGNIFICANT,0,0,38.93897181118016,LOW,41.996477585346675,NEIGHBOR_INFECTIOUS_PRESSURE,DYNAMIC SPATIOTEMPORAL WATCH,SCENARIO-BASED; VERIFY WITH OFFICIAL SURVEILLANCE
2044-11,1206314000,South Cotabato,TAMPAKAN,0.13936499924930112,4.408327981022915,HOT_SPOT_95,1,10,38.06610426189286,LOW,26.30400782815527,STATISTICAL_HOTSPOT+CONNECTED_HOTSPOT_CLUSTER,DYNAMIC SPATIOTEMPORAL WATCH,SCENARIO-BASED; VERIFY WITH OFFICIAL SURVEILLANCE
2044-11,1204712000,Cotabato,PIKIT,0.20475957253992108,2.446576171706272,NOT_SIGNIFICANT,0,0,37.39090533127734,LOW,47.04579029000848,NEIGHBOR_INFECTIOUS_PRESSURE,DYNAMIC SPATIOTEMPORAL WATCH,SCENARIO-BASED; VERIFY WITH OFFICIAL SURVEILLANCE
2044-11,1206509000,Sultan Kudarat,PALIMBANG,0.286371620231414,2.5725364040474723,COLD_SPOT_90,0,0,34.039759842060406,LOW,48.03397228087411,NEIGHBOR_INFECTIOUS_PRESSURE,DYNAMIC SPATIOTEMPORAL WATCH,SCENARIO-BASED; VERIFY WITH OFFICIAL SURVEILLANCE
2044-12,1206306000,South Cotabato,KORONADAL,1.1698618864863604,7.994306610431107,HOT_SPOT_99,1,10,74.68413734520458,HIGH,50.50986578158925,TRANSMISSION_PRESSURE_PROXY+STATISTICAL_HOTSPOT+CONNECTED_HOTSPOT_CLUSTER,DYNAMIC SPATIOTEMPORAL WATCH,SCENARIO-BASED; VERIFY WITH OFFICIAL SURVEILLANCE
2044-12,1206511000,Sultan Kudarat,TACURONG,0.5503433424159123,6.946122345861033,HOT_SPOT_99,1,10,72.39363770989063,HIGH,45.554191689810594,TRANSMISSION_PRESSURE_PROXY+STATISTICAL_HOTSPOT+CONNECTED_HOTSPOT_CLUSTER,DYNAMIC SPATIOTEMPORAL WATCH,SCENARIO-BASED; VERIFY WITH OFFICIAL SURVEILLANCE
2044-12,1206311000,South Cotabato,NORALA,0.150042637403908,6.222668877360709,HOT_SPOT_99,1,10,70.0284135150381,HIGH,40.971470507154834,TRANSMISSION_PRESSURE_PROXY+STATISTICAL_HOTSPOT+CONNECTED_HOTSPOT_CLUSTER+NEIGHBOR_INFECTIOUS_PRESSURE,DYNAMIC SPATIOTEMPORAL WATCH,SCENARIO-BASED; VERIFY WITH OFFICIAL SURVEILLANCE
2044-12,1206315000,South Cotabato,TANTANGAN,0.15314050170855176,6.853837579041984,HOT_SPOT_99,1,10,68.02096937053095,HIGH,40.48122522351024,TRANSMISSION_PRESSURE_PROXY+STATISTICAL_HOTSPOT+CONNECTED_HOTSPOT_CLUSTER,DYNAMIC SPATIOTEMPORAL WATCH,SCENARIO-BASED; VERIFY WITH OFFICIAL SURVEILLANCE
2044-12,1206318000,South Cotabato,SANTO NIÑO,0.16320431940447425,7.319203064581165,HOT_SPOT_95,1,10,66.82959976911853,HIGH,40.631982265458426,TRANSMISSION_PRESSURE_PROXY+STATISTICAL_HOTSPOT+CONNECTED_HOTSPOT_CLUSTER,DYNAMIC SPATIOTEMPORAL WATCH,SCENARIO-BASED; VERIFY WITH OFFICIAL SURVEILLANCE
2044-12,1206302000,South Cotabato,BANGA,0.23067965746051228,5.731591523785713,HOT_SPOT_99,1,10,61.99164717468603,MODERATE,39.870100057574916,STATISTICAL_HOTSPOT+CONNECTED_HOTSPOT_CLUSTER+NEIGHBOR_INFECTIOUS_PRESSURE,DYNAMIC SPATIOTEMPORAL WATCH,SCENARIO-BASED; VERIFY WITH OFFICIAL SURVEILLANCE
2044-12,1206317000,South Cotabato,TUPI,0.3204833642665642,4.988382958248155,HOT_SPOT_90,1,10,55.237754437691876,MODERATE,35.327757596659964,CONNECTED_HOTSPOT_CLUSTER,DYNAMIC SPATIOTEMPORAL WATCH,SCENARIO-BASED; VERIFY WITH OFFICIAL SURVEILLANCE
2044-12,1206314000,South Cotabato,TAMPAKAN,0.05966226691734118,4.40998366464028,HOT_SPOT_95,1,10,44.19913172163395,LOW,30.39313395431531,STATISTICAL_HOTSPOT+CONNECTED_HOTSPOT_CLUSTER,DYNAMIC SPATIOTEMPORAL WATCH,SCENARIO-BASED; VERIFY WITH OFFICIAL SURVEILLANCE
2044-12,1206507000,Sultan Kudarat,LUTAYAN,0.12734881055163264,3.7624208524980722,HOT_SPOT_95,1,10,43.50354807899917,LOW,31.545521079881844,STATISTICAL_HOTSPOT+CONNECTED_HOTSPOT_CLUSTER,DYNAMIC SPATIOTEMPORAL WATCH,SCENARIO-BASED; VERIFY WITH OFFICIAL SURVEILLANCE
2044-12,1204712000,Cotabato,PIKIT,0.09587619806451939,2.449115235274241,NOT_SIGNIFICANT,0,0,38.159029301684996,LOW,48.6907433039459,NEIGHBOR_INFECTIOUS_PRESSURE,DYNAMIC SPATIOTEMPORAL WATCH,SCENARIO-BASED; VERIFY WITH OFFICIAL SURVEILLANCE
2044-12,1204701000,Cotabato,ALAMADA,0.09702530755637091,2.678408160777901,NOT_SIGNIFICANT,0,0,38.08087408713082,LOW,49.34208319381907,NEIGHBOR_INFECTIOUS_PRESSURE,DYNAMIC SPATIOTEMPORAL WATCH,SCENARIO-BASED; VERIFY WITH OFFICIAL SURVEILLANCE
2045-01,1206311000,South Cotabato,NORALA,0.12119579709471065,6.223629636856068,HOT_SPOT_99,1,10,75.13180769442599,HIGH,42.204688512532634,TRANSMISSION_PRESSURE_PROXY+STATISTICAL_HOTSPOT+CONNECTED_HOTSPOT_CLUSTER+NEIGHBOR_INFECTIOUS_PRESSURE,DYNAMIC SPATIOTEMPORAL WATCH,SCENARIO-BASED; VERIFY WITH OFFICIAL SURVEILLANCE
2045-01,1206315000,South Cotabato,TANTANGAN,0.12629310104986327,6.854794818857047,HOT_SPOT_99,1,10,73.76693923294788,HIGH,41.968797886014634,TRANSMISSION_PRESSURE_PROXY+STATISTICAL_HOTSPOT+CONNECTED_HOTSPOT_CLUSTER,DYNAMIC SPATIOTEMPORAL WATCH,SCENARIO-BASED; VERIFY WITH OFFICIAL SURVEILLANCE
2045-01,1206306000,South Cotabato,KORONADAL,0.6586992683765285,7.9926537114980425,HOT_SPOT_99,1,10,70.79012892036393,HIGH,46.90631256307064,TRANSMISSION_PRESSURE_PROXY+STATISTICAL_HOTSPOT+CONNECTED_HOTSPOT_CLUSTER,DYNAMIC SPATIOTEMPORAL WATCH,SCENARIO-BASED; VERIFY WITH OFFICIAL SURVEILLANCE
2045-01,1206318000,South Cotabato,SANTO NIÑO,0.11002169027317098,7.320241859737483,HOT_SPOT_95,1,10,68.37612487539978,HIGH,40.96774259599032,TRANSMISSION_PRESSURE_PROXY+STATISTICAL_HOTSPOT+CONNECTED_HOTSPOT_CLUSTER,DYNAMIC SPATIOTEMPORAL WATCH,SCENARIO-BASED; VERIFY WITH OFFICIAL SURVEILLANCE
2045-01,1206302000,South Cotabato,BANGA,0.17137904725549352,5.731216507973629,HOT_SPOT_99,1,10,62.94150498579161,MODERATE,40.457459094735015,STATISTICAL_HOTSPOT+CONNECTED_HOTSPOT_CLUSTER+NEIGHBOR_INFECTIOUS_PRESSURE,DYNAMIC SPATIOTEMPORAL WATCH,SCENARIO-BASED; VERIFY WITH OFFICIAL SURVEILLANCE
2045-01,1206511000,Sultan Kudarat,TACURONG,0.26019373025588494,6.9430410670643585,HOT_SPOT_99,1,10,61.01850165291772,MODERATE,40.194195648790554,STATISTICAL_HOTSPOT+CONNECTED_HOTSPOT_CLUSTER,DYNAMIC SPATIOTEMPORAL WATCH,SCENARIO-BASED; VERIFY WITH OFFICIAL SURVEILLANCE
2045-01,1206314000,South Cotabato,TAMPAKAN,0.06962636167172338,4.4121948730432266,HOT_SPOT_95,1,10,55.52839170568898,MODERATE,36.31171229564488,STATISTICAL_HOTSPOT+CONNECTED_HOTSPOT_CLUSTER+NEIGHBOR_INFECTIOUS_PRESSURE,DYNAMIC SPATIOTEMPORAL WATCH,SCENARIO-BASED; VERIFY WITH OFFICIAL SURVEILLANCE
2045-01,1204701000,Cotabato,ALAMADA,0.10094758796119167,2.6808766473207073,NOT_SIGNIFICANT,0,0,47.62747554216151,MODERATE,55.76967977461619,NEIGHBOR_INFECTIOUS_PRESSURE,DYNAMIC SPATIOTEMPORAL WATCH,SCENARIO-BASED; VERIFY WITH OFFICIAL SURVEILLANCE
2045-01,1206507000,Sultan Kudarat,LUTAYAN,0.08518004232431341,3.763005581539412,HOT_SPOT_95,1,10,41.532111930700275,LOW,30.805172470903848,STATISTICAL_HOTSPOT+CONNECTED_HOTSPOT_CLUSTER,DYNAMIC SPATIOTEMPORAL WATCH,SCENARIO-BASED; VERIFY WITH OFFICIAL SURVEILLANCE
2045-01,1204712000,Cotabato,PIKIT,0.0723027681434407,2.450653719100724,NOT_SIGNIFICANT,0,0,40.32147276034331,LOW,51.21778169812064,NEIGHBOR_INFECTIOUS_PRESSURE,DYNAMIC SPATIOTEMPORAL WATCH,SCENARIO-BASED; VERIFY WITH OFFICIAL SURVEILLANCE
2045-01,1206509000,Sultan Kudarat,PALIMBANG,0.1000856363045698,2.5762293675430015,COLD_SPOT_90,0,0,38.74574526741044,LOW,52.09815177309641,NEIGHBOR_INFECTIOUS_PRESSURE,DYNAMIC SPATIOTEMPORAL WATCH,SCENARIO-BASED; VERIFY WITH OFFICIAL SURVEILLANCE
2045-02,1206315000,South Cotabato,TANTANGAN,0.6549695723070051,6.883491924630605,HOT_SPOT_99,1,10,77.4715814729298,HIGH,46.11308321159039,TRANSMISSION_PRESSURE_PROXY+STATISTICAL_HOTSPOT+CONNECTED_HOTSPOT_CLUSTER,DYNAMIC SPATIOTEMPORAL WATCH,SCENARIO-BASED; VERIFY WITH OFFICIAL SURVEILLANCE
2045-02,1206302000,South Cotabato,BANGA,1.0075789860957876,5.753978192521247,HOT_SPOT_99,1,10,71.79552116316162,HIGH,46.11008620812588,TRANSMISSION_PRESSURE_PROXY+STATISTICAL_HOTSPOT+CONNECTED_HOTSPOT_CLUSTER,DYNAMIC SPATIOTEMPORAL WATCH,SCENARIO-BASED; VERIFY WITH OFFICIAL SURVEILLANCE
2045-02,1206511000,Sultan Kudarat,TACURONG,1.2191026322164011,6.959497970597422,HOT_SPOT_99,1,10,70.06978014347237,HIGH,44.67237135861799,TRANSMISSION_PRESSURE_PROXY+STATISTICAL_HOTSPOT+CONNECTED_HOTSPOT_CLUSTER,DYNAMIC SPATIOTEMPORAL WATCH,SCENARIO-BASED; VERIFY WITH OFFICIAL SURVEILLANCE
2045-02,1206306000,South Cotabato,KORONADAL,2.055125861412414,8.007247706375733,HOT_SPOT_99,1,10,69.65263962962248,HIGH,46.48252299418595,TRANSMISSION_PRESSURE_PROXY+STATISTICAL_HOTSPOT+CONNECTED_HOTSPOT_CLUSTER,DYNAMIC SPATIOTEMPORAL WATCH,SCENARIO-BASED; VERIFY WITH OFFICIAL SURVEILLANCE
2045-02,1206311000,South Cotabato,NORALA,0.30095247495939004,6.23387352352815,HOT_SPOT_99,1,10,65.19181727341842,HIGH,38.63700606846907,TRANSMISSION_PRESSURE_PROXY+STATISTICAL_HOTSPOT+CONNECTED_HOTSPOT_CLUSTER,DYNAMIC SPATIOTEMPORAL WATCH,SCENARIO-BASED; VERIFY WITH OFFICIAL SURVEILLANCE
2045-02,1206318000,South Cotabato,SANTO NIÑO,0.2962115159356327,7.332732099040199,HOT_SPOT_95,1,10,62.089801229247165,MODERATE,39.78606321485626,STATISTICAL_HOTSPOT+CONNECTED_HOTSPOT_CLUSTER,DYNAMIC SPATIOTEMPORAL WATCH,SCENARIO-BASED; VERIFY WITH OFFICIAL SURVEILLANCE
2045-02,1206314000,South Cotabato,TAMPAKAN,0.16932781556655266,4.420580472054373,HOT_SPOT_95,1,10,45.10512912177887,MODERATE,30.401292407503778,STATISTICAL_HOTSPOT+CONNECTED_HOTSPOT_CLUSTER,DYNAMIC SPATIOTEMPORAL WATCH,SCENARIO-BASED; VERIFY WITH OFFICIAL SURVEILLANCE
2045-02,1204711000,Cotabato,PIGKAWAYAN,0.1793532452874872,3.864353427544279,NOT_SIGNIFICANT,0,0,44.166795468432504,LOW,48.881065688002266,NEIGHBOR_INFECTIOUS_PRESSURE,DYNAMIC SPATIOTEMPORAL WATCH,SCENARIO-BASED; VERIFY WITH OFFICIAL SURVEILLANCE
2045-02,1206507000,Sultan Kudarat,LUTAYAN,0.23565077642291,3.769465634730891,HOT_SPOT_95,1,10,40.01687185025744,LOW,30.02793334612303,STATISTICAL_HOTSPOT+CONNECTED_HOTSPOT_CLUSTER,DYNAMIC SPATIOTEMPORAL WATCH,SCENARIO-BASED; VERIFY WITH OFFICIAL SURVEILLANCE
2045-02,1204712000,Cotabato,PIKIT,0.18084946183619285,2.4563891350958467,NOT_SIGNIFICANT,0,0,39.890435458968035,LOW,50.032038825112146,NEIGHBOR_INFECTIOUS_PRESSURE,DYNAMIC SPATIOTEMPORAL WATCH,SCENARIO-BASED; VERIFY WITH OFFICIAL SURVEILLANCE
2045-02,1204701000,Cotabato,ALAMADA,0.18104612738510778,2.686232213246344,NOT_SIGNIFICANT,0,0,38.96747864154681,LOW,48.6885649427852,NEIGHBOR_INFECTIOUS_PRESSURE,DYNAMIC SPATIOTEMPORAL WATCH,SCENARIO-BASED; VERIFY WITH OFFICIAL SURVEILLANCE
2045-02,1206509000,Sultan Kudarat,PALIMBANG,0.20508181978850712,2.582209109955311,COLD_SPOT_90,0,0,35.0428597554404,LOW,47.610000490494464,NEIGHBOR_INFECTIOUS_PRESSURE,DYNAMIC SPATIOTEMPORAL WATCH,SCENARIO-BASED; VERIFY WITH OFFICIAL SURVEILLANCE
2045-03,1206311000,South Cotabato,NORALA,0.7586937490124175,6.268017209129976,HOT_SPOT_99,1,10,75.23532724317045,HIGH,46.03078695081453,TRANSMISSION_PRESSURE_PROXY+STATISTICAL_HOTSPOT+CONNECTED_HOTSPOT_CLUSTER,DYNAMIC SPATIOTEMPORAL WATCH,SCENARIO-BASED; VERIFY WITH OFFICIAL SURVEILLANCE
2045-03,1206306000,South Cotabato,KORONADAL,3.31397502215384,8.036175184058376,HOT_SPOT_99,1,10,74.15016368320404,HIGH,51.30546547700367,TRANSMISSION_PRESSURE_PROXY+STATISTICAL_HOTSPOT+CONNECTED_HOTSPOT_CLUSTER,DYNAMIC SPATIOTEMPORAL WATCH,SCENARIO-BASED; VERIFY WITH OFFICIAL SURVEILLANCE
2045-03,1206315000,South Cotabato,TANTANGAN,0.5105064804424743,6.905044417287239,HOT_SPOT_99,1,10,73.3432524382908,HIGH,41.56166600684715,TRANSMISSION_PRESSURE_PROXY+STATISTICAL_HOTSPOT+CONNECTED_HOTSPOT_CLUSTER,DYNAMIC SPATIOTEMPORAL WATCH,SCENARIO-BASED; VERIFY WITH OFFICIAL SURVEILLANCE
2045-03,1206511000,Sultan Kudarat,TACURONG,1.5442337580221073,6.982139064313606,HOT_SPOT_99,1,10,73.00706246601219,HIGH,45.6722756071762,TRANSMISSION_PRESSURE_PROXY+STATISTICAL_HOTSPOT+CONNECTED_HOTSPOT_CLUSTER,DYNAMIC SPATIOTEMPORAL WATCH,SCENARIO-BASED; VERIFY WITH OFFICIAL SURVEILLANCE
2045-03,1206318000,South Cotabato,SANTO NIÑO,0.7263391280321316,7.372692880531962,HOT_SPOT_95,1,10,70.89812299634684,HIGH,46.755354065814366,TRANSMISSION_PRESSURE_PROXY+STATISTICAL_HOTSPOT+CONNECTED_HOTSPOT_CLUSTER,DYNAMIC SPATIOTEMPORAL WATCH,SCENARIO-BASED; VERIFY WITH OFFICIAL SURVEILLANCE
2045-03,1206302000,South Cotabato,BANGA,0.9741483112961241,5.776355422161605,HOT_SPOT_99,1,10,68.9363882853166,HIGH,42.351809213064854,TRANSMISSION_PRESSURE_PROXY+STATISTICAL_HOTSPOT+CONNECTED_HOTSPOT_CLUSTER,DYNAMIC SPATIOTEMPORAL WATCH,SCENARIO-BASED; VERIFY WITH OFFICIAL SURVEILLANCE
2045-03,1204711000,Cotabato,PIGKAWAYAN,0.3740479456372309,3.8802188840639205,NOT_SIGNIFICANT,0,0,58.33386072165347,MODERATE,58.37957970618495,NONE,DYNAMIC SPATIOTEMPORAL WATCH,SCENARIO-BASED; VERIFY WITH OFFICIAL SURVEILLANCE
2045-03,1206314000,South Cotabato,TAMPAKAN,0.39470801061866473,4.443124328564614,HOT_SPOT_95,1,10,54.787371747525036,MODERATE,33.8937285717504,STATISTICAL_HOTSPOT+CONNECTED_HOTSPOT_CLUSTER,DYNAMIC SPATIOTEMPORAL WATCH,SCENARIO-BASED; VERIFY WITH OFFICIAL SURVEILLANCE
2045-03,1206507000,Sultan Kudarat,LUTAYAN,0.3979722761251956,3.7822698913397166,HOT_SPOT_95,1,10,49.84402372327596,MODERATE,38.278405505772746,STATISTICAL_HOTSPOT+CONNECTED_HOTSPOT_CLUSTER,DYNAMIC SPATIOTEMPORAL WATCH,SCENARIO-BASED; VERIFY WITH OFFICIAL SURVEILLANCE
2045-03,1204701000,Cotabato,ALAMADA,0.24451450489146329,2.6939167189546858,NOT_SIGNIFICANT,0,0,41.364954381296585,LOW,51.41928282229401,NEIGHBOR_INFECTIOUS_PRESSURE,DYNAMIC SPATIOTEMPORAL WATCH,SCENARIO-BASED; VERIFY WITH OFFICIAL SURVEILLANCE
2045-03,1204712000,Cotabato,PIKIT,0.21559954636123974,2.4634499653403044,NOT_SIGNIFICANT,0,0,40.2269526375629,LOW,50.21635740284171,NEIGHBOR_INFECTIOUS_PRESSURE,DYNAMIC SPATIOTEMPORAL WATCH,SCENARIO-BASED; VERIFY WITH OFFICIAL SURVEILLANCE
2045-03,1206509000,Sultan Kudarat,PALIMBANG,0.3296501552212134,2.589289230074949,COLD_SPOT_90,0,0,40.05206034588032,LOW,52.64812675746712,NEIGHBOR_INFECTIOUS_PRESSURE,DYNAMIC SPATIOTEMPORAL WATCH,SCENARIO-BASED; VERIFY WITH OFFICIAL SURVEILLANCE
2045-04,1206315000,South Cotabato,TANTANGAN,0.4864362200989652,6.925140837643783,HOT_SPOT_99,1,10,80.477931030044,CRITICAL,45.22123460402754,TRANSMISSION_PRESSURE_PROXY+STATISTICAL_HOTSPOT+CONNECTED_HOTSPOT_CLUSTER+NEIGHBOR_INFECTIOUS_PRESSURE,DYNAMIC SPATIOTEMPORAL WATCH,SCENARIO-BASED; VERIFY WITH OFFICIAL SURVEILLANCE
2045-04,1206511000,Sultan Kudarat,TACURONG,1.3829739797362044,7.00287285909003,HOT_SPOT_99,1,10,77.0666117620772,HIGH,46.83820595149768,TRANSMISSION_PRESSURE_PROXY+STATISTICAL_HOTSPOT+CONNECTED_HOTSPOT_CLUSTER,DYNAMIC SPATIOTEMPORAL WATCH,SCENARIO-BASED; VERIFY WITH OFFICIAL SURVEILLANCE
2045-04,1206302000,South Cotabato,BANGA,0.8877031048475484,5.796151115944188,HOT_SPOT_99,1,10,75.91717787390444,HIGH,44.88767466437998,TRANSMISSION_PRESSURE_PROXY+STATISTICAL_HOTSPOT+CONNECTED_HOTSPOT_CLUSTER+NEIGHBOR_INFECTIOUS_PRESSURE,DYNAMIC SPATIOTEMPORAL WATCH,SCENARIO-BASED; VERIFY WITH OFFICIAL SURVEILLANCE
2045-04,1206306000,South Cotabato,KORONADAL,2.86900141369538,8.06127707699611,HOT_SPOT_99,1,10,74.9159237727149,HIGH,50.269656470306046,TRANSMISSION_PRESSURE_PROXY+STATISTICAL_HOTSPOT+CONNECTED_HOTSPOT_CLUSTER,DYNAMIC SPATIOTEMPORAL WATCH,SCENARIO-BASED; VERIFY WITH OFFICIAL SURVEILLANCE
2045-04,1206311000,South Cotabato,NORALA,0.3677408103095698,6.282123023259825,HOT_SPOT_99,1,10,72.90906580981715,HIGH,41.9001736199728,TRANSMISSION_PRESSURE_PROXY+STATISTICAL_HOTSPOT+CONNECTED_HOTSPOT_CLUSTER+NEIGHBOR_INFECTIOUS_PRESSURE,DYNAMIC SPATIOTEMPORAL WATCH,SCENARIO-BASED; VERIFY WITH OFFICIAL SURVEILLANCE
2045-04,1206318000,South Cotabato,SANTO NIÑO,0.37748560587145397,7.3905688324120415,HOT_SPOT_95,1,10,71.37777579464245,HIGH,43.06706041497609,TRANSMISSION_PRESSURE_PROXY+STATISTICAL_HOTSPOT+CONNECTED_HOTSPOT_CLUSTER,DYNAMIC SPATIOTEMPORAL WATCH,SCENARIO-BASED; VERIFY WITH OFFICIAL SURVEILLANCE
2045-04,1206314000,South Cotabato,TAMPAKAN,0.6008857216273831,4.478543010799687,HOT_SPOT_95,1,10,62.997208537086905,MODERATE,37.570383273578365,STATISTICAL_HOTSPOT+CONNECTED_HOTSPOT_CLUSTER,DYNAMIC SPATIOTEMPORAL WATCH,SCENARIO-BASED; VERIFY WITH OFFICIAL SURVEILLANCE
2045-04,1204701000,Cotabato,ALAMADA,0.4325988712238526,2.708628101544229,NOT_SIGNIFICANT,0,0,49.293049139972844,MODERATE,55.71815320103097,NEIGHBOR_INFECTIOUS_PRESSURE,DYNAMIC SPATIOTEMPORAL WATCH,SCENARIO-BASED; VERIFY WITH OFFICIAL SURVEILLANCE
2045-04,1206507000,Sultan Kudarat,LUTAYAN,0.2592732321642902,3.789388593687324,HOT_SPOT_95,1,10,43.55431903422731,LOW,32.80785195325036,STATISTICAL_HOTSPOT+CONNECTED_HOTSPOT_CLUSTER+NEIGHBOR_INFECTIOUS_PRESSURE,DYNAMIC SPATIOTEMPORAL WATCH,SCENARIO-BASED; VERIFY WITH OFFICIAL SURVEILLANCE
2045-04,1204712000,Cotabato,PIKIT,0.19949476901348032,2.469863808242226,NOT_SIGNIFICANT,0,0,37.75089550473591,LOW,49.56217382152286,NEIGHBOR_INFECTIOUS_PRESSURE,DYNAMIC SPATIOTEMPORAL WATCH,SCENARIO-BASED; VERIFY WITH OFFICIAL SURVEILLANCE
2045-05,1206315000,South Cotabato,TANTANGAN,0.25937559673595273,6.933122679501651,HOT_SPOT_99,1,10,82.24363927957921,CRITICAL,46.812178954533216,TRANSMISSION_PRESSURE_PROXY+STATISTICAL_HOTSPOT+CONNECTED_HOTSPOT_CLUSTER+NEIGHBOR_INFECTIOUS_PRESSURE,DYNAMIC SPATIOTEMPORAL WATCH,SCENARIO-BASED; VERIFY WITH OFFICIAL SURVEILLANCE
2045-05,1206318000,South Cotabato,SANTO NIÑO,0.19703062815991373,7.397016506695607,HOT_SPOT_95,1,10,74.50900929884125,HIGH,44.625555257086766,TRANSMISSION_PRESSURE_PROXY+STATISTICAL_HOTSPOT+CONNECTED_HOTSPOT_CLUSTER,DYNAMIC SPATIOTEMPORAL WATCH,SCENARIO-BASED; VERIFY WITH OFFICIAL SURVEILLANCE
2045-05,1206306000,South Cotabato,KORONADAL,1.0392476523639689,8.064503548700428,HOT_SPOT_99,1,10,72.98312630579062,HIGH,47.08912817919966,TRANSMISSION_PRESSURE_PROXY+STATISTICAL_HOTSPOT+CONNECTED_HOTSPOT_CLUSTER,DYNAMIC SPATIOTEMPORAL WATCH,SCENARIO-BASED; VERIFY WITH OFFICIAL SURVEILLANCE
2045-05,1206511000,Sultan Kudarat,TACURONG,0.515279915375506,7.003229236640124,HOT_SPOT_99,1,10,71.83186439431665,HIGH,43.431118931746745,TRANSMISSION_PRESSURE_PROXY+STATISTICAL_HOTSPOT+CONNECTED_HOTSPOT_CLUSTER,DYNAMIC SPATIOTEMPORAL WATCH,SCENARIO-BASED; VERIFY WITH OFFICIAL SURVEILLANCE
2045-05,1206311000,South Cotabato,NORALA,0.16543433784125391,6.28439327879344,HOT_SPOT_99,1,10,70.71224090711777,HIGH,40.970716447025154,TRANSMISSION_PRESSURE_PROXY+STATISTICAL_HOTSPOT+CONNECTED_HOTSPOT_CLUSTER+NEIGHBOR_INFECTIOUS_PRESSURE,DYNAMIC SPATIOTEMPORAL WATCH,SCENARIO-BASED; VERIFY WITH OFFICIAL SURVEILLANCE
2045-05,1206302000,South Cotabato,BANGA,0.3025213053615173,5.799517084735783,HOT_SPOT_99,1,10,68.85825600384663,HIGH,42.07341232507891,TRANSMISSION_PRESSURE_PROXY+STATISTICAL_HOTSPOT+CONNECTED_HOTSPOT_CLUSTER+NEIGHBOR_INFECTIOUS_PRESSURE,DYNAMIC SPATIOTEMPORAL WATCH,SCENARIO-BASED; VERIFY WITH OFFICIAL SURVEILLANCE
2045-05,1206314000,South Cotabato,TAMPAKAN,0.09760002046141979,4.482220612696621,HOT_SPOT_95,1,10,53.61087662358257,MODERATE,32.29662254372838,STATISTICAL_HOTSPOT+CONNECTED_HOTSPOT_CLUSTER+NEIGHBOR_INFECTIOUS_PRESSURE,DYNAMIC SPATIOTEMPORAL WATCH,SCENARIO-BASED; VERIFY WITH OFFICIAL SURVEILLANCE
2045-05,1206507000,Sultan Kudarat,LUTAYAN,0.1442746326612609,3.791850183359504,HOT_SPOT_95,1,10,46.35487687145534,MODERATE,35.20877774441162,STATISTICAL_HOTSPOT+CONNECTED_HOTSPOT_CLUSTER+NEIGHBOR_INFECTIOUS_PRESSURE,DYNAMIC SPATIOTEMPORAL WATCH,SCENARIO-BASED; VERIFY WITH OFFICIAL SURVEILLANCE
2045-06,1206311000,South Cotabato,NORALA,0.29659522062160504,6.293509043904664,HOT_SPOT_99,1,10,75.2467922909301,HIGH,41.706198722602196,TRANSMISSION_PRESSURE_PROXY+STATISTICAL_HOTSPOT+CONNECTED_HOTSPOT_CLUSTER+NEIGHBOR_INFECTIOUS_PRESSURE,DYNAMIC SPATIOTEMPORAL WATCH,SCENARIO-BASED; VERIFY WITH OFFICIAL SURVEILLANCE
2045-06,1206306000,South Cotabato,KORONADAL,1.8073297482994184,8.074387268876897,HOT_SPOT_99,1,10,73.03023648837097,HIGH,47.52259695730591,TRANSMISSION_PRESSURE_PROXY+STATISTICAL_HOTSPOT+CONNECTED_HOTSPOT_CLUSTER,DYNAMIC SPATIOTEMPORAL WATCH,SCENARIO-BASED; VERIFY WITH OFFICIAL SURVEILLANCE
2045-06,1206315000,South Cotabato,TANTANGAN,0.28774017685228426,6.941481767557308,HOT_SPOT_99,1,10,72.90147668535553,HIGH,41.40084188048948,TRANSMISSION_PRESSURE_PROXY+STATISTICAL_HOTSPOT+CONNECTED_HOTSPOT_CLUSTER,DYNAMIC SPATIOTEMPORAL WATCH,SCENARIO-BASED; VERIFY WITH OFFICIAL SURVEILLANCE
2045-06,1206302000,South Cotabato,BANGA,0.5266477098957193,5.807981819070691,HOT_SPOT_99,1,10,70.15101996565967,HIGH,41.92831245512836,TRANSMISSION_PRESSURE_PROXY+STATISTICAL_HOTSPOT+CONNECTED_HOTSPOT_CLUSTER+NEIGHBOR_INFECTIOUS_PRESSURE,DYNAMIC SPATIOTEMPORAL WATCH,SCENARIO-BASED; VERIFY WITH OFFICIAL SURVEILLANCE
2045-06,1206318000,South Cotabato,SANTO NIÑO,0.2697339116891015,7.4069452582293875,HOT_SPOT_95,1,10,69.17369969982279,HIGH,40.977939201029706,TRANSMISSION_PRESSURE_PROXY+STATISTICAL_HOTSPOT+CONNECTED_HOTSPOT_CLUSTER,DYNAMIC SPATIOTEMPORAL WATCH,SCENARIO-BASED; VERIFY WITH OFFICIAL SURVEILLANCE
2045-06,1206511000,Sultan Kudarat,TACURONG,0.7635293829867749,7.008629974631314,HOT_SPOT_99,1,10,67.54134292388278,HIGH,40.85413768837118,TRANSMISSION_PRESSURE_PROXY+STATISTICAL_HOTSPOT+CONNECTED_HOTSPOT_CLUSTER,DYNAMIC SPATIOTEMPORAL WATCH,SCENARIO-BASED; VERIFY WITH OFFICIAL SURVEILLANCE
2045-06,1206317000,South Cotabato,TUPI,0.47203934662655217,5.045759742230074,HOT_SPOT_90,1,10,58.34135148713997,MODERATE,34.23205558096517,CONNECTED_HOTSPOT_CLUSTER,DYNAMIC SPATIOTEMPORAL WATCH,SCENARIO-BASED; VERIFY WITH OFFICIAL SURVEILLANCE
2045-06,1206314000,South Cotabato,TAMPAKAN,0.11919371463280208,4.487295671439519,HOT_SPOT_95,1,10,53.01859024343428,MODERATE,32.0638519680188,STATISTICAL_HOTSPOT+CONNECTED_HOTSPOT_CLUSTER+NEIGHBOR_INFECTIOUS_PRESSURE,DYNAMIC SPATIOTEMPORAL WATCH,SCENARIO-BASED; VERIFY WITH OFFICIAL SURVEILLANCE
2045-06,1206507000,Sultan Kudarat,LUTAYAN,0.3146522381421458,3.8010582852051997,HOT_SPOT_95,1,10,52.44177041793483,MODERATE,38.21113921521043,STATISTICAL_HOTSPOT+CONNECTED_HOTSPOT_CLUSTER,DYNAMIC SPATIOTEMPORAL WATCH,SCENARIO-BASED; VERIFY WITH OFFICIAL SURVEILLANCE
2045-06,1204706000,Cotabato,MAGPET,0.13282643521784313,3.185225498624132,NOT_SIGNIFICANT,0,0,42.43661427760139,LOW,46.18111371161714,NEIGHBOR_INFECTIOUS_PRESSURE,DYNAMIC SPATIOTEMPORAL WATCH,SCENARIO-BASED; VERIFY WITH OFFICIAL SURVEILLANCE
2045-07,1206306000,South Cotabato,KORONADAL,1.6985489179865005,8.083117463113826,HOT_SPOT_99,1,10,78.75804679832478,HIGH,51.20077689524072,TRANSMISSION_PRESSURE_PROXY+STATISTICAL_HOTSPOT+CONNECTED_HOTSPOT_CLUSTER,DYNAMIC SPATIOTEMPORAL WATCH,SCENARIO-BASED; VERIFY WITH OFFICIAL SURVEILLANCE
2045-07,1206511000,Sultan Kudarat,TACURONG,1.1596977848743204,7.02232115877217,HOT_SPOT_99,1,10,70.0617590473623,HIGH,46.14966573797228,TRANSMISSION_PRESSURE_PROXY+STATISTICAL_HOTSPOT+CONNECTED_HOTSPOT_CLUSTER,DYNAMIC SPATIOTEMPORAL WATCH,SCENARIO-BASED; VERIFY WITH OFFICIAL SURVEILLANCE
2045-07,1206314000,South Cotabato,TAMPAKAN,0.2797687231960371,4.50251215496417,HOT_SPOT_95,1,10,66.63825181681855,HIGH,37.33372988773421,TRANSMISSION_PRESSURE_PROXY+STATISTICAL_HOTSPOT+CONNECTED_HOTSPOT_CLUSTER+NEIGHBOR_INFECTIOUS_PRESSURE,DYNAMIC SPATIOTEMPORAL WATCH,SCENARIO-BASED; VERIFY WITH OFFICIAL SURVEILLANCE
2045-07,1206311000,South Cotabato,NORALA,0.1958805870800015,6.297393325379187,HOT_SPOT_99,1,10,61.410128003935185,MODERATE,38.40682243481546,STATISTICAL_HOTSPOT+CONNECTED_HOTSPOT_CLUSTER,DYNAMIC SPATIOTEMPORAL WATCH,SCENARIO-BASED; VERIFY WITH OFFICIAL SURVEILLANCE
2045-07,1206315000,South Cotabato,TANTANGAN,0.19358400954395188,6.944958342626912,HOT_SPOT_99,1,10,59.47526089873718,MODERATE,37.17431589172026,STATISTICAL_HOTSPOT+CONNECTED_HOTSPOT_CLUSTER,DYNAMIC SPATIOTEMPORAL WATCH,SCENARIO-BASED; VERIFY WITH OFFICIAL SURVEILLANCE
2045-07,1206302000,South Cotabato,BANGA,0.382738068264752,5.812515113921866,HOT_SPOT_99,1,10,57.95043476955091,MODERATE,38.121811363909586,STATISTICAL_HOTSPOT+CONNECTED_HOTSPOT_CLUSTER,DYNAMIC SPATIOTEMPORAL WATCH,SCENARIO-BASED; VERIFY WITH OFFICIAL SURVEILLANCE
2045-07,1206318000,South Cotabato,SANTO NIÑO,0.17464228473107707,7.411000737565052,HOT_SPOT_95,1,10,55.482505687238515,MODERATE,37.57728339945257,STATISTICAL_HOTSPOT+CONNECTED_HOTSPOT_CLUSTER,DYNAMIC SPATIOTEMPORAL WATCH,SCENARIO-BASED; VERIFY WITH OFFICIAL SURVEILLANCE
2045-07,1206507000,Sultan Kudarat,LUTAYAN,0.17311481608350587,3.8046534700667682,HOT_SPOT_95,1,10,44.170927819519015,LOW,33.21582903063788,STATISTICAL_HOTSPOT+CONNECTED_HOTSPOT_CLUSTER+NEIGHBOR_INFECTIOUS_PRESSURE,DYNAMIC SPATIOTEMPORAL WATCH,SCENARIO-BASED; VERIFY WITH OFFICIAL SURVEILLANCE
2045-07,1204706000,Cotabato,MAGPET,0.10555542127849225,3.188914957026965,NOT_SIGNIFICANT,0,0,42.546176322410425,LOW,46.17020335605202,NEIGHBOR_INFECTIOUS_PRESSURE,DYNAMIC SPATIOTEMPORAL WATCH,SCENARIO-BASED; VERIFY WITH OFFICIAL SURVEILLANCE
2045-08,1206306000,South Cotabato,KORONADAL,1.3973946623071907,8.088742404082453,HOT_SPOT_99,1,10,73.70489954840664,HIGH,48.1998972984304,TRANSMISSION_PRESSURE_PROXY+STATISTICAL_HOTSPOT+CONNECTED_HOTSPOT_CLUSTER,DYNAMIC SPATIOTEMPORAL WATCH,SCENARIO-BASED; VERIFY WITH OFFICIAL SURVEILLANCE
2045-08,1206511000,Sultan Kudarat,TACURONG,0.757966023722593,7.028152505062707,HOT_SPOT_99,1,10,64.25847564628243,MODERATE,40.05864060207555,STATISTICAL_HOTSPOT+CONNECTED_HOTSPOT_CLUSTER,DYNAMIC SPATIOTEMPORAL WATCH,SCENARIO-BASED; VERIFY WITH OFFICIAL SURVEILLANCE
2045-08,1206311000,South Cotabato,NORALA,0.23069689922921138,6.303326378055965,HOT_SPOT_99,1,10,63.27557222389907,MODERATE,39.0967083533753,STATISTICAL_HOTSPOT+CONNECTED_HOTSPOT_CLUSTER,DYNAMIC SPATIOTEMPORAL WATCH,SCENARIO-BASED; VERIFY WITH OFFICIAL SURVEILLANCE
2045-08,1206315000,South Cotabato,TANTANGAN,0.2272409342229811,6.950422205336231,HOT_SPOT_99,1,10,61.911480956466725,MODERATE,38.286927121534205,STATISTICAL_HOTSPOT+CONNECTED_HOTSPOT_CLUSTER,DYNAMIC SPATIOTEMPORAL WATCH,SCENARIO-BASED; VERIFY WITH OFFICIAL SURVEILLANCE
2045-08,1206318000,South Cotabato,SANTO NIÑO,0.18509333584637047,7.415918810536617,HOT_SPOT_95,1,10,57.215832999641655,MODERATE,38.16581408663876,STATISTICAL_HOTSPOT+CONNECTED_HOTSPOT_CLUSTER,DYNAMIC SPATIOTEMPORAL WATCH,SCENARIO-BASED; VERIFY WITH OFFICIAL SURVEILLANCE
2045-08,1206302000,South Cotabato,BANGA,0.3891106672096291,5.8174291883947165,HOT_SPOT_99,1,10,55.955611908293776,MODERATE,37.684410199391984,STATISTICAL_HOTSPOT+CONNECTED_HOTSPOT_CLUSTER,DYNAMIC SPATIOTEMPORAL WATCH,SCENARIO-BASED; VERIFY WITH OFFICIAL SURVEILLANCE
2045-08,1206314000,South Cotabato,TAMPAKAN,0.12131890960012554,4.507655263608195,HOT_SPOT_95,1,10,50.42037383445225,MODERATE,30.501773286781386,STATISTICAL_HOTSPOT+CONNECTED_HOTSPOT_CLUSTER+NEIGHBOR_INFECTIOUS_PRESSURE,DYNAMIC SPATIOTEMPORAL WATCH,SCENARIO-BASED; VERIFY WITH OFFICIAL SURVEILLANCE
2045-08,1204706000,Cotabato,MAGPET,0.13233825678461766,3.1938762512750345,NOT_SIGNIFICANT,0,0,48.13568992948896,MODERATE,51.48780729046458,NEIGHBOR_INFECTIOUS_PRESSURE,DYNAMIC SPATIOTEMPORAL WATCH,SCENARIO-BASED; VERIFY WITH OFFICIAL SURVEILLANCE
2045-08,1204701000,Cotabato,ALAMADA,0.21270786223204843,2.726983474210097,NOT_SIGNIFICANT,0,0,45.73915868439687,MODERATE,55.00781931970321,NEIGHBOR_INFECTIOUS_PRESSURE,DYNAMIC SPATIOTEMPORAL WATCH,SCENARIO-BASED; VERIFY WITH OFFICIAL SURVEILLANCE
2045-08,1206507000,Sultan Kudarat,LUTAYAN,0.1819946608465663,3.8086885383635147,HOT_SPOT_95,1,10,43.791790727852764,LOW,32.89356756012594,STATISTICAL_HOTSPOT+CONNECTED_HOTSPOT_CLUSTER+NEIGHBOR_INFECTIOUS_PRESSURE,DYNAMIC SPATIOTEMPORAL WATCH,SCENARIO-BASED; VERIFY WITH OFFICIAL SURVEILLANCE
2045-08,1204718000,Cotabato,ARAKAN,0.10452380061886046,2.906209511023675,NOT_SIGNIFICANT,0,0,41.06460845059986,LOW,43.08816593482632,NEIGHBOR_INFECTIOUS_PRESSURE,DYNAMIC SPATIOTEMPORAL WATCH,SCENARIO-BASED; VERIFY WITH OFFICIAL SURVEILLANCE
2045-09,1206306000,South Cotabato,KORONADAL,1.030718956209433,8.090602763446027,HOT_SPOT_99,1,10,74.26995839774837,HIGH,48.64131194822706,TRANSMISSION_PRESSURE_PROXY+STATISTICAL_HOTSPOT+CONNECTED_HOTSPOT_CLUSTER,DYNAMIC SPATIOTEMPORAL WATCH,SCENARIO-BASED; VERIFY WITH OFFICIAL SURVEILLANCE
2045-09,1206315000,South Cotabato,TANTANGAN,0.2319805190908233,6.956430478107535,HOT_SPOT_99,1,10,71.17177396735599,HIGH,44.50823072178887,TRANSMISSION_PRESSURE_PROXY+STATISTICAL_HOTSPOT+CONNECTED_HOTSPOT_CLUSTER,DYNAMIC SPATIOTEMPORAL WATCH,SCENARIO-BASED; VERIFY WITH OFFICIAL SURVEILLANCE
2045-09,1206318000,South Cotabato,SANTO NIÑO,0.24417750079240694,7.424824292807518,HOT_SPOT_95,1,10,68.84365078797252,HIGH,45.91632003758089,TRANSMISSION_PRESSURE_PROXY+STATISTICAL_HOTSPOT+CONNECTED_HOTSPOT_CLUSTER,DYNAMIC SPATIOTEMPORAL WATCH,SCENARIO-BASED; VERIFY WITH OFFICIAL SURVEILLANCE
2045-09,1206311000,South Cotabato,NORALA,0.1574110535178939,6.305691851763116,HOT_SPOT_99,1,10,63.769215444677606,MODERATE,39.19207859434292,STATISTICAL_HOTSPOT+CONNECTED_HOTSPOT_CLUSTER,DYNAMIC SPATIOTEMPORAL WATCH,SCENARIO-BASED; VERIFY WITH OFFICIAL SURVEILLANCE
2045-09,1206511000,Sultan Kudarat,TACURONG,0.4824168620437919,7.0288395816449025,HOT_SPOT_99,1,10,62.851056013351766,MODERATE,39.4819072954621,STATISTICAL_HOTSPOT+CONNECTED_HOTSPOT_CLUSTER,DYNAMIC SPATIOTEMPORAL WATCH,SCENARIO-BASED; VERIFY WITH OFFICIAL SURVEILLANCE
2045-09,1206302000,South Cotabato,BANGA,0.27341439484257396,5.81940838170955,HOT_SPOT_99,1,10,56.57230348045118,MODERATE,38.00294471149974,STATISTICAL_HOTSPOT+CONNECTED_HOTSPOT_CLUSTER,DYNAMIC SPATIOTEMPORAL WATCH,SCENARIO-BASED; VERIFY WITH OFFICIAL SURVEILLANCE
2045-09,1206507000,Sultan Kudarat,LUTAYAN,0.2027947882705282,3.8136974275369204,HOT_SPOT_95,1,10,56.05852434246462,MODERATE,38.9457306629308,STATISTICAL_HOTSPOT+CONNECTED_HOTSPOT_CLUSTER+NEIGHBOR_INFECTIOUS_PRESSURE,DYNAMIC SPATIOTEMPORAL WATCH,SCENARIO-BASED; VERIFY WITH OFFICIAL SURVEILLANCE
2045-09,1204718000,Cotabato,ARAKAN,0.16849032426768798,2.913758870416666,NOT_SIGNIFICANT,0,0,55.076874621066196,MODERATE,48.892625324779104,NEIGHBOR_INFECTIOUS_PRESSURE,DYNAMIC SPATIOTEMPORAL WATCH,SCENARIO-BASED; VERIFY WITH OFFICIAL SURVEILLANCE
2045-09,1204712000,Cotabato,PIKIT,0.1801654719086098,2.493929082288458,NOT_SIGNIFICANT,0,0,50.94795424595067,MODERATE,55.80414076095158,NEIGHBOR_INFECTIOUS_PRESSURE,DYNAMIC SPATIOTEMPORAL WATCH,SCENARIO-BASED; VERIFY WITH OFFICIAL SURVEILLANCE
2045-09,1206314000,South Cotabato,TAMPAKAN,0.06664786519587612,4.509500228882685,HOT_SPOT_95,1,10,47.82779981405226,MODERATE,29.6554987780006,STATISTICAL_HOTSPOT+CONNECTED_HOTSPOT_CLUSTER+NEIGHBOR_INFECTIOUS_PRESSURE,DYNAMIC SPATIOTEMPORAL WATCH,SCENARIO-BASED; VERIFY WITH OFFICIAL SURVEILLANCE
2045-09,1204701000,Cotabato,ALAMADA,0.12165613241164944,2.730121314095576,NOT_SIGNIFICANT,0,0,41.68148327892285,LOW,51.25689101085548,NEIGHBOR_INFECTIOUS_PRESSURE,DYNAMIC SPATIOTEMPORAL WATCH,SCENARIO-BASED; VERIFY WITH OFFICIAL SURVEILLANCE
2045-10,1206311000,South Cotabato,NORALA,0.35070653951048086,6.318513092899076,HOT_SPOT_99,1,10,72.60024909767915,HIGH,44.55442863471447,TRANSMISSION_PRESSURE_PROXY+STATISTICAL_HOTSPOT+CONNECTED_HOTSPOT_CLUSTER,DYNAMIC SPATIOTEMPORAL WATCH,SCENARIO-BASED; VERIFY WITH OFFICIAL SURVEILLANCE
2045-10,1206318000,South Cotabato,SANTO NIÑO,0.4672764884440771,7.4479312804835045,HOT_SPOT_95,1,10,70.51139080157095,HIGH,46.619455690679864,TRANSMISSION_PRESSURE_PROXY+STATISTICAL_HOTSPOT+CONNECTED_HOTSPOT_CLUSTER,DYNAMIC SPATIOTEMPORAL WATCH,SCENARIO-BASED; VERIFY WITH OFFICIAL SURVEILLANCE
2045-10,1206306000,South Cotabato,KORONADAL,1.7574213581058666,8.101685667897392,HOT_SPOT_99,1,10,69.24764152950942,HIGH,46.84743325666307,TRANSMISSION_PRESSURE_PROXY+STATISTICAL_HOTSPOT+CONNECTED_HOTSPOT_CLUSTER,DYNAMIC SPATIOTEMPORAL WATCH,SCENARIO-BASED; VERIFY WITH OFFICIAL SURVEILLANCE
2045-10,1206511000,Sultan Kudarat,TACURONG,0.9512354599787253,7.039779279296451,HOT_SPOT_99,1,10,67.2734629479238,HIGH,41.5181621157153,TRANSMISSION_PRESSURE_PROXY+STATISTICAL_HOTSPOT+CONNECTED_HOTSPOT_CLUSTER,DYNAMIC SPATIOTEMPORAL WATCH,SCENARIO-BASED; VERIFY WITH OFFICIAL SURVEILLANCE
2045-10,1206302000,South Cotabato,BANGA,0.6633579910270134,5.83249343088352,HOT_SPOT_99,1,10,67.03215364853838,HIGH,44.13514654807515,TRANSMISSION_PRESSURE_PROXY+STATISTICAL_HOTSPOT+CONNECTED_HOTSPOT_CLUSTER,DYNAMIC SPATIOTEMPORAL WATCH,SCENARIO-BASED; VERIFY WITH OFFICIAL SURVEILLANCE
2045-10,1206315000,South Cotabato,TANTANGAN,0.24480758441292086,6.96338740855649,HOT_SPOT_99,1,10,61.233327185994405,MODERATE,38.84482571797122,STATISTICAL_HOTSPOT+CONNECTED_HOTSPOT_CLUSTER,DYNAMIC SPATIOTEMPORAL WATCH,SCENARIO-BASED; VERIFY WITH OFFICIAL SURVEILLANCE
2045-10,1206317000,South Cotabato,TUPI,0.6155239513216075,5.0726833587720845,HOT_SPOT_90,1,10,55.21347436891164,MODERATE,35.50021242608749,CONNECTED_HOTSPOT_CLUSTER,DYNAMIC SPATIOTEMPORAL WATCH,SCENARIO-BASED; VERIFY WITH OFFICIAL SURVEILLANCE
2045-10,1206507000,Sultan Kudarat,LUTAYAN,0.3332230021130269,3.823996271050153,HOT_SPOT_95,1,10,47.30493480673951,MODERATE,36.200742528816335,STATISTICAL_HOTSPOT+CONNECTED_HOTSPOT_CLUSTER,DYNAMIC SPATIOTEMPORAL WATCH,SCENARIO-BASED; VERIFY WITH OFFICIAL SURVEILLANCE
2045-10,1204712000,Cotabato,PIKIT,0.2057131154723243,2.5005848974711546,NOT_SIGNIFICANT,0,0,44.53071695621855,LOW,51.87439895089909,NEIGHBOR_INFECTIOUS_PRESSURE,DYNAMIC SPATIOTEMPORAL WATCH,SCENARIO-BASED; VERIFY WITH OFFICIAL SURVEILLANCE
2045-10,1204718000,Cotabato,ARAKAN,0.11937631060960796,2.9186687313826893,NOT_SIGNIFICANT,0,0,43.543152231564655,LOW,44.01822023711729,NEIGHBOR_INFECTIOUS_PRESSURE,DYNAMIC SPATIOTEMPORAL WATCH,SCENARIO-BASED; VERIFY WITH OFFICIAL SURVEILLANCE
2045-10,1206314000,South Cotabato,TAMPAKAN,0.11246305371031656,4.5141948075569465,HOT_SPOT_95,1,10,41.11005361197022,LOW,26.551851893245235,STATISTICAL_HOTSPOT+CONNECTED_HOTSPOT_CLUSTER,DYNAMIC SPATIOTEMPORAL WATCH,SCENARIO-BASED; VERIFY WITH OFFICIAL SURVEILLANCE
2045-10,1204701000,Cotabato,ALAMADA,0.16638823727975227,2.7348612853980776,NOT_SIGNIFICANT,0,0,41.04985232212399,LOW,50.363318891823354,NEIGHBOR_INFECTIOUS_PRESSURE,DYNAMIC SPATIOTEMPORAL WATCH,SCENARIO-BASED; VERIFY WITH OFFICIAL SURVEILLANCE
2045-10,1206509000,Sultan Kudarat,PALIMBANG,0.21366758711829328,2.6248699257778276,COLD_SPOT_90,0,0,36.621731920681604,LOW,48.23827808233564,NEIGHBOR_INFECTIOUS_PRESSURE,DYNAMIC SPATIOTEMPORAL WATCH,SCENARIO-BASED; VERIFY WITH OFFICIAL SURVEILLANCE
2045-11,1206311000,South Cotabato,NORALA,0.6526205280087084,6.347412545504107,HOT_SPOT_99,1,10,76.4866065001462,HIGH,46.66311224771543,TRANSMISSION_PRESSURE_PROXY+STATISTICAL_HOTSPOT+CONNECTED_HOTSPOT_CLUSTER,DYNAMIC SPATIOTEMPORAL WATCH,SCENARIO-BASED; VERIFY WITH OFFICIAL SURVEILLANCE
2045-11,1206315000,South Cotabato,TANTANGAN,0.7570713355483011,6.997489122575741,HOT_SPOT_99,1,10,72.28179917337525,HIGH,45.32507036126073,TRANSMISSION_PRESSURE_PROXY+STATISTICAL_HOTSPOT+CONNECTED_HOTSPOT_CLUSTER,DYNAMIC SPATIOTEMPORAL WATCH,SCENARIO-BASED; VERIFY WITH OFFICIAL SURVEILLANCE
2045-11,1206306000,South Cotabato,KORONADAL,2.653270688295117,8.123785061671011,HOT_SPOT_99,1,10,70.87947592341096,HIGH,48.608173155047275,TRANSMISSION_PRESSURE_PROXY+STATISTICAL_HOTSPOT+CONNECTED_HOTSPOT_CLUSTER,DYNAMIC SPATIOTEMPORAL WATCH,SCENARIO-BASED; VERIFY WITH OFFICIAL SURVEILLANCE
2045-11,1206318000,South Cotabato,SANTO NIÑO,0.5083876819279105,7.47454926784877,HOT_SPOT_95,1,10,69.61858300445198,HIGH,43.50100428264248,TRANSMISSION_PRESSURE_PROXY+STATISTICAL_HOTSPOT+CONNECTED_HOTSPOT_CLUSTER,DYNAMIC SPATIOTEMPORAL WATCH,SCENARIO-BASED; VERIFY WITH OFFICIAL SURVEILLANCE
2045-11,1206511000,Sultan Kudarat,TACURONG,1.0834428908076026,7.053870733342948,HOT_SPOT_99,1,10,62.42873150387332,MODERATE,39.65855349926993,STATISTICAL_HOTSPOT+CONNECTED_HOTSPOT_CLUSTER,DYNAMIC SPATIOTEMPORAL WATCH,SCENARIO-BASED; VERIFY WITH OFFICIAL SURVEILLANCE
2045-11,1206302000,South Cotabato,BANGA,0.7358068135448643,5.847778177649019,HOT_SPOT_99,1,10,62.32284401599449,MODERATE,40.03042714637061,STATISTICAL_HOTSPOT+CONNECTED_HOTSPOT_CLUSTER,DYNAMIC SPATIOTEMPORAL WATCH,SCENARIO-BASED; VERIFY WITH OFFICIAL SURVEILLANCE
2045-11,1206507000,Sultan Kudarat,LUTAYAN,0.5389952271712075,3.8425587868412463,HOT_SPOT_95,1,10,50.05355850815304,MODERATE,36.283049750700286,STATISTICAL_HOTSPOT+CONNECTED_HOTSPOT_CLUSTER,DYNAMIC SPATIOTEMPORAL WATCH,SCENARIO-BASED; VERIFY WITH OFFICIAL SURVEILLANCE
2045-11,1204701000,Cotabato,ALAMADA,0.3008718785320816,2.7445548949900505,NOT_SIGNIFICANT,0,0,44.106412203417584,LOW,52.51326547126554,NEIGHBOR_INFECTIOUS_PRESSURE,DYNAMIC SPATIOTEMPORAL WATCH,SCENARIO-BASED; VERIFY WITH OFFICIAL SURVEILLANCE
2045-11,1204718000,Cotabato,ARAKAN,0.1501871645500313,2.9251132773905453,NOT_SIGNIFICANT,0,0,39.13781371550733,LOW,42.12271888983716,NEIGHBOR_INFECTIOUS_PRESSURE,DYNAMIC SPATIOTEMPORAL WATCH,SCENARIO-BASED; VERIFY WITH OFFICIAL SURVEILLANCE
2045-11,1206314000,South Cotabato,TAMPAKAN,0.14379975270015366,4.520834431897995,HOT_SPOT_95,1,10,38.455237108524585,LOW,26.759438875535558,STATISTICAL_HOTSPOT+CONNECTED_HOTSPOT_CLUSTER,DYNAMIC SPATIOTEMPORAL WATCH,SCENARIO-BASED; VERIFY WITH OFFICIAL SURVEILLANCE
2045-11,1204712000,Cotabato,PIKIT,0.21115732803165616,2.5074165785779097,NOT_SIGNIFICANT,0,0,37.31534308322797,LOW,47.01337882419642,NEIGHBOR_INFECTIOUS_PRESSURE,DYNAMIC SPATIOTEMPORAL WATCH,SCENARIO-BASED; VERIFY WITH OFFICIAL SURVEILLANCE
2045-11,1206509000,Sultan Kudarat,PALIMBANG,0.2935101973447303,2.630704652781331,COLD_SPOT_90,0,0,33.925616948795835,LOW,47.94188517092226,NEIGHBOR_INFECTIOUS_PRESSURE,DYNAMIC SPATIOTEMPORAL WATCH,SCENARIO-BASED; VERIFY WITH OFFICIAL SURVEILLANCE
2045-12,1206306000,South Cotabato,KORONADAL,1.2019594384657266,8.130524694185365,HOT_SPOT_99,1,10,74.8728542535211,HIGH,50.72059703265752,TRANSMISSION_PRESSURE_PROXY+STATISTICAL_HOTSPOT+CONNECTED_HOTSPOT_CLUSTER,DYNAMIC SPATIOTEMPORAL WATCH,SCENARIO-BASED; VERIFY WITH OFFICIAL SURVEILLANCE
2045-12,1206511000,Sultan Kudarat,TACURONG,0.5624685545176599,7.057315807633836,HOT_SPOT_99,1,10,72.47248676756341,HIGH,45.65995549908548,TRANSMISSION_PRESSURE_PROXY+STATISTICAL_HOTSPOT+CONNECTED_HOTSPOT_CLUSTER,DYNAMIC SPATIOTEMPORAL WATCH,SCENARIO-BASED; VERIFY WITH OFFICIAL SURVEILLANCE
2045-12,1206311000,South Cotabato,NORALA,0.15424079820886602,6.350944816777079,HOT_SPOT_99,1,10,70.042987245435,HIGH,41.05427459239078,TRANSMISSION_PRESSURE_PROXY+STATISTICAL_HOTSPOT+CONNECTED_HOTSPOT_CLUSTER+NEIGHBOR_INFECTIOUS_PRESSURE,DYNAMIC SPATIOTEMPORAL WATCH,SCENARIO-BASED; VERIFY WITH OFFICIAL SURVEILLANCE
2045-12,1206315000,South Cotabato,TANTANGAN,0.15746488075665277,7.00087466558812,HOT_SPOT_99,1,10,68.10293153316275,HIGH,40.61665077051017,TRANSMISSION_PRESSURE_PROXY+STATISTICAL_HOTSPOT+CONNECTED_HOTSPOT_CLUSTER,DYNAMIC SPATIOTEMPORAL WATCH,SCENARIO-BASED; VERIFY WITH OFFICIAL SURVEILLANCE
2045-12,1206318000,South Cotabato,SANTO NIÑO,0.16798805461955904,7.479984148039254,HOT_SPOT_95,1,10,66.99427347230522,HIGH,40.820802000650794,TRANSMISSION_PRESSURE_PROXY+STATISTICAL_HOTSPOT+CONNECTED_HOTSPOT_CLUSTER,DYNAMIC SPATIOTEMPORAL WATCH,SCENARIO-BASED; VERIFY WITH OFFICIAL SURVEILLANCE
2045-12,1206302000,South Cotabato,BANGA,0.23697948964431598,5.850064885570057,HOT_SPOT_99,1,10,62.020191074215106,MODERATE,39.97631445104959,STATISTICAL_HOTSPOT+CONNECTED_HOTSPOT_CLUSTER+NEIGHBOR_INFECTIOUS_PRESSURE,DYNAMIC SPATIOTEMPORAL WATCH,SCENARIO-BASED; VERIFY WITH OFFICIAL SURVEILLANCE
2045-12,1206317000,South Cotabato,TUPI,0.3292878255401284,5.090484708282999,HOT_SPOT_90,1,10,55.215496110622375,MODERATE,35.37354724513624,CONNECTED_HOTSPOT_CLUSTER,DYNAMIC SPATIOTEMPORAL WATCH,SCENARIO-BASED; VERIFY WITH OFFICIAL SURVEILLANCE
2045-12,1206314000,South Cotabato,TAMPAKAN,0.06158365483607494,4.522398750835079,HOT_SPOT_95,1,10,44.29597936849364,LOW,30.561696555618216,STATISTICAL_HOTSPOT+CONNECTED_HOTSPOT_CLUSTER,DYNAMIC SPATIOTEMPORAL WATCH,SCENARIO-BASED; VERIFY WITH OFFICIAL SURVEILLANCE
2045-12,1206507000,Sultan Kudarat,LUTAYAN,0.1310707243993625,3.845271061624842,HOT_SPOT_95,1,10,43.58770453471815,LOW,31.679208529561397,STATISTICAL_HOTSPOT+CONNECTED_HOTSPOT_CLUSTER,DYNAMIC SPATIOTEMPORAL WATCH,SCENARIO-BASED; VERIFY WITH OFFICIAL SURVEILLANCE
2045-12,1204712000,Cotabato,PIKIT,0.09884528633220276,2.5098937794441403,NOT_SIGNIFICANT,0,0,38.115372322763974,LOW,48.70396718637075,NEIGHBOR_INFECTIOUS_PRESSURE,DYNAMIC SPATIOTEMPORAL WATCH,SCENARIO-BASED; VERIFY WITH OFFICIAL SURVEILLANCE
2045-12,1204701000,Cotabato,ALAMADA,0.1000391234534306,2.7467513568955684,NOT_SIGNIFICANT,0,0,38.05052204296925,LOW,49.37202539501764,NEIGHBOR_INFECTIOUS_PRESSURE,DYNAMIC SPATIOTEMPORAL WATCH,SCENARIO-BASED; VERIFY WITH OFFICIAL SURVEILLANCE
2046-01,1206311000,South Cotabato,NORALA,0.12389722929972315,6.351917451210831,HOT_SPOT_99,1,10,75.13424679839214,HIGH,42.27202392072571,TRANSMISSION_PRESSURE_PROXY+STATISTICAL_HOTSPOT+CONNECTED_HOTSPOT_CLUSTER+NEIGHBOR_INFECTIOUS_PRESSURE,DYNAMIC SPATIOTEMPORAL WATCH,SCENARIO-BASED; VERIFY WITH OFFICIAL SURVEILLANCE
2046-01,1206315000,South Cotabato,TANTANGAN,0.12919921649178706,7.001832132643709,HOT_SPOT_99,1,10,73.84458448463923,HIGH,42.08881498123971,TRANSMISSION_PRESSURE_PROXY+STATISTICAL_HOTSPOT+CONNECTED_HOTSPOT_CLUSTER,DYNAMIC SPATIOTEMPORAL WATCH,SCENARIO-BASED; VERIFY WITH OFFICIAL SURVEILLANCE
2046-01,1206306000,South Cotabato,KORONADAL,0.6691513899921755,8.12902896579246,HOT_SPOT_99,1,10,70.85846522392902,HIGH,46.995544826591185,TRANSMISSION_PRESSURE_PROXY+STATISTICAL_HOTSPOT+CONNECTED_HOTSPOT_CLUSTER,DYNAMIC SPATIOTEMPORAL WATCH,SCENARIO-BASED; VERIFY WITH OFFICIAL SURVEILLANCE
2046-01,1206318000,South Cotabato,SANTO NIÑO,0.11262715324081074,7.4810133390409606,HOT_SPOT_95,1,10,68.55202901811073,HIGH,41.15849639639424,TRANSMISSION_PRESSURE_PROXY+STATISTICAL_HOTSPOT+CONNECTED_HOTSPOT_CLUSTER,DYNAMIC SPATIOTEMPORAL WATCH,SCENARIO-BASED; VERIFY WITH OFFICIAL SURVEILLANCE
2046-01,1206302000,South Cotabato,BANGA,0.17475384628552398,5.8497168887064,HOT_SPOT_99,1,10,62.96292579350651,MODERATE,40.53900893546486,STATISTICAL_HOTSPOT+CONNECTED_HOTSPOT_CLUSTER+NEIGHBOR_INFECTIOUS_PRESSURE,DYNAMIC SPATIOTEMPORAL WATCH,SCENARIO-BASED; VERIFY WITH OFFICIAL SURVEILLANCE
2046-01,1206511000,Sultan Kudarat,TACURONG,0.2627471786034577,7.054402923386109,HOT_SPOT_99,1,10,61.04013220703024,MODERATE,40.24087035834586,STATISTICAL_HOTSPOT+CONNECTED_HOTSPOT_CLUSTER,DYNAMIC SPATIOTEMPORAL WATCH,SCENARIO-BASED; VERIFY WITH OFFICIAL SURVEILLANCE
2046-01,1206314000,South Cotabato,TAMPAKAN,0.07182796353044726,4.524515864389984,HOT_SPOT_95,1,10,55.64476376524235,MODERATE,36.48098588478547,STATISTICAL_HOTSPOT+CONNECTED_HOTSPOT_CLUSTER+NEIGHBOR_INFECTIOUS_PRESSURE,DYNAMIC SPATIOTEMPORAL WATCH,SCENARIO-BASED; VERIFY WITH OFFICIAL SURVEILLANCE
2046-01,1204701000,Cotabato,ALAMADA,0.10413776347606467,2.749149431559138,NOT_SIGNIFICANT,0,0,47.60972774170317,MODERATE,55.81088984841816,NEIGHBOR_INFECTIOUS_PRESSURE,DYNAMIC SPATIOTEMPORAL WATCH,SCENARIO-BASED; VERIFY WITH OFFICIAL SURVEILLANCE
2046-01,1206507000,Sultan Kudarat,LUTAYAN,0.08723825368608436,3.845835781277676,HOT_SPOT_95,1,10,41.632071525386415,LOW,30.94493873471825,STATISTICAL_HOTSPOT+CONNECTED_HOTSPOT_CLUSTER,DYNAMIC SPATIOTEMPORAL WATCH,SCENARIO-BASED; VERIFY WITH OFFICIAL SURVEILLANCE
2046-01,1204712000,Cotabato,PIKIT,0.07449841535315437,2.511380008739693,NOT_SIGNIFICANT,0,0,40.289374363213206,LOW,51.24798298213403,NEIGHBOR_INFECTIOUS_PRESSURE,DYNAMIC SPATIOTEMPORAL WATCH,SCENARIO-BASED; VERIFY WITH OFFICIAL SURVEILLANCE
2046-01,1206509000,Sultan Kudarat,PALIMBANG,0.10274012904749416,2.6343438227468567,COLD_SPOT_90,0,0,38.71568952668659,LOW,52.10150960883707,NEIGHBOR_INFECTIOUS_PRESSURE,DYNAMIC SPATIOTEMPORAL WATCH,SCENARIO-BASED; VERIFY WITH OFFICIAL SURVEILLANCE
2046-02,1206315000,South Cotabato,TANTANGAN,0.6741938626161773,7.0302931912375835,HOT_SPOT_99,1,10,77.54562500772576,HIGH,46.24814511789139,TRANSMISSION_PRESSURE_PROXY+STATISTICAL_HOTSPOT+CONNECTED_HOTSPOT_CLUSTER,DYNAMIC SPATIOTEMPORAL WATCH,SCENARIO-BASED; VERIFY WITH OFFICIAL SURVEILLANCE
2046-02,1206302000,South Cotabato,BANGA,1.0367420066728223,5.8723066786879485,HOT_SPOT_99,1,10,71.8221719638253,HIGH,46.21160357779736,TRANSMISSION_PRESSURE_PROXY+STATISTICAL_HOTSPOT+CONNECTED_HOTSPOT_CLUSTER,DYNAMIC SPATIOTEMPORAL WATCH,SCENARIO-BASED; VERIFY WITH OFFICIAL SURVEILLANCE
2046-02,1206511000,Sultan Kudarat,TACURONG,1.251143195644246,7.070845673606366,HOT_SPOT_99,1,10,70.20036606136746,HIGH,44.84556375374163,TRANSMISSION_PRESSURE_PROXY+STATISTICAL_HOTSPOT+CONNECTED_HOTSPOT_CLUSTER,DYNAMIC SPATIOTEMPORAL WATCH,SCENARIO-BASED; VERIFY WITH OFFICIAL SURVEILLANCE
2046-02,1206306000,South Cotabato,KORONADAL,2.1084715237041283,8.14362626956893,HOT_SPOT_99,1,10,69.75486472732064,HIGH,46.646974736033854,TRANSMISSION_PRESSURE_PROXY+STATISTICAL_HOTSPOT+CONNECTED_HOTSPOT_CLUSTER,DYNAMIC SPATIOTEMPORAL WATCH,SCENARIO-BASED; VERIFY WITH OFFICIAL SURVEILLANCE
2046-02,1206311000,South Cotabato,NORALA,0.30914093254237424,6.362096596379652,HOT_SPOT_99,1,10,65.21096668153203,HIGH,38.71937280686955,TRANSMISSION_PRESSURE_PROXY+STATISTICAL_HOTSPOT+CONNECTED_HOTSPOT_CLUSTER,DYNAMIC SPATIOTEMPORAL WATCH,SCENARIO-BASED; VERIFY WITH OFFICIAL SURVEILLANCE
2046-02,1206318000,South Cotabato,SANTO NIÑO,0.30451787648247086,7.493398658030015,HOT_SPOT_95,1,10,62.267476862359075,MODERATE,39.97607597604569,STATISTICAL_HOTSPOT+CONNECTED_HOTSPOT_CLUSTER,DYNAMIC SPATIOTEMPORAL WATCH,SCENARIO-BASED; VERIFY WITH OFFICIAL SURVEILLANCE
2046-02,1206314000,South Cotabato,TAMPAKAN,0.17457911234266513,4.5327566871740865,HOT_SPOT_95,1,10,45.59835614190595,MODERATE,30.953131146028532,STATISTICAL_HOTSPOT+CONNECTED_HOTSPOT_CLUSTER,DYNAMIC SPATIOTEMPORAL WATCH,SCENARIO-BASED; VERIFY WITH OFFICIAL SURVEILLANCE
2046-02,1204711000,Cotabato,PIGKAWAYAN,0.18463083571828837,3.9562799641266766,NOT_SIGNIFICANT,0,0,44.13758114246234,LOW,48.96899036081992,NEIGHBOR_INFECTIOUS_PRESSURE,DYNAMIC SPATIOTEMPORAL WATCH,SCENARIO-BASED; VERIFY WITH OFFICIAL SURVEILLANCE
2046-02,1206507000,Sultan Kudarat,LUTAYAN,0.2422854505512905,3.85222836417742,HOT_SPOT_95,1,10,40.099744699718556,LOW,30.157278652875224,STATISTICAL_HOTSPOT+CONNECTED_HOTSPOT_CLUSTER,DYNAMIC SPATIOTEMPORAL WATCH,SCENARIO-BASED; VERIFY WITH OFFICIAL SURVEILLANCE
2046-02,1204712000,Cotabato,PIKIT,0.1863418786409762,2.51702878196571,NOT_SIGNIFICANT,0,0,39.83786452291219,LOW,50.04041503943891,NEIGHBOR_INFECTIOUS_PRESSURE,DYNAMIC SPATIOTEMPORAL WATCH,SCENARIO-BASED; VERIFY WITH OFFICIAL SURVEILLANCE
2046-02,1204701000,Cotabato,ALAMADA,0.18665029174726458,2.7544103106936615,NOT_SIGNIFICANT,0,0,38.94302259265785,LOW,48.72276215291224,NEIGHBOR_INFECTIOUS_PRESSURE,DYNAMIC SPATIOTEMPORAL WATCH,SCENARIO-BASED; VERIFY WITH OFFICIAL SURVEILLANCE
2046-02,1206509000,Sultan Kudarat,PALIMBANG,0.2123268013661021,2.640251222079387,COLD_SPOT_90,0,0,35.12434598838333,LOW,47.72206453813305,NEIGHBOR_INFECTIOUS_PRESSURE,DYNAMIC SPATIOTEMPORAL WATCH,SCENARIO-BASED; VERIFY WITH OFFICIAL SURVEILLANCE
2046-03,1206311000,South Cotabato,NORALA,0.7809715034826097,6.395974749324054,HOT_SPOT_99,1,10,75.22052249977375,HIGH,46.09503234478354,TRANSMISSION_PRESSURE_PROXY+STATISTICAL_HOTSPOT+CONNECTED_HOTSPOT_CLUSTER,DYNAMIC SPATIOTEMPORAL WATCH,SCENARIO-BASED; VERIFY WITH OFFICIAL SURVEILLANCE
2046-03,1206306000,South Cotabato,KORONADAL,3.4054288260581274,8.172428909406916,HOT_SPOT_99,1,10,74.31063548092077,HIGH,51.49821489312795,TRANSMISSION_PRESSURE_PROXY+STATISTICAL_HOTSPOT+CONNECTED_HOTSPOT_CLUSTER,DYNAMIC SPATIOTEMPORAL WATCH,SCENARIO-BASED; VERIFY WITH OFFICIAL SURVEILLANCE
2046-03,1206315000,South Cotabato,TANTANGAN,0.5256049139295719,7.051647842471771,HOT_SPOT_99,1,10,73.34152976581811,HIGH,41.617927823087825,TRANSMISSION_PRESSURE_PROXY+STATISTICAL_HOTSPOT+CONNECTED_HOTSPOT_CLUSTER,DYNAMIC SPATIOTEMPORAL WATCH,SCENARIO-BASED; VERIFY WITH OFFICIAL SURVEILLANCE
2046-03,1206511000,Sultan Kudarat,TACURONG,1.5868451451619883,7.094093233984223,HOT_SPOT_99,1,10,73.13744148087353,HIGH,45.833887532094785,TRANSMISSION_PRESSURE_PROXY+STATISTICAL_HOTSPOT+CONNECTED_HOTSPOT_CLUSTER,DYNAMIC SPATIOTEMPORAL WATCH,SCENARIO-BASED; VERIFY WITH OFFICIAL SURVEILLANCE
2046-03,1206318000,South Cotabato,SANTO NIÑO,0.7482797652829588,7.532995988044896,HOT_SPOT_95,1,10,71.07448143328244,HIGH,46.94289161579862,TRANSMISSION_PRESSURE_PROXY+STATISTICAL_HOTSPOT+CONNECTED_HOTSPOT_CLUSTER,DYNAMIC SPATIOTEMPORAL WATCH,SCENARIO-BASED; VERIFY WITH OFFICIAL SURVEILLANCE
2046-03,1206302000,South Cotabato,BANGA,1.0029856785381102,5.894491503788557,HOT_SPOT_99,1,10,68.95092364458984,HIGH,42.43678760218858,TRANSMISSION_PRESSURE_PROXY+STATISTICAL_HOTSPOT+CONNECTED_HOTSPOT_CLUSTER,DYNAMIC SPATIOTEMPORAL WATCH,SCENARIO-BASED; VERIFY WITH OFFICIAL SURVEILLANCE
2046-03,1204711000,Cotabato,PIGKAWAYAN,0.3853336597374493,3.971976315165418,NOT_SIGNIFICANT,0,0,58.305977075579094,MODERATE,58.46328375069594,NONE,DYNAMIC SPATIOTEMPORAL WATCH,SCENARIO-BASED; VERIFY WITH OFFICIAL SURVEILLANCE
2046-03,1206314000,South Cotabato,TAMPAKAN,0.40694308187688527,4.555039915658965,HOT_SPOT_95,1,10,54.86957387826378,MODERATE,34.04287978305442,STATISTICAL_HOTSPOT+CONNECTED_HOTSPOT_CLUSTER,DYNAMIC SPATIOTEMPORAL WATCH,SCENARIO-BASED; VERIFY WITH OFFICIAL SURVEILLANCE
2046-03,1206507000,Sultan Kudarat,LUTAYAN,0.40956443835859685,3.864913821542639,HOT_SPOT_95,1,10,49.90141704584063,MODERATE,38.40258412093123,STATISTICAL_HOTSPOT+CONNECTED_HOTSPOT_CLUSTER,DYNAMIC SPATIOTEMPORAL WATCH,SCENARIO-BASED; VERIFY WITH OFFICIAL SURVEILLANCE
2046-03,1204701000,Cotabato,ALAMADA,0.25207743740914207,2.7619781487384207,NOT_SIGNIFICANT,0,0,41.25798045142436,LOW,51.37815330666964,NEIGHBOR_INFECTIOUS_PRESSURE,DYNAMIC SPATIOTEMPORAL WATCH,SCENARIO-BASED; VERIFY WITH OFFICIAL SURVEILLANCE
2046-03,1204712000,Cotabato,PIKIT,0.22215163879884253,2.523989580142704,NOT_SIGNIFICANT,0,0,40.094691928342094,LOW,50.148781417561736,NEIGHBOR_INFECTIOUS_PRESSURE,DYNAMIC SPATIOTEMPORAL WATCH,SCENARIO-BASED; VERIFY WITH OFFICIAL SURVEILLANCE
2046-03,1206509000,Sultan Kudarat,PALIMBANG,0.33803751460622916,2.6472764637049186,COLD_SPOT_90,0,0,39.911406907947544,LOW,52.541423489769876,NEIGHBOR_INFECTIOUS_PRESSURE,DYNAMIC SPATIOTEMPORAL WATCH,SCENARIO-BASED; VERIFY WITH OFFICIAL SURVEILLANCE
2046-04,1206315000,South Cotabato,TANTANGAN,0.5007569365836992,7.0715598514979785,HOT_SPOT_99,1,10,80.41259349028542,CRITICAL,45.22806702442633,TRANSMISSION_PRESSURE_PROXY+STATISTICAL_HOTSPOT+CONNECTED_HOTSPOT_CLUSTER+NEIGHBOR_INFECTIOUS_PRESSURE,DYNAMIC SPATIOTEMPORAL WATCH,SCENARIO-BASED; VERIFY WITH OFFICIAL SURVEILLANCE
2046-04,1206511000,Sultan Kudarat,TACURONG,1.4219373278330092,7.114762580567369,HOT_SPOT_99,1,10,76.95040924190597,HIGH,46.76767053528077,TRANSMISSION_PRESSURE_PROXY+STATISTICAL_HOTSPOT+CONNECTED_HOTSPOT_CLUSTER,DYNAMIC SPATIOTEMPORAL WATCH,SCENARIO-BASED; VERIFY WITH OFFICIAL SURVEILLANCE
2046-04,1206302000,South Cotabato,BANGA,0.9137986141504059,5.914118737143052,HOT_SPOT_99,1,10,75.76688696330949,HIGH,44.82963233351588,TRANSMISSION_PRESSURE_PROXY+STATISTICAL_HOTSPOT+CONNECTED_HOTSPOT_CLUSTER+NEIGHBOR_INFECTIOUS_PRESSURE,DYNAMIC SPATIOTEMPORAL WATCH,SCENARIO-BASED; VERIFY WITH OFFICIAL SURVEILLANCE
2046-04,1206306000,South Cotabato,KORONADAL,2.9508180665689445,8.197385869333935,HOT_SPOT_99,1,10,74.81922326075413,HIGH,50.21561360746946,TRANSMISSION_PRESSURE_PROXY+STATISTICAL_HOTSPOT+CONNECTED_HOTSPOT_CLUSTER,DYNAMIC SPATIOTEMPORAL WATCH,SCENARIO-BASED; VERIFY WITH OFFICIAL SURVEILLANCE
2046-04,1206311000,South Cotabato,NORALA,0.37831916247266206,6.409960431193263,HOT_SPOT_99,1,10,72.85426042678903,HIGH,41.94141992839762,TRANSMISSION_PRESSURE_PROXY+STATISTICAL_HOTSPOT+CONNECTED_HOTSPOT_CLUSTER+NEIGHBOR_INFECTIOUS_PRESSURE,DYNAMIC SPATIOTEMPORAL WATCH,SCENARIO-BASED; VERIFY WITH OFFICIAL SURVEILLANCE
2046-04,1206318000,South Cotabato,SANTO NIÑO,0.3885775731729937,7.550698775163097,HOT_SPOT_95,1,10,71.47402976464177,HIGH,43.196323302536136,TRANSMISSION_PRESSURE_PROXY+STATISTICAL_HOTSPOT+CONNECTED_HOTSPOT_CLUSTER,DYNAMIC SPATIOTEMPORAL WATCH,SCENARIO-BASED; VERIFY WITH OFFICIAL SURVEILLANCE
2046-04,1206314000,South Cotabato,TAMPAKAN,0.6194910489678114,4.590104515014947,HOT_SPOT_95,1,10,63.090235665492955,MODERATE,37.73162232383326,STATISTICAL_HOTSPOT+CONNECTED_HOTSPOT_CLUSTER,DYNAMIC SPATIOTEMPORAL WATCH,SCENARIO-BASED; VERIFY WITH OFFICIAL SURVEILLANCE
2046-04,1204701000,Cotabato,ALAMADA,0.4460273163083953,2.7765130025167024,NOT_SIGNIFICANT,0,0,49.22988533899756,MODERATE,55.733390270503236,NEIGHBOR_INFECTIOUS_PRESSURE,DYNAMIC SPATIOTEMPORAL WATCH,SCENARIO-BASED; VERIFY WITH OFFICIAL SURVEILLANCE
2046-04,1206507000,Sultan Kudarat,LUTAYAN,0.2665083881662646,3.8719614396604256,HOT_SPOT_95,1,10,43.51189612195033,LOW,32.82733421084879,STATISTICAL_HOTSPOT+CONNECTED_HOTSPOT_CLUSTER+NEIGHBOR_INFECTIOUS_PRESSURE,DYNAMIC SPATIOTEMPORAL WATCH,SCENARIO-BASED; VERIFY WITH OFFICIAL SURVEILLANCE
2046-04,1204705000,Cotabato,LIBUNGAN,0.30497204512651865,4.498930735144471,NOT_SIGNIFICANT,0,0,37.30495469416523,LOW,29.32040020507817,NEIGHBOR_INFECTIOUS_PRESSURE,DYNAMIC SPATIOTEMPORAL WATCH,SCENARIO-BASED; VERIFY WITH OFFICIAL SURVEILLANCE
2046-05,1206315000,South Cotabato,TANTANGAN,0.266637040170401,7.079462336983385,HOT_SPOT_99,1,10,82.24765201613215,CRITICAL,46.917394082525966,TRANSMISSION_PRESSURE_PROXY+STATISTICAL_HOTSPOT+CONNECTED_HOTSPOT_CLUSTER+NEIGHBOR_INFECTIOUS_PRESSURE,DYNAMIC SPATIOTEMPORAL WATCH,SCENARIO-BASED; VERIFY WITH OFFICIAL SURVEILLANCE
2046-05,1206318000,South Cotabato,SANTO NIÑO,0.20251519048396888,7.55707155605938,HOT_SPOT_95,1,10,74.70143203631588,HIGH,44.827762476213394,TRANSMISSION_PRESSURE_PROXY+STATISTICAL_HOTSPOT+CONNECTED_HOTSPOT_CLUSTER,DYNAMIC SPATIOTEMPORAL WATCH,SCENARIO-BASED; VERIFY WITH OFFICIAL SURVEILLANCE
2046-05,1206306000,South Cotabato,KORONADAL,1.06406291823973,8.200688787191893,HOT_SPOT_99,1,10,73.11762184431399,HIGH,47.24777216382681,TRANSMISSION_PRESSURE_PROXY+STATISTICAL_HOTSPOT+CONNECTED_HOTSPOT_CLUSTER,DYNAMIC SPATIOTEMPORAL WATCH,SCENARIO-BASED; VERIFY WITH OFFICIAL SURVEILLANCE
2046-05,1206511000,Sultan Kudarat,TACURONG,0.5238752390695789,7.115306435015191,HOT_SPOT_99,1,10,71.85094235431933,HIGH,43.47074379998459,TRANSMISSION_PRESSURE_PROXY+STATISTICAL_HOTSPOT+CONNECTED_HOTSPOT_CLUSTER,DYNAMIC SPATIOTEMPORAL WATCH,SCENARIO-BASED; VERIFY WITH OFFICIAL SURVEILLANCE
2046-05,1206311000,South Cotabato,NORALA,0.16913358950845647,6.412250363641344,HOT_SPOT_99,1,10,70.7267712427812,HIGH,41.05818776923643,TRANSMISSION_PRESSURE_PROXY+STATISTICAL_HOTSPOT+CONNECTED_HOTSPOT_CLUSTER+NEIGHBOR_INFECTIOUS_PRESSURE,DYNAMIC SPATIOTEMPORAL WATCH,SCENARIO-BASED; VERIFY WITH OFFICIAL SURVEILLANCE
2046-05,1206302000,South Cotabato,BANGA,0.3104235998437808,5.917460699857503,HOT_SPOT_99,1,10,68.91867175346663,HIGH,42.19909892200083,TRANSMISSION_PRESSURE_PROXY+STATISTICAL_HOTSPOT+CONNECTED_HOTSPOT_CLUSTER+NEIGHBOR_INFECTIOUS_PRESSURE,DYNAMIC SPATIOTEMPORAL WATCH,SCENARIO-BASED; VERIFY WITH OFFICIAL SURVEILLANCE
2046-05,1206314000,South Cotabato,TAMPAKAN,0.10062273994138805,4.593676982729374,HOT_SPOT_95,1,10,53.81332269539429,MODERATE,32.51208083672104,STATISTICAL_HOTSPOT+CONNECTED_HOTSPOT_CLUSTER+NEIGHBOR_INFECTIOUS_PRESSURE,DYNAMIC SPATIOTEMPORAL WATCH,SCENARIO-BASED; VERIFY WITH OFFICIAL SURVEILLANCE
2046-05,1206507000,Sultan Kudarat,LUTAYAN,0.1479322195486179,3.8743905008762813,HOT_SPOT_95,1,10,46.33785972931516,MODERATE,35.28488579610861,STATISTICAL_HOTSPOT+CONNECTED_HOTSPOT_CLUSTER+NEIGHBOR_INFECTIOUS_PRESSURE,DYNAMIC SPATIOTEMPORAL WATCH,SCENARIO-BASED; VERIFY WITH OFFICIAL SURVEILLANCE
2046-06,1206311000,South Cotabato,NORALA,0.30433457019827065,6.421327573161892,HOT_SPOT_99,1,10,75.27615621280553,HIGH,41.79509386841331,TRANSMISSION_PRESSURE_PROXY+STATISTICAL_HOTSPOT+CONNECTED_HOTSPOT_CLUSTER+NEIGHBOR_INFECTIOUS_PRESSURE,DYNAMIC SPATIOTEMPORAL WATCH,SCENARIO-BASED; VERIFY WITH OFFICIAL SURVEILLANCE
2046-06,1206306000,South Cotabato,KORONADAL,1.8499804793972332,8.210669558997033,HOT_SPOT_99,1,10,73.14139104210857,HIGH,47.66644619372798,TRANSMISSION_PRESSURE_PROXY+STATISTICAL_HOTSPOT+CONNECTED_HOTSPOT_CLUSTER,DYNAMIC SPATIOTEMPORAL WATCH,SCENARIO-BASED; VERIFY WITH OFFICIAL SURVEILLANCE
2046-06,1206315000,South Cotabato,TANTANGAN,0.2952665262035492,7.08777577350522,HOT_SPOT_99,1,10,73.0037300339938,HIGH,41.53495119297271,TRANSMISSION_PRESSURE_PROXY+STATISTICAL_HOTSPOT+CONNECTED_HOTSPOT_CLUSTER+NEIGHBOR_INFECTIOUS_PRESSURE,DYNAMIC SPATIOTEMPORAL WATCH,SCENARIO-BASED; VERIFY WITH OFFICIAL SURVEILLANCE
2046-06,1206302000,South Cotabato,BANGA,0.5403023224908141,5.925894649094534,HOT_SPOT_99,1,10,70.1862410119428,HIGH,42.02934046244427,TRANSMISSION_PRESSURE_PROXY+STATISTICAL_HOTSPOT+CONNECTED_HOTSPOT_CLUSTER+NEIGHBOR_INFECTIOUS_PRESSURE,DYNAMIC SPATIOTEMPORAL WATCH,SCENARIO-BASED; VERIFY WITH OFFICIAL SURVEILLANCE
2046-06,1206318000,South Cotabato,SANTO NIÑO,0.2769780013148971,7.5669304150369685,HOT_SPOT_95,1,10,69.3286650897002,HIGH,41.16069446417583,TRANSMISSION_PRESSURE_PROXY+STATISTICAL_HOTSPOT+CONNECTED_HOTSPOT_CLUSTER,DYNAMIC SPATIOTEMPORAL WATCH,SCENARIO-BASED; VERIFY WITH OFFICIAL SURVEILLANCE
2046-06,1206511000,Sultan Kudarat,TACURONG,0.7797713409927269,7.120847030408021,HOT_SPOT_99,1,10,67.63648475147775,HIGH,40.97356354360026,TRANSMISSION_PRESSURE_PROXY+STATISTICAL_HOTSPOT+CONNECTED_HOTSPOT_CLUSTER,DYNAMIC SPATIOTEMPORAL WATCH,SCENARIO-BASED; VERIFY WITH OFFICIAL SURVEILLANCE
2046-06,1206317000,South Cotabato,TUPI,0.4846963557143247,5.147488061119029,HOT_SPOT_90,1,10,58.374640609238945,MODERATE,34.30348361786547,CONNECTED_HOTSPOT_CLUSTER,DYNAMIC SPATIOTEMPORAL WATCH,SCENARIO-BASED; VERIFY WITH OFFICIAL SURVEILLANCE
2046-06,1206314000,South Cotabato,TAMPAKAN,0.12290545814582916,4.598621518953227,HOT_SPOT_95,1,10,53.240985521317505,MODERATE,32.285420057418975,STATISTICAL_HOTSPOT+CONNECTED_HOTSPOT_CLUSTER+NEIGHBOR_INFECTIOUS_PRESSURE,DYNAMIC SPATIOTEMPORAL WATCH,SCENARIO-BASED; VERIFY WITH OFFICIAL SURVEILLANCE
2046-06,1206507000,Sultan Kudarat,LUTAYAN,0.3235566306037128,3.8835108516442323,HOT_SPOT_95,1,10,52.490956826419975,MODERATE,38.32392332658025,STATISTICAL_HOTSPOT+CONNECTED_HOTSPOT_CLUSTER,DYNAMIC SPATIOTEMPORAL WATCH,SCENARIO-BASED; VERIFY WITH OFFICIAL SURVEILLANCE
2046-06,1204706000,Cotabato,MAGPET,0.13711492066408026,3.267015767580524,NOT_SIGNIFICANT,0,0,42.55083044585659,LOW,46.32391050775241,NEIGHBOR_INFECTIOUS_PRESSURE,DYNAMIC SPATIOTEMPORAL WATCH,SCENARIO-BASED; VERIFY WITH OFFICIAL SURVEILLANCE
2046-07,1206306000,South Cotabato,KORONADAL,1.7380461971373908,8.219502930239482,HOT_SPOT_99,1,10,78.85030250050832,HIGH,51.334606883346474,TRANSMISSION_PRESSURE_PROXY+STATISTICAL_HOTSPOT+CONNECTED_HOTSPOT_CLUSTER,DYNAMIC SPATIOTEMPORAL WATCH,SCENARIO-BASED; VERIFY WITH OFFICIAL SURVEILLANCE
2046-07,1206511000,Sultan Kudarat,TACURONG,1.188360991665394,7.134591896516159,HOT_SPOT_99,1,10,70.15251910833723,HIGH,46.27787449114481,TRANSMISSION_PRESSURE_PROXY+STATISTICAL_HOTSPOT+CONNECTED_HOTSPOT_CLUSTER,DYNAMIC SPATIOTEMPORAL WATCH,SCENARIO-BASED; VERIFY WITH OFFICIAL SURVEILLANCE
2046-07,1206314000,South Cotabato,TAMPAKAN,0.28847291805297337,4.6136286448142485,HOT_SPOT_95,1,10,66.76988402155695,HIGH,37.51423620506105,TRANSMISSION_PRESSURE_PROXY+STATISTICAL_HOTSPOT+CONNECTED_HOTSPOT_CLUSTER+NEIGHBOR_INFECTIOUS_PRESSURE,DYNAMIC SPATIOTEMPORAL WATCH,SCENARIO-BASED; VERIFY WITH OFFICIAL SURVEILLANCE
2046-07,1206311000,South Cotabato,NORALA,0.2005312484521627,6.425216422213121,HOT_SPOT_99,1,10,61.34902030166548,MODERATE,38.445825572698276,STATISTICAL_HOTSPOT+CONNECTED_HOTSPOT_CLUSTER,DYNAMIC SPATIOTEMPORAL WATCH,SCENARIO-BASED; VERIFY WITH OFFICIAL SURVEILLANCE
2046-07,1206315000,South Cotabato,TANTANGAN,0.19822400404500393,7.091246913668252,HOT_SPOT_99,1,10,59.48294475430396,MODERATE,37.26279082520969,STATISTICAL_HOTSPOT+CONNECTED_HOTSPOT_CLUSTER,DYNAMIC SPATIOTEMPORAL WATCH,SCENARIO-BASED; VERIFY WITH OFFICIAL SURVEILLANCE
2046-07,1206302000,South Cotabato,BANGA,0.3919891992880789,5.930429497412183,HOT_SPOT_99,1,10,57.9269995099823,MODERATE,38.19345241868016,STATISTICAL_HOTSPOT+CONNECTED_HOTSPOT_CLUSTER,DYNAMIC SPATIOTEMPORAL WATCH,SCENARIO-BASED; VERIFY WITH OFFICIAL SURVEILLANCE
2046-07,1206318000,South Cotabato,SANTO NIÑO,0.17896361322716026,7.5709645130995735,HOT_SPOT_95,1,10,55.6507183703777,MODERATE,37.754931593554865,STATISTICAL_HOTSPOT+CONNECTED_HOTSPOT_CLUSTER,DYNAMIC SPATIOTEMPORAL WATCH,SCENARIO-BASED; VERIFY WITH OFFICIAL SURVEILLANCE
2046-07,1206507000,Sultan Kudarat,LUTAYAN,0.17765875544811113,3.887064183136889,HOT_SPOT_95,1,10,44.172065754463574,LOW,33.308368935885156,STATISTICAL_HOTSPOT+CONNECTED_HOTSPOT_CLUSTER+NEIGHBOR_INFECTIOUS_PRESSURE,DYNAMIC SPATIOTEMPORAL WATCH,SCENARIO-BASED; VERIFY WITH OFFICIAL SURVEILLANCE
2046-07,1204706000,Cotabato,MAGPET,0.10900834430760324,3.2705933949284227,NOT_SIGNIFICANT,0,0,42.65598008572469,LOW,46.31056634008208,NEIGHBOR_INFECTIOUS_PRESSURE,DYNAMIC SPATIOTEMPORAL WATCH,SCENARIO-BASED; VERIFY WITH OFFICIAL SURVEILLANCE
2046-08,1206306000,South Cotabato,KORONADAL,1.4283605356643143,8.225248489611742,HOT_SPOT_99,1,10,73.80394343345846,HIGH,48.34294572549367,TRANSMISSION_PRESSURE_PROXY+STATISTICAL_HOTSPOT+CONNECTED_HOTSPOT_CLUSTER,DYNAMIC SPATIOTEMPORAL WATCH,SCENARIO-BASED; VERIFY WITH OFFICIAL SURVEILLANCE
2046-08,1206511000,Sultan Kudarat,TACURONG,0.7746172721065147,7.140540346942328,HOT_SPOT_99,1,10,64.35575390852178,MODERATE,40.18691806105574,STATISTICAL_HOTSPOT+CONNECTED_HOTSPOT_CLUSTER,DYNAMIC SPATIOTEMPORAL WATCH,SCENARIO-BASED; VERIFY WITH OFFICIAL SURVEILLANCE
2046-08,1206311000,South Cotabato,NORALA,0.23650922680925737,6.431131797249347,HOT_SPOT_99,1,10,63.24913525710816,MODERATE,39.16431180827946,STATISTICAL_HOTSPOT+CONNECTED_HOTSPOT_CLUSTER,DYNAMIC SPATIOTEMPORAL WATCH,SCENARIO-BASED; VERIFY WITH OFFICIAL SURVEILLANCE
2046-08,1206315000,South Cotabato,TANTANGAN,0.23300279064154894,7.096684128281314,HOT_SPOT_99,1,10,61.919597397260596,MODERATE,38.37868822496719,STATISTICAL_HOTSPOT+CONNECTED_HOTSPOT_CLUSTER,DYNAMIC SPATIOTEMPORAL WATCH,SCENARIO-BASED; VERIFY WITH OFFICIAL SURVEILLANCE
2046-08,1206318000,South Cotabato,SANTO NIÑO,0.18980046011531493,7.575850090490926,HOT_SPOT_95,1,10,57.37679051404907,MODERATE,38.34150129621412,STATISTICAL_HOTSPOT+CONNECTED_HOTSPOT_CLUSTER,DYNAMIC SPATIOTEMPORAL WATCH,SCENARIO-BASED; VERIFY WITH OFFICIAL SURVEILLANCE
2046-08,1206302000,South Cotabato,BANGA,0.3987102121290257,5.9353372941960725,HOT_SPOT_99,1,10,55.942964514499636,MODERATE,37.76581247283689,STATISTICAL_HOTSPOT+CONNECTED_HOTSPOT_CLUSTER,DYNAMIC SPATIOTEMPORAL WATCH,SCENARIO-BASED; VERIFY WITH OFFICIAL SURVEILLANCE
2046-08,1206314000,South Cotabato,TAMPAKAN,0.12505805750330673,4.61865946119857,HOT_SPOT_95,1,10,50.52431666869809,MODERATE,30.664232218303916,STATISTICAL_HOTSPOT+CONNECTED_HOTSPOT_CLUSTER+NEIGHBOR_INFECTIOUS_PRESSURE,DYNAMIC SPATIOTEMPORAL WATCH,SCENARIO-BASED; VERIFY WITH OFFICIAL SURVEILLANCE
2046-08,1204706000,Cotabato,MAGPET,0.13659665630761417,3.27543717322348,NOT_SIGNIFICANT,0,0,48.23992537042719,MODERATE,51.624212635589906,NEIGHBOR_INFECTIOUS_PRESSURE,DYNAMIC SPATIOTEMPORAL WATCH,SCENARIO-BASED; VERIFY WITH OFFICIAL SURVEILLANCE
2046-08,1204701000,Cotabato,ALAMADA,0.2193406146206019,2.79448687930593,NOT_SIGNIFICANT,0,0,45.70399336414361,MODERATE,55.038286155724094,NEIGHBOR_INFECTIOUS_PRESSURE,DYNAMIC SPATIOTEMPORAL WATCH,SCENARIO-BASED; VERIFY WITH OFFICIAL SURVEILLANCE
2046-08,1206507000,Sultan Kudarat,LUTAYAN,0.18685446032892694,3.8910533062275134,HOT_SPOT_95,1,10,43.81411575760308,LOW,32.99582920590212,STATISTICAL_HOTSPOT+CONNECTED_HOTSPOT_CLUSTER+NEIGHBOR_INFECTIOUS_PRESSURE,DYNAMIC SPATIOTEMPORAL WATCH,SCENARIO-BASED; VERIFY WITH OFFICIAL SURVEILLANCE
2046-08,1204718000,Cotabato,ARAKAN,0.107815016831272,2.9813413169318284,NOT_SIGNIFICANT,0,0,41.33331055060516,LOW,43.28009114249613,NEIGHBOR_INFECTIOUS_PRESSURE,DYNAMIC SPATIOTEMPORAL WATCH,SCENARIO-BASED; VERIFY WITH OFFICIAL SURVEILLANCE
2046-09,1206306000,South Cotabato,KORONADAL,1.051267333870457,8.227249977996683,HOT_SPOT_99,1,10,74.35284674519667,HIGH,48.771246580116944,TRANSMISSION_PRESSURE_PROXY+STATISTICAL_HOTSPOT+CONNECTED_HOTSPOT_CLUSTER,DYNAMIC SPATIOTEMPORAL WATCH,SCENARIO-BASED; VERIFY WITH OFFICIAL SURVEILLANCE
2046-09,1206315000,South Cotabato,TANTANGAN,0.23799864501267268,7.10265587076427,HOT_SPOT_99,1,10,71.161575249312,HIGH,44.6023561383993,TRANSMISSION_PRESSURE_PROXY+STATISTICAL_HOTSPOT+CONNECTED_HOTSPOT_CLUSTER,DYNAMIC SPATIOTEMPORAL WATCH,SCENARIO-BASED; VERIFY WITH OFFICIAL SURVEILLANCE
2046-09,1206318000,South Cotabato,SANTO NIÑO,0.2508064559044063,7.584684417653898,HOT_SPOT_95,1,10,68.97867269253672,HIGH,46.08686771130138,TRANSMISSION_PRESSURE_PROXY+STATISTICAL_HOTSPOT+CONNECTED_HOTSPOT_CLUSTER,DYNAMIC SPATIOTEMPORAL WATCH,SCENARIO-BASED; VERIFY WITH OFFICIAL SURVEILLANCE
2046-09,1206311000,South Cotabato,NORALA,0.1610633850054153,6.4335044075202035,HOT_SPOT_99,1,10,63.69860467032642,MODERATE,39.22655817655011,STATISTICAL_HOTSPOT+CONNECTED_HOTSPOT_CLUSTER,DYNAMIC SPATIOTEMPORAL WATCH,SCENARIO-BASED; VERIFY WITH OFFICIAL SURVEILLANCE
2046-09,1206511000,Sultan Kudarat,TACURONG,0.49106182829243517,7.141377939150602,HOT_SPOT_99,1,10,62.86308646513239,MODERATE,39.55892506800123,STATISTICAL_HOTSPOT+CONNECTED_HOTSPOT_CLUSTER,DYNAMIC SPATIOTEMPORAL WATCH,SCENARIO-BASED; VERIFY WITH OFFICIAL SURVEILLANCE
2046-09,1206302000,South Cotabato,BANGA,0.2796333180865711,5.937330034537531,HOT_SPOT_99,1,10,56.52132939611029,MODERATE,38.062041224078236,STATISTICAL_HOTSPOT+CONNECTED_HOTSPOT_CLUSTER,DYNAMIC SPATIOTEMPORAL WATCH,SCENARIO-BASED; VERIFY WITH OFFICIAL SURVEILLANCE
2046-09,1206507000,Sultan Kudarat,LUTAYAN,0.20837538998455832,3.8960074871297143,HOT_SPOT_95,1,10,56.094929941458005,MODERATE,39.057079735719945,STATISTICAL_HOTSPOT+CONNECTED_HOTSPOT_CLUSTER+NEIGHBOR_INFECTIOUS_PRESSURE,DYNAMIC SPATIOTEMPORAL WATCH,SCENARIO-BASED; VERIFY WITH OFFICIAL SURVEILLANCE
2046-09,1204718000,Cotabato,ARAKAN,0.17389345698871791,2.988760630176202,NOT_SIGNIFICANT,0,0,55.30927469691272,MODERATE,49.06505390835383,NEIGHBOR_INFECTIOUS_PRESSURE,DYNAMIC SPATIOTEMPORAL WATCH,SCENARIO-BASED; VERIFY WITH OFFICIAL SURVEILLANCE
2046-09,1204712000,Cotabato,PIKIT,0.1856764495662612,2.5539337793395314,NOT_SIGNIFICANT,0,0,50.908968926894396,MODERATE,55.817266010945445,NEIGHBOR_INFECTIOUS_PRESSURE,DYNAMIC SPATIOTEMPORAL WATCH,SCENARIO-BASED; VERIFY WITH OFFICIAL SURVEILLANCE
2046-09,1206314000,South Cotabato,TAMPAKAN,0.06873514519350818,4.6204090772676025,HOT_SPOT_95,1,10,47.923197738191945,MODERATE,29.81723734019417,STATISTICAL_HOTSPOT+CONNECTED_HOTSPOT_CLUSTER+NEIGHBOR_INFECTIOUS_PRESSURE,DYNAMIC SPATIOTEMPORAL WATCH,SCENARIO-BASED; VERIFY WITH OFFICIAL SURVEILLANCE
2046-09,1204701000,Cotabato,ALAMADA,0.12546794549208595,2.797543473200174,NOT_SIGNIFICANT,0,0,41.63283064403869,LOW,51.28336530807706,NEIGHBOR_INFECTIOUS_PRESSURE,DYNAMIC SPATIOTEMPORAL WATCH,SCENARIO-BASED; VERIFY WITH OFFICIAL SURVEILLANCE
2046-10,1206311000,South Cotabato,NORALA,0.360458057675296,6.446237005295428,HOT_SPOT_99,1,10,72.60052665196764,HIGH,44.63290699932964,TRANSMISSION_PRESSURE_PROXY+STATISTICAL_HOTSPOT+CONNECTED_HOTSPOT_CLUSTER,DYNAMIC SPATIOTEMPORAL WATCH,SCENARIO-BASED; VERIFY WITH OFFICIAL SURVEILLANCE
2046-10,1206318000,South Cotabato,SANTO NIÑO,0.480902877500842,7.607594664035633,HOT_SPOT_95,1,10,70.64036592058183,HIGH,46.78601240935177,TRANSMISSION_PRESSURE_PROXY+STATISTICAL_HOTSPOT+CONNECTED_HOTSPOT_CLUSTER,DYNAMIC SPATIOTEMPORAL WATCH,SCENARIO-BASED; VERIFY WITH OFFICIAL SURVEILLANCE
2046-10,1206306000,South Cotabato,KORONADAL,1.8017456329104578,8.238364340892325,HOT_SPOT_99,1,10,69.25584332398392,HIGH,46.91442356176845,TRANSMISSION_PRESSURE_PROXY+STATISTICAL_HOTSPOT+CONNECTED_HOTSPOT_CLUSTER,DYNAMIC SPATIOTEMPORAL WATCH,SCENARIO-BASED; VERIFY WITH OFFICIAL SURVEILLANCE
2046-10,1206511000,Sultan Kudarat,TACURONG,0.9750969692230077,7.152350971775282,HOT_SPOT_99,1,10,67.21255084462624,HIGH,41.52271623405525,TRANSMISSION_PRESSURE_PROXY+STATISTICAL_HOTSPOT+CONNECTED_HOTSPOT_CLUSTER,DYNAMIC SPATIOTEMPORAL WATCH,SCENARIO-BASED; VERIFY WITH OFFICIAL SURVEILLANCE
2046-10,1206302000,South Cotabato,BANGA,0.6818721037943544,5.950326422291098,HOT_SPOT_99,1,10,67.02145424079175,HIGH,44.21116769518058,TRANSMISSION_PRESSURE_PROXY+STATISTICAL_HOTSPOT+CONNECTED_HOTSPOT_CLUSTER,DYNAMIC SPATIOTEMPORAL WATCH,SCENARIO-BASED; VERIFY WITH OFFICIAL SURVEILLANCE
2046-10,1206315000,South Cotabato,TANTANGAN,0.251320657514999,7.109562827491748,HOT_SPOT_99,1,10,61.102634276992305,MODERATE,38.80760330841882,STATISTICAL_HOTSPOT+CONNECTED_HOTSPOT_CLUSTER,DYNAMIC SPATIOTEMPORAL WATCH,SCENARIO-BASED; VERIFY WITH OFFICIAL SURVEILLANCE
2046-10,1206317000,South Cotabato,TUPI,0.6330828865066154,5.1742755177175885,HOT_SPOT_90,1,10,55.1433457739156,MODERATE,35.526524414482324,CONNECTED_HOTSPOT_CLUSTER,DYNAMIC SPATIOTEMPORAL WATCH,SCENARIO-BASED; VERIFY WITH OFFICIAL SURVEILLANCE
2046-10,1206507000,Sultan Kudarat,LUTAYAN,0.3428824139000333,3.9062078924432955,HOT_SPOT_95,1,10,47.3370039423475,MODERATE,36.30075263133107,STATISTICAL_HOTSPOT+CONNECTED_HOTSPOT_CLUSTER,DYNAMIC SPATIOTEMPORAL WATCH,SCENARIO-BASED; VERIFY WITH OFFICIAL SURVEILLANCE
2046-10,1204712000,Cotabato,PIKIT,0.21196438354375027,2.560496217673773,NOT_SIGNIFICANT,0,0,44.36617170795053,LOW,51.76774989813917,NEIGHBOR_INFECTIOUS_PRESSURE,DYNAMIC SPATIOTEMPORAL WATCH,SCENARIO-BASED; VERIFY WITH OFFICIAL SURVEILLANCE
2046-10,1204718000,Cotabato,ARAKAN,0.12319269479186801,2.993567339520048,NOT_SIGNIFICANT,0,0,43.79135506308571,LOW,44.196309614456,NEIGHBOR_INFECTIOUS_PRESSURE,DYNAMIC SPATIOTEMPORAL WATCH,SCENARIO-BASED; VERIFY WITH OFFICIAL SURVEILLANCE
2046-10,1206314000,South Cotabato,TAMPAKAN,0.11593612884604176,4.624991409068805,HOT_SPOT_95,1,10,41.18960471093567,LOW,26.700782650072686,STATISTICAL_HOTSPOT+CONNECTED_HOTSPOT_CLUSTER,DYNAMIC SPATIOTEMPORAL WATCH,SCENARIO-BASED; VERIFY WITH OFFICIAL SURVEILLANCE
2046-10,1204701000,Cotabato,ALAMADA,0.17151907573631356,2.8021948391955918,NOT_SIGNIFICANT,0,0,40.86173196149671,LOW,50.24065365126636,NEIGHBOR_INFECTIOUS_PRESSURE,DYNAMIC SPATIOTEMPORAL WATCH,SCENARIO-BASED; VERIFY WITH OFFICIAL SURVEILLANCE
2046-10,1206509000,Sultan Kudarat,PALIMBANG,0.22136092456485848,2.682448262225213,COLD_SPOT_90,0,0,36.526223564232865,LOW,48.173069352061496,NEIGHBOR_INFECTIOUS_PRESSURE,DYNAMIC SPATIOTEMPORAL WATCH,SCENARIO-BASED; VERIFY WITH OFFICIAL SURVEILLANCE
2046-11,1206311000,South Cotabato,NORALA,0.6722304450817218,6.475607476438647,HOT_SPOT_99,1,10,76.505343627859,HIGH,46.74484215055885,TRANSMISSION_PRESSURE_PROXY+STATISTICAL_HOTSPOT+CONNECTED_HOTSPOT_CLUSTER,DYNAMIC SPATIOTEMPORAL WATCH,SCENARIO-BASED; VERIFY WITH OFFICIAL SURVEILLANCE
2046-11,1206315000,South Cotabato,TANTANGAN,0.7795476355929856,7.143378720255264,HOT_SPOT_99,1,10,72.30178179938754,HIGH,45.42545875781999,TRANSMISSION_PRESSURE_PROXY+STATISTICAL_HOTSPOT+CONNECTED_HOTSPOT_CLUSTER,DYNAMIC SPATIOTEMPORAL WATCH,SCENARIO-BASED; VERIFY WITH OFFICIAL SURVEILLANCE
2046-11,1206306000,South Cotabato,KORONADAL,2.726287776156874,8.260373290503617,HOT_SPOT_99,1,10,71.02164945925638,HIGH,48.808586180354006,TRANSMISSION_PRESSURE_PROXY+STATISTICAL_HOTSPOT+CONNECTED_HOTSPOT_CLUSTER,DYNAMIC SPATIOTEMPORAL WATCH,SCENARIO-BASED; VERIFY WITH OFFICIAL SURVEILLANCE
2046-11,1206318000,South Cotabato,SANTO NIÑO,0.523714030321825,7.633956624179425,HOT_SPOT_95,1,10,69.7766285918012,HIGH,43.69606838853748,TRANSMISSION_PRESSURE_PROXY+STATISTICAL_HOTSPOT+CONNECTED_HOTSPOT_CLUSTER,DYNAMIC SPATIOTEMPORAL WATCH,SCENARIO-BASED; VERIFY WITH OFFICIAL SURVEILLANCE
2046-11,1206511000,Sultan Kudarat,TACURONG,1.1118944686991203,7.166432653603665,HOT_SPOT_99,1,10,62.55130164812653,MODERATE,39.81877869034009,STATISTICAL_HOTSPOT+CONNECTED_HOTSPOT_CLUSTER,DYNAMIC SPATIOTEMPORAL WATCH,SCENARIO-BASED; VERIFY WITH OFFICIAL SURVEILLANCE
2046-11,1206302000,South Cotabato,BANGA,0.7573991077760798,5.966107287641623,HOT_SPOT_99,1,10,62.404616412232386,MODERATE,40.173734993826315,STATISTICAL_HOTSPOT+CONNECTED_HOTSPOT_CLUSTER,DYNAMIC SPATIOTEMPORAL WATCH,SCENARIO-BASED; VERIFY WITH OFFICIAL SURVEILLANCE
2046-11,1206507000,Sultan Kudarat,LUTAYAN,0.5550642848243631,3.924604153687002,HOT_SPOT_95,1,10,50.12787213375191,MODERATE,36.40793288347184,STATISTICAL_HOTSPOT+CONNECTED_HOTSPOT_CLUSTER,DYNAMIC SPATIOTEMPORAL WATCH,SCENARIO-BASED; VERIFY WITH OFFICIAL SURVEILLANCE
2046-11,1204701000,Cotabato,ALAMADA,0.31012458733322645,2.811764821646377,NOT_SIGNIFICANT,0,0,44.0882924401186,LOW,52.53833031610374,NEIGHBOR_INFECTIOUS_PRESSURE,DYNAMIC SPATIOTEMPORAL WATCH,SCENARIO-BASED; VERIFY WITH OFFICIAL SURVEILLANCE
2046-11,1204718000,Cotabato,ARAKAN,0.15491439475737376,2.999901591651687,NOT_SIGNIFICANT,0,0,39.369949783397765,LOW,42.292232394815755,NEIGHBOR_INFECTIOUS_PRESSURE,DYNAMIC SPATIOTEMPORAL WATCH,SCENARIO-BASED; VERIFY WITH OFFICIAL SURVEILLANCE
2046-11,1206314000,South Cotabato,TAMPAKAN,0.14821980437008989,4.631507600990989,HOT_SPOT_95,1,10,38.51841769081065,LOW,26.897166990983415,STATISTICAL_HOTSPOT+CONNECTED_HOTSPOT_CLUSTER,DYNAMIC SPATIOTEMPORAL WATCH,SCENARIO-BASED; VERIFY WITH OFFICIAL SURVEILLANCE
2046-11,1204712000,Cotabato,PIKIT,0.21753914768032126,2.5672364498788283,NOT_SIGNIFICANT,0,0,37.29642270605033,LOW,47.03416187351195,NEIGHBOR_INFECTIOUS_PRESSURE,DYNAMIC SPATIOTEMPORAL WATCH,SCENARIO-BASED; VERIFY WITH OFFICIAL SURVEILLANCE
2046-11,1206509000,Sultan Kudarat,PALIMBANG,0.30066281400702555,2.688233973274981,COLD_SPOT_90,0,0,33.85901393007886,LOW,47.893547334225666,NEIGHBOR_INFECTIOUS_PRESSURE,DYNAMIC SPATIOTEMPORAL WATCH,SCENARIO-BASED; VERIFY WITH OFFICIAL SURVEILLANCE
2046-12,1206306000,South Cotabato,KORONADAL,1.2342192973780277,8.267110528817001,HOT_SPOT_99,1,10,75.04443718700668,HIGH,50.923375603159855,TRANSMISSION_PRESSURE_PROXY+STATISTICAL_HOTSPOT+CONNECTED_HOTSPOT_CLUSTER,DYNAMIC SPATIOTEMPORAL WATCH,SCENARIO-BASED; VERIFY WITH OFFICIAL SURVEILLANCE
2046-12,1206511000,Sultan Kudarat,TACURONG,0.5747837158635339,7.169967706635077,HOT_SPOT_99,1,10,72.54234404888615,HIGH,45.764407164731686,TRANSMISSION_PRESSURE_PROXY+STATISTICAL_HOTSPOT+CONNECTED_HOTSPOT_CLUSTER,DYNAMIC SPATIOTEMPORAL WATCH,SCENARIO-BASED; VERIFY WITH OFFICIAL SURVEILLANCE
2046-12,1206311000,South Cotabato,NORALA,0.15847583529143144,6.479133742609102,HOT_SPOT_99,1,10,70.05318337685239,HIGH,41.135506790615636,TRANSMISSION_PRESSURE_PROXY+STATISTICAL_HOTSPOT+CONNECTED_HOTSPOT_CLUSTER+NEIGHBOR_INFECTIOUS_PRESSURE,DYNAMIC SPATIOTEMPORAL WATCH,SCENARIO-BASED; VERIFY WITH OFFICIAL SURVEILLANCE
2046-12,1206315000,South Cotabato,TANTANGAN,0.16180368497122835,7.146714206831501,HOT_SPOT_99,1,10,68.17467291731279,HIGH,40.74698653259384,TRANSMISSION_PRESSURE_PROXY+STATISTICAL_HOTSPOT+CONNECTED_HOTSPOT_CLUSTER,DYNAMIC SPATIOTEMPORAL WATCH,SCENARIO-BASED; VERIFY WITH OFFICIAL SURVEILLANCE
2046-12,1206318000,South Cotabato,SANTO NIÑO,0.17278127261576837,7.6393155456763235,HOT_SPOT_95,1,10,67.1452223975726,HIGH,41.00291003021236,TRANSMISSION_PRESSURE_PROXY+STATISTICAL_HOTSPOT+CONNECTED_HOTSPOT_CLUSTER,DYNAMIC SPATIOTEMPORAL WATCH,SCENARIO-BASED; VERIFY WITH OFFICIAL SURVEILLANCE
2046-12,1206302000,South Cotabato,BANGA,0.24334599793917974,5.968398217902134,HOT_SPOT_99,1,10,62.04420058307375,MODERATE,40.08017380162504,STATISTICAL_HOTSPOT+CONNECTED_HOTSPOT_CLUSTER+NEIGHBOR_INFECTIOUS_PRESSURE,DYNAMIC SPATIOTEMPORAL WATCH,SCENARIO-BASED; VERIFY WITH OFFICIAL SURVEILLANCE
2046-12,1206317000,South Cotabato,TUPI,0.3381288001788245,5.191928181651683,HOT_SPOT_90,1,10,55.18969679164637,MODERATE,35.41939106491296,CONNECTED_HOTSPOT_CLUSTER,DYNAMIC SPATIOTEMPORAL WATCH,SCENARIO-BASED; VERIFY WITH OFFICIAL SURVEILLANCE
2046-12,1206314000,South Cotabato,TAMPAKAN,0.0634940929773351,4.632988952019508,HOT_SPOT_95,1,10,44.38032656590731,LOW,30.719425203258048,STATISTICAL_HOTSPOT+CONNECTED_HOTSPOT_CLUSTER,DYNAMIC SPATIOTEMPORAL WATCH,SCENARIO-BASED; VERIFY WITH OFFICIAL SURVEILLANCE
2046-12,1206507000,Sultan Kudarat,LUTAYAN,0.13479793351501648,3.9272718911117677,HOT_SPOT_95,1,10,43.661759308678484,LOW,31.807135450906046,STATISTICAL_HOTSPOT+CONNECTED_HOTSPOT_CLUSTER,DYNAMIC SPATIOTEMPORAL WATCH,SCENARIO-BASED; VERIFY WITH OFFICIAL SURVEILLANCE
2046-12,1204712000,Cotabato,PIKIT,0.10180358027271026,2.5696569124645086,NOT_SIGNIFICANT,0,0,38.07641553880017,LOW,48.71976051772031,NEIGHBOR_INFECTIOUS_PRESSURE,DYNAMIC SPATIOTEMPORAL WATCH,SCENARIO-BASED; VERIFY WITH OFFICIAL SURVEILLANCE
2046-12,1204701000,Cotabato,ALAMADA,0.10304678084394667,2.813908916073233,NOT_SIGNIFICANT,0,0,38.02279941179805,LOW,49.40370150173609,NEIGHBOR_INFECTIOUS_PRESSURE,DYNAMIC SPATIOTEMPORAL WATCH,SCENARIO-BASED; VERIFY WITH OFFICIAL SURVEILLANCE
2047-01,1206311000,South Cotabato,NORALA,0.12663677629969378,6.480120067021105,HOT_SPOT_99,1,10,75.1325946570015,HIGH,42.33798835540157,TRANSMISSION_PRESSURE_PROXY+STATISTICAL_HOTSPOT+CONNECTED_HOTSPOT_CLUSTER+NEIGHBOR_INFECTIOUS_PRESSURE,DYNAMIC SPATIOTEMPORAL WATCH,SCENARIO-BASED; VERIFY WITH OFFICIAL SURVEILLANCE
2047-01,1206315000,South Cotabato,TANTANGAN,0.1321411223192237,7.147674110188747,HOT_SPOT_99,1,10,73.91023687927586,HIGH,42.20436956052861,TRANSMISSION_PRESSURE_PROXY+STATISTICAL_HOTSPOT+CONNECTED_HOTSPOT_CLUSTER,DYNAMIC SPATIOTEMPORAL WATCH,SCENARIO-BASED; VERIFY WITH OFFICIAL SURVEILLANCE
2047-01,1206306000,South Cotabato,KORONADAL,0.6799832122448916,8.265762865836988,HOT_SPOT_99,1,10,70.91913620868209,HIGH,47.087716530498774,TRANSMISSION_PRESSURE_PROXY+STATISTICAL_HOTSPOT+CONNECTED_HOTSPOT_CLUSTER,DYNAMIC SPATIOTEMPORAL WATCH,SCENARIO-BASED; VERIFY WITH OFFICIAL SURVEILLANCE
2047-01,1206318000,South Cotabato,SANTO NIÑO,0.11526160439808904,7.640337931217999,HOT_SPOT_95,1,10,68.71101877975173,HIGH,41.3415929661605,TRANSMISSION_PRESSURE_PROXY+STATISTICAL_HOTSPOT+CONNECTED_HOTSPOT_CLUSTER,DYNAMIC SPATIOTEMPORAL WATCH,SCENARIO-BASED; VERIFY WITH OFFICIAL SURVEILLANCE
2047-01,1206302000,South Cotabato,BANGA,0.17820016840930256,5.968077122215123,HOT_SPOT_99,1,10,62.97593380448126,MODERATE,40.6176930435303,STATISTICAL_HOTSPOT+CONNECTED_HOTSPOT_CLUSTER+NEIGHBOR_INFECTIOUS_PRESSURE,DYNAMIC SPATIOTEMPORAL WATCH,SCENARIO-BASED; VERIFY WITH OFFICIAL SURVEILLANCE
2047-01,1206511000,Sultan Kudarat,TACURONG,0.26551400830598104,7.167211800244891,HOT_SPOT_99,1,10,61.056218794551896,MODERATE,40.29151231958552,STATISTICAL_HOTSPOT+CONNECTED_HOTSPOT_CLUSTER,DYNAMIC SPATIOTEMPORAL WATCH,SCENARIO-BASED; VERIFY WITH OFFICIAL SURVEILLANCE
2047-01,1206314000,South Cotabato,TAMPAKAN,0.07401964193447864,4.6350211028986,HOT_SPOT_95,1,10,55.74408867749669,MODERATE,36.638346259298075,STATISTICAL_HOTSPOT+CONNECTED_HOTSPOT_CLUSTER+NEIGHBOR_INFECTIOUS_PRESSURE,DYNAMIC SPATIOTEMPORAL WATCH,SCENARIO-BASED; VERIFY WITH OFFICIAL SURVEILLANCE
2047-01,1204701000,Cotabato,ALAMADA,0.10731318749555972,2.816242798762868,NOT_SIGNIFICANT,0,0,47.59343390074153,MODERATE,55.85225538850922,NEIGHBOR_INFECTIOUS_PRESSURE,DYNAMIC SPATIOTEMPORAL WATCH,SCENARIO-BASED; VERIFY WITH OFFICIAL SURVEILLANCE
2047-01,1206507000,Sultan Kudarat,LUTAYAN,0.08931235462058279,3.927819551601014,HOT_SPOT_95,1,10,41.71812339262553,LOW,31.077267985559704,STATISTICAL_HOTSPOT+CONNECTED_HOTSPOT_CLUSTER,DYNAMIC SPATIOTEMPORAL WATCH,SCENARIO-BASED; VERIFY WITH OFFICIAL SURVEILLANCE
2047-01,1204712000,Cotabato,PIKIT,0.07668517128981558,2.571094852402514,NOT_SIGNIFICANT,0,0,40.261306254906586,LOW,51.27918110867925,NEIGHBOR_INFECTIOUS_PRESSURE,DYNAMIC SPATIOTEMPORAL WATCH,SCENARIO-BASED; VERIFY WITH OFFICIAL SURVEILLANCE
2047-01,1206509000,Sultan Kudarat,PALIMBANG,0.10540560027787878,2.691818772881081,COLD_SPOT_90,0,0,38.694483651091744,LOW,52.11094888804483,NEIGHBOR_INFECTIOUS_PRESSURE,DYNAMIC SPATIOTEMPORAL WATCH,SCENARIO-BASED; VERIFY WITH OFFICIAL SURVEILLANCE
2047-02,1206315000,South Cotabato,TANTANGAN,0.6934503346691617,7.175937621738792,HOT_SPOT_99,1,10,77.60879976257631,HIGH,46.37699754623709,TRANSMISSION_PRESSURE_PROXY+STATISTICAL_HOTSPOT+CONNECTED_HOTSPOT_CLUSTER,DYNAMIC SPATIOTEMPORAL WATCH,SCENARIO-BASED; VERIFY WITH OFFICIAL SURVEILLANCE
2047-02,1206302000,South Cotabato,BANGA,1.0659715721038325,5.990525202447101,HOT_SPOT_99,1,10,71.84604297547106,HIGH,46.312831847475216,TRANSMISSION_PRESSURE_PROXY+STATISTICAL_HOTSPOT+CONNECTED_HOTSPOT_CLUSTER,DYNAMIC SPATIOTEMPORAL WATCH,SCENARIO-BASED; VERIFY WITH OFFICIAL SURVEILLANCE
2047-02,1206511000,Sultan Kudarat,TACURONG,1.2833984973892252,7.18365583901248,HOT_SPOT_99,1,10,70.31800256181893,HIGH,45.01163395975708,TRANSMISSION_PRESSURE_PROXY+STATISTICAL_HOTSPOT+CONNECTED_HOTSPOT_CLUSTER,DYNAMIC SPATIOTEMPORAL WATCH,SCENARIO-BASED; VERIFY WITH OFFICIAL SURVEILLANCE
2047-02,1206306000,South Cotabato,KORONADAL,2.1622030052636823,8.280376952587783,HOT_SPOT_99,1,10,69.8477546736775,HIGH,46.80733780172125,TRANSMISSION_PRESSURE_PROXY+STATISTICAL_HOTSPOT+CONNECTED_HOTSPOT_CLUSTER,DYNAMIC SPATIOTEMPORAL WATCH,SCENARIO-BASED; VERIFY WITH OFFICIAL SURVEILLANCE
2047-02,1206311000,South Cotabato,NORALA,0.31736805610412544,6.490248214795254,HOT_SPOT_99,1,10,65.22162517628722,HIGH,38.79745095378,TRANSMISSION_PRESSURE_PROXY+STATISTICAL_HOTSPOT+CONNECTED_HOTSPOT_CLUSTER,DYNAMIC SPATIOTEMPORAL WATCH,SCENARIO-BASED; VERIFY WITH OFFICIAL SURVEILLANCE
2047-02,1206318000,South Cotabato,SANTO NIÑO,0.3128532083518863,7.652636075090223,HOT_SPOT_95,1,10,62.42925457675829,MODERATE,40.15831507484506,STATISTICAL_HOTSPOT+CONNECTED_HOTSPOT_CLUSTER,DYNAMIC SPATIOTEMPORAL WATCH,SCENARIO-BASED; VERIFY WITH OFFICIAL SURVEILLANCE
2047-02,1206314000,South Cotabato,TAMPAKAN,0.17981942460115616,4.643134424295913,HOT_SPOT_95,1,10,46.077045931236334,MODERATE,31.4929888242815,STATISTICAL_HOTSPOT+CONNECTED_HOTSPOT_CLUSTER,DYNAMIC SPATIOTEMPORAL WATCH,SCENARIO-BASED; VERIFY WITH OFFICIAL SURVEILLANCE
2047-02,1204711000,Cotabato,PIGKAWAYAN,0.18991016644617137,4.046991085990151,NOT_SIGNIFICANT,0,0,44.10800033391913,LOW,49.055916782448755,NEIGHBOR_INFECTIOUS_PRESSURE,DYNAMIC SPATIOTEMPORAL WATCH,SCENARIO-BASED; VERIFY WITH OFFICIAL SURVEILLANCE
2047-02,1206507000,Sultan Kudarat,LUTAYAN,0.248936018119513,3.934155293415536,HOT_SPOT_95,1,10,40.17297751922922,LOW,30.28099993815327,STATISTICAL_HOTSPOT+CONNECTED_HOTSPOT_CLUSTER,DYNAMIC SPATIOTEMPORAL WATCH,SCENARIO-BASED; VERIFY WITH OFFICIAL SURVEILLANCE
2047-02,1204712000,Cotabato,PIKIT,0.19182439861871559,2.576666673052719,NOT_SIGNIFICANT,0,0,39.79286890238747,LOW,50.052654973514784,NEIGHBOR_INFECTIOUS_PRESSURE,DYNAMIC SPATIOTEMPORAL WATCH,SCENARIO-BASED; VERIFY WITH OFFICIAL SURVEILLANCE
2047-02,1204701000,Cotabato,ALAMADA,0.19223881292118497,2.821419317003823,NOT_SIGNIFICANT,0,0,38.921168733735456,LOW,48.75804359224119,NEIGHBOR_INFECTIOUS_PRESSURE,DYNAMIC SPATIOTEMPORAL WATCH,SCENARIO-BASED; VERIFY WITH OFFICIAL SURVEILLANCE
2047-02,1206509000,Sultan Kudarat,PALIMBANG,0.21956881696304661,2.697658921687273,COLD_SPOT_90,0,0,35.207627022893334,LOW,47.83286806778081,NEIGHBOR_INFECTIOUS_PRESSURE,DYNAMIC SPATIOTEMPORAL WATCH,SCENARIO-BASED; VERIFY WITH OFFICIAL SURVEILLANCE
2047-03,1206311000,South Cotabato,NORALA,0.8032865117649818,6.523905616553272,HOT_SPOT_99,1,10,75.20359266579966,HIGH,46.15969493329824,TRANSMISSION_PRESSURE_PROXY+STATISTICAL_HOTSPOT+CONNECTED_HOTSPOT_CLUSTER,DYNAMIC SPATIOTEMPORAL WATCH,SCENARIO-BASED; VERIFY WITH OFFICIAL SURVEILLANCE
2047-03,1206306000,South Cotabato,KORONADAL,3.497290534453886,8.309087953972357,HOT_SPOT_99,1,10,74.46050072654869,HIGH,51.689415656463204,TRANSMISSION_PRESSURE_PROXY+STATISTICAL_HOTSPOT+CONNECTED_HOTSPOT_CLUSTER,DYNAMIC SPATIOTEMPORAL WATCH,SCENARIO-BASED; VERIFY WITH OFFICIAL SURVEILLANCE
2047-03,1206315000,South Cotabato,TANTANGAN,0.5407244311253722,7.197124940869588,HOT_SPOT_99,1,10,73.41011858728861,HIGH,41.74830759744243,TRANSMISSION_PRESSURE_PROXY+STATISTICAL_HOTSPOT+CONNECTED_HOTSPOT_CLUSTER,DYNAMIC SPATIOTEMPORAL WATCH,SCENARIO-BASED; VERIFY WITH OFFICIAL SURVEILLANCE
2047-03,1206511000,Sultan Kudarat,TACURONG,1.6311725696209154,7.207832766272685,HOT_SPOT_99,1,10,73.29827191424143,HIGH,46.03215824106131,TRANSMISSION_PRESSURE_PROXY+STATISTICAL_HOTSPOT+CONNECTED_HOTSPOT_CLUSTER,DYNAMIC SPATIOTEMPORAL WATCH,SCENARIO-BASED; VERIFY WITH OFFICIAL SURVEILLANCE
2047-03,1206318000,South Cotabato,SANTO NIÑO,0.770234014670116,7.691924889080228,HOT_SPOT_95,1,10,71.23262476001057,HIGH,47.12180914177023,TRANSMISSION_PRESSURE_PROXY+STATISTICAL_HOTSPOT+CONNECTED_HOTSPOT_CLUSTER,DYNAMIC SPATIOTEMPORAL WATCH,SCENARIO-BASED; VERIFY WITH OFFICIAL SURVEILLANCE
2047-03,1206302000,South Cotabato,BANGA,1.0318647963958312,6.012548533149694,HOT_SPOT_99,1,10,69.00405615536089,HIGH,42.56341479876725,TRANSMISSION_PRESSURE_PROXY+STATISTICAL_HOTSPOT+CONNECTED_HOTSPOT_CLUSTER,DYNAMIC SPATIOTEMPORAL WATCH,SCENARIO-BASED; VERIFY WITH OFFICIAL SURVEILLANCE
2047-03,1204711000,Cotabato,PIGKAWAYAN,0.39661890018959367,4.062541838281895,NOT_SIGNIFICANT,0,0,58.27740074334816,MODERATE,58.54619292295515,NONE,DYNAMIC SPATIOTEMPORAL WATCH,SCENARIO-BASED; VERIFY WITH OFFICIAL SURVEILLANCE
2047-03,1206314000,South Cotabato,TAMPAKAN,0.41916384190853845,4.6651923422360095,HOT_SPOT_95,1,10,54.93785076038655,MODERATE,34.181603764065834,STATISTICAL_HOTSPOT+CONNECTED_HOTSPOT_CLUSTER,DYNAMIC SPATIOTEMPORAL WATCH,SCENARIO-BASED; VERIFY WITH OFFICIAL SURVEILLANCE
2047-03,1206507000,Sultan Kudarat,LUTAYAN,0.42117245958160604,3.9467407677420714,HOT_SPOT_95,1,10,49.947269807373,MODERATE,38.51878317074848,STATISTICAL_HOTSPOT+CONNECTED_HOTSPOT_CLUSTER,DYNAMIC SPATIOTEMPORAL WATCH,SCENARIO-BASED; VERIFY WITH OFFICIAL SURVEILLANCE
2047-03,1204701000,Cotabato,ALAMADA,0.2596224737080778,2.8288842167337203,NOT_SIGNIFICANT,0,0,41.21363386488173,LOW,51.396574893152966,NEIGHBOR_INFECTIOUS_PRESSURE,DYNAMIC SPATIOTEMPORAL WATCH,SCENARIO-BASED; VERIFY WITH OFFICIAL SURVEILLANCE
2047-03,1204712000,Cotabato,PIKIT,0.22869244417761483,2.5835392985909156,NOT_SIGNIFICANT,0,0,40.03538596067569,LOW,50.14946243549616,NEIGHBOR_INFECTIOUS_PRESSURE,DYNAMIC SPATIOTEMPORAL WATCH,SCENARIO-BASED; VERIFY WITH OFFICIAL SURVEILLANCE
2047-03,1206509000,Sultan Kudarat,PALIMBANG,0.3464492535737324,2.704636102844459,COLD_SPOT_90,0,0,39.81516295354866,LOW,52.47571527270645,NEIGHBOR_INFECTIOUS_PRESSURE,DYNAMIC SPATIOTEMPORAL WATCH,SCENARIO-BASED; VERIFY WITH OFFICIAL SURVEILLANCE
2047-04,1206315000,South Cotabato,TANTANGAN,0.5151001907889962,7.216881114241977,HOT_SPOT_99,1,10,80.39768388346305,CRITICAL,45.28769225776419,TRANSMISSION_PRESSURE_PROXY+STATISTICAL_HOTSPOT+CONNECTED_HOTSPOT_CLUSTER+NEIGHBOR_INFECTIOUS_PRESSURE,DYNAMIC SPATIOTEMPORAL WATCH,SCENARIO-BASED; VERIFY WITH OFFICIAL SURVEILLANCE
2047-04,1206511000,Sultan Kudarat,TACURONG,1.461124192412032,7.228477105790348,HOT_SPOT_99,1,10,76.92649688949825,HIGH,46.794020269745424,TRANSMISSION_PRESSURE_PROXY+STATISTICAL_HOTSPOT+CONNECTED_HOTSPOT_CLUSTER,DYNAMIC SPATIOTEMPORAL WATCH,SCENARIO-BASED; VERIFY WITH OFFICIAL SURVEILLANCE
2047-04,1206302000,South Cotabato,BANGA,0.9399391537936848,6.0320346400743095,HOT_SPOT_99,1,10,75.69790067375568,HIGH,44.85159146803902,TRANSMISSION_PRESSURE_PROXY+STATISTICAL_HOTSPOT+CONNECTED_HOTSPOT_CLUSTER+NEIGHBOR_INFECTIOUS_PRESSURE,DYNAMIC SPATIOTEMPORAL WATCH,SCENARIO-BASED; VERIFY WITH OFFICIAL SURVEILLANCE
2047-04,1206306000,South Cotabato,KORONADAL,3.0328933595451035,8.333931225923342,HOT_SPOT_99,1,10,74.82498548457389,HIGH,50.271858566529545,TRANSMISSION_PRESSURE_PROXY+STATISTICAL_HOTSPOT+CONNECTED_HOTSPOT_CLUSTER,DYNAMIC SPATIOTEMPORAL WATCH,SCENARIO-BASED; VERIFY WITH OFFICIAL SURVEILLANCE
2047-04,1206311000,South Cotabato,NORALA,0.38892381026164013,6.537791053746433,HOT_SPOT_99,1,10,72.81731771286655,HIGH,41.99996749042479,TRANSMISSION_PRESSURE_PROXY+STATISTICAL_HOTSPOT+CONNECTED_HOTSPOT_CLUSTER+NEIGHBOR_INFECTIOUS_PRESSURE,DYNAMIC SPATIOTEMPORAL WATCH,SCENARIO-BASED; VERIFY WITH OFFICIAL SURVEILLANCE
2047-04,1206318000,South Cotabato,SANTO NIÑO,0.3996882846665477,7.709480571901733,HOT_SPOT_95,1,10,71.58376110282965,HIGH,43.34689877232466,TRANSMISSION_PRESSURE_PROXY+STATISTICAL_HOTSPOT+CONNECTED_HOTSPOT_CLUSTER,DYNAMIC SPATIOTEMPORAL WATCH,SCENARIO-BASED; VERIFY WITH OFFICIAL SURVEILLANCE
2047-04,1206314000,South Cotabato,TAMPAKAN,0.6380842689623394,4.699953085275263,HOT_SPOT_95,1,10,63.16582100548399,MODERATE,37.880664969747585,STATISTICAL_HOTSPOT+CONNECTED_HOTSPOT_CLUSTER,DYNAMIC SPATIOTEMPORAL WATCH,SCENARIO-BASED; VERIFY WITH OFFICIAL SURVEILLANCE
2047-04,1204701000,Cotabato,ALAMADA,0.4594334080231923,2.8432654385842295,NOT_SIGNIFICANT,0,0,49.17368943790794,MODERATE,55.75195326479292,NEIGHBOR_INFECTIOUS_PRESSURE,DYNAMIC SPATIOTEMPORAL WATCH,SCENARIO-BASED; VERIFY WITH OFFICIAL SURVEILLANCE
2047-04,1206507000,Sultan Kudarat,LUTAYAN,0.2737626376987915,3.9537289093979764,HOT_SPOT_95,1,10,43.50601186923169,LOW,32.88784447850612,STATISTICAL_HOTSPOT+CONNECTED_HOTSPOT_CLUSTER+NEIGHBOR_INFECTIOUS_PRESSURE,DYNAMIC SPATIOTEMPORAL WATCH,SCENARIO-BASED; VERIFY WITH OFFICIAL SURVEILLANCE
2047-04,1204705000,Cotabato,LIBUNGAN,0.31295986259529046,4.5855638578042015,NOT_SIGNIFICANT,0,0,37.28889809209431,LOW,29.38599762586363,NEIGHBOR_INFECTIOUS_PRESSURE,DYNAMIC SPATIOTEMPORAL WATCH,SCENARIO-BASED; VERIFY WITH OFFICIAL SURVEILLANCE
2047-05,1206315000,South Cotabato,TANTANGAN,0.27392458281079224,7.224716894539263,HOT_SPOT_99,1,10,82.25231615281385,CRITICAL,47.02264373085866,TRANSMISSION_PRESSURE_PROXY+STATISTICAL_HOTSPOT+CONNECTED_HOTSPOT_CLUSTER+NEIGHBOR_INFECTIOUS_PRESSURE,DYNAMIC SPATIOTEMPORAL WATCH,SCENARIO-BASED; VERIFY WITH OFFICIAL SURVEILLANCE
2047-05,1206318000,South Cotabato,SANTO NIÑO,0.2080213089749456,7.715789540708626,HOT_SPOT_95,1,10,74.87900493671073,HIGH,45.02352919246671,TRANSMISSION_PRESSURE_PROXY+STATISTICAL_HOTSPOT+CONNECTED_HOTSPOT_CLUSTER,DYNAMIC SPATIOTEMPORAL WATCH,SCENARIO-BASED; VERIFY WITH OFFICIAL SURVEILLANCE
2047-05,1206306000,South Cotabato,KORONADAL,1.0891624875055073,8.337310807019886,HOT_SPOT_99,1,10,73.2438592610485,HIGH,47.40594345635528,TRANSMISSION_PRESSURE_PROXY+STATISTICAL_HOTSPOT+CONNECTED_HOTSPOT_CLUSTER,DYNAMIC SPATIOTEMPORAL WATCH,SCENARIO-BASED; VERIFY WITH OFFICIAL SURVEILLANCE
2047-05,1206511000,Sultan Kudarat,TACURONG,0.533194120351775,7.2294858703092055,HOT_SPOT_99,1,10,71.87532230583649,HIGH,43.523521783128395,TRANSMISSION_PRESSURE_PROXY+STATISTICAL_HOTSPOT+CONNECTED_HOTSPOT_CLUSTER,DYNAMIC SPATIOTEMPORAL WATCH,SCENARIO-BASED; VERIFY WITH OFFICIAL SURVEILLANCE
2047-05,1206311000,South Cotabato,NORALA,0.17288352363920204,6.540102849089378,HOT_SPOT_99,1,10,70.7379563078746,HIGH,41.14551572759198,TRANSMISSION_PRESSURE_PROXY+STATISTICAL_HOTSPOT+CONNECTED_HOTSPOT_CLUSTER+NEIGHBOR_INFECTIOUS_PRESSURE,DYNAMIC SPATIOTEMPORAL WATCH,SCENARIO-BASED; VERIFY WITH OFFICIAL SURVEILLANCE
2047-05,1206302000,South Cotabato,BANGA,0.31837958704163366,6.03535813540787,HOT_SPOT_99,1,10,68.97418810758454,HIGH,42.32358820582673,TRANSMISSION_PRESSURE_PROXY+STATISTICAL_HOTSPOT+CONNECTED_HOTSPOT_CLUSTER+NEIGHBOR_INFECTIOUS_PRESSURE,DYNAMIC SPATIOTEMPORAL WATCH,SCENARIO-BASED; VERIFY WITH OFFICIAL SURVEILLANCE
2047-05,1206314000,South Cotabato,TAMPAKAN,0.10363890525656598,4.703431113759253,HOT_SPOT_95,1,10,53.992834048846206,MODERATE,32.71310907756176,STATISTICAL_HOTSPOT+CONNECTED_HOTSPOT_CLUSTER+NEIGHBOR_INFECTIOUS_PRESSURE,DYNAMIC SPATIOTEMPORAL WATCH,SCENARIO-BASED; VERIFY WITH OFFICIAL SURVEILLANCE
2047-05,1206507000,Sultan Kudarat,LUTAYAN,0.15161100959075957,3.9561310119603244,HOT_SPOT_95,1,10,46.32169417067935,MODERATE,35.36124978682872,STATISTICAL_HOTSPOT+CONNECTED_HOTSPOT_CLUSTER+NEIGHBOR_INFECTIOUS_PRESSURE,DYNAMIC SPATIOTEMPORAL WATCH,SCENARIO-BASED; VERIFY WITH OFFICIAL SURVEILLANCE
2047-06,1206311000,South Cotabato,NORALA,0.3121237347677357,6.549152541223812,HOT_SPOT_99,1,10,75.30267201964156,HIGH,41.88443328306426,TRANSMISSION_PRESSURE_PROXY+STATISTICAL_HOTSPOT+CONNECTED_HOTSPOT_CLUSTER+NEIGHBOR_INFECTIOUS_PRESSURE,DYNAMIC SPATIOTEMPORAL WATCH,SCENARIO-BASED; VERIFY WITH OFFICIAL SURVEILLANCE
2047-06,1206306000,South Cotabato,KORONADAL,1.8931303232346284,8.34739325814389,HOT_SPOT_99,1,10,73.24265341183974,HIGH,47.80912082537651,TRANSMISSION_PRESSURE_PROXY+STATISTICAL_HOTSPOT+CONNECTED_HOTSPOT_CLUSTER,DYNAMIC SPATIOTEMPORAL WATCH,SCENARIO-BASED; VERIFY WITH OFFICIAL SURVEILLANCE
2047-06,1206315000,South Cotabato,TANTANGAN,0.30284016224287025,7.232995851050084,HOT_SPOT_99,1,10,73.0950265124691,HIGH,41.66477133320623,TRANSMISSION_PRESSURE_PROXY+STATISTICAL_HOTSPOT+CONNECTED_HOTSPOT_CLUSTER+NEIGHBOR_INFECTIOUS_PRESSURE,DYNAMIC SPATIOTEMPORAL WATCH,SCENARIO-BASED; VERIFY WITH OFFICIAL SURVEILLANCE
2047-06,1206302000,South Cotabato,BANGA,0.5540494457708747,6.043771469340554,HOT_SPOT_99,1,10,70.22114252384158,HIGH,42.132265224523245,TRANSMISSION_PRESSURE_PROXY+STATISTICAL_HOTSPOT+CONNECTED_HOTSPOT_CLUSTER+NEIGHBOR_INFECTIOUS_PRESSURE,DYNAMIC SPATIOTEMPORAL WATCH,SCENARIO-BASED; VERIFY WITH OFFICIAL SURVEILLANCE
2047-06,1206318000,South Cotabato,SANTO NIÑO,0.28425994780570824,7.725592352534374,HOT_SPOT_95,1,10,69.47015590491242,HIGH,41.33751146196751,TRANSMISSION_PRESSURE_PROXY+STATISTICAL_HOTSPOT+CONNECTED_HOTSPOT_CLUSTER,DYNAMIC SPATIOTEMPORAL WATCH,SCENARIO-BASED; VERIFY WITH OFFICIAL SURVEILLANCE
2047-06,1206511000,Sultan Kudarat,TACURONG,0.7962980891728877,7.235164145834937,HOT_SPOT_99,1,10,67.717941413055,HIGH,41.087269232115624,TRANSMISSION_PRESSURE_PROXY+STATISTICAL_HOTSPOT+CONNECTED_HOTSPOT_CLUSTER,DYNAMIC SPATIOTEMPORAL WATCH,SCENARIO-BASED; VERIFY WITH OFFICIAL SURVEILLANCE
2047-06,1206317000,South Cotabato,TUPI,0.4974176520966246,5.24892955172432,HOT_SPOT_90,1,10,58.39991348088761,MODERATE,34.37301105169193,CONNECTED_HOTSPOT_CLUSTER,DYNAMIC SPATIOTEMPORAL WATCH,SCENARIO-BASED; VERIFY WITH OFFICIAL SURVEILLANCE
2047-06,1206314000,South Cotabato,TAMPAKAN,0.12660430306216902,4.708259303350898,HOT_SPOT_95,1,10,53.43932962742968,MODERATE,32.49208301027195,STATISTICAL_HOTSPOT+CONNECTED_HOTSPOT_CLUSTER+NEIGHBOR_INFECTIOUS_PRESSURE,DYNAMIC SPATIOTEMPORAL WATCH,SCENARIO-BASED; VERIFY WITH OFFICIAL SURVEILLANCE
2047-06,1206507000,Sultan Kudarat,LUTAYAN,0.3324808448774023,3.9651778599837786,HOT_SPOT_95,1,10,52.53331867587363,MODERATE,38.432595815243864,STATISTICAL_HOTSPOT+CONNECTED_HOTSPOT_CLUSTER,DYNAMIC SPATIOTEMPORAL WATCH,SCENARIO-BASED; VERIFY WITH OFFICIAL SURVEILLANCE
2047-06,1204706000,Cotabato,MAGPET,0.14138097932065227,3.347561840415153,NOT_SIGNIFICANT,0,0,42.65587546534571,LOW,46.462836959380226,NEIGHBOR_INFECTIOUS_PRESSURE,DYNAMIC SPATIOTEMPORAL WATCH,SCENARIO-BASED; VERIFY WITH OFFICIAL SURVEILLANCE
2047-07,1206306000,South Cotabato,KORONADAL,1.7780324858161374,8.356333208639901,HOT_SPOT_99,1,10,78.93482891293502,HIGH,51.46867931238447,TRANSMISSION_PRESSURE_PROXY+STATISTICAL_HOTSPOT+CONNECTED_HOTSPOT_CLUSTER,DYNAMIC SPATIOTEMPORAL WATCH,SCENARIO-BASED; VERIFY WITH OFFICIAL SURVEILLANCE
2047-07,1206511000,Sultan Kudarat,TACURONG,1.217297318238074,7.248972382908531,HOT_SPOT_99,1,10,70.23508572726304,HIGH,46.404130882292186,TRANSMISSION_PRESSURE_PROXY+STATISTICAL_HOTSPOT+CONNECTED_HOTSPOT_CLUSTER,DYNAMIC SPATIOTEMPORAL WATCH,SCENARIO-BASED; VERIFY WITH OFFICIAL SURVEILLANCE
2047-07,1206314000,South Cotabato,TAMPAKAN,0.2971625123509741,4.7230836433359595,HOT_SPOT_95,1,10,66.88696780825113,HIGH,37.684211595693725,TRANSMISSION_PRESSURE_PROXY+STATISTICAL_HOTSPOT+CONNECTED_HOTSPOT_CLUSTER+NEIGHBOR_INFECTIOUS_PRESSURE,DYNAMIC SPATIOTEMPORAL WATCH,SCENARIO-BASED; VERIFY WITH OFFICIAL SURVEILLANCE
2047-07,1206311000,South Cotabato,NORALA,0.205231623067163,6.553050130438775,HOT_SPOT_99,1,10,61.29216699871856,MODERATE,38.48928459855519,STATISTICAL_HOTSPOT+CONNECTED_HOTSPOT_CLUSTER,DYNAMIC SPATIOTEMPORAL WATCH,SCENARIO-BASED; VERIFY WITH OFFICIAL SURVEILLANCE
2047-07,1206315000,South Cotabato,TANTANGAN,0.20291121359178801,7.23646637138938,HOT_SPOT_99,1,10,59.488688292813016,MODERATE,37.35123838908288,STATISTICAL_HOTSPOT+CONNECTED_HOTSPOT_CLUSTER,DYNAMIC SPATIOTEMPORAL WATCH,SCENARIO-BASED; VERIFY WITH OFFICIAL SURVEILLANCE
2047-07,1206302000,South Cotabato,BANGA,0.4013321757385647,6.048312873886114,HOT_SPOT_99,1,10,57.90605511553974,MODERATE,38.268408234099276,STATISTICAL_HOTSPOT+CONNECTED_HOTSPOT_CLUSTER,DYNAMIC SPATIOTEMPORAL WATCH,SCENARIO-BASED; VERIFY WITH OFFICIAL SURVEILLANCE
2047-07,1206318000,South Cotabato,SANTO NIÑO,0.1833229197329887,7.729611297180697,HOT_SPOT_95,1,10,55.80415189834509,MODERATE,37.926869443227005,STATISTICAL_HOTSPOT+CONNECTED_HOTSPOT_CLUSTER,DYNAMIC SPATIOTEMPORAL WATCH,SCENARIO-BASED; VERIFY WITH OFFICIAL SURVEILLANCE
2047-07,1206507000,Sultan Kudarat,LUTAYAN,0.18222358414221973,3.9686963524805257,HOT_SPOT_95,1,10,44.17024630164249,LOW,33.398256727595715,STATISTICAL_HOTSPOT+CONNECTED_HOTSPOT_CLUSTER+NEIGHBOR_INFECTIOUS_PRESSURE,DYNAMIC SPATIOTEMPORAL WATCH,SCENARIO-BASED; VERIFY WITH OFFICIAL SURVEILLANCE
2047-07,1204706000,Cotabato,MAGPET,0.11243952067007917,3.351039442863596,NOT_SIGNIFICANT,0,0,42.75320915643307,LOW,46.444658881665646,NEIGHBOR_INFECTIOUS_PRESSURE,DYNAMIC SPATIOTEMPORAL WATCH,SCENARIO-BASED; VERIFY WITH OFFICIAL SURVEILLANCE
2047-08,1206306000,South Cotabato,KORONADAL,1.4597881736763614,8.362199077566977,HOT_SPOT_99,1,10,73.89347402535104,HIGH,48.48406649587467,TRANSMISSION_PRESSURE_PROXY+STATISTICAL_HOTSPOT+CONNECTED_HOTSPOT_CLUSTER,DYNAMIC SPATIOTEMPORAL WATCH,SCENARIO-BASED; VERIFY WITH OFFICIAL SURVEILLANCE
2047-08,1206511000,Sultan Kudarat,TACURONG,0.7915286683665038,7.255037106869833,HOT_SPOT_99,1,10,64.4437227491064,MODERATE,40.312373908824995,STATISTICAL_HOTSPOT+CONNECTED_HOTSPOT_CLUSTER,DYNAMIC SPATIOTEMPORAL WATCH,SCENARIO-BASED; VERIFY WITH OFFICIAL SURVEILLANCE
2047-08,1206311000,South Cotabato,NORALA,0.24236779135994962,6.558954857048646,HOT_SPOT_99,1,10,63.22384499186998,MODERATE,39.233149252299654,STATISTICAL_HOTSPOT+CONNECTED_HOTSPOT_CLUSTER,DYNAMIC SPATIOTEMPORAL WATCH,SCENARIO-BASED; VERIFY WITH OFFICIAL SURVEILLANCE
2047-08,1206315000,South Cotabato,TANTANGAN,0.2388085827756987,7.241884529515626,HOT_SPOT_99,1,10,61.926012831654745,MODERATE,38.46971804912922,STATISTICAL_HOTSPOT+CONNECTED_HOTSPOT_CLUSTER,DYNAMIC SPATIOTEMPORAL WATCH,SCENARIO-BASED; VERIFY WITH OFFICIAL SURVEILLANCE
2047-08,1206318000,South Cotabato,SANTO NIÑO,0.19454312693014122,7.734471900588227,HOT_SPOT_95,1,10,57.52419515548013,MODERATE,38.51137814324806,STATISTICAL_HOTSPOT+CONNECTED_HOTSPOT_CLUSTER,DYNAMIC SPATIOTEMPORAL WATCH,SCENARIO-BASED; VERIFY WITH OFFICIAL SURVEILLANCE
2047-08,1206302000,South Cotabato,BANGA,0.4083958528599329,6.053220067298061,HOT_SPOT_99,1,10,55.93284972786887,MODERATE,37.8495837765784,STATISTICAL_HOTSPOT+CONNECTED_HOTSPOT_CLUSTER,DYNAMIC SPATIOTEMPORAL WATCH,SCENARIO-BASED; VERIFY WITH OFFICIAL SURVEILLANCE
2047-08,1206314000,South Cotabato,TAMPAKAN,0.12879150654472363,4.728014302644899,HOT_SPOT_95,1,10,50.61744319558924,MODERATE,30.818253110815267,STATISTICAL_HOTSPOT+CONNECTED_HOTSPOT_CLUSTER+NEIGHBOR_INFECTIOUS_PRESSURE,DYNAMIC SPATIOTEMPORAL WATCH,SCENARIO-BASED; VERIFY WITH OFFICIAL SURVEILLANCE
2047-08,1204706000,Cotabato,MAGPET,0.1408347339571956,3.3557787412277307,NOT_SIGNIFICANT,0,0,48.336034697003214,MODERATE,51.75711890965355,NEIGHBOR_INFECTIOUS_PRESSURE,DYNAMIC SPATIOTEMPORAL WATCH,SCENARIO-BASED; VERIFY WITH OFFICIAL SURVEILLANCE
2047-08,1204701000,Cotabato,ALAMADA,0.22595336734418411,2.8608986356045394,NOT_SIGNIFICANT,0,0,45.67340608762397,MODERATE,55.07064173981915,NEIGHBOR_INFECTIOUS_PRESSURE,DYNAMIC SPATIOTEMPORAL WATCH,SCENARIO-BASED; VERIFY WITH OFFICIAL SURVEILLANCE
2047-08,1206507000,Sultan Kudarat,LUTAYAN,0.19173393154113644,3.972647069308744,HOT_SPOT_95,1,10,43.83271542452481,LOW,33.09539844894766,STATISTICAL_HOTSPOT+CONNECTED_HOTSPOT_CLUSTER+NEIGHBOR_INFECTIOUS_PRESSURE,DYNAMIC SPATIOTEMPORAL WATCH,SCENARIO-BASED; VERIFY WITH OFFICIAL SURVEILLANCE
2047-08,1204718000,Cotabato,ARAKAN,0.11109822366849914,3.055176721402128,NOT_SIGNIFICANT,0,0,41.58265710005058,LOW,43.46464469771449,NEIGHBOR_INFECTIOUS_PRESSURE,DYNAMIC SPATIOTEMPORAL WATCH,SCENARIO-BASED; VERIFY WITH OFFICIAL SURVEILLANCE
2047-09,1206306000,South Cotabato,KORONADAL,1.0722436765997982,8.364337049787382,HOT_SPOT_99,1,10,74.4283283452488,HIGH,48.900624888626496,TRANSMISSION_PRESSURE_PROXY+STATISTICAL_HOTSPOT+CONNECTED_HOTSPOT_CLUSTER,DYNAMIC SPATIOTEMPORAL WATCH,SCENARIO-BASED; VERIFY WITH OFFICIAL SURVEILLANCE
2047-09,1206315000,South Cotabato,TANTANGAN,0.24405689890401044,7.247828242704137,HOT_SPOT_99,1,10,71.15055504089594,HIGH,44.69495989515729,TRANSMISSION_PRESSURE_PROXY+STATISTICAL_HOTSPOT+CONNECTED_HOTSPOT_CLUSTER,DYNAMIC SPATIOTEMPORAL WATCH,SCENARIO-BASED; VERIFY WITH OFFICIAL SURVEILLANCE
2047-09,1206318000,South Cotabato,SANTO NIÑO,0.2574672565663444,7.743247960996394,HOT_SPOT_95,1,10,69.10151907560673,HIGH,46.25151861859635,TRANSMISSION_PRESSURE_PROXY+STATISTICAL_HOTSPOT+CONNECTED_HOTSPOT_CLUSTER,DYNAMIC SPATIOTEMPORAL WATCH,SCENARIO-BASED; VERIFY WITH OFFICIAL SURVEILLANCE
2047-09,1206311000,South Cotabato,NORALA,0.1647588450151347,6.561337182787604,HOT_SPOT_99,1,10,63.633109229576526,MODERATE,39.26521794654528,STATISTICAL_HOTSPOT+CONNECTED_HOTSPOT_CLUSTER,DYNAMIC SPATIOTEMPORAL WATCH,SCENARIO-BASED; VERIFY WITH OFFICIAL SURVEILLANCE
2047-09,1206511000,Sultan Kudarat,TACURONG,0.49994831465717815,7.256018045172401,HOT_SPOT_99,1,10,62.87413009022128,MODERATE,39.63896555352035,STATISTICAL_HOTSPOT+CONNECTED_HOTSPOT_CLUSTER,DYNAMIC SPATIOTEMPORAL WATCH,SCENARIO-BASED; VERIFY WITH OFFICIAL SURVEILLANCE
2047-09,1206302000,South Cotabato,BANGA,0.2859324388405572,6.055228388569363,HOT_SPOT_99,1,10,56.47595240515256,MODERATE,38.12530456190575,STATISTICAL_HOTSPOT+CONNECTED_HOTSPOT_CLUSTER,DYNAMIC SPATIOTEMPORAL WATCH,SCENARIO-BASED; VERIFY WITH OFFICIAL SURVEILLANCE
2047-09,1206507000,Sultan Kudarat,LUTAYAN,0.2139737417645319,3.977555211270037,HOT_SPOT_95,1,10,56.1273083648333,MODERATE,39.16507709312236,STATISTICAL_HOTSPOT+CONNECTED_HOTSPOT_CLUSTER+NEIGHBOR_INFECTIOUS_PRESSURE,DYNAMIC SPATIOTEMPORAL WATCH,SCENARIO-BASED; VERIFY WITH OFFICIAL SURVEILLANCE
2047-09,1204718000,Cotabato,ARAKAN,0.17927822683653227,3.062481439323588,NOT_SIGNIFICANT,0,0,55.52661731355465,MODERATE,49.23182181092561,NEIGHBOR_INFECTIOUS_PRESSURE,DYNAMIC SPATIOTEMPORAL WATCH,SCENARIO-BASED; VERIFY WITH OFFICIAL SURVEILLANCE
2047-09,1204712000,Cotabato,PIKIT,0.1911757679524736,2.6130081083949706,NOT_SIGNIFICANT,0,0,50.872913075936,MODERATE,55.8326392256252,NEIGHBOR_INFECTIOUS_PRESSURE,DYNAMIC SPATIOTEMPORAL WATCH,SCENARIO-BASED; VERIFY WITH OFFICIAL SURVEILLANCE
2047-09,1206314000,South Cotabato,TAMPAKAN,0.0708122211631899,4.7296776835694425,HOT_SPOT_95,1,10,48.00733575047457,MODERATE,29.96973385171068,STATISTICAL_HOTSPOT+CONNECTED_HOTSPOT_CLUSTER+NEIGHBOR_INFECTIOUS_PRESSURE,DYNAMIC SPATIOTEMPORAL WATCH,SCENARIO-BASED; VERIFY WITH OFFICIAL SURVEILLANCE
2047-09,1204701000,Cotabato,ALAMADA,0.1292627200417844,2.863882320345964,NOT_SIGNIFICANT,0,0,41.59133367987121,LOW,51.31269896368868,NEIGHBOR_INFECTIOUS_PRESSURE,DYNAMIC SPATIOTEMPORAL WATCH,SCENARIO-BASED; VERIFY WITH OFFICIAL SURVEILLANCE
2047-10,1206311000,South Cotabato,NORALA,0.3702464026746496,6.573997703710422,HOT_SPOT_99,1,10,72.59816232871563,HIGH,44.71058448379782,TRANSMISSION_PRESSURE_PROXY+STATISTICAL_HOTSPOT+CONNECTED_HOTSPOT_CLUSTER,DYNAMIC SPATIOTEMPORAL WATCH,SCENARIO-BASED; VERIFY WITH OFFICIAL SURVEILLANCE
2047-10,1206318000,South Cotabato,SANTO NIÑO,0.494555504974369,7.76599310099276,HOT_SPOT_95,1,10,70.7568862209476,HIGH,46.94658944298502,TRANSMISSION_PRESSURE_PROXY+STATISTICAL_HOTSPOT+CONNECTED_HOTSPOT_CLUSTER,DYNAMIC SPATIOTEMPORAL WATCH,SCENARIO-BASED; VERIFY WITH OFFICIAL SURVEILLANCE
2047-10,1206306000,South Cotabato,KORONADAL,1.8464468620883712,8.375492151681621,HOT_SPOT_99,1,10,69.25179307483862,HIGH,46.97493778930529,TRANSMISSION_PRESSURE_PROXY+STATISTICAL_HOTSPOT+CONNECTED_HOTSPOT_CLUSTER,DYNAMIC SPATIOTEMPORAL WATCH,SCENARIO-BASED; VERIFY WITH OFFICIAL SURVEILLANCE
2047-10,1206511000,Sultan Kudarat,TACURONG,0.9991703592855179,7.2670324175221435,HOT_SPOT_99,1,10,67.14235258653633,HIGH,41.522710523386706,TRANSMISSION_PRESSURE_PROXY+STATISTICAL_HOTSPOT+CONNECTED_HOTSPOT_CLUSTER,DYNAMIC SPATIOTEMPORAL WATCH,SCENARIO-BASED; VERIFY WITH OFFICIAL SURVEILLANCE
2047-10,1206302000,South Cotabato,BANGA,0.7004544225325091,6.0681530335951726,HOT_SPOT_99,1,10,67.01224488820328,HIGH,44.28935033867182,TRANSMISSION_PRESSURE_PROXY+STATISTICAL_HOTSPOT+CONNECTED_HOTSPOT_CLUSTER,DYNAMIC SPATIOTEMPORAL WATCH,SCENARIO-BASED; VERIFY WITH OFFICIAL SURVEILLANCE
2047-10,1206315000,South Cotabato,TANTANGAN,0.25786992709714507,7.2546952386103865,HOT_SPOT_99,1,10,60.96538565474153,MODERATE,38.76487623347781,STATISTICAL_HOTSPOT+CONNECTED_HOTSPOT_CLUSTER,DYNAMIC SPATIOTEMPORAL WATCH,SCENARIO-BASED; VERIFY WITH OFFICIAL SURVEILLANCE
2047-10,1206317000,South Cotabato,TUPI,0.6506884635519133,5.275616462504663,HOT_SPOT_90,1,10,55.07678993320915,MODERATE,35.556675215793874,CONNECTED_HOTSPOT_CLUSTER,DYNAMIC SPATIOTEMPORAL WATCH,SCENARIO-BASED; VERIFY WITH OFFICIAL SURVEILLANCE
2047-10,1206507000,Sultan Kudarat,LUTAYAN,0.35255684389780384,3.987672611842173,HOT_SPOT_95,1,10,47.36426184074305,MODERATE,36.39692529258857,STATISTICAL_HOTSPOT+CONNECTED_HOTSPOT_CLUSTER,DYNAMIC SPATIOTEMPORAL WATCH,SCENARIO-BASED; VERIFY WITH OFFICIAL SURVEILLANCE
2047-10,1204712000,Cotabato,PIKIT,0.218206084394493,2.619488688136235,NOT_SIGNIFICANT,0,0,44.202150134114895,LOW,51.66105308674135,NEIGHBOR_INFECTIOUS_PRESSURE,DYNAMIC SPATIOTEMPORAL WATCH,SCENARIO-BASED; VERIFY WITH OFFICIAL SURVEILLANCE
2047-10,1204718000,Cotabato,ARAKAN,0.12699403887131971,3.067196853306601,NOT_SIGNIFICANT,0,0,44.0207844133544,LOW,44.3673898551943,NEIGHBOR_INFECTIOUS_PRESSURE,DYNAMIC SPATIOTEMPORAL WATCH,SCENARIO-BASED; VERIFY WITH OFFICIAL SURVEILLANCE
2047-10,1206314000,South Cotabato,TAMPAKAN,0.11940003727839606,4.7341601179034685,HOT_SPOT_95,1,10,41.257850372646686,LOW,26.840639916440644,STATISTICAL_HOTSPOT+CONNECTED_HOTSPOT_CLUSTER,DYNAMIC SPATIOTEMPORAL WATCH,SCENARIO-BASED; VERIFY WITH OFFICIAL SURVEILLANCE
2047-10,1204701000,Cotabato,ALAMADA,0.1766354862066575,2.8684551621582868,NOT_SIGNIFICANT,0,0,40.671814268351355,LOW,50.11540145159353,NEIGHBOR_INFECTIOUS_PRESSURE,DYNAMIC SPATIOTEMPORAL WATCH,SCENARIO-BASED; VERIFY WITH OFFICIAL SURVEILLANCE
2047-10,1206509000,Sultan Kudarat,PALIMBANG,0.22904774525915927,2.739436065448216,COLD_SPOT_90,0,0,36.42910208639733,LOW,48.10463956542732,NEIGHBOR_INFECTIOUS_PRESSURE,DYNAMIC SPATIOTEMPORAL WATCH,SCENARIO-BASED; VERIFY WITH OFFICIAL SURVEILLANCE
2047-11,1206311000,South Cotabato,NORALA,0.691912040145738,6.603239390834894,HOT_SPOT_99,1,10,76.51866941105308,HIGH,46.82495207967655,TRANSMISSION_PRESSURE_PROXY+STATISTICAL_HOTSPOT+CONNECTED_HOTSPOT_CLUSTER,DYNAMIC SPATIOTEMPORAL WATCH,SCENARIO-BASED; VERIFY WITH OFFICIAL SURVEILLANCE
2047-11,1206315000,South Cotabato,TANTANGAN,0.8020514093664673,7.28827081264558,HOT_SPOT_99,1,10,72.31768433655104,HIGH,45.52361625150909,TRANSMISSION_PRESSURE_PROXY+STATISTICAL_HOTSPOT+CONNECTED_HOTSPOT_CLUSTER,DYNAMIC SPATIOTEMPORAL WATCH,SCENARIO-BASED; VERIFY WITH OFFICIAL SURVEILLANCE
2047-11,1206306000,South Cotabato,KORONADAL,2.7996407311071736,8.397436083529117,HOT_SPOT_99,1,10,71.15169269423582,HIGH,49.00235745054942,TRANSMISSION_PRESSURE_PROXY+STATISTICAL_HOTSPOT+CONNECTED_HOTSPOT_CLUSTER,DYNAMIC SPATIOTEMPORAL WATCH,SCENARIO-BASED; VERIFY WITH OFFICIAL SURVEILLANCE
2047-11,1206318000,South Cotabato,SANTO NIÑO,0.5390510764977516,7.792136597909482,HOT_SPOT_95,1,10,69.91927694170725,HIGH,43.882685153614084,TRANSMISSION_PRESSURE_PROXY+STATISTICAL_HOTSPOT+CONNECTED_HOTSPOT_CLUSTER,DYNAMIC SPATIOTEMPORAL WATCH,SCENARIO-BASED; VERIFY WITH OFFICIAL SURVEILLANCE
2047-11,1206511000,Sultan Kudarat,TACURONG,1.1405388754259487,7.281117160326243,HOT_SPOT_99,1,10,62.66233823963938,MODERATE,39.974262751718825,STATISTICAL_HOTSPOT+CONNECTED_HOTSPOT_CLUSTER,DYNAMIC SPATIOTEMPORAL WATCH,SCENARIO-BASED; VERIFY WITH OFFICIAL SURVEILLANCE
2047-11,1206302000,South Cotabato,BANGA,0.7792290804263533,6.083992564419536,HOT_SPOT_99,1,10,62.48282816164464,MODERATE,40.31646502694663,STATISTICAL_HOTSPOT+CONNECTED_HOTSPOT_CLUSTER,DYNAMIC SPATIOTEMPORAL WATCH,SCENARIO-BASED; VERIFY WITH OFFICIAL SURVEILLANCE
2047-11,1206507000,Sultan Kudarat,LUTAYAN,0.571145153371523,4.005928574984905,HOT_SPOT_95,1,10,50.19614095055842,MODERATE,36.528987393316534,STATISTICAL_HOTSPOT+CONNECTED_HOTSPOT_CLUSTER,DYNAMIC SPATIOTEMPORAL WATCH,SCENARIO-BASED; VERIFY WITH OFFICIAL SURVEILLANCE
2047-11,1204701000,Cotabato,ALAMADA,0.3193636760772818,2.8779175516283724,NOT_SIGNIFICANT,0,0,44.07223425490221,LOW,52.5656556651841,NEIGHBOR_INFECTIOUS_PRESSURE,DYNAMIC SPATIOTEMPORAL WATCH,SCENARIO-BASED; VERIFY WITH OFFICIAL SURVEILLANCE
2047-11,1204718000,Cotabato,ARAKAN,0.15962828778413257,3.0734342926450076,NOT_SIGNIFICANT,0,0,39.585997361368236,LOW,42.45602177901531,NEIGHBOR_INFECTIOUS_PRESSURE,DYNAMIC SPATIOTEMPORAL WATCH,SCENARIO-BASED; VERIFY WITH OFFICIAL SURVEILLANCE
2047-11,1206314000,South Cotabato,TAMPAKAN,0.1526314879060781,4.74056740286791,HOT_SPOT_95,1,10,38.573356385087045,LOW,27.02798556897165,STATISTICAL_HOTSPOT+CONNECTED_HOTSPOT_CLUSTER,DYNAMIC SPATIOTEMPORAL WATCH,SCENARIO-BASED; VERIFY WITH OFFICIAL SURVEILLANCE
2047-11,1204712000,Cotabato,PIKIT,0.223913170904964,2.6261490594744106,NOT_SIGNIFICANT,0,0,37.27927502184807,LOW,47.05677719079934,NEIGHBOR_INFECTIOUS_PRESSURE,DYNAMIC SPATIOTEMPORAL WATCH,SCENARIO-BASED; VERIFY WITH OFFICIAL SURVEILLANCE
2047-11,1206509000,Sultan Kudarat,PALIMBANG,0.307840320769071,2.7451842547821736,COLD_SPOT_90,0,0,33.8007299307514,LOW,47.853153348078656,NEIGHBOR_INFECTIOUS_PRESSURE,DYNAMIC SPATIOTEMPORAL WATCH,SCENARIO-BASED; VERIFY WITH OFFICIAL SURVEILLANCE
2047-12,1206306000,South Cotabato,KORONADAL,1.2666692250981888,8.404178493961657,HOT_SPOT_99,1,10,75.19965358548748,HIGH,51.11920699391574,TRANSMISSION_PRESSURE_PROXY+STATISTICAL_HOTSPOT+CONNECTED_HOTSPOT_CLUSTER,DYNAMIC SPATIOTEMPORAL WATCH,SCENARIO-BASED; VERIFY WITH OFFICIAL SURVEILLANCE
2047-12,1206511000,Sultan Kudarat,TACURONG,0.5885292017258275,7.285543220558529,HOT_SPOT_99,1,10,72.6386694664183,HIGH,45.90305926703514,TRANSMISSION_PRESSURE_PROXY+STATISTICAL_HOTSPOT+CONNECTED_HOTSPOT_CLUSTER,DYNAMIC SPATIOTEMPORAL WATCH,SCENARIO-BASED; VERIFY WITH OFFICIAL SURVEILLANCE
2047-12,1206311000,South Cotabato,NORALA,0.16273256197506186,6.606733361771488,HOT_SPOT_99,1,10,70.05895621957289,HIGH,41.21560958398229,TRANSMISSION_PRESSURE_PROXY+STATISTICAL_HOTSPOT+CONNECTED_HOTSPOT_CLUSTER+NEIGHBOR_INFECTIOUS_PRESSURE,DYNAMIC SPATIOTEMPORAL WATCH,SCENARIO-BASED; VERIFY WITH OFFICIAL SURVEILLANCE
2047-12,1206315000,South Cotabato,TANTANGAN,0.1661611680491033,7.291563135589251,HOT_SPOT_99,1,10,68.23722625577624,HIGH,40.87276872417999,TRANSMISSION_PRESSURE_PROXY+STATISTICAL_HOTSPOT+CONNECTED_HOTSPOT_CLUSTER,DYNAMIC SPATIOTEMPORAL WATCH,SCENARIO-BASED; VERIFY WITH OFFICIAL SURVEILLANCE
2047-12,1206318000,South Cotabato,SANTO NIÑO,0.1775888431615534,7.7974295179324145,HOT_SPOT_95,1,10,67.2807257647726,HIGH,41.178080020199,TRANSMISSION_PRESSURE_PROXY+STATISTICAL_HOTSPOT+CONNECTED_HOTSPOT_CLUSTER,DYNAMIC SPATIOTEMPORAL WATCH,SCENARIO-BASED; VERIFY WITH OFFICIAL SURVEILLANCE
2047-12,1206302000,South Cotabato,BANGA,0.24975882210152392,6.08626869395976,HOT_SPOT_99,1,10,62.06496794535627,MODERATE,40.183059892263365,STATISTICAL_HOTSPOT+CONNECTED_HOTSPOT_CLUSTER+NEIGHBOR_INFECTIOUS_PRESSURE,DYNAMIC SPATIOTEMPORAL WATCH,SCENARIO-BASED; VERIFY WITH OFFICIAL SURVEILLANCE
2047-12,1206317000,South Cotabato,TUPI,0.34701485282285743,5.293145644630301,HOT_SPOT_90,1,10,55.16272428878597,MODERATE,35.46788258112294,CONNECTED_HOTSPOT_CLUSTER,DYNAMIC SPATIOTEMPORAL WATCH,SCENARIO-BASED; VERIFY WITH OFFICIAL SURVEILLANCE
2047-12,1206314000,South Cotabato,TAMPAKAN,0.0653968795902207,4.741973675155439,HOT_SPOT_95,1,10,44.45529985088002,LOW,30.8687076541184,STATISTICAL_HOTSPOT+CONNECTED_HOTSPOT_CLUSTER,DYNAMIC SPATIOTEMPORAL WATCH,SCENARIO-BASED; VERIFY WITH OFFICIAL SURVEILLANCE
2047-12,1206507000,Sultan Kudarat,LUTAYAN,0.13853469693382225,4.0085575214630165,HOT_SPOT_95,1,10,43.72763932823747,LOW,31.930520769430164,STATISTICAL_HOTSPOT+CONNECTED_HOTSPOT_CLUSTER,DYNAMIC SPATIOTEMPORAL WATCH,SCENARIO-BASED; VERIFY WITH OFFICIAL SURVEILLANCE
2047-12,1204712000,Cotabato,PIKIT,0.10475508280931464,2.6285186828182647,NOT_SIGNIFICANT,0,0,38.03805643743847,LOW,48.73660143746556,NEIGHBOR_INFECTIOUS_PRESSURE,DYNAMIC SPATIOTEMPORAL WATCH,SCENARIO-BASED; VERIFY WITH OFFICIAL SURVEILLANCE
2047-12,1204701000,Cotabato,ALAMADA,0.10605187378076485,2.880014398727849,NOT_SIGNIFICANT,0,0,37.995562027163444,LOW,49.436191499536484,NEIGHBOR_INFECTIOUS_PRESSURE,DYNAMIC SPATIOTEMPORAL WATCH,SCENARIO-BASED; VERIFY WITH OFFICIAL SURVEILLANCE
2048-01,1206311000,South Cotabato,NORALA,0.12941568933367703,6.607734115208601,HOT_SPOT_99,1,10,75.12864957463525,HIGH,42.40467149366904,TRANSMISSION_PRESSURE_PROXY+STATISTICAL_HOTSPOT+CONNECTED_HOTSPOT_CLUSTER+NEIGHBOR_INFECTIOUS_PRESSURE,DYNAMIC SPATIOTEMPORAL WATCH,SCENARIO-BASED; VERIFY WITH OFFICIAL SURVEILLANCE
2048-01,1206315000,South Cotabato,TANTANGAN,0.13512080484790057,7.292527717375889,HOT_SPOT_99,1,10,73.96547337496702,HIGH,42.31601607347804,TRANSMISSION_PRESSURE_PROXY+STATISTICAL_HOTSPOT+CONNECTED_HOTSPOT_CLUSTER,DYNAMIC SPATIOTEMPORAL WATCH,SCENARIO-BASED; VERIFY WITH OFFICIAL SURVEILLANCE
2048-01,1206306000,South Cotabato,KORONADAL,0.6911910238743084,8.402971195077638,HOT_SPOT_99,1,10,70.97237921801533,HIGH,47.18278141885206,TRANSMISSION_PRESSURE_PROXY+STATISTICAL_HOTSPOT+CONNECTED_HOTSPOT_CLUSTER,DYNAMIC SPATIOTEMPORAL WATCH,SCENARIO-BASED; VERIFY WITH OFFICIAL SURVEILLANCE
2048-01,1206318000,South Cotabato,SANTO NIÑO,0.1179269102116515,7.798447921299132,HOT_SPOT_95,1,10,68.85219740870109,HIGH,41.51703170543959,TRANSMISSION_PRESSURE_PROXY+STATISTICAL_HOTSPOT+CONNECTED_HOTSPOT_CLUSTER,DYNAMIC SPATIOTEMPORAL WATCH,SCENARIO-BASED; VERIFY WITH OFFICIAL SURVEILLANCE
2048-01,1206302000,South Cotabato,BANGA,0.18171865152414252,6.085973495049143,HOT_SPOT_99,1,10,62.984102223659136,MODERATE,40.69649955189408,STATISTICAL_HOTSPOT+CONNECTED_HOTSPOT_CLUSTER+NEIGHBOR_INFECTIOUS_PRESSURE,DYNAMIC SPATIOTEMPORAL WATCH,SCENARIO-BASED; VERIFY WITH OFFICIAL SURVEILLANCE
2048-01,1206511000,Sultan Kudarat,TACURONG,0.2684909649793561,7.28293455930094,HOT_SPOT_99,1,10,61.063283121917166,MODERATE,40.34311157362493,STATISTICAL_HOTSPOT+CONNECTED_HOTSPOT_CLUSTER,DYNAMIC SPATIOTEMPORAL WATCH,SCENARIO-BASED; VERIFY WITH OFFICIAL SURVEILLANCE
2048-01,1206314000,South Cotabato,TAMPAKAN,0.07620502914507249,4.743929447234802,HOT_SPOT_95,1,10,55.83015931639485,MODERATE,36.78639480361706,STATISTICAL_HOTSPOT+CONNECTED_HOTSPOT_CLUSTER+NEIGHBOR_INFECTIOUS_PRESSURE,DYNAMIC SPATIOTEMPORAL WATCH,SCENARIO-BASED; VERIFY WITH OFFICIAL SURVEILLANCE
2048-01,1204701000,Cotabato,ALAMADA,0.11047866486457827,2.8822907887689486,NOT_SIGNIFICANT,0,0,47.57678925439162,MODERATE,55.89321227747712,NEIGHBOR_INFECTIOUS_PRESSURE,DYNAMIC SPATIOTEMPORAL WATCH,SCENARIO-BASED; VERIFY WITH OFFICIAL SURVEILLANCE
2048-01,1206507000,Sultan Kudarat,LUTAYAN,0.09140463942599575,4.009090953529378,HOT_SPOT_95,1,10,41.79312500170261,LOW,31.203819901221284,STATISTICAL_HOTSPOT+CONNECTED_HOTSPOT_CLUSTER,DYNAMIC SPATIOTEMPORAL WATCH,SCENARIO-BASED; VERIFY WITH OFFICIAL SURVEILLANCE
2048-01,1204712000,Cotabato,PIKIT,0.07886617406948299,2.6299130296709885,NOT_SIGNIFICANT,0,0,40.23337352614692,LOW,51.310111989763236,NEIGHBOR_INFECTIOUS_PRESSURE,DYNAMIC SPATIOTEMPORAL WATCH,SCENARIO-BASED; VERIFY WITH OFFICIAL SURVEILLANCE
2048-01,1206509000,Sultan Kudarat,PALIMBANG,0.10808333766676473,2.7487189546093598,COLD_SPOT_90,0,0,38.67753329784326,LOW,52.124327690108785,NEIGHBOR_INFECTIOUS_PRESSURE,DYNAMIC SPATIOTEMPORAL WATCH,SCENARIO-BASED; VERIFY WITH OFFICIAL SURVEILLANCE
2048-02,1206315000,South Cotabato,TANTANGAN,0.7127599336015819,7.320631671535761,HOT_SPOT_99,1,10,77.66262275679878,HIGH,46.50053321743357,TRANSMISSION_PRESSURE_PROXY+STATISTICAL_HOTSPOT+CONNECTED_HOTSPOT_CLUSTER,DYNAMIC SPATIOTEMPORAL WATCH,SCENARIO-BASED; VERIFY WITH OFFICIAL SURVEILLANCE
2048-02,1206302000,South Cotabato,BANGA,1.0952983284964646,6.108308893099936,HOT_SPOT_99,1,10,71.86703476531268,HIGH,46.41345528474654,TRANSMISSION_PRESSURE_PROXY+STATISTICAL_HOTSPOT+CONNECTED_HOTSPOT_CLUSTER,DYNAMIC SPATIOTEMPORAL WATCH,SCENARIO-BASED; VERIFY WITH OFFICIAL SURVEILLANCE
2048-02,1206511000,Sultan Kudarat,TACURONG,1.315898375526773,7.299396218369519,HOT_SPOT_99,1,10,70.4147531100032,HIGH,45.16408253922178,TRANSMISSION_PRESSURE_PROXY+STATISTICAL_HOTSPOT+CONNECTED_HOTSPOT_CLUSTER,DYNAMIC SPATIOTEMPORAL WATCH,SCENARIO-BASED; VERIFY WITH OFFICIAL SURVEILLANCE
2048-02,1206306000,South Cotabato,KORONADAL,2.216364952594316,8.417616400424619,HOT_SPOT_99,1,10,69.93048614030486,HIGH,46.963882415295345,TRANSMISSION_PRESSURE_PROXY+STATISTICAL_HOTSPOT+CONNECTED_HOTSPOT_CLUSTER,DYNAMIC SPATIOTEMPORAL WATCH,SCENARIO-BASED; VERIFY WITH OFFICIAL SURVEILLANCE
2048-02,1206311000,South Cotabato,NORALA,0.3256414918895989,6.617824018981933,HOT_SPOT_99,1,10,65.22696612694195,HIGH,38.87380952058586,TRANSMISSION_PRESSURE_PROXY+STATISTICAL_HOTSPOT+CONNECTED_HOTSPOT_CLUSTER,DYNAMIC SPATIOTEMPORAL WATCH,SCENARIO-BASED; VERIFY WITH OFFICIAL SURVEILLANCE
2048-02,1206318000,South Cotabato,SANTO NIÑO,0.3212259952962387,7.8106764373843385,HOT_SPOT_95,1,10,62.573256888936235,MODERATE,40.33251803919598,STATISTICAL_HOTSPOT+CONNECTED_HOTSPOT_CLUSTER,DYNAMIC SPATIOTEMPORAL WATCH,SCENARIO-BASED; VERIFY WITH OFFICIAL SURVEILLANCE
2048-02,1206314000,South Cotabato,TAMPAKAN,0.18505609637889825,4.751931847178078,HOT_SPOT_95,1,10,46.54445852285362,MODERATE,32.02358472708052,STATISTICAL_HOTSPOT+CONNECTED_HOTSPOT_CLUSTER,DYNAMIC SPATIOTEMPORAL WATCH,SCENARIO-BASED; VERIFY WITH OFFICIAL SURVEILLANCE
2048-02,1204711000,Cotabato,PIGKAWAYAN,0.19519779385953445,4.136644243692364,NOT_SIGNIFICANT,0,0,44.078218222768214,LOW,49.142410086951145,NEIGHBOR_INFECTIOUS_PRESSURE,DYNAMIC SPATIOTEMPORAL WATCH,SCENARIO-BASED; VERIFY WITH OFFICIAL SURVEILLANCE
2048-02,1206507000,Sultan Kudarat,LUTAYAN,0.25561019876530744,4.015380235187946,HOT_SPOT_95,1,10,40.238372748217884,LOW,30.40031546024307,STATISTICAL_HOTSPOT+CONNECTED_HOTSPOT_CLUSTER,DYNAMIC SPATIOTEMPORAL WATCH,SCENARIO-BASED; VERIFY WITH OFFICIAL SURVEILLANCE
2048-02,1204712000,Cotabato,PIKIT,0.19730427790077804,2.635418161395411,NOT_SIGNIFICANT,0,0,39.75171987885343,LOW,50.0674353063552,NEIGHBOR_INFECTIOUS_PRESSURE,DYNAMIC SPATIOTEMPORAL WATCH,SCENARIO-BASED; VERIFY WITH OFFICIAL SURVEILLANCE
2048-02,1204701000,Cotabato,ALAMADA,0.19781961617561108,2.887393608554674,NOT_SIGNIFICANT,0,0,38.900600808081066,LOW,48.79399400873268,NEIGHBOR_INFECTIOUS_PRESSURE,DYNAMIC SPATIOTEMPORAL WATCH,SCENARIO-BASED; VERIFY WITH OFFICIAL SURVEILLANCE
2048-02,1206509000,Sultan Kudarat,PALIMBANG,0.22681460343741464,2.754499455364034,COLD_SPOT_90,0,0,35.289366781011736,LOW,47.94124754144104,NEIGHBOR_INFECTIOUS_PRESSURE,DYNAMIC SPATIOTEMPORAL WATCH,SCENARIO-BASED; VERIFY WITH OFFICIAL SURVEILLANCE
2048-03,1206311000,South Cotabato,NORALA,0.8256626719600701,6.651304025825037,HOT_SPOT_99,1,10,75.18353146242268,HIGH,46.2237512625923,TRANSMISSION_PRESSURE_PROXY+STATISTICAL_HOTSPOT+CONNECTED_HOTSPOT_CLUSTER,DYNAMIC SPATIOTEMPORAL WATCH,SCENARIO-BASED; VERIFY WITH OFFICIAL SURVEILLANCE
2048-03,1206306000,South Cotabato,KORONADAL,3.5936005814601177,8.447737883619501,HOT_SPOT_99,1,10,74.58905656323947,HIGH,51.86818088782398,TRANSMISSION_PRESSURE_PROXY+STATISTICAL_HOTSPOT+CONNECTED_HOTSPOT_CLUSTER,DYNAMIC SPATIOTEMPORAL WATCH,SCENARIO-BASED; VERIFY WITH OFFICIAL SURVEILLANCE
2048-03,1206315000,South Cotabato,TANTANGAN,0.5558817460188257,7.341681720452605,HOT_SPOT_99,1,10,73.463264884536,HIGH,41.867508848865796,TRANSMISSION_PRESSURE_PROXY+STATISTICAL_HOTSPOT+CONNECTED_HOTSPOT_CLUSTER,DYNAMIC SPATIOTEMPORAL WATCH,SCENARIO-BASED; VERIFY WITH OFFICIAL SURVEILLANCE
2048-03,1206511000,Sultan Kudarat,TACURONG,1.6756790689122216,7.3234881363546585,HOT_SPOT_99,1,10,73.41089535544074,HIGH,46.19077374017808,TRANSMISSION_PRESSURE_PROXY+STATISTICAL_HOTSPOT+CONNECTED_HOTSPOT_CLUSTER,DYNAMIC SPATIOTEMPORAL WATCH,SCENARIO-BASED; VERIFY WITH OFFICIAL SURVEILLANCE
2048-03,1206318000,South Cotabato,SANTO NIÑO,0.7922266768870204,7.849710835314842,HOT_SPOT_95,1,10,71.3730020780449,HIGH,47.292316827619686,TRANSMISSION_PRESSURE_PROXY+STATISTICAL_HOTSPOT+CONNECTED_HOTSPOT_CLUSTER,DYNAMIC SPATIOTEMPORAL WATCH,SCENARIO-BASED; VERIFY WITH OFFICIAL SURVEILLANCE
2048-03,1206302000,South Cotabato,BANGA,1.0608172259316042,6.130200727170625,HOT_SPOT_99,1,10,69.03548427270685,HIGH,42.67131980414873,TRANSMISSION_PRESSURE_PROXY+STATISTICAL_HOTSPOT+CONNECTED_HOTSPOT_CLUSTER,DYNAMIC SPATIOTEMPORAL WATCH,SCENARIO-BASED; VERIFY WITH OFFICIAL SURVEILLANCE
2048-03,1204711000,Cotabato,PIGKAWAYAN,0.40791741702048745,4.152072978534772,NOT_SIGNIFICANT,0,0,58.24966881742267,MODERATE,58.62934095999423,NONE,DYNAMIC SPATIOTEMPORAL WATCH,SCENARIO-BASED; VERIFY WITH OFFICIAL SURVEILLANCE
2048-03,1206314000,South Cotabato,TAMPAKAN,0.43138607316330135,4.773799196978076,HOT_SPOT_95,1,10,54.99910433090619,MODERATE,34.31446377101568,STATISTICAL_HOTSPOT+CONNECTED_HOTSPOT_CLUSTER,DYNAMIC SPATIOTEMPORAL WATCH,SCENARIO-BASED; VERIFY WITH OFFICIAL SURVEILLANCE
2048-03,1206507000,Sultan Kudarat,LUTAYAN,0.4328101057003208,4.027884483064157,HOT_SPOT_95,1,10,49.95902063058753,MODERATE,38.603207949592466,STATISTICAL_HOTSPOT+CONNECTED_HOTSPOT_CLUSTER,DYNAMIC SPATIOTEMPORAL WATCH,SCENARIO-BASED; VERIFY WITH OFFICIAL SURVEILLANCE
2048-03,1204701000,Cotabato,ALAMADA,0.26716015075459076,2.8947695702932177,NOT_SIGNIFICANT,0,0,41.16041462644201,LOW,51.40497791056592,NEIGHBOR_INFECTIOUS_PRESSURE,DYNAMIC SPATIOTEMPORAL WATCH,SCENARIO-BASED; VERIFY WITH OFFICIAL SURVEILLANCE
2048-03,1204712000,Cotabato,PIKIT,0.23523079866143445,2.6422150154646613,NOT_SIGNIFICANT,0,0,39.97062637999395,LOW,50.14323677830255,NEIGHBOR_INFECTIOUS_PRESSURE,DYNAMIC SPATIOTEMPORAL WATCH,SCENARIO-BASED; VERIFY WITH OFFICIAL SURVEILLANCE
2048-03,1206509000,Sultan Kudarat,PALIMBANG,0.3548934699633057,2.761437308801969,COLD_SPOT_90,0,0,39.708744644494466,LOW,52.39970080355645,NEIGHBOR_INFECTIOUS_PRESSURE,DYNAMIC SPATIOTEMPORAL WATCH,SCENARIO-BASED; VERIFY WITH OFFICIAL SURVEILLANCE
2048-04,1206315000,South Cotabato,TANTANGAN,0.5294817280676213,7.3613101882671845,HOT_SPOT_99,1,10,80.44479962868995,CRITICAL,45.41052291369026,TRANSMISSION_PRESSURE_PROXY+STATISTICAL_HOTSPOT+CONNECTED_HOTSPOT_CLUSTER+NEIGHBOR_INFECTIOUS_PRESSURE,DYNAMIC SPATIOTEMPORAL WATCH,SCENARIO-BASED; VERIFY WITH OFFICIAL SURVEILLANCE
2048-04,1206511000,Sultan Kudarat,TACURONG,1.500492436256076,7.344078240079297,HOT_SPOT_99,1,10,77.02551546296239,HIGH,46.94447578855528,TRANSMISSION_PRESSURE_PROXY+STATISTICAL_HOTSPOT+CONNECTED_HOTSPOT_CLUSTER,DYNAMIC SPATIOTEMPORAL WATCH,SCENARIO-BASED; VERIFY WITH OFFICIAL SURVEILLANCE
2048-04,1206302000,South Cotabato,BANGA,0.966153029001038,6.149572326866247,HOT_SPOT_99,1,10,75.72373778893827,HIGH,44.966525244692264,TRANSMISSION_PRESSURE_PROXY+STATISTICAL_HOTSPOT+CONNECTED_HOTSPOT_CLUSTER+NEIGHBOR_INFECTIOUS_PRESSURE,DYNAMIC SPATIOTEMPORAL WATCH,SCENARIO-BASED; VERIFY WITH OFFICIAL SURVEILLANCE
2048-04,1206306000,South Cotabato,KORONADAL,3.1155160186093322,8.47257434582437,HOT_SPOT_99,1,10,74.96869447390029,HIGH,50.46234857470267,TRANSMISSION_PRESSURE_PROXY+STATISTICAL_HOTSPOT+CONNECTED_HOTSPOT_CLUSTER,DYNAMIC SPATIOTEMPORAL WATCH,SCENARIO-BASED; VERIFY WITH OFFICIAL SURVEILLANCE
2048-04,1206311000,South Cotabato,NORALA,0.3995657003967695,6.665108193658639,HOT_SPOT_99,1,10,72.8004953832622,HIGH,42.077978794558916,TRANSMISSION_PRESSURE_PROXY+STATISTICAL_HOTSPOT+CONNECTED_HOTSPOT_CLUSTER+NEIGHBOR_INFECTIOUS_PRESSURE,DYNAMIC SPATIOTEMPORAL WATCH,SCENARIO-BASED; VERIFY WITH OFFICIAL SURVEILLANCE
2048-04,1206318000,South Cotabato,SANTO NIÑO,0.4108298706757752,7.867145089955651,HOT_SPOT_95,1,10,71.72174630967045,HIGH,43.52795525077927,TRANSMISSION_PRESSURE_PROXY+STATISTICAL_HOTSPOT+CONNECTED_HOTSPOT_CLUSTER,DYNAMIC SPATIOTEMPORAL WATCH,SCENARIO-BASED; VERIFY WITH OFFICIAL SURVEILLANCE
2048-04,1206314000,South Cotabato,TAMPAKAN,0.6566880669172446,4.80830564321795,HOT_SPOT_95,1,10,63.24205928173126,MODERATE,38.026919842872026,STATISTICAL_HOTSPOT+CONNECTED_HOTSPOT_CLUSTER,DYNAMIC SPATIOTEMPORAL WATCH,SCENARIO-BASED; VERIFY WITH OFFICIAL SURVEILLANCE
2048-04,1204701000,Cotabato,ALAMADA,0.4728347129136182,2.9090201333068513,NOT_SIGNIFICANT,0,0,49.124002063990794,MODERATE,55.773709051430316,NEIGHBOR_INFECTIOUS_PRESSURE,DYNAMIC SPATIOTEMPORAL WATCH,SCENARIO-BASED; VERIFY WITH OFFICIAL SURVEILLANCE
2048-04,1206507000,Sultan Kudarat,LUTAYAN,0.2811472655745705,4.034954338594706,HOT_SPOT_95,1,10,43.55648458263505,LOW,33.0051159485362,STATISTICAL_HOTSPOT+CONNECTED_HOTSPOT_CLUSTER+NEIGHBOR_INFECTIOUS_PRESSURE,DYNAMIC SPATIOTEMPORAL WATCH,SCENARIO-BASED; VERIFY WITH OFFICIAL SURVEILLANCE
2048-04,1204705000,Cotabato,LIBUNGAN,0.32099765010425374,4.672135060625471,NOT_SIGNIFICANT,0,0,37.27754764245034,LOW,29.456256348691053,NEIGHBOR_INFECTIOUS_PRESSURE,DYNAMIC SPATIOTEMPORAL WATCH,SCENARIO-BASED; VERIFY WITH OFFICIAL SURVEILLANCE
2048-05,1206315000,South Cotabato,TANTANGAN,0.2812458022141606,7.369091900725991,HOT_SPOT_99,1,10,82.2584309484744,CRITICAL,47.128851795206955,TRANSMISSION_PRESSURE_PROXY+STATISTICAL_HOTSPOT+CONNECTED_HOTSPOT_CLUSTER+NEIGHBOR_INFECTIOUS_PRESSURE,DYNAMIC SPATIOTEMPORAL WATCH,SCENARIO-BASED; VERIFY WITH OFFICIAL SURVEILLANCE
2048-05,1206318000,South Cotabato,SANTO NIÑO,0.2135545366204116,7.873401188795048,HOT_SPOT_95,1,10,75.04003319934492,HIGH,45.212564040486754,TRANSMISSION_PRESSURE_PROXY+STATISTICAL_HOTSPOT+CONNECTED_HOTSPOT_CLUSTER,DYNAMIC SPATIOTEMPORAL WATCH,SCENARIO-BASED; VERIFY WITH OFFICIAL SURVEILLANCE
2048-05,1206306000,South Cotabato,KORONADAL,1.1145805573756935,8.476036944062697,HOT_SPOT_99,1,10,73.35596355593673,HIGH,47.55908812329573,TRANSMISSION_PRESSURE_PROXY+STATISTICAL_HOTSPOT+CONNECTED_HOTSPOT_CLUSTER,DYNAMIC SPATIOTEMPORAL WATCH,SCENARIO-BASED; VERIFY WITH OFFICIAL SURVEILLANCE
2048-05,1206511000,Sultan Kudarat,TACURONG,0.5452341219749666,7.346834125232823,HOT_SPOT_99,1,10,71.95102045882294,HIGH,43.636479939152466,TRANSMISSION_PRESSURE_PROXY+STATISTICAL_HOTSPOT+CONNECTED_HOTSPOT_CLUSTER,DYNAMIC SPATIOTEMPORAL WATCH,SCENARIO-BASED; VERIFY WITH OFFICIAL SURVEILLANCE
2048-05,1206311000,South Cotabato,NORALA,0.17668641630523482,6.667444049491031,HOT_SPOT_99,1,10,70.77520960195048,HIGH,41.25674318187729,TRANSMISSION_PRESSURE_PROXY+STATISTICAL_HOTSPOT+CONNECTED_HOTSPOT_CLUSTER+NEIGHBOR_INFECTIOUS_PRESSURE,DYNAMIC SPATIOTEMPORAL WATCH,SCENARIO-BASED; VERIFY WITH OFFICIAL SURVEILLANCE
2048-05,1206302000,South Cotabato,BANGA,0.3263963557840527,6.152882660319513,HOT_SPOT_99,1,10,69.05080079068216,HIGH,42.46812303923109,TRANSMISSION_PRESSURE_PROXY+STATISTICAL_HOTSPOT+CONNECTED_HOTSPOT_CLUSTER+NEIGHBOR_INFECTIOUS_PRESSURE,DYNAMIC SPATIOTEMPORAL WATCH,SCENARIO-BASED; VERIFY WITH OFFICIAL SURVEILLANCE
2048-05,1206314000,South Cotabato,TAMPAKAN,0.10665296665031845,4.811699596318505,HOT_SPOT_95,1,10,54.17014898274041,MODERATE,32.916081316503956,STATISTICAL_HOTSPOT+CONNECTED_HOTSPOT_CLUSTER+NEIGHBOR_INFECTIOUS_PRESSURE,DYNAMIC SPATIOTEMPORAL WATCH,SCENARIO-BASED; VERIFY WITH OFFICIAL SURVEILLANCE
2048-05,1206507000,Sultan Kudarat,LUTAYAN,0.15531542878705784,4.03733509162796,HOT_SPOT_95,1,10,46.31639287055365,MODERATE,35.446246172869905,STATISTICAL_HOTSPOT+CONNECTED_HOTSPOT_CLUSTER+NEIGHBOR_INFECTIOUS_PRESSURE,DYNAMIC SPATIOTEMPORAL WATCH,SCENARIO-BASED; VERIFY WITH OFFICIAL SURVEILLANCE
2048-06,1206311000,South Cotabato,NORALA,0.3199696796879503,6.676477234199672,HOT_SPOT_99,1,10,75.36209625615683,HIGH,42.00315517723058,TRANSMISSION_PRESSURE_PROXY+STATISTICAL_HOTSPOT+CONNECTED_HOTSPOT_CLUSTER+NEIGHBOR_INFECTIOUS_PRESSURE,DYNAMIC SPATIOTEMPORAL WATCH,SCENARIO-BASED; VERIFY WITH OFFICIAL SURVEILLANCE
2048-06,1206306000,South Cotabato,KORONADAL,1.9368135224056726,8.48622780261845,HOT_SPOT_99,1,10,73.32737815760557,HIGH,47.94515598584054,TRANSMISSION_PRESSURE_PROXY+STATISTICAL_HOTSPOT+CONNECTED_HOTSPOT_CLUSTER,DYNAMIC SPATIOTEMPORAL WATCH,SCENARIO-BASED; VERIFY WITH OFFICIAL SURVEILLANCE
2048-06,1206315000,South Cotabato,TANTANGAN,0.31046812672786345,7.377347670816677,HOT_SPOT_99,1,10,73.17745252421967,HIGH,41.79107537079037,TRANSMISSION_PRESSURE_PROXY+STATISTICAL_HOTSPOT+CONNECTED_HOTSPOT_CLUSTER+NEIGHBOR_INFECTIOUS_PRESSURE,DYNAMIC SPATIOTEMPORAL WATCH,SCENARIO-BASED; VERIFY WITH OFFICIAL SURVEILLANCE
2048-06,1206302000,South Cotabato,BANGA,0.5679013865324123,6.161285553859224,HOT_SPOT_99,1,10,70.28676808666361,HIGH,42.26227232121102,TRANSMISSION_PRESSURE_PROXY+STATISTICAL_HOTSPOT+CONNECTED_HOTSPOT_CLUSTER+NEIGHBOR_INFECTIOUS_PRESSURE,DYNAMIC SPATIOTEMPORAL WATCH,SCENARIO-BASED; VERIFY WITH OFFICIAL SURVEILLANCE
2048-06,1206318000,South Cotabato,SANTO NIÑO,0.29158674512247607,7.88316177157329,HOT_SPOT_95,1,10,69.5957641227675,HIGH,41.507376595691156,TRANSMISSION_PRESSURE_PROXY+STATISTICAL_HOTSPOT+CONNECTED_HOTSPOT_CLUSTER,DYNAMIC SPATIOTEMPORAL WATCH,SCENARIO-BASED; VERIFY WITH OFFICIAL SURVEILLANCE
2048-06,1206511000,Sultan Kudarat,TACURONG,0.8131190926154869,7.3526489702141,HOT_SPOT_99,1,10,67.7850311154999,HIGH,41.195389641824626,TRANSMISSION_PRESSURE_PROXY+STATISTICAL_HOTSPOT+CONNECTED_HOTSPOT_CLUSTER,DYNAMIC SPATIOTEMPORAL WATCH,SCENARIO-BASED; VERIFY WITH OFFICIAL SURVEILLANCE
2048-06,1206317000,South Cotabato,TUPI,0.5102161597900763,5.350392169596808,HOT_SPOT_90,1,10,58.44472140777681,MODERATE,34.462016004451876,CONNECTED_HOTSPOT_CLUSTER,DYNAMIC SPATIOTEMPORAL WATCH,SCENARIO-BASED; VERIFY WITH OFFICIAL SURVEILLANCE
2048-06,1206314000,South Cotabato,TAMPAKAN,0.13029616303828018,4.816424994694349,HOT_SPOT_95,1,10,53.63784755603691,MODERATE,32.70290868379712,STATISTICAL_HOTSPOT+CONNECTED_HOTSPOT_CLUSTER+NEIGHBOR_INFECTIOUS_PRESSURE,DYNAMIC SPATIOTEMPORAL WATCH,SCENARIO-BASED; VERIFY WITH OFFICIAL SURVEILLANCE
2048-06,1206507000,Sultan Kudarat,LUTAYAN,0.34143542583359515,4.046322551557009,HOT_SPOT_95,1,10,52.58074719650121,MODERATE,38.546302032226976,STATISTICAL_HOTSPOT+CONNECTED_HOTSPOT_CLUSTER,DYNAMIC SPATIOTEMPORAL WATCH,SCENARIO-BASED; VERIFY WITH OFFICIAL SURVEILLANCE
2048-06,1204706000,Cotabato,MAGPET,0.14563181584963691,3.4268632421366543,NOT_SIGNIFICANT,0,0,42.75621598238224,LOW,46.601719190059114,NEIGHBOR_INFECTIOUS_PRESSURE,DYNAMIC SPATIOTEMPORAL WATCH,SCENARIO-BASED; VERIFY WITH OFFICIAL SURVEILLANCE
2048-07,1206306000,South Cotabato,KORONADAL,1.818537943471567,8.495279378483371,HOT_SPOT_99,1,10,79.02111458179239,HIGH,51.6099933225596,TRANSMISSION_PRESSURE_PROXY+STATISTICAL_HOTSPOT+CONNECTED_HOTSPOT_CLUSTER,DYNAMIC SPATIOTEMPORAL WATCH,SCENARIO-BASED; VERIFY WITH OFFICIAL SURVEILLANCE
2048-07,1206511000,Sultan Kudarat,TACURONG,1.246530634135437,7.366530935704426,HOT_SPOT_99,1,10,70.30756772670877,HIGH,46.52729201470028,TRANSMISSION_PRESSURE_PROXY+STATISTICAL_HOTSPOT+CONNECTED_HOTSPOT_CLUSTER,DYNAMIC SPATIOTEMPORAL WATCH,SCENARIO-BASED; VERIFY WITH OFFICIAL SURVEILLANCE
2048-07,1206314000,South Cotabato,TAMPAKAN,0.30584915105563604,4.831092377600332,HOT_SPOT_95,1,10,67.01323115852796,HIGH,37.86414890444528,TRANSMISSION_PRESSURE_PROXY+STATISTICAL_HOTSPOT+CONNECTED_HOTSPOT_CLUSTER+NEIGHBOR_INFECTIOUS_PRESSURE,DYNAMIC SPATIOTEMPORAL WATCH,SCENARIO-BASED; VERIFY WITH OFFICIAL SURVEILLANCE
2048-07,1206311000,South Cotabato,NORALA,0.20998513604257962,6.680387921338005,HOT_SPOT_99,1,10,61.27462375100108,MODERATE,38.563293342198264,STATISTICAL_HOTSPOT+CONNECTED_HOTSPOT_CLUSTER,DYNAMIC SPATIOTEMPORAL WATCH,SCENARIO-BASED; VERIFY WITH OFFICIAL SURVEILLANCE
2048-07,1206315000,South Cotabato,TANTANGAN,0.20764933216345763,7.380822590569039,HOT_SPOT_99,1,10,59.4971991773914,MODERATE,37.44161018543698,STATISTICAL_HOTSPOT+CONNECTED_HOTSPOT_CLUSTER,DYNAMIC SPATIOTEMPORAL WATCH,SCENARIO-BASED; VERIFY WITH OFFICIAL SURVEILLANCE
2048-07,1206302000,South Cotabato,BANGA,0.4107742681159118,6.165838676114469,HOT_SPOT_99,1,10,57.91790326884724,MODERATE,38.36937748757795,STATISTICAL_HOTSPOT+CONNECTED_HOTSPOT_CLUSTER,DYNAMIC SPATIOTEMPORAL WATCH,SCENARIO-BASED; VERIFY WITH OFFICIAL SURVEILLANCE
2048-07,1206318000,South Cotabato,SANTO NIÑO,0.18772382022776063,7.887171874476618,HOT_SPOT_95,1,10,55.94293135618451,MODERATE,38.09358954687351,STATISTICAL_HOTSPOT+CONNECTED_HOTSPOT_CLUSTER,DYNAMIC SPATIOTEMPORAL WATCH,SCENARIO-BASED; VERIFY WITH OFFICIAL SURVEILLANCE
2048-07,1206507000,Sultan Kudarat,LUTAYAN,0.18681468999298617,4.049813138185788,HOT_SPOT_95,1,10,44.17815347072674,LOW,33.49584529051604,STATISTICAL_HOTSPOT+CONNECTED_HOTSPOT_CLUSTER+NEIGHBOR_INFECTIOUS_PRESSURE,DYNAMIC SPATIOTEMPORAL WATCH,SCENARIO-BASED; VERIFY WITH OFFICIAL SURVEILLANCE
2048-07,1204706000,Cotabato,MAGPET,0.11585509334729861,3.43025180829142,NOT_SIGNIFICANT,0,0,42.84332224774865,LOW,46.57659779078035,NEIGHBOR_INFECTIOUS_PRESSURE,DYNAMIC SPATIOTEMPORAL WATCH,SCENARIO-BASED; VERIFY WITH OFFICIAL SURVEILLANCE
2048-08,1206306000,South Cotabato,KORONADAL,1.4916981203577115,8.501266604287066,HOT_SPOT_99,1,10,73.97295429607166,HIGH,48.62391298137216,TRANSMISSION_PRESSURE_PROXY+STATISTICAL_HOTSPOT+CONNECTED_HOTSPOT_CLUSTER,DYNAMIC SPATIOTEMPORAL WATCH,SCENARIO-BASED; VERIFY WITH OFFICIAL SURVEILLANCE
2048-08,1206511000,Sultan Kudarat,TACURONG,0.8087103974545556,7.372711890681799,HOT_SPOT_99,1,10,64.51280524902428,MODERATE,40.42700064755765,STATISTICAL_HOTSPOT+CONNECTED_HOTSPOT_CLUSTER,DYNAMIC SPATIOTEMPORAL WATCH,SCENARIO-BASED; VERIFY WITH OFFICIAL SURVEILLANCE
2048-08,1206311000,South Cotabato,NORALA,0.24827751017019942,6.686289228648829,HOT_SPOT_99,1,10,63.224209348162006,MODERATE,39.323058596062424,STATISTICAL_HOTSPOT+CONNECTED_HOTSPOT_CLUSTER,DYNAMIC SPATIOTEMPORAL WATCH,SCENARIO-BASED; VERIFY WITH OFFICIAL SURVEILLANCE
2048-08,1206315000,South Cotabato,TANTANGAN,0.24466341243846873,7.386229418701531,HOT_SPOT_99,1,10,61.93109133700921,MODERATE,38.56004990778149,STATISTICAL_HOTSPOT+CONNECTED_HOTSPOT_CLUSTER,DYNAMIC SPATIOTEMPORAL WATCH,SCENARIO-BASED; VERIFY WITH OFFICIAL SURVEILLANCE
2048-08,1206318000,South Cotabato,SANTO NIÑO,0.19932549425259335,7.8920150727027645,HOT_SPOT_95,1,10,57.65556115766357,MODERATE,38.674334535798174,STATISTICAL_HOTSPOT+CONNECTED_HOTSPOT_CLUSTER,DYNAMIC SPATIOTEMPORAL WATCH,SCENARIO-BASED; VERIFY WITH OFFICIAL SURVEILLANCE
2048-08,1206302000,South Cotabato,BANGA,0.41817549563537143,6.170751124217882,HOT_SPOT_99,1,10,55.94620050085574,MODERATE,37.95266968821646,STATISTICAL_HOTSPOT+CONNECTED_HOTSPOT_CLUSTER,DYNAMIC SPATIOTEMPORAL WATCH,SCENARIO-BASED; VERIFY WITH OFFICIAL SURVEILLANCE
2048-08,1206314000,South Cotabato,TAMPAKAN,0.13252439422396775,4.835934614066685,HOT_SPOT_95,1,10,50.7133600465169,MODERATE,30.975160464333705,STATISTICAL_HOTSPOT+CONNECTED_HOTSPOT_CLUSTER+NEIGHBOR_INFECTIOUS_PRESSURE,DYNAMIC SPATIOTEMPORAL WATCH,SCENARIO-BASED; VERIFY WITH OFFICIAL SURVEILLANCE
2048-08,1204706000,Cotabato,MAGPET,0.14505944530050263,3.434898881402266,NOT_SIGNIFICANT,0,0,48.423565435311545,MODERATE,51.886411212603036,NEIGHBOR_INFECTIOUS_PRESSURE,DYNAMIC SPATIOTEMPORAL WATCH,SCENARIO-BASED; VERIFY WITH OFFICIAL SURVEILLANCE
2048-08,1204701000,Cotabato,ALAMADA,0.23255579762048553,2.9263538464083076,NOT_SIGNIFICANT,0,0,45.64725197683286,MODERATE,55.105483017878896,NEIGHBOR_INFECTIOUS_PRESSURE,DYNAMIC SPATIOTEMPORAL WATCH,SCENARIO-BASED; VERIFY WITH OFFICIAL SURVEILLANCE
2048-08,1206507000,Sultan Kudarat,LUTAYAN,0.19663880996098845,4.0537328664509165,HOT_SPOT_95,1,10,43.85504547558902,LOW,33.198282106807454,STATISTICAL_HOTSPOT+CONNECTED_HOTSPOT_CLUSTER+NEIGHBOR_INFECTIOUS_PRESSURE,DYNAMIC SPATIOTEMPORAL WATCH,SCENARIO-BASED; VERIFY WITH OFFICIAL SURVEILLANCE
2048-08,1204718000,Cotabato,ARAKAN,0.11437822935940035,3.127911997974772,NOT_SIGNIFICANT,0,0,41.811422708555654,LOW,43.64100852506742,NEIGHBOR_INFECTIOUS_PRESSURE,DYNAMIC SPATIOTEMPORAL WATCH,SCENARIO-BASED; VERIFY WITH OFFICIAL SURVEILLANCE
2048-09,1206306000,South Cotabato,KORONADAL,1.0936575396097468,8.503537556783531,HOT_SPOT_99,1,10,74.49584094972184,HIGH,49.03025245446503,TRANSMISSION_PRESSURE_PROXY+STATISTICAL_HOTSPOT+CONNECTED_HOTSPOT_CLUSTER,DYNAMIC SPATIOTEMPORAL WATCH,SCENARIO-BASED; VERIFY WITH OFFICIAL SURVEILLANCE
2048-09,1206315000,South Cotabato,TANTANGAN,0.2501607986224072,7.392153693971925,HOT_SPOT_99,1,10,71.13905858797925,HIGH,44.78638434806412,TRANSMISSION_PRESSURE_PROXY+STATISTICAL_HOTSPOT+CONNECTED_HOTSPOT_CLUSTER,DYNAMIC SPATIOTEMPORAL WATCH,SCENARIO-BASED; VERIFY WITH OFFICIAL SURVEILLANCE
2048-09,1206318000,South Cotabato,SANTO NIÑO,0.26416640178031364,7.900745703748397,HOT_SPOT_95,1,10,69.20958055021832,HIGH,46.409386411707985,TRANSMISSION_PRESSURE_PROXY+STATISTICAL_HOTSPOT+CONNECTED_HOTSPOT_CLUSTER,DYNAMIC SPATIOTEMPORAL WATCH,SCENARIO-BASED; VERIFY WITH OFFICIAL SURVEILLANCE
2048-09,1206311000,South Cotabato,NORALA,0.16849998251918696,6.688684142936139,HOT_SPOT_99,1,10,63.59670396875949,MODERATE,39.32766491300803,STATISTICAL_HOTSPOT+CONNECTED_HOTSPOT_CLUSTER,DYNAMIC SPATIOTEMPORAL WATCH,SCENARIO-BASED; VERIFY WITH OFFICIAL SURVEILLANCE
2048-09,1206511000,Sultan Kudarat,TACURONG,0.5090778474170492,7.373829777279815,HOT_SPOT_99,1,10,62.88209044101454,MODERATE,39.72190677187212,STATISTICAL_HOTSPOT+CONNECTED_HOTSPOT_CLUSTER,DYNAMIC SPATIOTEMPORAL WATCH,SCENARIO-BASED; VERIFY WITH OFFICIAL SURVEILLANCE
2048-09,1206302000,South Cotabato,BANGA,0.2923159888108286,6.172777314856928,HOT_SPOT_99,1,10,56.45694842738522,MODERATE,38.20976547951121,STATISTICAL_HOTSPOT+CONNECTED_HOTSPOT_CLUSTER,DYNAMIC SPATIOTEMPORAL WATCH,SCENARIO-BASED; VERIFY WITH OFFICIAL SURVEILLANCE
2048-09,1206507000,Sultan Kudarat,LUTAYAN,0.2195963655416826,4.058603490018539,HOT_SPOT_95,1,10,56.16396616556328,MODERATE,39.27662761950199,STATISTICAL_HOTSPOT+CONNECTED_HOTSPOT_CLUSTER+NEIGHBOR_INFECTIOUS_PRESSURE,DYNAMIC SPATIOTEMPORAL WATCH,SCENARIO-BASED; VERIFY WITH OFFICIAL SURVEILLANCE
2048-09,1204718000,Cotabato,ARAKAN,0.18465266759921978,3.135116959246408,NOT_SIGNIFICANT,0,0,55.7273590296372,MODERATE,49.392370794093424,NEIGHBOR_INFECTIOUS_PRESSURE,DYNAMIC SPATIOTEMPORAL WATCH,SCENARIO-BASED; VERIFY WITH OFFICIAL SURVEILLANCE
2048-09,1204712000,Cotabato,PIKIT,0.1966710771973405,2.6712702804583563,NOT_SIGNIFICANT,0,0,50.839009157039264,MODERATE,55.85002169223944,NEIGHBOR_INFECTIOUS_PRESSURE,DYNAMIC SPATIOTEMPORAL WATCH,SCENARIO-BASED; VERIFY WITH OFFICIAL SURVEILLANCE
2048-09,1206314000,South Cotabato,TAMPAKAN,0.07288276600337841,4.837520341214454,HOT_SPOT_95,1,10,48.0947379083917,MODERATE,30.125203458097115,STATISTICAL_HOTSPOT+CONNECTED_HOTSPOT_CLUSTER+NEIGHBOR_INFECTIOUS_PRESSURE,DYNAMIC SPATIOTEMPORAL WATCH,SCENARIO-BASED; VERIFY WITH OFFICIAL SURVEILLANCE
2048-09,1204701000,Cotabato,ALAMADA,0.13304659957814474,2.929272951595097,NOT_SIGNIFICANT,0,0,41.55557241803336,LOW,51.3448311311808,NEIGHBOR_INFECTIOUS_PRESSURE,DYNAMIC SPATIOTEMPORAL WATCH,SCENARIO-BASED; VERIFY WITH OFFICIAL SURVEILLANCE
2048-10,1206311000,South Cotabato,NORALA,0.3800814212096053,6.701289238556388,HOT_SPOT_99,1,10,72.62326481583695,HIGH,44.8124328658388,TRANSMISSION_PRESSURE_PROXY+STATISTICAL_HOTSPOT+CONNECTED_HOTSPOT_CLUSTER,DYNAMIC SPATIOTEMPORAL WATCH,SCENARIO-BASED; VERIFY WITH OFFICIAL SURVEILLANCE
2048-10,1206318000,South Cotabato,SANTO NIÑO,0.5082491668255688,7.923357017449574,HOT_SPOT_95,1,10,70.8589649991937,HIGH,47.100569177698794,TRANSMISSION_PRESSURE_PROXY+STATISTICAL_HOTSPOT+CONNECTED_HOTSPOT_CLUSTER,DYNAMIC SPATIOTEMPORAL WATCH,SCENARIO-BASED; VERIFY WITH OFFICIAL SURVEILLANCE
2048-10,1206306000,South Cotabato,KORONADAL,1.891563073943629,8.51474327470795,HOT_SPOT_99,1,10,69.27171944201768,HIGH,47.065905032591445,TRANSMISSION_PRESSURE_PROXY+STATISTICAL_HOTSPOT+CONNECTED_HOTSPOT_CLUSTER,DYNAMIC SPATIOTEMPORAL WATCH,SCENARIO-BASED; VERIFY WITH OFFICIAL SURVEILLANCE
2048-10,1206511000,Sultan Kudarat,TACURONG,1.0234754276379119,7.384893824698823,HOT_SPOT_99,1,10,67.10404354228484,HIGH,41.56002033447776,TRANSMISSION_PRESSURE_PROXY+STATISTICAL_HOTSPOT+CONNECTED_HOTSPOT_CLUSTER,DYNAMIC SPATIOTEMPORAL WATCH,SCENARIO-BASED; VERIFY WITH OFFICIAL SURVEILLANCE
2048-10,1206302000,South Cotabato,BANGA,0.7191238242404366,6.185647154040951,HOT_SPOT_99,1,10,67.02650063099647,HIGH,44.38745546238903,TRANSMISSION_PRESSURE_PROXY+STATISTICAL_HOTSPOT+CONNECTED_HOTSPOT_CLUSTER,DYNAMIC SPATIOTEMPORAL WATCH,SCENARIO-BASED; VERIFY WITH OFFICIAL SURVEILLANCE
2048-10,1206315000,South Cotabato,TANTANGAN,0.2644616469507903,7.398990773808055,HOT_SPOT_99,1,10,60.86875870340725,MODERATE,38.76259509380079,STATISTICAL_HOTSPOT+CONNECTED_HOTSPOT_CLUSTER,DYNAMIC SPATIOTEMPORAL WATCH,SCENARIO-BASED; VERIFY WITH OFFICIAL SURVEILLANCE
2048-10,1206317000,South Cotabato,TUPI,0.6683596425312672,5.3770138803252525,HOT_SPOT_90,1,10,55.03314561005921,MODERATE,35.606135132759874,CONNECTED_HOTSPOT_CLUSTER,DYNAMIC SPATIOTEMPORAL WATCH,SCENARIO-BASED; VERIFY WITH OFFICIAL SURVEILLANCE
2048-10,1206507000,Sultan Kudarat,LUTAYAN,0.3622576182034466,4.068653059859561,HOT_SPOT_95,1,10,47.39969062962368,MODERATE,36.500842553056074,STATISTICAL_HOTSPOT+CONNECTED_HOTSPOT_CLUSTER,DYNAMIC SPATIOTEMPORAL WATCH,SCENARIO-BASED; VERIFY WITH OFFICIAL SURVEILLANCE
2048-10,1204718000,Cotabato,ARAKAN,0.13078641464520138,3.1397523713235036,NOT_SIGNIFICANT,0,0,44.22998220805258,LOW,44.53058027319996,NEIGHBOR_INFECTIOUS_PRESSURE,DYNAMIC SPATIOTEMPORAL WATCH,SCENARIO-BASED; VERIFY WITH OFFICIAL SURVEILLANCE
2048-10,1204712000,Cotabato,PIKIT,0.2244466521510089,2.677680696226859,NOT_SIGNIFICANT,0,0,44.07554839838204,LOW,51.590921200448165,NEIGHBOR_INFECTIOUS_PRESSURE,DYNAMIC SPATIOTEMPORAL WATCH,SCENARIO-BASED; VERIFY WITH OFFICIAL SURVEILLANCE
2048-10,1206314000,South Cotabato,TAMPAKAN,0.12285999533908254,4.841914670239634,HOT_SPOT_95,1,10,41.32973168777423,LOW,26.983803350681544,STATISTICAL_HOTSPOT+CONNECTED_HOTSPOT_CLUSTER,DYNAMIC SPATIOTEMPORAL WATCH,SCENARIO-BASED; VERIFY WITH OFFICIAL SURVEILLANCE
2048-10,1204701000,Cotabato,ALAMADA,0.1817450334657276,2.9337773159784626,NOT_SIGNIFICANT,0,0,40.53165398000827,LOW,50.038338695706706,NEIGHBOR_INFECTIOUS_PRESSURE,DYNAMIC SPATIOTEMPORAL WATCH,SCENARIO-BASED; VERIFY WITH OFFICIAL SURVEILLANCE
2048-10,1206509000,Sultan Kudarat,PALIMBANG,0.2367302695201893,2.795911643234056,COLD_SPOT_90,0,0,36.38135613547093,LOW,48.08488923965314,NEIGHBOR_INFECTIOUS_PRESSURE,DYNAMIC SPATIOTEMPORAL WATCH,SCENARIO-BASED; VERIFY WITH OFFICIAL SURVEILLANCE
2048-11,1206311000,South Cotabato,NORALA,0.7116290436436868,6.730343899488088,HOT_SPOT_99,1,10,76.54700876606664,HIGH,46.9201663090633,TRANSMISSION_PRESSURE_PROXY+STATISTICAL_HOTSPOT+CONNECTED_HOTSPOT_CLUSTER,DYNAMIC SPATIOTEMPORAL WATCH,SCENARIO-BASED; VERIFY WITH OFFICIAL SURVEILLANCE
2048-11,1206315000,South Cotabato,TANTANGAN,0.8246076194586668,7.432371120508579,HOT_SPOT_99,1,10,72.32993423846905,HIGH,45.61983929857932,TRANSMISSION_PRESSURE_PROXY+STATISTICAL_HOTSPOT+CONNECTED_HOTSPOT_CLUSTER,DYNAMIC SPATIOTEMPORAL WATCH,SCENARIO-BASED; VERIFY WITH OFFICIAL SURVEILLANCE
2048-11,1206306000,South Cotabato,KORONADAL,2.8734015005536273,8.536647721357037,HOT_SPOT_99,1,10,71.2695589757774,HIGH,49.19083358661533,TRANSMISSION_PRESSURE_PROXY+STATISTICAL_HOTSPOT+CONNECTED_HOTSPOT_CLUSTER,DYNAMIC SPATIOTEMPORAL WATCH,SCENARIO-BASED; VERIFY WITH OFFICIAL SURVEILLANCE
2048-11,1206318000,South Cotabato,SANTO NIÑO,0.5544161509116391,7.949319173602566,HOT_SPOT_95,1,10,70.04525945265044,HIGH,44.060629951206344,TRANSMISSION_PRESSURE_PROXY+STATISTICAL_HOTSPOT+CONNECTED_HOTSPOT_CLUSTER,DYNAMIC SPATIOTEMPORAL WATCH,SCENARIO-BASED; VERIFY WITH OFFICIAL SURVEILLANCE
2048-11,1206511000,Sultan Kudarat,TACURONG,1.1694016227982524,7.398994728968648,HOT_SPOT_99,1,10,62.76102057560643,MODERATE,40.1256895058371,STATISTICAL_HOTSPOT+CONNECTED_HOTSPOT_CLUSTER,DYNAMIC SPATIOTEMPORAL WATCH,SCENARIO-BASED; VERIFY WITH OFFICIAL SURVEILLANCE
2048-11,1206302000,South Cotabato,BANGA,0.801113712320418,6.201384020605181,HOT_SPOT_99,1,10,62.57084499312735,MODERATE,40.46906466805045,STATISTICAL_HOTSPOT+CONNECTED_HOTSPOT_CLUSTER,DYNAMIC SPATIOTEMPORAL WATCH,SCENARIO-BASED; VERIFY WITH OFFICIAL SURVEILLANCE
2048-11,1206507000,Sultan Kudarat,LUTAYAN,0.5872566628534439,4.086794276800689,HOT_SPOT_95,1,10,50.26646778339987,MODERATE,36.65282629883082,STATISTICAL_HOTSPOT+CONNECTED_HOTSPOT_CLUSTER,DYNAMIC SPATIOTEMPORAL WATCH,SCENARIO-BASED; VERIFY WITH OFFICIAL SURVEILLANCE
2048-11,1204701000,Cotabato,ALAMADA,0.3286014193112267,2.943148053054635,NOT_SIGNIFICANT,0,0,44.05702350161209,LOW,52.5947568951046,NEIGHBOR_INFECTIOUS_PRESSURE,DYNAMIC SPATIOTEMPORAL WATCH,SCENARIO-BASED; VERIFY WITH OFFICIAL SURVEILLANCE
2048-11,1204718000,Cotabato,ARAKAN,0.16433588715261274,3.145905919516213,NOT_SIGNIFICANT,0,0,39.78685962835522,LOW,42.615262285897124,NEIGHBOR_INFECTIOUS_PRESSURE,DYNAMIC SPATIOTEMPORAL WATCH,SCENARIO-BASED; VERIFY WITH OFFICIAL SURVEILLANCE
2048-11,1206314000,South Cotabato,TAMPAKAN,0.15704106621484715,4.848227004017363,HOT_SPOT_95,1,10,38.63273723291461,LOW,27.1622665696822,STATISTICAL_HOTSPOT+CONNECTED_HOTSPOT_CLUSTER,DYNAMIC SPATIOTEMPORAL WATCH,SCENARIO-BASED; VERIFY WITH OFFICIAL SURVEILLANCE
2048-11,1204712000,Cotabato,PIKIT,0.23028791515718927,2.6842729532836214,NOT_SIGNIFICANT,0,0,37.26321773139977,LOW,47.08100337232172,NEIGHBOR_INFECTIOUS_PRESSURE,DYNAMIC SPATIOTEMPORAL WATCH,SCENARIO-BASED; VERIFY WITH OFFICIAL SURVEILLANCE
2048-11,1206509000,Sultan Kudarat,PALIMBANG,0.3150559337241832,2.8016358578043095,COLD_SPOT_90,0,0,33.74754188290213,LOW,47.819296201213064,NEIGHBOR_INFECTIOUS_PRESSURE,DYNAMIC SPATIOTEMPORAL WATCH,SCENARIO-BASED; VERIFY WITH OFFICIAL SURVEILLANCE
2048-12,1206306000,South Cotabato,KORONADAL,1.2993404732886142,8.543402897706748,HOT_SPOT_99,1,10,75.33991472752763,HIGH,51.30957632960654,TRANSMISSION_PRESSURE_PROXY+STATISTICAL_HOTSPOT+CONNECTED_HOTSPOT_CLUSTER,DYNAMIC SPATIOTEMPORAL WATCH,SCENARIO-BASED; VERIFY WITH OFFICIAL SURVEILLANCE
2048-12,1206511000,Sultan Kudarat,TACURONG,0.6033367553962456,7.404055992173161,HOT_SPOT_99,1,10,72.7496741372761,HIGH,46.063787390527764,TRANSMISSION_PRESSURE_PROXY+STATISTICAL_HOTSPOT+CONNECTED_HOTSPOT_CLUSTER,DYNAMIC SPATIOTEMPORAL WATCH,SCENARIO-BASED; VERIFY WITH OFFICIAL SURVEILLANCE
2048-12,1206311000,South Cotabato,NORALA,0.16701209434510658,6.733806790186381,HOT_SPOT_99,1,10,70.07913946950113,HIGH,41.30935747767707,TRANSMISSION_PRESSURE_PROXY+STATISTICAL_HOTSPOT+CONNECTED_HOTSPOT_CLUSTER+NEIGHBOR_INFECTIOUS_PRESSURE,DYNAMIC SPATIOTEMPORAL WATCH,SCENARIO-BASED; VERIFY WITH OFFICIAL SURVEILLANCE
2048-12,1206315000,South Cotabato,TANTANGAN,0.17054165209708702,7.435626978146024,HOT_SPOT_99,1,10,68.29317662934147,HIGH,40.99517737778775,TRANSMISSION_PRESSURE_PROXY+STATISTICAL_HOTSPOT+CONNECTED_HOTSPOT_CLUSTER,DYNAMIC SPATIOTEMPORAL WATCH,SCENARIO-BASED; VERIFY WITH OFFICIAL SURVEILLANCE
2048-12,1206318000,South Cotabato,SANTO NIÑO,0.18241577445035217,7.954555920897592,HOT_SPOT_95,1,10,67.40099658949228,HIGH,41.3464401781904,TRANSMISSION_PRESSURE_PROXY+STATISTICAL_HOTSPOT+CONNECTED_HOTSPOT_CLUSTER,DYNAMIC SPATIOTEMPORAL WATCH,SCENARIO-BASED; VERIFY WITH OFFICIAL SURVEILLANCE
2048-12,1206302000,South Cotabato,BANGA,0.25621333272257585,6.203640469093888,HOT_SPOT_99,1,10,62.098352705901206,MODERATE,40.29759314399456,STATISTICAL_HOTSPOT+CONNECTED_HOTSPOT_CLUSTER+NEIGHBOR_INFECTIOUS_PRESSURE,DYNAMIC SPATIOTEMPORAL WATCH,SCENARIO-BASED; VERIFY WITH OFFICIAL SURVEILLANCE
2048-12,1206317000,South Cotabato,TUPI,0.3559548084918958,5.394444383040509,HOT_SPOT_90,1,10,55.15019953498539,MODERATE,35.530420750287156,CONNECTED_HOTSPOT_CLUSTER,DYNAMIC SPATIOTEMPORAL WATCH,SCENARIO-BASED; VERIFY WITH OFFICIAL SURVEILLANCE
2048-12,1206314000,South Cotabato,TAMPAKAN,0.06729520407272459,4.849565577299556,HOT_SPOT_95,1,10,44.53241952012635,LOW,31.018922480713204,STATISTICAL_HOTSPOT+CONNECTED_HOTSPOT_CLUSTER,DYNAMIC SPATIOTEMPORAL WATCH,SCENARIO-BASED; VERIFY WITH OFFICIAL SURVEILLANCE
2048-12,1206507000,Sultan Kudarat,LUTAYAN,0.1422853459002943,4.089389987731127,HOT_SPOT_95,1,10,43.793743967906494,LOW,32.05575441748394,STATISTICAL_HOTSPOT+CONNECTED_HOTSPOT_CLUSTER,DYNAMIC SPATIOTEMPORAL WATCH,SCENARIO-BASED; VERIFY WITH OFFICIAL SURVEILLANCE
2048-12,1204712000,Cotabato,PIKIT,0.10770410634958771,2.6865978263339163,NOT_SIGNIFICANT,0,0,38.001846767652694,LOW,48.75505773298953,NEIGHBOR_INFECTIOUS_PRESSURE,DYNAMIC SPATIOTEMPORAL WATCH,SCENARIO-BASED; VERIFY WITH OFFICIAL SURVEILLANCE
2048-12,1204701000,Cotabato,ALAMADA,0.10905830372375286,2.9452029441207794,NOT_SIGNIFICANT,0,0,37.969893551325626,LOW,49.469877982334054,NEIGHBOR_INFECTIOUS_PRESSURE,DYNAMIC SPATIOTEMPORAL WATCH,SCENARIO-BASED; VERIFY WITH OFFICIAL SURVEILLANCE
2049-01,1206311000,South Cotabato,NORALA,0.13223561742810142,6.73482329777864,HOT_SPOT_99,1,10,75.13181160761148,HIGH,42.4774406780248,TRANSMISSION_PRESSURE_PROXY+STATISTICAL_HOTSPOT+CONNECTED_HOTSPOT_CLUSTER+NEIGHBOR_INFECTIOUS_PRESSURE,DYNAMIC SPATIOTEMPORAL WATCH,SCENARIO-BASED; VERIFY WITH OFFICIAL SURVEILLANCE
2049-01,1206315000,South Cotabato,TANTANGAN,0.13814036768690577,7.436598481170662,HOT_SPOT_99,1,10,74.00077882861615,HIGH,42.41311648966518,TRANSMISSION_PRESSURE_PROXY+STATISTICAL_HOTSPOT+CONNECTED_HOTSPOT_CLUSTER,DYNAMIC SPATIOTEMPORAL WATCH,SCENARIO-BASED; VERIFY WITH OFFICIAL SURVEILLANCE
2049-01,1206306000,South Cotabato,KORONADAL,0.7027745018855546,8.542328740325429,HOT_SPOT_99,1,10,71.00809989980753,HIGH,47.270620034072685,TRANSMISSION_PRESSURE_PROXY+STATISTICAL_HOTSPOT+CONNECTED_HOTSPOT_CLUSTER,DYNAMIC SPATIOTEMPORAL WATCH,SCENARIO-BASED; VERIFY WITH OFFICIAL SURVEILLANCE
2049-01,1206318000,South Cotabato,SANTO NIÑO,0.12062507260911631,7.955573205873738,HOT_SPOT_95,1,10,68.96253307829141,HIGH,41.671598492671,TRANSMISSION_PRESSURE_PROXY+STATISTICAL_HOTSPOT+CONNECTED_HOTSPOT_CLUSTER,DYNAMIC SPATIOTEMPORAL WATCH,SCENARIO-BASED; VERIFY WITH OFFICIAL SURVEILLANCE
2049-01,1206302000,South Cotabato,BANGA,0.1853104621219321,6.203370649283756,HOT_SPOT_99,1,10,62.99445248632046,MODERATE,40.77871104532574,STATISTICAL_HOTSPOT+CONNECTED_HOTSPOT_CLUSTER+NEIGHBOR_INFECTIOUS_PRESSURE,DYNAMIC SPATIOTEMPORAL WATCH,SCENARIO-BASED; VERIFY WITH OFFICIAL SURVEILLANCE
2049-01,1206511000,Sultan Kudarat,TACURONG,0.2716729479663894,7.401584046087603,HOT_SPOT_99,1,10,61.04980951330976,MODERATE,40.38349673925847,STATISTICAL_HOTSPOT+CONNECTED_HOTSPOT_CLUSTER,DYNAMIC SPATIOTEMPORAL WATCH,SCENARIO-BASED; VERIFY WITH OFFICIAL SURVEILLANCE
2049-01,1206314000,South Cotabato,TAMPAKAN,0.07838763685326777,4.851453007963171,HOT_SPOT_95,1,10,55.91678878078472,MODERATE,36.936268352148524,STATISTICAL_HOTSPOT+CONNECTED_HOTSPOT_CLUSTER+NEIGHBOR_INFECTIOUS_PRESSURE,DYNAMIC SPATIOTEMPORAL WATCH,SCENARIO-BASED; VERIFY WITH OFFICIAL SURVEILLANCE
2049-01,1204701000,Cotabato,ALAMADA,0.11363914669646735,2.947428492423737,NOT_SIGNIFICANT,0,0,47.559848418685405,MODERATE,55.93368095604191,NEIGHBOR_INFECTIOUS_PRESSURE,DYNAMIC SPATIOTEMPORAL WATCH,SCENARIO-BASED; VERIFY WITH OFFICIAL SURVEILLANCE
2049-01,1206507000,Sultan Kudarat,LUTAYAN,0.0935174313678771,4.089911842435305,HOT_SPOT_95,1,10,41.86678565989504,LOW,31.332100175945968,STATISTICAL_HOTSPOT+CONNECTED_HOTSPOT_CLUSTER,DYNAMIC SPATIOTEMPORAL WATCH,SCENARIO-BASED; VERIFY WITH OFFICIAL SURVEILLANCE
2049-01,1204712000,Cotabato,PIKIT,0.08104483655054294,2.68795344736555,NOT_SIGNIFICANT,0,0,40.19996545823194,LOW,51.334907779350445,NEIGHBOR_INFECTIOUS_PRESSURE,DYNAMIC SPATIOTEMPORAL WATCH,SCENARIO-BASED; VERIFY WITH OFFICIAL SURVEILLANCE
2049-01,1206509000,Sultan Kudarat,PALIMBANG,0.11077575224984354,2.805126803723612,COLD_SPOT_90,0,0,38.65883678291957,LOW,52.136680792429786,NEIGHBOR_INFECTIOUS_PRESSURE,DYNAMIC SPATIOTEMPORAL WATCH,SCENARIO-BASED; VERIFY WITH OFFICIAL SURVEILLANCE
2049-02,1206315000,South Cotabato,TANTANGAN,0.7321437840182903,7.464580077877807,HOT_SPOT_99,1,10,77.70825690972615,HIGH,46.61947222299874,TRANSMISSION_PRESSURE_PROXY+STATISTICAL_HOTSPOT+CONNECTED_HOTSPOT_CLUSTER,DYNAMIC SPATIOTEMPORAL WATCH,SCENARIO-BASED; VERIFY WITH OFFICIAL SURVEILLANCE
2049-02,1206302000,South Cotabato,BANGA,1.1247535042666017,6.225622160564499,HOT_SPOT_99,1,10,71.89489680209697,HIGH,46.52132587900061,TRANSMISSION_PRESSURE_PROXY+STATISTICAL_HOTSPOT+CONNECTED_HOTSPOT_CLUSTER,DYNAMIC SPATIOTEMPORAL WATCH,SCENARIO-BASED; VERIFY WITH OFFICIAL SURVEILLANCE
2049-02,1206511000,Sultan Kudarat,TACURONG,1.3486714397616217,7.418078437514549,HOT_SPOT_99,1,10,70.49386125845622,HIGH,45.30616271587472,TRANSMISSION_PRESSURE_PROXY+STATISTICAL_HOTSPOT+CONNECTED_HOTSPOT_CLUSTER,DYNAMIC SPATIOTEMPORAL WATCH,SCENARIO-BASED; VERIFY WITH OFFICIAL SURVEILLANCE
2049-02,1206306000,South Cotabato,KORONADAL,2.271005491837074,8.557019170647424,HOT_SPOT_99,1,10,70.0036164782152,HIGH,47.117679286835504,TRANSMISSION_PRESSURE_PROXY+STATISTICAL_HOTSPOT+CONNECTED_HOTSPOT_CLUSTER,DYNAMIC SPATIOTEMPORAL WATCH,SCENARIO-BASED; VERIFY WITH OFFICIAL SURVEILLANCE
2049-02,1206311000,South Cotabato,NORALA,0.33396926284109163,6.744887960149438,HOT_SPOT_99,1,10,65.23942591704238,HIGH,38.95853495760676,TRANSMISSION_PRESSURE_PROXY+STATISTICAL_HOTSPOT+CONNECTED_HOTSPOT_CLUSTER,DYNAMIC SPATIOTEMPORAL WATCH,SCENARIO-BASED; VERIFY WITH OFFICIAL SURVEILLANCE
2049-02,1206318000,South Cotabato,SANTO NIÑO,0.3296448714605933,7.967749346068723,HOT_SPOT_95,1,10,62.699883714089054,MODERATE,40.49892098729914,STATISTICAL_HOTSPOT+CONNECTED_HOTSPOT_CLUSTER,DYNAMIC SPATIOTEMPORAL WATCH,SCENARIO-BASED; VERIFY WITH OFFICIAL SURVEILLANCE
2049-02,1206314000,South Cotabato,TAMPAKAN,0.1902963338847308,4.859360323545839,HOT_SPOT_95,1,10,46.88260353376823,MODERATE,32.42806173621256,STATISTICAL_HOTSPOT+CONNECTED_HOTSPOT_CLUSTER,DYNAMIC SPATIOTEMPORAL WATCH,SCENARIO-BASED; VERIFY WITH OFFICIAL SURVEILLANCE
2049-02,1204711000,Cotabato,PIGKAWAYAN,0.2005003483472554,4.225396682508797,NOT_SIGNIFICANT,0,0,44.05251515950736,LOW,49.231978372537284,NONE,DYNAMIC SPATIOTEMPORAL WATCH,SCENARIO-BASED; VERIFY WITH OFFICIAL SURVEILLANCE
2049-02,1206507000,Sultan Kudarat,LUTAYAN,0.262315730940891,4.09616468044489,HOT_SPOT_95,1,10,40.301798465780706,LOW,30.519995316762813,STATISTICAL_HOTSPOT+CONNECTED_HOTSPOT_CLUSTER,DYNAMIC SPATIOTEMPORAL WATCH,SCENARIO-BASED; VERIFY WITH OFFICIAL SURVEILLANCE
2049-02,1204712000,Cotabato,PIKIT,0.20278899813972573,2.693402149316741,NOT_SIGNIFICANT,0,0,39.71436101133698,LOW,50.08472257461944,NEIGHBOR_INFECTIOUS_PRESSURE,DYNAMIC SPATIOTEMPORAL WATCH,SCENARIO-BASED; VERIFY WITH OFFICIAL SURVEILLANCE
2049-02,1204701000,Cotabato,ALAMADA,0.20340072056360672,2.952468086111394,NOT_SIGNIFICANT,0,0,38.88103236228516,LOW,48.83059859494905,NEIGHBOR_INFECTIOUS_PRESSURE,DYNAMIC SPATIOTEMPORAL WATCH,SCENARIO-BASED; VERIFY WITH OFFICIAL SURVEILLANCE
2049-02,1206509000,Sultan Kudarat,PALIMBANG,0.23407891515804488,2.810862982389354,COLD_SPOT_90,0,0,35.368030537641765,LOW,48.047002481832294,NEIGHBOR_INFECTIOUS_PRESSURE,DYNAMIC SPATIOTEMPORAL WATCH,SCENARIO-BASED; VERIFY WITH OFFICIAL SURVEILLANCE
2049-03,1206311000,South Cotabato,NORALA,0.8481243591412144,6.778233576870958,HOT_SPOT_99,1,10,75.16493176593151,HIGH,46.2907533684575,TRANSMISSION_PRESSURE_PROXY+STATISTICAL_HOTSPOT+CONNECTED_HOTSPOT_CLUSTER,DYNAMIC SPATIOTEMPORAL WATCH,SCENARIO-BASED; VERIFY WITH OFFICIAL SURVEILLANCE
2049-03,1206306000,South Cotabato,KORONADAL,3.6905441206248932,8.587120993069911,HOT_SPOT_99,1,10,74.70633427867237,HIGH,52.04359105391294,TRANSMISSION_PRESSURE_PROXY+STATISTICAL_HOTSPOT+CONNECTED_HOTSPOT_CLUSTER,DYNAMIC SPATIOTEMPORAL WATCH,SCENARIO-BASED; VERIFY WITH OFFICIAL SURVEILLANCE
2049-03,1206315000,South Cotabato,TANTANGAN,0.5710934912681767,7.485521897357336,HOT_SPOT_99,1,10,73.50831165008101,HIGH,41.98274172412775,TRANSMISSION_PRESSURE_PROXY+STATISTICAL_HOTSPOT+CONNECTED_HOTSPOT_CLUSTER,DYNAMIC SPATIOTEMPORAL WATCH,SCENARIO-BASED; VERIFY WITH OFFICIAL SURVEILLANCE
2049-03,1206511000,Sultan Kudarat,TACURONG,1.7204102925442604,7.442113595618961,HOT_SPOT_99,1,10,73.50423969617626,HIGH,46.338903726476,TRANSMISSION_PRESSURE_PROXY+STATISTICAL_HOTSPOT+CONNECTED_HOTSPOT_CLUSTER,DYNAMIC SPATIOTEMPORAL WATCH,SCENARIO-BASED; VERIFY WITH OFFICIAL SURVEILLANCE
2049-03,1206318000,South Cotabato,SANTO NIÑO,0.8142826901613295,8.006582207984865,HOT_SPOT_95,1,10,71.49669775500827,HIGH,47.45560360613571,TRANSMISSION_PRESSURE_PROXY+STATISTICAL_HOTSPOT+CONNECTED_HOTSPOT_CLUSTER,DYNAMIC SPATIOTEMPORAL WATCH,SCENARIO-BASED; VERIFY WITH OFFICIAL SURVEILLANCE
2049-03,1206302000,South Cotabato,BANGA,1.0898745000670627,6.24741171232099,HOT_SPOT_99,1,10,69.06648583836302,HIGH,42.78096511975744,TRANSMISSION_PRESSURE_PROXY+STATISTICAL_HOTSPOT+CONNECTED_HOTSPOT_CLUSTER,DYNAMIC SPATIOTEMPORAL WATCH,SCENARIO-BASED; VERIFY WITH OFFICIAL SURVEILLANCE
2049-03,1204711000,Cotabato,PIGKAWAYAN,0.41924296831448415,4.240726391106277,NOT_SIGNIFICANT,0,0,58.22447881599621,MODERATE,58.7142041550853,NONE,DYNAMIC SPATIOTEMPORAL WATCH,SCENARIO-BASED; VERIFY WITH OFFICIAL SURVEILLANCE
2049-03,1206314000,South Cotabato,TAMPAKAN,0.44362507167849846,4.881070046880095,HOT_SPOT_95,1,10,55.054206326905195,MODERATE,34.44270295007185,STATISTICAL_HOTSPOT+CONNECTED_HOTSPOT_CLUSTER,DYNAMIC SPATIOTEMPORAL WATCH,SCENARIO-BASED; VERIFY WITH OFFICIAL SURVEILLANCE
2049-03,1206507000,Sultan Kudarat,LUTAYAN,0.44449066192228215,4.108605276805121,HOT_SPOT_95,1,10,49.970334639807064,MODERATE,38.68911256229571,STATISTICAL_HOTSPOT+CONNECTED_HOTSPOT_CLUSTER,DYNAMIC SPATIOTEMPORAL WATCH,SCENARIO-BASED; VERIFY WITH OFFICIAL SURVEILLANCE
2049-03,1204701000,Cotabato,ALAMADA,0.2747009948072519,2.9597687299675983,NOT_SIGNIFICANT,0,0,41.112005866913435,LOW,51.417276181628964,NEIGHBOR_INFECTIOUS_PRESSURE,DYNAMIC SPATIOTEMPORAL WATCH,SCENARIO-BASED; VERIFY WITH OFFICIAL SURVEILLANCE
2049-03,1204712000,Cotabato,PIKIT,0.24177544959107128,2.7001351933909294,NOT_SIGNIFICANT,0,0,39.910066267289366,LOW,50.14124114396499,NEIGHBOR_INFECTIOUS_PRESSURE,DYNAMIC SPATIOTEMPORAL WATCH,SCENARIO-BASED; VERIFY WITH OFFICIAL SURVEILLANCE
2049-03,1206509000,Sultan Kudarat,PALIMBANG,0.36337274187656843,2.8177645199441637,COLD_SPOT_90,0,0,39.61159200975069,LOW,52.33350466720361,NEIGHBOR_INFECTIOUS_PRESSURE,DYNAMIC SPATIOTEMPORAL WATCH,SCENARIO-BASED; VERIFY WITH OFFICIAL SURVEILLANCE
2049-04,1206315000,South Cotabato,TANTANGAN,0.5439172770756602,7.505049923143677,HOT_SPOT_99,1,10,80.48578405546274,CRITICAL,45.53012125437509,TRANSMISSION_PRESSURE_PROXY+STATISTICAL_HOTSPOT+CONNECTED_HOTSPOT_CLUSTER+NEIGHBOR_INFECTIOUS_PRESSURE,DYNAMIC SPATIOTEMPORAL WATCH,SCENARIO-BASED; VERIFY WITH OFFICIAL SURVEILLANCE
2049-04,1206511000,Sultan Kudarat,TACURONG,1.5400815144026723,7.4626726141902875,HOT_SPOT_99,1,10,77.11283642546758,HIGH,47.09182630275418,TRANSMISSION_PRESSURE_PROXY+STATISTICAL_HOTSPOT+CONNECTED_HOTSPOT_CLUSTER,DYNAMIC SPATIOTEMPORAL WATCH,SCENARIO-BASED; VERIFY WITH OFFICIAL SURVEILLANCE
2049-04,1206302000,South Cotabato,BANGA,0.9924685964733514,6.266694799194061,HOT_SPOT_99,1,10,75.74786468979688,HIGH,45.08059932507074,TRANSMISSION_PRESSURE_PROXY+STATISTICAL_HOTSPOT+CONNECTED_HOTSPOT_CLUSTER+NEIGHBOR_INFECTIOUS_PRESSURE,DYNAMIC SPATIOTEMPORAL WATCH,SCENARIO-BASED; VERIFY WITH OFFICIAL SURVEILLANCE
2049-04,1206306000,South Cotabato,KORONADAL,3.198567837773974,8.611905772541181,HOT_SPOT_99,1,10,75.09741878211823,HIGH,50.64658895689447,TRANSMISSION_PRESSURE_PROXY+STATISTICAL_HOTSPOT+CONNECTED_HOTSPOT_CLUSTER,DYNAMIC SPATIOTEMPORAL WATCH,SCENARIO-BASED; VERIFY WITH OFFICIAL SURVEILLANCE
2049-04,1206311000,South Cotabato,NORALA,0.41025610057159023,6.791975455538517,HOT_SPOT_99,1,10,72.78406970347757,HIGH,42.156567004726995,TRANSMISSION_PRESSURE_PROXY+STATISTICAL_HOTSPOT+CONNECTED_HOTSPOT_CLUSTER+NEIGHBOR_INFECTIOUS_PRESSURE,DYNAMIC SPATIOTEMPORAL WATCH,SCENARIO-BASED; VERIFY WITH OFFICIAL SURVEILLANCE
2049-04,1206318000,South Cotabato,SANTO NIÑO,0.42201455521519,8.023920103586372,HOT_SPOT_95,1,10,71.84389494338626,HIGH,43.70207853862714,TRANSMISSION_PRESSURE_PROXY+STATISTICAL_HOTSPOT+CONNECTED_HOTSPOT_CLUSTER,DYNAMIC SPATIOTEMPORAL WATCH,SCENARIO-BASED; VERIFY WITH OFFICIAL SURVEILLANCE
2049-04,1206314000,South Cotabato,TAMPAKAN,0.6753248280192093,4.915370023064486,HOT_SPOT_95,1,10,63.30483602408318,MODERATE,38.16442118191028,STATISTICAL_HOTSPOT+CONNECTED_HOTSPOT_CLUSTER,DYNAMIC SPATIOTEMPORAL WATCH,SCENARIO-BASED; VERIFY WITH OFFICIAL SURVEILLANCE
2049-04,1204701000,Cotabato,ALAMADA,0.48624875710597837,2.9739110111756513,NOT_SIGNIFICANT,0,0,49.07754990727586,MODERATE,55.79735263024218,NEIGHBOR_INFECTIOUS_PRESSURE,DYNAMIC SPATIOTEMPORAL WATCH,SCENARIO-BASED; VERIFY WITH OFFICIAL SURVEILLANCE
2049-04,1206507000,Sultan Kudarat,LUTAYAN,0.288720017955572,4.115827916106129,HOT_SPOT_95,1,10,43.60196371477345,LOW,33.12297051195749,STATISTICAL_HOTSPOT+CONNECTED_HOTSPOT_CLUSTER+NEIGHBOR_INFECTIOUS_PRESSURE,DYNAMIC SPATIOTEMPORAL WATCH,SCENARIO-BASED; VERIFY WITH OFFICIAL SURVEILLANCE
2049-04,1204705000,Cotabato,LIBUNGAN,0.3290933949809688,4.758839121040706,NOT_SIGNIFICANT,0,0,37.267944972899635,LOW,29.530100428659964,NEIGHBOR_INFECTIOUS_PRESSURE,DYNAMIC SPATIOTEMPORAL WATCH,SCENARIO-BASED; VERIFY WITH OFFICIAL SURVEILLANCE
2049-05,1206315000,South Cotabato,TANTANGAN,0.28860797935089433,7.512789261263615,HOT_SPOT_99,1,10,82.2661821979698,CRITICAL,47.23630533850599,TRANSMISSION_PRESSURE_PROXY+STATISTICAL_HOTSPOT+CONNECTED_HOTSPOT_CLUSTER+NEIGHBOR_INFECTIOUS_PRESSURE,DYNAMIC SPATIOTEMPORAL WATCH,SCENARIO-BASED; VERIFY WITH OFFICIAL SURVEILLANCE
2049-05,1206318000,South Cotabato,SANTO NIÑO,0.21912048754465374,8.030133964377953,HOT_SPOT_95,1,10,75.18642265866305,HIGH,45.39584772645763,TRANSMISSION_PRESSURE_PROXY+STATISTICAL_HOTSPOT+CONNECTED_HOTSPOT_CLUSTER,DYNAMIC SPATIOTEMPORAL WATCH,SCENARIO-BASED; VERIFY WITH OFFICIAL SURVEILLANCE
2049-05,1206306000,South Cotabato,KORONADAL,1.1403186976887256,8.615446641492163,HOT_SPOT_99,1,10,73.45794807949191,HIGH,47.710599904541425,TRANSMISSION_PRESSURE_PROXY+STATISTICAL_HOTSPOT+CONNECTED_HOTSPOT_CLUSTER,DYNAMIC SPATIOTEMPORAL WATCH,SCENARIO-BASED; VERIFY WITH OFFICIAL SURVEILLANCE
2049-05,1206511000,Sultan Kudarat,TACURONG,0.5574479191159046,7.46550563184258,HOT_SPOT_99,1,10,72.01877709411507,HIGH,43.7493914876542,TRANSMISSION_PRESSURE_PROXY+STATISTICAL_HOTSPOT+CONNECTED_HOTSPOT_CLUSTER,DYNAMIC SPATIOTEMPORAL WATCH,SCENARIO-BASED; VERIFY WITH OFFICIAL SURVEILLANCE
2049-05,1206311000,South Cotabato,NORALA,0.18054449941621173,6.794337387496578,HOT_SPOT_99,1,10,70.81608870435947,HIGH,41.37289173017185,TRANSMISSION_PRESSURE_PROXY+STATISTICAL_HOTSPOT+CONNECTED_HOTSPOT_CLUSTER+NEIGHBOR_INFECTIOUS_PRESSURE,DYNAMIC SPATIOTEMPORAL WATCH,SCENARIO-BASED; VERIFY WITH OFFICIAL SURVEILLANCE
2049-05,1206302000,South Cotabato,BANGA,0.3344808837512694,6.269997053028764,HOT_SPOT_99,1,10,69.12889408145772,HIGH,42.61600234154866,TRANSMISSION_PRESSURE_PROXY+STATISTICAL_HOTSPOT+CONNECTED_HOTSPOT_CLUSTER+NEIGHBOR_INFECTIOUS_PRESSURE,DYNAMIC SPATIOTEMPORAL WATCH,SCENARIO-BASED; VERIFY WITH OFFICIAL SURVEILLANCE
2049-05,1206314000,South Cotabato,TAMPAKAN,0.10966898964823575,4.918689156015882,HOT_SPOT_95,1,10,54.33307432290051,MODERATE,33.1113827257411,STATISTICAL_HOTSPOT+CONNECTED_HOTSPOT_CLUSTER+NEIGHBOR_INFECTIOUS_PRESSURE,DYNAMIC SPATIOTEMPORAL WATCH,SCENARIO-BASED; VERIFY WITH OFFICIAL SURVEILLANCE
2049-05,1206507000,Sultan Kudarat,LUTAYAN,0.1590495158407385,4.118192195604283,HOT_SPOT_95,1,10,46.31497140355929,MODERATE,35.53421001178076,STATISTICAL_HOTSPOT+CONNECTED_HOTSPOT_CLUSTER+NEIGHBOR_INFECTIOUS_PRESSURE,DYNAMIC SPATIOTEMPORAL WATCH,SCENARIO-BASED; VERIFY WITH OFFICIAL SURVEILLANCE
2049-06,1206311000,South Cotabato,NORALA,0.3278794381816912,6.803364858886544,HOT_SPOT_99,1,10,75.41877114436174,HIGH,42.12168609348423,TRANSMISSION_PRESSURE_PROXY+STATISTICAL_HOTSPOT+CONNECTED_HOTSPOT_CLUSTER+NEIGHBOR_INFECTIOUS_PRESSURE,DYNAMIC SPATIOTEMPORAL WATCH,SCENARIO-BASED; VERIFY WITH OFFICIAL SURVEILLANCE
2049-06,1206306000,South Cotabato,KORONADAL,1.9810553495150807,8.625750199228124,HOT_SPOT_99,1,10,73.40438970815867,HIGH,48.08042952048985,TRANSMISSION_PRESSURE_PROXY+STATISTICAL_HOTSPOT+CONNECTED_HOTSPOT_CLUSTER,DYNAMIC SPATIOTEMPORAL WATCH,SCENARIO-BASED; VERIFY WITH OFFICIAL SURVEILLANCE
2049-06,1206315000,South Cotabato,TANTANGAN,0.3181573374499497,7.521032510757097,HOT_SPOT_99,1,10,73.25100938914953,HIGH,41.91388399561588,TRANSMISSION_PRESSURE_PROXY+STATISTICAL_HOTSPOT+CONNECTED_HOTSPOT_CLUSTER+NEIGHBOR_INFECTIOUS_PRESSURE,DYNAMIC SPATIOTEMPORAL WATCH,SCENARIO-BASED; VERIFY WITH OFFICIAL SURVEILLANCE
2049-06,1206302000,South Cotabato,BANGA,0.5818705021233331,6.278399473365923,HOT_SPOT_99,1,10,70.35157146977743,HIGH,42.39320951580791,TRANSMISSION_PRESSURE_PROXY+STATISTICAL_HOTSPOT+CONNECTED_HOTSPOT_CLUSTER+NEIGHBOR_INFECTIOUS_PRESSURE,DYNAMIC SPATIOTEMPORAL WATCH,SCENARIO-BASED; VERIFY WITH OFFICIAL SURVEILLANCE
2049-06,1206318000,South Cotabato,SANTO NIÑO,0.2989654800818286,8.039865815392766,HOT_SPOT_95,1,10,69.70950142994447,HIGH,41.672119200805675,TRANSMISSION_PRESSURE_PROXY+STATISTICAL_HOTSPOT+CONNECTED_HOTSPOT_CLUSTER,DYNAMIC SPATIOTEMPORAL WATCH,SCENARIO-BASED; VERIFY WITH OFFICIAL SURVEILLANCE
2049-06,1206511000,Sultan Kudarat,TACURONG,0.830237453550151,7.471453247156554,HOT_SPOT_99,1,10,67.84559145541836,HIGH,41.30361593596629,TRANSMISSION_PRESSURE_PROXY+STATISTICAL_HOTSPOT+CONNECTED_HOTSPOT_CLUSTER,DYNAMIC SPATIOTEMPORAL WATCH,SCENARIO-BASED; VERIFY WITH OFFICIAL SURVEILLANCE
2049-06,1206317000,South Cotabato,TUPI,0.5231037009032535,5.451512418445796,HOT_SPOT_90,1,10,58.48567898504293,MODERATE,34.55198254500174,CONNECTED_HOTSPOT_CLUSTER,DYNAMIC SPATIOTEMPORAL WATCH,SCENARIO-BASED; VERIFY WITH OFFICIAL SURVEILLANCE
2049-06,1206314000,South Cotabato,TAMPAKAN,0.13398653073648534,4.9233240765875514,HOT_SPOT_95,1,10,53.8192792365342,MODERATE,32.903641936714266,STATISTICAL_HOTSPOT+CONNECTED_HOTSPOT_CLUSTER+NEIGHBOR_INFECTIOUS_PRESSURE,DYNAMIC SPATIOTEMPORAL WATCH,SCENARIO-BASED; VERIFY WITH OFFICIAL SURVEILLANCE
2049-06,1206507000,Sultan Kudarat,LUTAYAN,0.35043058688808604,4.127133528825758,HOT_SPOT_95,1,10,52.622106450674444,MODERATE,38.655941412881084,STATISTICAL_HOTSPOT+CONNECTED_HOTSPOT_CLUSTER,DYNAMIC SPATIOTEMPORAL WATCH,SCENARIO-BASED; VERIFY WITH OFFICIAL SURVEILLANCE
2049-06,1204706000,Cotabato,MAGPET,0.1498743679922703,3.5050854881302236,NOT_SIGNIFICANT,0,0,42.84940295366141,LOW,46.73756845133616,NEIGHBOR_INFECTIOUS_PRESSURE,DYNAMIC SPATIOTEMPORAL WATCH,SCENARIO-BASED; VERIFY WITH OFFICIAL SURVEILLANCE
2049-07,1206306000,South Cotabato,KORONADAL,1.8595858282300008,8.634916816285621,HOT_SPOT_99,1,10,79.10730940414422,HIGH,51.75337863052777,TRANSMISSION_PRESSURE_PROXY+STATISTICAL_HOTSPOT+CONNECTED_HOTSPOT_CLUSTER,DYNAMIC SPATIOTEMPORAL WATCH,SCENARIO-BASED; VERIFY WITH OFFICIAL SURVEILLANCE
2049-07,1206511000,Sultan Kudarat,TACURONG,1.2760798474819768,7.485417143207682,HOT_SPOT_99,1,10,70.3761718901356,HIGH,46.6501550551395,TRANSMISSION_PRESSURE_PROXY+STATISTICAL_HOTSPOT+CONNECTED_HOTSPOT_CLUSTER,DYNAMIC SPATIOTEMPORAL WATCH,SCENARIO-BASED; VERIFY WITH OFFICIAL SURVEILLANCE
2049-07,1206314000,South Cotabato,TAMPAKAN,0.31454412311797,4.937858972245188,HOT_SPOT_95,1,10,67.13613747325078,HIGH,38.04149674808677,TRANSMISSION_PRESSURE_PROXY+STATISTICAL_HOTSPOT+CONNECTED_HOTSPOT_CLUSTER+NEIGHBOR_INFECTIOUS_PRESSURE,DYNAMIC SPATIOTEMPORAL WATCH,SCENARIO-BASED; VERIFY WITH OFFICIAL SURVEILLANCE
2049-07,1206311000,South Cotabato,NORALA,0.2147952729049554,6.807292940323431,HOT_SPOT_99,1,10,61.278020850251046,MODERATE,38.65121934130498,STATISTICAL_HOTSPOT+CONNECTED_HOTSPOT_CLUSTER,DYNAMIC SPATIOTEMPORAL WATCH,SCENARIO-BASED; VERIFY WITH OFFICIAL SURVEILLANCE
2049-07,1206315000,South Cotabato,TANTANGAN,0.2124419609828224,7.524516430350521,HOT_SPOT_99,1,10,59.50941965327049,MODERATE,37.534121366022035,STATISTICAL_HOTSPOT+CONNECTED_HOTSPOT_CLUSTER,DYNAMIC SPATIOTEMPORAL WATCH,SCENARIO-BASED; VERIFY WITH OFFICIAL SURVEILLANCE
2049-07,1206302000,South Cotabato,BANGA,0.42032280546275524,6.2829694017824425,HOT_SPOT_99,1,10,57.947015863277706,MODERATE,38.48214229175562,STATISTICAL_HOTSPOT+CONNECTED_HOTSPOT_CLUSTER,DYNAMIC SPATIOTEMPORAL WATCH,SCENARIO-BASED; VERIFY WITH OFFICIAL SURVEILLANCE
2049-07,1206318000,South Cotabato,SANTO NIÑO,0.19217000949097005,8.043873225752495,HOT_SPOT_95,1,10,56.071697334114255,MODERATE,38.2564324906437,STATISTICAL_HOTSPOT+CONNECTED_HOTSPOT_CLUSTER,DYNAMIC SPATIOTEMPORAL WATCH,SCENARIO-BASED; VERIFY WITH OFFICIAL SURVEILLANCE
2049-07,1206507000,Sultan Kudarat,LUTAYAN,0.19143716649369438,4.130602498622587,HOT_SPOT_95,1,10,44.1933458258488,LOW,33.59705097518445,STATISTICAL_HOTSPOT+CONNECTED_HOTSPOT_CLUSTER+NEIGHBOR_INFECTIOUS_PRESSURE,DYNAMIC SPATIOTEMPORAL WATCH,SCENARIO-BASED; VERIFY WITH OFFICIAL SURVEILLANCE
2049-07,1204706000,Cotabato,MAGPET,0.11926094035400688,3.508395283350072,NOT_SIGNIFICANT,0,0,42.92896891451809,LOW,46.707223193191815,NEIGHBOR_INFECTIOUS_PRESSURE,DYNAMIC SPATIOTEMPORAL WATCH,SCENARIO-BASED; VERIFY WITH OFFICIAL SURVEILLANCE
2049-08,1206306000,South Cotabato,KORONADAL,1.5241055169034634,8.641025469974299,HOT_SPOT_99,1,10,74.0447791211803,HIGH,48.762080554881365,TRANSMISSION_PRESSURE_PROXY+STATISTICAL_HOTSPOT+CONNECTED_HOTSPOT_CLUSTER,DYNAMIC SPATIOTEMPORAL WATCH,SCENARIO-BASED; VERIFY WITH OFFICIAL SURVEILLANCE
2049-08,1206511000,Sultan Kudarat,TACURONG,0.8261686587521898,7.491713050343212,HOT_SPOT_99,1,10,64.5755591611543,MODERATE,40.5407052706813,STATISTICAL_HOTSPOT+CONNECTED_HOTSPOT_CLUSTER,DYNAMIC SPATIOTEMPORAL WATCH,SCENARIO-BASED; VERIFY WITH OFFICIAL SURVEILLANCE
2049-08,1206311000,South Cotabato,NORALA,0.2542433626877375,6.813197929650427,HOT_SPOT_99,1,10,63.23566627090136,MODERATE,39.42221439317985,STATISTICAL_HOTSPOT+CONNECTED_HOTSPOT_CLUSTER,DYNAMIC SPATIOTEMPORAL WATCH,SCENARIO-BASED; VERIFY WITH OFFICIAL SURVEILLANCE
2049-08,1206315000,South Cotabato,TANTANGAN,0.2505723188267501,7.529919222932871,HOT_SPOT_99,1,10,61.93454195657535,MODERATE,38.649641945998326,STATISTICAL_HOTSPOT+CONNECTED_HOTSPOT_CLUSTER,DYNAMIC SPATIOTEMPORAL WATCH,SCENARIO-BASED; VERIFY WITH OFFICIAL SURVEILLANCE
2049-08,1206318000,South Cotabato,SANTO NIÑO,0.20415179361542224,8.048706388283337,HOT_SPOT_95,1,10,57.77517234666066,MODERATE,38.83231438125415,STATISTICAL_HOTSPOT+CONNECTED_HOTSPOT_CLUSTER,DYNAMIC SPATIOTEMPORAL WATCH,SCENARIO-BASED; VERIFY WITH OFFICIAL SURVEILLANCE
2049-08,1206302000,South Cotabato,BANGA,0.428057115899662,6.287892882083693,HOT_SPOT_99,1,10,55.97015394123803,MODERATE,38.06454931045502,STATISTICAL_HOTSPOT+CONNECTED_HOTSPOT_CLUSTER,DYNAMIC SPATIOTEMPORAL WATCH,SCENARIO-BASED; VERIFY WITH OFFICIAL SURVEILLANCE
2049-08,1206314000,South Cotabato,TAMPAKAN,0.13626162202312814,4.942623683642428,HOT_SPOT_95,1,10,50.80668485977117,MODERATE,31.13042902549995,STATISTICAL_HOTSPOT+CONNECTED_HOTSPOT_CLUSTER+NEIGHBOR_INFECTIOUS_PRESSURE,DYNAMIC SPATIOTEMPORAL WATCH,SCENARIO-BASED; VERIFY WITH OFFICIAL SURVEILLANCE
2049-08,1204706000,Cotabato,MAGPET,0.1492774954302945,3.5129616616753476,NOT_SIGNIFICANT,0,0,48.504751397023675,MODERATE,52.012923262384795,NEIGHBOR_INFECTIOUS_PRESSURE,DYNAMIC SPATIOTEMPORAL WATCH,SCENARIO-BASED; VERIFY WITH OFFICIAL SURVEILLANCE
2049-08,1204701000,Cotabato,ALAMADA,0.23915742800948808,2.990984781164424,NOT_SIGNIFICANT,0,0,45.62504956513314,MODERATE,55.14224727812417,NEIGHBOR_INFECTIOUS_PRESSURE,DYNAMIC SPATIOTEMPORAL WATCH,SCENARIO-BASED; VERIFY WITH OFFICIAL SURVEILLANCE
2049-08,1206507000,Sultan Kudarat,LUTAYAN,0.2015745772838859,4.134498054976419,HOT_SPOT_95,1,10,43.87874793929038,LOW,33.30272137404718,STATISTICAL_HOTSPOT+CONNECTED_HOTSPOT_CLUSTER+NEIGHBOR_INFECTIOUS_PRESSURE,DYNAMIC SPATIOTEMPORAL WATCH,SCENARIO-BASED; VERIFY WITH OFFICIAL SURVEILLANCE
2049-08,1204718000,Cotabato,ARAKAN,0.11765975268035099,3.1997732592799317,NOT_SIGNIFICANT,0,0,42.024262751449314,LOW,43.81147669293816,NEIGHBOR_INFECTIOUS_PRESSURE,DYNAMIC SPATIOTEMPORAL WATCH,SCENARIO-BASED; VERIFY WITH OFFICIAL SURVEILLANCE
2049-09,1206306000,South Cotabato,KORONADAL,1.115514102694089,8.643425412469425,HOT_SPOT_99,1,10,74.55760124582227,HIGH,49.159571304563066,TRANSMISSION_PRESSURE_PROXY+STATISTICAL_HOTSPOT+CONNECTED_HOTSPOT_CLUSTER,DYNAMIC SPATIOTEMPORAL WATCH,SCENARIO-BASED; VERIFY WITH OFFICIAL SURVEILLANCE
2049-09,1206315000,South Cotabato,TANTANGAN,0.2563158233451232,7.535832242572379,HOT_SPOT_99,1,10,71.1268919092322,HIGH,44.8767190479881,TRANSMISSION_PRESSURE_PROXY+STATISTICAL_HOTSPOT+CONNECTED_HOTSPOT_CLUSTER,DYNAMIC SPATIOTEMPORAL WATCH,SCENARIO-BASED; VERIFY WITH OFFICIAL SURVEILLANCE
2049-09,1206318000,South Cotabato,SANTO NIÑO,0.2709104661711892,8.057404108994634,HOT_SPOT_95,1,10,69.30713787315538,HIGH,46.56245280454899,TRANSMISSION_PRESSURE_PROXY+STATISTICAL_HOTSPOT+CONNECTED_HOTSPOT_CLUSTER,DYNAMIC SPATIOTEMPORAL WATCH,SCENARIO-BASED; VERIFY WITH OFFICIAL SURVEILLANCE
2049-09,1206311000,South Cotabato,NORALA,0.17228940294332737,6.815608278310691,HOT_SPOT_99,1,10,63.57466241066423,MODERATE,39.40185709440047,STATISTICAL_HOTSPOT+CONNECTED_HOTSPOT_CLUSTER,DYNAMIC SPATIOTEMPORAL WATCH,SCENARIO-BASED; VERIFY WITH OFFICIAL SURVEILLANCE
2049-09,1206511000,Sultan Kudarat,TACURONG,0.5184487801303325,7.4929609269861075,HOT_SPOT_99,1,10,62.88807213495097,MODERATE,39.806431861675556,STATISTICAL_HOTSPOT+CONNECTED_HOTSPOT_CLUSTER,DYNAMIC SPATIOTEMPORAL WATCH,SCENARIO-BASED; VERIFY WITH OFFICIAL SURVEILLANCE
2049-09,1206302000,South Cotabato,BANGA,0.29878826283604426,6.289939235130242,HOT_SPOT_99,1,10,56.45103641606353,MODERATE,38.30454325761862,STATISTICAL_HOTSPOT+CONNECTED_HOTSPOT_CLUSTER,DYNAMIC SPATIOTEMPORAL WATCH,SCENARIO-BASED; VERIFY WITH OFFICIAL SURVEILLANCE
2049-09,1206507000,Sultan Kudarat,LUTAYAN,0.22524957248464605,4.139339112578184,HOT_SPOT_95,1,10,56.20148096159797,MODERATE,39.38902595103523,STATISTICAL_HOTSPOT+CONNECTED_HOTSPOT_CLUSTER+NEIGHBOR_INFECTIOUS_PRESSURE,DYNAMIC SPATIOTEMPORAL WATCH,SCENARIO-BASED; VERIFY WITH OFFICIAL SURVEILLANCE
2049-09,1204718000,Cotabato,ARAKAN,0.19002460543112798,3.206892546139053,NOT_SIGNIFICANT,0,0,55.914344384181604,MODERATE,49.547542663528866,NEIGHBOR_INFECTIOUS_PRESSURE,DYNAMIC SPATIOTEMPORAL WATCH,SCENARIO-BASED; VERIFY WITH OFFICIAL SURVEILLANCE
2049-09,1204712000,Cotabato,PIKIT,0.20216993810472952,2.728836229095185,NOT_SIGNIFICANT,0,0,50.80607166755938,MODERATE,55.868812006523825,NEIGHBOR_INFECTIOUS_PRESSURE,DYNAMIC SPATIOTEMPORAL WATCH,SCENARIO-BASED; VERIFY WITH OFFICIAL SURVEILLANCE
2049-09,1206314000,South Cotabato,TAMPAKAN,0.0749501589985629,4.944139456733369,HOT_SPOT_95,1,10,48.17918969639952,MODERATE,30.278434317646393,STATISTICAL_HOTSPOT+CONNECTED_HOTSPOT_CLUSTER+NEIGHBOR_INFECTIOUS_PRESSURE,DYNAMIC SPATIOTEMPORAL WATCH,SCENARIO-BASED; VERIFY WITH OFFICIAL SURVEILLANCE
2049-09,1204701000,Cotabato,ALAMADA,0.13682559112237952,2.9938472268509186,NOT_SIGNIFICANT,0,0,41.52588129154694,LOW,51.37980451695166,NEIGHBOR_INFECTIOUS_PRESSURE,DYNAMIC SPATIOTEMPORAL WATCH,SCENARIO-BASED; VERIFY WITH OFFICIAL SURVEILLANCE
2049-10,1206311000,South Cotabato,NORALA,0.3899730326804816,6.828174261760618,HOT_SPOT_99,1,10,72.6638100724827,HIGH,44.929213027191686,TRANSMISSION_PRESSURE_PROXY+STATISTICAL_HOTSPOT+CONNECTED_HOTSPOT_CLUSTER,DYNAMIC SPATIOTEMPORAL WATCH,SCENARIO-BASED; VERIFY WITH OFFICIAL SURVEILLANCE
2049-10,1206318000,South Cotabato,SANTO NIÑO,0.5219987505451481,8.079912147208516,HOT_SPOT_95,1,10,70.95065036069136,HIGH,47.24982953438341,TRANSMISSION_PRESSURE_PROXY+STATISTICAL_HOTSPOT+CONNECTED_HOTSPOT_CLUSTER,DYNAMIC SPATIOTEMPORAL WATCH,SCENARIO-BASED; VERIFY WITH OFFICIAL SURVEILLANCE
2049-10,1206306000,South Cotabato,KORONADAL,1.9371288544281122,8.654691017775013,HOT_SPOT_99,1,10,69.35880707497029,HIGH,47.227105897888734,TRANSMISSION_PRESSURE_PROXY+STATISTICAL_HOTSPOT+CONNECTED_HOTSPOT_CLUSTER,DYNAMIC SPATIOTEMPORAL WATCH,SCENARIO-BASED; VERIFY WITH OFFICIAL SURVEILLANCE
2049-10,1206511000,Sultan Kudarat,TACURONG,1.0480294696193515,7.504082356607167,HOT_SPOT_99,1,10,67.14644410062704,HIGH,41.68010749907671,TRANSMISSION_PRESSURE_PROXY+STATISTICAL_HOTSPOT+CONNECTED_HOTSPOT_CLUSTER,DYNAMIC SPATIOTEMPORAL WATCH,SCENARIO-BASED; VERIFY WITH OFFICIAL SURVEILLANCE
2049-10,1206302000,South Cotabato,BANGA,0.737899289295906,6.302770877777846,HOT_SPOT_99,1,10,67.05008848582898,HIGH,44.49385569705149,TRANSMISSION_PRESSURE_PROXY+STATISTICAL_HOTSPOT+CONNECTED_HOTSPOT_CLUSTER,DYNAMIC SPATIOTEMPORAL WATCH,SCENARIO-BASED; VERIFY WITH OFFICIAL SURVEILLANCE
2049-10,1206315000,South Cotabato,TANTANGAN,0.2711020447871289,7.542649032113025,HOT_SPOT_99,1,10,60.865021121803,MODERATE,38.85215895153565,STATISTICAL_HOTSPOT+CONNECTED_HOTSPOT_CLUSTER,DYNAMIC SPATIOTEMPORAL WATCH,SCENARIO-BASED; VERIFY WITH OFFICIAL SURVEILLANCE
2049-10,1206507000,Sultan Kudarat,LUTAYAN,0.3719958860597221,4.14933535586313,HOT_SPOT_95,1,10,47.446446017376076,MODERATE,36.616139544472915,STATISTICAL_HOTSPOT+CONNECTED_HOTSPOT_CLUSTER,DYNAMIC SPATIOTEMPORAL WATCH,SCENARIO-BASED; VERIFY WITH OFFICIAL SURVEILLANCE
2049-10,1204718000,Cotabato,ARAKAN,0.13457569227324545,3.2114585747806985,NOT_SIGNIFICANT,0,0,44.42407798176619,LOW,44.68850120423602,NEIGHBOR_INFECTIOUS_PRESSURE,DYNAMIC SPATIOTEMPORAL WATCH,SCENARIO-BASED; VERIFY WITH OFFICIAL SURVEILLANCE
2049-10,1204712000,Cotabato,PIKIT,0.23069444442451112,2.735187771674145,NOT_SIGNIFICANT,0,0,44.02772959958157,LOW,51.59846801262734,NEIGHBOR_INFECTIOUS_PRESSURE,DYNAMIC SPATIOTEMPORAL WATCH,SCENARIO-BASED; VERIFY WITH OFFICIAL SURVEILLANCE
2049-10,1206314000,South Cotabato,TAMPAKAN,0.12632095635295645,4.948456590297339,HOT_SPOT_95,1,10,41.398917736612155,LOW,27.125112701063497,STATISTICAL_HOTSPOT+CONNECTED_HOTSPOT_CLUSTER,DYNAMIC SPATIOTEMPORAL WATCH,SCENARIO-BASED; VERIFY WITH OFFICIAL SURVEILLANCE
2049-10,1204701000,Cotabato,ALAMADA,0.1868551594437625,2.998292734529987,NOT_SIGNIFICANT,0,0,40.49873163194375,LOW,50.06558097518416,NEIGHBOR_INFECTIOUS_PRESSURE,DYNAMIC SPATIOTEMPORAL WATCH,SCENARIO-BASED; VERIFY WITH OFFICIAL SURVEILLANCE
2049-10,1206509000,Sultan Kudarat,PALIMBANG,0.24440180600786587,2.851952919197633,COLD_SPOT_90,0,0,36.441476209753965,LOW,48.17163975548931,NEIGHBOR_INFECTIOUS_PRESSURE,DYNAMIC SPATIOTEMPORAL WATCH,SCENARIO-BASED; VERIFY WITH OFFICIAL SURVEILLANCE
2049-11,1206311000,South Cotabato,NORALA,0.7314037285549264,6.857081067813795,HOT_SPOT_99,1,9,76.58603832696281,HIGH,47.026728487800554,TRANSMISSION_PRESSURE_PROXY+STATISTICAL_HOTSPOT+CONNECTED_HOTSPOT_CLUSTER,DYNAMIC SPATIOTEMPORAL WATCH,SCENARIO-BASED; VERIFY WITH OFFICIAL SURVEILLANCE
2049-11,1206315000,South Cotabato,TANTANGAN,0.8472412916377683,7.575878115854427,HOT_SPOT_99,1,9,72.33869152688274,HIGH,45.71430178927583,TRANSMISSION_PRESSURE_PROXY+STATISTICAL_HOTSPOT+CONNECTED_HOTSPOT_CLUSTER,DYNAMIC SPATIOTEMPORAL WATCH,SCENARIO-BASED; VERIFY WITH OFFICIAL SURVEILLANCE
2049-11,1206306000,South Cotabato,KORONADAL,2.947639433614878,8.676580693907121,HOT_SPOT_99,1,9,71.37790943474876,HIGH,49.373970650426486,TRANSMISSION_PRESSURE_PROXY+STATISTICAL_HOTSPOT+CONNECTED_HOTSPOT_CLUSTER,DYNAMIC SPATIOTEMPORAL WATCH,SCENARIO-BASED; VERIFY WITH OFFICIAL SURVEILLANCE
2049-11,1206318000,South Cotabato,SANTO NIÑO,0.5698266827917842,8.105729236339867,HOT_SPOT_95,1,9,70.15907407296316,HIGH,44.23208749685962,TRANSMISSION_PRESSURE_PROXY+STATISTICAL_HOTSPOT+CONNECTED_HOTSPOT_CLUSTER,DYNAMIC SPATIOTEMPORAL WATCH,SCENARIO-BASED; VERIFY WITH OFFICIAL SURVEILLANCE
2049-11,1206511000,Sultan Kudarat,TACURONG,1.1985062406709783,7.518212050577342,HOT_SPOT_99,1,9,62.84970581754013,MODERATE,40.27255778089216,STATISTICAL_HOTSPOT+CONNECTED_HOTSPOT_CLUSTER,DYNAMIC SPATIOTEMPORAL WATCH,SCENARIO-BASED; VERIFY WITH OFFICIAL SURVEILLANCE
2049-11,1206302000,South Cotabato,BANGA,0.82307715491295,6.31842697531015,HOT_SPOT_99,1,9,62.665064546031466,MODERATE,40.62846243755168,STATISTICAL_HOTSPOT+CONNECTED_HOTSPOT_CLUSTER,DYNAMIC SPATIOTEMPORAL WATCH,SCENARIO-BASED; VERIFY WITH OFFICIAL SURVEILLANCE
2049-11,1206507000,Sultan Kudarat,LUTAYAN,0.6034175064695986,4.167386531422747,HOT_SPOT_95,1,9,50.33728441496527,MODERATE,36.778264808612704,STATISTICAL_HOTSPOT+CONNECTED_HOTSPOT_CLUSTER,DYNAMIC SPATIOTEMPORAL WATCH,SCENARIO-BASED; VERIFY WITH OFFICIAL SURVEILLANCE
2049-11,1204701000,Cotabato,ALAMADA,0.3378499932177524,3.0075872460131183,NOT_SIGNIFICANT,0,0,44.043481022230935,LOW,52.62584718868699,NEIGHBOR_INFECTIOUS_PRESSURE,DYNAMIC SPATIOTEMPORAL WATCH,SCENARIO-BASED; VERIFY WITH OFFICIAL SURVEILLANCE
2049-11,1204718000,Cotabato,ARAKAN,0.1690440487145913,3.2175404720483436,NOT_SIGNIFICANT,0,0,39.97446521497545,LOW,42.77010588961101,NEIGHBOR_INFECTIOUS_PRESSURE,DYNAMIC SPATIOTEMPORAL WATCH,SCENARIO-BASED; VERIFY WITH OFFICIAL SURVEILLANCE
2049-11,1206314000,South Cotabato,TAMPAKAN,0.16145456348340753,4.954687053711029,HOT_SPOT_95,1,9,38.69356212108938,LOW,27.29766624992794,STATISTICAL_HOTSPOT+CONNECTED_HOTSPOT_CLUSTER,DYNAMIC SPATIOTEMPORAL WATCH,SCENARIO-BASED; VERIFY WITH OFFICIAL SURVEILLANCE
2049-11,1204712000,Cotabato,PIKIT,0.23667183290627875,2.741723272103971,NOT_SIGNIFICANT,0,0,37.24705358876248,LOW,47.106202321479756,NEIGHBOR_INFECTIOUS_PRESSURE,DYNAMIC SPATIOTEMPORAL WATCH,SCENARIO-BASED; VERIFY WITH OFFICIAL SURVEILLANCE
2049-11,1206509000,Sultan Kudarat,PALIMBANG,0.32269425204814506,2.8580327268108587,COLD_SPOT_90,0,0,33.714131253515504,LOW,47.80618232829931,NEIGHBOR_INFECTIOUS_PRESSURE,DYNAMIC SPATIOTEMPORAL WATCH,SCENARIO-BASED; VERIFY WITH OFFICIAL SURVEILLANCE
2049-12,1206306000,South Cotabato,KORONADAL,1.332261690303939,8.683355981400952,HOT_SPOT_99,1,9,75.45934976077689,HIGH,51.48503585857117,TRANSMISSION_PRESSURE_PROXY+STATISTICAL_HOTSPOT+CONNECTED_HOTSPOT_CLUSTER,DYNAMIC SPATIOTEMPORAL WATCH,SCENARIO-BASED; VERIFY WITH OFFICIAL SURVEILLANCE
2049-12,1206511000,Sultan Kudarat,TACURONG,0.6182756431602733,7.523299983835217,HOT_SPOT_99,1,9,72.83988222047708,HIGH,46.20915496506191,TRANSMISSION_PRESSURE_PROXY+STATISTICAL_HOTSPOT+CONNECTED_HOTSPOT_CLUSTER,DYNAMIC SPATIOTEMPORAL WATCH,SCENARIO-BASED; VERIFY WITH OFFICIAL SURVEILLANCE
2049-12,1206311000,South Cotabato,NORALA,0.171318589715234,6.860518954945249,HOT_SPOT_99,1,9,70.11574551435415,HIGH,41.418180453668036,TRANSMISSION_PRESSURE_PROXY+STATISTICAL_HOTSPOT+CONNECTED_HOTSPOT_CLUSTER+NEIGHBOR_INFECTIOUS_PRESSURE,DYNAMIC SPATIOTEMPORAL WATCH,SCENARIO-BASED; VERIFY WITH OFFICIAL SURVEILLANCE
2049-12,1206315000,South Cotabato,TANTANGAN,0.1749494370238581,7.579103884914998,HOT_SPOT_99,1,9,68.34244187633732,HIGH,41.11430116439319,TRANSMISSION_PRESSURE_PROXY+STATISTICAL_HOTSPOT+CONNECTED_HOTSPOT_CLUSTER,DYNAMIC SPATIOTEMPORAL WATCH,SCENARIO-BASED; VERIFY WITH OFFICIAL SURVEILLANCE
2049-12,1206318000,South Cotabato,SANTO NIÑO,0.18726715701670818,8.110919423114929,HOT_SPOT_95,1,9,67.5096559035527,HIGH,41.508896161425895,TRANSMISSION_PRESSURE_PROXY+STATISTICAL_HOTSPOT+CONNECTED_HOTSPOT_CLUSTER,DYNAMIC SPATIOTEMPORAL WATCH,SCENARIO-BASED; VERIFY WITH OFFICIAL SURVEILLANCE
2049-12,1206302000,South Cotabato,BANGA,0.2627157058090208,6.3206682361781805,HOT_SPOT_99,1,9,62.14486929434086,MODERATE,40.42386310898539,STATISTICAL_HOTSPOT+CONNECTED_HOTSPOT_CLUSTER+NEIGHBOR_INFECTIOUS_PRESSURE,DYNAMIC SPATIOTEMPORAL WATCH,SCENARIO-BASED; VERIFY WITH OFFICIAL SURVEILLANCE
2049-12,1206314000,South Cotabato,TAMPAKAN,0.0691920934897943,4.955964716911888,HOT_SPOT_95,1,9,44.60618870230666,LOW,31.16453291805895,STATISTICAL_HOTSPOT+CONNECTED_HOTSPOT_CLUSTER,DYNAMIC SPATIOTEMPORAL WATCH,SCENARIO-BASED; VERIFY WITH OFFICIAL SURVEILLANCE
2049-12,1206507000,Sultan Kudarat,LUTAYAN,0.1460541287439868,4.16995422870152,HOT_SPOT_95,1,9,43.86017935776715,LOW,32.182910789354935,STATISTICAL_HOTSPOT+CONNECTED_HOTSPOT_CLUSTER,DYNAMIC SPATIOTEMPORAL WATCH,SCENARIO-BASED; VERIFY WITH OFFICIAL SURVEILLANCE
2049-12,1204712000,Cotabato,PIKIT,0.11065494232563523,2.7440092647283225,NOT_SIGNIFICANT,0,0,37.9627188313308,LOW,48.770707102844966,NEIGHBOR_INFECTIOUS_PRESSURE,DYNAMIC SPATIOTEMPORAL WATCH,SCENARIO-BASED; VERIFY WITH OFFICIAL SURVEILLANCE
2049-12,1204701000,Cotabato,ALAMADA,0.11207005249586137,3.0096053795739808,NOT_SIGNIFICANT,0,0,37.94246360432911,LOW,49.50095294603702,NEIGHBOR_INFECTIOUS_PRESSURE,DYNAMIC SPATIOTEMPORAL WATCH,SCENARIO-BASED; VERIFY WITH OFFICIAL SURVEILLANCE
2050-01,1206311000,South Cotabato,NORALA,0.13509834020106165,6.8615526241302,HOT_SPOT_99,1,9,75.13445992356608,HIGH,42.54952407761131,TRANSMISSION_PRESSURE_PROXY+STATISTICAL_HOTSPOT+CONNECTED_HOTSPOT_CLUSTER+NEIGHBOR_INFECTIOUS_PRESSURE,DYNAMIC SPATIOTEMPORAL WATCH,SCENARIO-BASED; VERIFY WITH OFFICIAL SURVEILLANCE
2050-01,1206315000,South Cotabato,TANTANGAN,0.14120191651747363,7.580084377202741,HOT_SPOT_99,1,9,74.01460509842914,HIGH,42.49395415460265,TRANSMISSION_PRESSURE_PROXY+STATISTICAL_HOTSPOT+CONNECTED_HOTSPOT_CLUSTER,DYNAMIC SPATIOTEMPORAL WATCH,SCENARIO-BASED; VERIFY WITH OFFICIAL SURVEILLANCE
2050-01,1206306000,South Cotabato,KORONADAL,0.7147315484706902,8.682408267541028,HOT_SPOT_99,1,9,71.02718523285581,HIGH,47.348391429126686,TRANSMISSION_PRESSURE_PROXY+STATISTICAL_HOTSPOT+CONNECTED_HOTSPOT_CLUSTER,DYNAMIC SPATIOTEMPORAL WATCH,SCENARIO-BASED; VERIFY WITH OFFICIAL SURVEILLANCE
2050-01,1206318000,South Cotabato,SANTO NIÑO,0.12335816635926149,8.111938384736714,HOT_SPOT_95,1,9,69.04465029556658,HIGH,41.805079094138954,TRANSMISSION_PRESSURE_PROXY+STATISTICAL_HOTSPOT+CONNECTED_HOTSPOT_CLUSTER,DYNAMIC SPATIOTEMPORAL WATCH,SCENARIO-BASED; VERIFY WITH OFFICIAL SURVEILLANCE
2050-01,1206302000,South Cotabato,BANGA,0.188977185370602,6.320423556245924,HOT_SPOT_99,1,9,63.0003432238204,MODERATE,40.858130335939805,STATISTICAL_HOTSPOT+CONNECTED_HOTSPOT_CLUSTER+NEIGHBOR_INFECTIOUS_PRESSURE,DYNAMIC SPATIOTEMPORAL WATCH,SCENARIO-BASED; VERIFY WITH OFFICIAL SURVEILLANCE
2050-01,1206511000,Sultan Kudarat,TACURONG,0.2750524206555161,7.520954385795947,HOT_SPOT_99,1,9,61.01751233516204,MODERATE,40.41129455184559,STATISTICAL_HOTSPOT+CONNECTED_HOTSPOT_CLUSTER,DYNAMIC SPATIOTEMPORAL WATCH,SCENARIO-BASED; VERIFY WITH OFFICIAL SURVEILLANCE
2050-01,1206314000,South Cotabato,TAMPAKAN,0.08057079679217476,4.957791204991472,HOT_SPOT_95,1,9,56.002007777518024,MODERATE,37.086127880051066,STATISTICAL_HOTSPOT+CONNECTED_HOTSPOT_CLUSTER+NEIGHBOR_INFECTIOUS_PRESSURE,DYNAMIC SPATIOTEMPORAL WATCH,SCENARIO-BASED; VERIFY WITH OFFICIAL SURVEILLANCE
2050-01,1204701000,Cotabato,ALAMADA,0.11679950284632817,3.0117864299240087,NOT_SIGNIFICANT,0,0,47.543206881668475,MODERATE,55.973776734857594,NEIGHBOR_INFECTIOUS_PRESSURE,DYNAMIC SPATIOTEMPORAL WATCH,SCENARIO-BASED; VERIFY WITH OFFICIAL SURVEILLANCE
2050-01,1206507000,Sultan Kudarat,LUTAYAN,0.09565293189710909,4.170466839353914,HOT_SPOT_95,1,9,41.93816033889151,LOW,31.461149070701204,STATISTICAL_HOTSPOT+CONNECTED_HOTSPOT_CLUSTER,DYNAMIC SPATIOTEMPORAL WATCH,SCENARIO-BASED; VERIFY WITH OFFICIAL SURVEILLANCE
2050-01,1204712000,Cotabato,PIKIT,0.08322453806429299,2.745330817342767,NOT_SIGNIFICANT,0,0,40.159003409958,LOW,51.35212607088945,NEIGHBOR_INFECTIOUS_PRESSURE,DYNAMIC SPATIOTEMPORAL WATCH,SCENARIO-BASED; VERIFY WITH OFFICIAL SURVEILLANCE
2050-01,1206509000,Sultan Kudarat,PALIMBANG,0.11348628364357655,2.861487729448124,COLD_SPOT_90,0,0,38.62933364041846,LOW,52.13930928657908,NEIGHBOR_INFECTIOUS_PRESSURE,DYNAMIC SPATIOTEMPORAL WATCH,SCENARIO-BASED; VERIFY WITH OFFICIAL SURVEILLANCE
2050-02,1206315000,South Cotabato,TANTANGAN,0.75162294994647,7.607979686915876,HOT_SPOT_99,1,9,77.74636582494203,HIGH,46.7342946965426,TRANSMISSION_PRESSURE_PROXY+STATISTICAL_HOTSPOT+CONNECTED_HOTSPOT_CLUSTER,DYNAMIC SPATIOTEMPORAL WATCH,SCENARIO-BASED; VERIFY WITH OFFICIAL SURVEILLANCE
2050-02,1206302000,South Cotabato,BANGA,1.1543685945878113,6.342619392820345,HOT_SPOT_99,1,9,71.93968465382746,HIGH,46.64497618628248,TRANSMISSION_PRESSURE_PROXY+STATISTICAL_HOTSPOT+CONNECTED_HOTSPOT_CLUSTER,DYNAMIC SPATIOTEMPORAL WATCH,SCENARIO-BASED; VERIFY WITH OFFICIAL SURVEILLANCE
2050-02,1206511000,Sultan Kudarat,TACURONG,1.3817442672610372,7.537496294328791,HOT_SPOT_99,1,9,70.56362056394623,HIGH,45.44325379721476,TRANSMISSION_PRESSURE_PROXY+STATISTICAL_HOTSPOT+CONNECTED_HOTSPOT_CLUSTER,DYNAMIC SPATIOTEMPORAL WATCH,SCENARIO-BASED; VERIFY WITH OFFICIAL SURVEILLANCE
2050-02,1206306000,South Cotabato,KORONADAL,2.3261713368970924,8.697158036276896,HOT_SPOT_99,1,9,70.07280883310214,HIGH,47.26868914225766,TRANSMISSION_PRESSURE_PROXY+STATISTICAL_HOTSPOT+CONNECTED_HOTSPOT_CLUSTER,DYNAMIC SPATIOTEMPORAL WATCH,SCENARIO-BASED; VERIFY WITH OFFICIAL SURVEILLANCE
2050-02,1206311000,South Cotabato,NORALA,0.3423594914674608,6.871604792065576,HOT_SPOT_99,1,9,65.27256401429031,HIGH,39.061945140697745,TRANSMISSION_PRESSURE_PROXY+STATISTICAL_HOTSPOT+CONNECTED_HOTSPOT_CLUSTER,DYNAMIC SPATIOTEMPORAL WATCH,SCENARIO-BASED; VERIFY WITH OFFICIAL SURVEILLANCE
2050-02,1206318000,South Cotabato,SANTO NIÑO,0.33811851467911946,8.124078927046428,HOT_SPOT_95,1,9,62.815672567994085,MODERATE,40.6596076933713,STATISTICAL_HOTSPOT+CONNECTED_HOTSPOT_CLUSTER,DYNAMIC SPATIOTEMPORAL WATCH,SCENARIO-BASED; VERIFY WITH OFFICIAL SURVEILLANCE
2050-02,1206314000,South Cotabato,TAMPAKAN,0.195547130487829,4.965618413130908,HOT_SPOT_95,1,9,46.95531739854469,MODERATE,32.57234110971345,STATISTICAL_HOTSPOT+CONNECTED_HOTSPOT_CLUSTER,DYNAMIC SPATIOTEMPORAL WATCH,SCENARIO-BASED; VERIFY WITH OFFICIAL SURVEILLANCE
2050-02,1204711000,Cotabato,PIGKAWAYAN,0.20582438238135142,4.313400529243135,NOT_SIGNIFICANT,0,0,44.035207430282284,LOW,49.327607450820196,NONE,DYNAMIC SPATIOTEMPORAL WATCH,SCENARIO-BASED; VERIFY WITH OFFICIAL SURVEILLANCE
2050-02,1206507000,Sultan Kudarat,LUTAYAN,0.2690602016289059,4.176692731245228,HOT_SPOT_95,1,9,40.36586430613842,LOW,30.642373373572333,STATISTICAL_HOTSPOT+CONNECTED_HOTSPOT_CLUSTER,DYNAMIC SPATIOTEMPORAL WATCH,SCENARIO-BASED; VERIFY WITH OFFICIAL SURVEILLANCE
2050-02,1204712000,Cotabato,PIKIT,0.20828595254619156,2.7507329615038283,NOT_SIGNIFICANT,0,0,39.67873284160442,LOW,50.10346262391125,NEIGHBOR_INFECTIOUS_PRESSURE,DYNAMIC SPATIOTEMPORAL WATCH,SCENARIO-BASED; VERIFY WITH OFFICIAL SURVEILLANCE
2050-02,1204701000,Cotabato,ALAMADA,0.20899000594613537,3.016772818644498,NOT_SIGNIFICANT,0,0,38.86307744419443,LOW,48.868107493605734,NEIGHBOR_INFECTIOUS_PRESSURE,DYNAMIC SPATIOTEMPORAL WATCH,SCENARIO-BASED; VERIFY WITH OFFICIAL SURVEILLANCE
2050-02,1206509000,Sultan Kudarat,PALIMBANG,0.24135974561672655,2.867177850450859,COLD_SPOT_90,0,0,35.43710893739729,LOW,48.14415084833765,NEIGHBOR_INFECTIOUS_PRESSURE,DYNAMIC SPATIOTEMPORAL WATCH,SCENARIO-BASED; VERIFY WITH OFFICIAL SURVEILLANCE
2050-03,1206311000,South Cotabato,NORALA,0.8706959977930637,6.904857952080229,HOT_SPOT_99,1,10,75.17540978732356,HIGH,46.38332195718893,TRANSMISSION_PRESSURE_PROXY+STATISTICAL_HOTSPOT+CONNECTED_HOTSPOT_CLUSTER,DYNAMIC SPATIOTEMPORAL WATCH,SCENARIO-BASED; VERIFY WITH OFFICIAL SURVEILLANCE
2050-03,1206306000,South Cotabato,KORONADAL,3.788022498134844,8.727203591439343,HOT_SPOT_99,1,10,74.5896659595305,HIGH,51.99466227765365,TRANSMISSION_PRESSURE_PROXY+STATISTICAL_HOTSPOT+CONNECTED_HOTSPOT_CLUSTER,DYNAMIC SPATIOTEMPORAL WATCH,SCENARIO-BASED; VERIFY WITH OFFICIAL SURVEILLANCE
2050-03,1206315000,South Cotabato,TANTANGAN,0.586376371278636,7.628841605276961,HOT_SPOT_99,1,10,73.49425058712148,HIGH,42.04375343028696,TRANSMISSION_PRESSURE_PROXY+STATISTICAL_HOTSPOT+CONNECTED_HOTSPOT_CLUSTER,DYNAMIC SPATIOTEMPORAL WATCH,SCENARIO-BASED; VERIFY WITH OFFICIAL SURVEILLANCE
2050-03,1206511000,Sultan Kudarat,TACURONG,1.765409898479574,7.56150229741259,HOT_SPOT_99,1,10,73.41187547025669,HIGH,46.31020997964819,TRANSMISSION_PRESSURE_PROXY+STATISTICAL_HOTSPOT+CONNECTED_HOTSPOT_CLUSTER,DYNAMIC SPATIOTEMPORAL WATCH,SCENARIO-BASED; VERIFY WITH OFFICIAL SURVEILLANCE
2050-03,1206318000,South Cotabato,SANTO NIÑO,0.8364269600278499,8.162761654528394,HOT_SPOT_95,1,10,71.6081170164883,HIGH,47.613232402561025,TRANSMISSION_PRESSURE_PROXY+STATISTICAL_HOTSPOT+CONNECTED_HOTSPOT_CLUSTER,DYNAMIC SPATIOTEMPORAL WATCH,SCENARIO-BASED; VERIFY WITH OFFICIAL SURVEILLANCE
2050-03,1206302000,South Cotabato,BANGA,1.1190685667746652,6.3643354127861045,HOT_SPOT_99,1,10,68.98885051767503,HIGH,42.78227873156821,TRANSMISSION_PRESSURE_PROXY+STATISTICAL_HOTSPOT+CONNECTED_HOTSPOT_CLUSTER,DYNAMIC SPATIOTEMPORAL WATCH,SCENARIO-BASED; VERIFY WITH OFFICIAL SURVEILLANCE
2050-03,1204711000,Cotabato,PIGKAWAYAN,0.43060908507059065,4.328653275562965,NOT_SIGNIFICANT,0,0,58.21019270965544,MODERATE,58.80790082692835,NONE,DYNAMIC SPATIOTEMPORAL WATCH,SCENARIO-BASED; VERIFY WITH OFFICIAL SURVEILLANCE
2050-03,1206314000,South Cotabato,TAMPAKAN,0.4558960430756403,4.987202488462344,HOT_SPOT_95,1,10,55.1183197530245,MODERATE,34.57886646704396,STATISTICAL_HOTSPOT+CONNECTED_HOTSPOT_CLUSTER,DYNAMIC SPATIOTEMPORAL WATCH,SCENARIO-BASED; VERIFY WITH OFFICIAL SURVEILLANCE
2050-03,1206507000,Sultan Kudarat,LUTAYAN,0.45622747673671,4.189086830245646,HOT_SPOT_95,1,10,49.750879366845915,MODERATE,38.54926871180995,STATISTICAL_HOTSPOT+CONNECTED_HOTSPOT_CLUSTER,DYNAMIC SPATIOTEMPORAL WATCH,SCENARIO-BASED; VERIFY WITH OFFICIAL SURVEILLANCE
2050-03,1204701000,Cotabato,ALAMADA,0.28225526520325495,3.0240111013402697,NOT_SIGNIFICANT,0,0,40.9638352215194,LOW,51.33092025858005,NEIGHBOR_INFECTIOUS_PRESSURE,DYNAMIC SPATIOTEMPORAL WATCH,SCENARIO-BASED; VERIFY WITH OFFICIAL SURVEILLANCE
2050-03,1204712000,Cotabato,PIKIT,0.2483351692370827,2.75741387481451,NOT_SIGNIFICANT,0,0,39.76480343698059,LOW,50.05567424182688,NEIGHBOR_INFECTIOUS_PRESSURE,DYNAMIC SPATIOTEMPORAL WATCH,SCENARIO-BASED; VERIFY WITH OFFICIAL SURVEILLANCE
2050-03,1206509000,Sultan Kudarat,PALIMBANG,0.37190744137722836,2.8740632840505933,COLD_SPOT_90,0,0,39.369530771810176,LOW,52.12576448211548,NEIGHBOR_INFECTIOUS_PRESSURE,DYNAMIC SPATIOTEMPORAL WATCH,SCENARIO-BASED; VERIFY WITH OFFICIAL SURVEILLANCE
2050-04,1206315000,South Cotabato,TANTANGAN,0.5584225927809314,7.648295708432925,HOT_SPOT_99,1,10,80.52095091716376,CRITICAL,45.646633997557124,TRANSMISSION_PRESSURE_PROXY+STATISTICAL_HOTSPOT+CONNECTED_HOTSPOT_CLUSTER+NEIGHBOR_INFECTIOUS_PRESSURE,DYNAMIC SPATIOTEMPORAL WATCH,SCENARIO-BASED; VERIFY WITH OFFICIAL SURVEILLANCE
2050-04,1206511000,Sultan Kudarat,TACURONG,1.57992932468811,7.582053218305543,HOT_SPOT_99,1,10,77.19054148011051,HIGH,47.23438129363997,TRANSMISSION_PRESSURE_PROXY+STATISTICAL_HOTSPOT+CONNECTED_HOTSPOT_CLUSTER,DYNAMIC SPATIOTEMPORAL WATCH,SCENARIO-BASED; VERIFY WITH OFFICIAL SURVEILLANCE
2050-04,1206302000,South Cotabato,BANGA,1.0189145496517216,6.383555529796892,HOT_SPOT_99,1,10,75.79503235297044,HIGH,45.21409617693921,TRANSMISSION_PRESSURE_PROXY+STATISTICAL_HOTSPOT+CONNECTED_HOTSPOT_CLUSTER+NEIGHBOR_INFECTIOUS_PRESSURE,DYNAMIC SPATIOTEMPORAL WATCH,SCENARIO-BASED; VERIFY WITH OFFICIAL SURVEILLANCE
2050-04,1206306000,South Cotabato,KORONADAL,3.28212295378839,8.751963007733819,HOT_SPOT_99,1,10,75.2149397590801,HIGH,50.825466056238405,TRANSMISSION_PRESSURE_PROXY+STATISTICAL_HOTSPOT+CONNECTED_HOTSPOT_CLUSTER,DYNAMIC SPATIOTEMPORAL WATCH,SCENARIO-BASED; VERIFY WITH OFFICIAL SURVEILLANCE
2050-04,1206311000,South Cotabato,NORALA,0.4210063394524672,6.918556058345545,HOT_SPOT_99,1,10,72.79629221557876,HIGH,42.25895522245186,TRANSMISSION_PRESSURE_PROXY+STATISTICAL_HOTSPOT+CONNECTED_HOTSPOT_CLUSTER+NEIGHBOR_INFECTIOUS_PRESSURE,DYNAMIC SPATIOTEMPORAL WATCH,SCENARIO-BASED; VERIFY WITH OFFICIAL SURVEILLANCE
2050-04,1206318000,South Cotabato,SANTO NIÑO,0.4332545800050394,8.180027547822107,HOT_SPOT_95,1,10,71.95439842531756,HIGH,43.87041437097372,TRANSMISSION_PRESSURE_PROXY+STATISTICAL_HOTSPOT+CONNECTED_HOTSPOT_CLUSTER,DYNAMIC SPATIOTEMPORAL WATCH,SCENARIO-BASED; VERIFY WITH OFFICIAL SURVEILLANCE
2050-04,1206314000,South Cotabato,TAMPAKAN,0.6940168347181674,5.0213425338654165,HOT_SPOT_95,1,10,63.37109688310682,MODERATE,38.30674321538259,STATISTICAL_HOTSPOT+CONNECTED_HOTSPOT_CLUSTER,DYNAMIC SPATIOTEMPORAL WATCH,SCENARIO-BASED; VERIFY WITH OFFICIAL SURVEILLANCE
2050-04,1204701000,Cotabato,ALAMADA,0.49969278578208143,3.0380666229642865,NOT_SIGNIFICANT,0,0,49.03409215994233,MODERATE,55.82247548530019,NEIGHBOR_INFECTIOUS_PRESSURE,DYNAMIC SPATIOTEMPORAL WATCH,SCENARIO-BASED; VERIFY WITH OFFICIAL SURVEILLANCE
2050-04,1206507000,Sultan Kudarat,LUTAYAN,0.2963306759225103,4.196272588197507,HOT_SPOT_95,1,10,43.64572618319252,LOW,33.242621458989674,STATISTICAL_HOTSPOT+CONNECTED_HOTSPOT_CLUSTER+NEIGHBOR_INFECTIOUS_PRESSURE,DYNAMIC SPATIOTEMPORAL WATCH,SCENARIO-BASED; VERIFY WITH OFFICIAL SURVEILLANCE
2050-04,1204705000,Cotabato,LIBUNGAN,0.33725472154101377,4.845458149331402,NOT_SIGNIFICANT,0,0,37.272245993759476,LOW,29.61673847664065,NEIGHBOR_INFECTIOUS_PRESSURE,DYNAMIC SPATIOTEMPORAL WATCH,SCENARIO-BASED; VERIFY WITH OFFICIAL SURVEILLANCE
2050-05,1206315000,South Cotabato,TANTANGAN,0.29601861696019105,7.656004318194339,HOT_SPOT_99,1,10,82.27407604269634,CRITICAL,47.343657087226944,TRANSMISSION_PRESSURE_PROXY+STATISTICAL_HOTSPOT+CONNECTED_HOTSPOT_CLUSTER+NEIGHBOR_INFECTIOUS_PRESSURE,DYNAMIC SPATIOTEMPORAL WATCH,SCENARIO-BASED; VERIFY WITH OFFICIAL SURVEILLANCE
2050-05,1206318000,South Cotabato,SANTO NIÑO,0.22472483133075224,8.186209508624275,HOT_SPOT_95,1,10,75.31984910890863,HIGH,45.57342406397542,TRANSMISSION_PRESSURE_PROXY+STATISTICAL_HOTSPOT+CONNECTED_HOTSPOT_CLUSTER,DYNAMIC SPATIOTEMPORAL WATCH,SCENARIO-BASED; VERIFY WITH OFFICIAL SURVEILLANCE
2050-05,1206306000,South Cotabato,KORONADAL,1.1663942068913213,8.755583280034347,HOT_SPOT_99,1,10,73.55179924776492,HIGH,47.86070465718974,TRANSMISSION_PRESSURE_PROXY+STATISTICAL_HOTSPOT+CONNECTED_HOTSPOT_CLUSTER,DYNAMIC SPATIOTEMPORAL WATCH,SCENARIO-BASED; VERIFY WITH OFFICIAL SURVEILLANCE
2050-05,1206511000,Sultan Kudarat,TACURONG,0.5698419312225078,7.584962781488593,HOT_SPOT_99,1,10,72.07988540496756,HIGH,43.86170958217077,TRANSMISSION_PRESSURE_PROXY+STATISTICAL_HOTSPOT+CONNECTED_HOTSPOT_CLUSTER+NEIGHBOR_INFECTIOUS_PRESSURE,DYNAMIC SPATIOTEMPORAL WATCH,SCENARIO-BASED; VERIFY WITH OFFICIAL SURVEILLANCE
2050-05,1206311000,South Cotabato,NORALA,0.18446034911224918,6.920946491513332,HOT_SPOT_99,1,10,70.85110137902984,HIGH,41.48597305786158,TRANSMISSION_PRESSURE_PROXY+STATISTICAL_HOTSPOT+CONNECTED_HOTSPOT_CLUSTER+NEIGHBOR_INFECTIOUS_PRESSURE,DYNAMIC SPATIOTEMPORAL WATCH,SCENARIO-BASED; VERIFY WITH OFFICIAL SURVEILLANCE
2050-05,1206302000,South Cotabato,BANGA,0.3426406101586378,6.386854959798256,HOT_SPOT_99,1,10,69.20044616739416,HIGH,42.76042860402665,TRANSMISSION_PRESSURE_PROXY+STATISTICAL_HOTSPOT+CONNECTED_HOTSPOT_CLUSTER+NEIGHBOR_INFECTIOUS_PRESSURE,DYNAMIC SPATIOTEMPORAL WATCH,SCENARIO-BASED; VERIFY WITH OFFICIAL SURVEILLANCE
2050-05,1206314000,South Cotabato,TAMPAKAN,0.11269106192739178,5.024595830911448,HOT_SPOT_95,1,10,54.478979214307564,MODERATE,33.29641414616475,STATISTICAL_HOTSPOT+CONNECTED_HOTSPOT_CLUSTER+NEIGHBOR_INFECTIOUS_PRESSURE,DYNAMIC SPATIOTEMPORAL WATCH,SCENARIO-BASED; VERIFY WITH OFFICIAL SURVEILLANCE
2050-05,1206507000,Sultan Kudarat,LUTAYAN,0.16281707070937554,4.198624895568988,HOT_SPOT_95,1,10,46.31436000479213,MODERATE,35.622751297654844,STATISTICAL_HOTSPOT+CONNECTED_HOTSPOT_CLUSTER+NEIGHBOR_INFECTIOUS_PRESSURE,DYNAMIC SPATIOTEMPORAL WATCH,SCENARIO-BASED; VERIFY WITH OFFICIAL SURVEILLANCE
2050-06,1206311000,South Cotabato,NORALA,0.3358602901878569,6.929979080007509,HOT_SPOT_99,1,9,75.46949888213523,HIGH,42.23725760949624,TRANSMISSION_PRESSURE_PROXY+STATISTICAL_HOTSPOT+CONNECTED_HOTSPOT_CLUSTER+NEIGHBOR_INFECTIOUS_PRESSURE,DYNAMIC SPATIOTEMPORAL WATCH,SCENARIO-BASED; VERIFY WITH OFFICIAL SURVEILLANCE
2050-06,1206306000,South Cotabato,KORONADAL,2.025886895525135,8.766005825045795,HOT_SPOT_99,1,9,73.4756176224473,HIGH,48.215328949449344,TRANSMISSION_PRESSURE_PROXY+STATISTICAL_HOTSPOT+CONNECTED_HOTSPOT_CLUSTER,DYNAMIC SPATIOTEMPORAL WATCH,SCENARIO-BASED; VERIFY WITH OFFICIAL SURVEILLANCE
2050-06,1206315000,South Cotabato,TANTANGAN,0.32591492678359063,7.664245676123788,HOT_SPOT_99,1,9,73.31646288437491,HIGH,42.033565820046235,TRANSMISSION_PRESSURE_PROXY+STATISTICAL_HOTSPOT+CONNECTED_HOTSPOT_CLUSTER+NEIGHBOR_INFECTIOUS_PRESSURE,DYNAMIC SPATIOTEMPORAL WATCH,SCENARIO-BASED; VERIFY WITH OFFICIAL SURVEILLANCE
2050-06,1206302000,South Cotabato,BANGA,0.5959696105328286,6.395266923485313,HOT_SPOT_99,1,9,70.41262203548094,HIGH,42.522569797584666,TRANSMISSION_PRESSURE_PROXY+STATISTICAL_HOTSPOT+CONNECTED_HOTSPOT_CLUSTER+NEIGHBOR_INFECTIOUS_PRESSURE,DYNAMIC SPATIOTEMPORAL WATCH,SCENARIO-BASED; VERIFY WITH OFFICIAL SURVEILLANCE
2050-06,1206318000,South Cotabato,SANTO NIÑO,0.3064033296397855,8.195925827978382,HOT_SPOT_95,1,9,69.81339841417615,HIGH,41.832423305660875,TRANSMISSION_PRESSURE_PROXY+STATISTICAL_HOTSPOT+CONNECTED_HOTSPOT_CLUSTER,DYNAMIC SPATIOTEMPORAL WATCH,SCENARIO-BASED; VERIFY WITH OFFICIAL SURVEILLANCE
2050-06,1206511000,Sultan Kudarat,TACURONG,0.8476608077469301,7.591042769884377,HOT_SPOT_99,1,9,67.90028988036347,HIGH,41.41125559211328,TRANSMISSION_PRESSURE_PROXY+STATISTICAL_HOTSPOT+CONNECTED_HOTSPOT_CLUSTER,DYNAMIC SPATIOTEMPORAL WATCH,SCENARIO-BASED; VERIFY WITH OFFICIAL SURVEILLANCE
2050-06,1206314000,South Cotabato,TAMPAKAN,0.13768079328797003,5.029152005673082,HOT_SPOT_95,1,9,53.98393853953045,MODERATE,33.09422642667549,STATISTICAL_HOTSPOT+CONNECTED_HOTSPOT_CLUSTER+NEIGHBOR_INFECTIOUS_PRESSURE,DYNAMIC SPATIOTEMPORAL WATCH,SCENARIO-BASED; VERIFY WITH OFFICIAL SURVEILLANCE
2050-06,1206507000,Sultan Kudarat,LUTAYAN,0.35947630921790585,4.207532813380888,HOT_SPOT_95,1,9,52.65931790277738,MODERATE,38.76344266536378,STATISTICAL_HOTSPOT+CONNECTED_HOTSPOT_CLUSTER,DYNAMIC SPATIOTEMPORAL WATCH,SCENARIO-BASED; VERIFY WITH OFFICIAL SURVEILLANCE
2050-06,1204706000,Cotabato,MAGPET,0.15411531343936669,3.582385920858493,NOT_SIGNIFICANT,0,0,42.93675048953394,LOW,46.87056520610177,NEIGHBOR_INFECTIOUS_PRESSURE,DYNAMIC SPATIOTEMPORAL WATCH,SCENARIO-BASED; VERIFY WITH OFFICIAL SURVEILLANCE
2050-07,1206306000,South Cotabato,KORONADAL,1.9012042855551905,8.775292584022766,HOT_SPOT_99,1,10,79.18653023949861,HIGH,51.89532975612676,TRANSMISSION_PRESSURE_PROXY+STATISTICAL_HOTSPOT+CONNECTED_HOTSPOT_CLUSTER,DYNAMIC SPATIOTEMPORAL WATCH,SCENARIO-BASED; VERIFY WITH OFFICIAL SURVEILLANCE
2050-07,1206511000,Sultan Kudarat,TACURONG,1.3059675952358365,7.60509932463602,HOT_SPOT_99,1,10,70.43868870494863,HIGH,46.770953760253,TRANSMISSION_PRESSURE_PROXY+STATISTICAL_HOTSPOT+CONNECTED_HOTSPOT_CLUSTER,DYNAMIC SPATIOTEMPORAL WATCH,SCENARIO-BASED; VERIFY WITH OFFICIAL SURVEILLANCE
2050-07,1206314000,South Cotabato,TAMPAKAN,0.32325858027491694,5.043577998954317,HOT_SPOT_95,1,10,67.24882058183236,HIGH,38.21134455192826,TRANSMISSION_PRESSURE_PROXY+STATISTICAL_HOTSPOT+CONNECTED_HOTSPOT_CLUSTER+NEIGHBOR_INFECTIOUS_PRESSURE,DYNAMIC SPATIOTEMPORAL WATCH,SCENARIO-BASED; VERIFY WITH OFFICIAL SURVEILLANCE
2050-07,1206311000,South Cotabato,NORALA,0.21966575429438628,6.933929028356676,HOT_SPOT_99,1,10,61.27955427835193,MODERATE,38.73825797288731,STATISTICAL_HOTSPOT+CONNECTED_HOTSPOT_CLUSTER,DYNAMIC SPATIOTEMPORAL WATCH,SCENARIO-BASED; VERIFY WITH OFFICIAL SURVEILLANCE
2050-07,1206315000,South Cotabato,TANTANGAN,0.21729290663661618,7.667743292093955,HOT_SPOT_99,1,10,59.519775975332536,MODERATE,37.62633223394968,STATISTICAL_HOTSPOT+CONNECTED_HOTSPOT_CLUSTER,DYNAMIC SPATIOTEMPORAL WATCH,SCENARIO-BASED; VERIFY WITH OFFICIAL SURVEILLANCE
2050-07,1206302000,South Cotabato,BANGA,0.4299855453062884,6.399858889729629,HOT_SPOT_99,1,10,57.97446354221888,MODERATE,38.5942323110631,STATISTICAL_HOTSPOT+CONNECTED_HOTSPOT_CLUSTER,DYNAMIC SPATIOTEMPORAL WATCH,SCENARIO-BASED; VERIFY WITH OFFICIAL SURVEILLANCE
2050-07,1206318000,South Cotabato,SANTO NIÑO,0.19666528250553886,8.199936594877714,HOT_SPOT_95,1,10,56.190169699468676,MODERATE,38.41499059723538,STATISTICAL_HOTSPOT+CONNECTED_HOTSPOT_CLUSTER,DYNAMIC SPATIOTEMPORAL WATCH,SCENARIO-BASED; VERIFY WITH OFFICIAL SURVEILLANCE
2050-07,1206507000,Sultan Kudarat,LUTAYAN,0.1960959271166455,4.210986124389983,HOT_SPOT_95,1,10,44.209297542558836,LOW,33.69812551199011,STATISTICAL_HOTSPOT+CONNECTED_HOTSPOT_CLUSTER+NEIGHBOR_INFECTIOUS_PRESSURE,DYNAMIC SPATIOTEMPORAL WATCH,SCENARIO-BASED; VERIFY WITH OFFICIAL SURVEILLANCE
2050-07,1204706000,Cotabato,MAGPET,0.1226626917988367,3.585626537220433,NOT_SIGNIFICANT,0,0,43.00958099398326,LOW,46.83535259598778,NEIGHBOR_INFECTIOUS_PRESSURE,DYNAMIC SPATIOTEMPORAL WATCH,SCENARIO-BASED; VERIFY WITH OFFICIAL SURVEILLANCE
2050-08,1206306000,South Cotabato,KORONADAL,1.5570296881481163,8.781524267031777,HOT_SPOT_99,1,10,74.11060741487326,HIGH,48.898794571910415,TRANSMISSION_PRESSURE_PROXY+STATISTICAL_HOTSPOT+CONNECTED_HOTSPOT_CLUSTER,DYNAMIC SPATIOTEMPORAL WATCH,SCENARIO-BASED; VERIFY WITH OFFICIAL SURVEILLANCE
2050-08,1206511000,Sultan Kudarat,TACURONG,0.8439128457259418,7.611511364510758,HOT_SPOT_99,1,10,64.63277644976084,MODERATE,40.652989244761116,STATISTICAL_HOTSPOT+CONNECTED_HOTSPOT_CLUSTER,DYNAMIC SPATIOTEMPORAL WATCH,SCENARIO-BASED; VERIFY WITH OFFICIAL SURVEILLANCE
2050-08,1206311000,South Cotabato,NORALA,0.260270530807633,6.939844858353547,HOT_SPOT_99,1,10,63.24392932943377,MODERATE,39.51894060941149,STATISTICAL_HOTSPOT+CONNECTED_HOTSPOT_CLUSTER,DYNAMIC SPATIOTEMPORAL WATCH,SCENARIO-BASED; VERIFY WITH OFFICIAL SURVEILLANCE
2050-08,1206315000,South Cotabato,TANTANGAN,0.25654051763773483,7.67314933059609,HOT_SPOT_99,1,10,61.93639865722665,MODERATE,38.73859528332869,STATISTICAL_HOTSPOT+CONNECTED_HOTSPOT_CLUSTER,DYNAMIC SPATIOTEMPORAL WATCH,SCENARIO-BASED; VERIFY WITH OFFICIAL SURVEILLANCE
2050-08,1206318000,South Cotabato,SANTO NIÑO,0.20902634647973828,8.204766945603389,HOT_SPOT_95,1,10,57.88504026006599,MODERATE,38.98599035422439,STATISTICAL_HOTSPOT+CONNECTED_HOTSPOT_CLUSTER,DYNAMIC SPATIOTEMPORAL WATCH,SCENARIO-BASED; VERIFY WITH OFFICIAL SURVEILLANCE
2050-08,1206302000,South Cotabato,BANGA,0.4380490633443908,6.404799261610938,HOT_SPOT_99,1,10,55.992592292656106,MODERATE,38.175299584081614,STATISTICAL_HOTSPOT+CONNECTED_HOTSPOT_CLUSTER,DYNAMIC SPATIOTEMPORAL WATCH,SCENARIO-BASED; VERIFY WITH OFFICIAL SURVEILLANCE
2050-08,1206314000,South Cotabato,TAMPAKAN,0.14000804800060077,5.048275654590328,HOT_SPOT_95,1,10,50.89209930459578,MODERATE,31.27976322800661,STATISTICAL_HOTSPOT+CONNECTED_HOTSPOT_CLUSTER+NEIGHBOR_INFECTIOUS_PRESSURE,DYNAMIC SPATIOTEMPORAL WATCH,SCENARIO-BASED; VERIFY WITH OFFICIAL SURVEILLANCE
2050-08,1204706000,Cotabato,MAGPET,0.15349534940789955,3.5901230671350377,NOT_SIGNIFICANT,0,0,48.58104676824117,MODERATE,52.1369854445502,NEIGHBOR_INFECTIOUS_PRESSURE,DYNAMIC SPATIOTEMPORAL WATCH,SCENARIO-BASED; VERIFY WITH OFFICIAL SURVEILLANCE
2050-08,1204701000,Cotabato,ALAMADA,0.24576754669894413,3.0549179352536844,NOT_SIGNIFICANT,0,0,45.60527124235022,MODERATE,55.17991830306646,NEIGHBOR_INFECTIOUS_PRESSURE,DYNAMIC SPATIOTEMPORAL WATCH,SCENARIO-BASED; VERIFY WITH OFFICIAL SURVEILLANCE
2050-08,1206507000,Sultan Kudarat,LUTAYAN,0.20654655883100576,4.214864012706046,HOT_SPOT_95,1,10,43.89983442983086,LOW,33.405428330887716,STATISTICAL_HOTSPOT+CONNECTED_HOTSPOT_CLUSTER+NEIGHBOR_INFECTIOUS_PRESSURE,DYNAMIC SPATIOTEMPORAL WATCH,SCENARIO-BASED; VERIFY WITH OFFICIAL SURVEILLANCE
2050-08,1204718000,Cotabato,ARAKAN,0.12094727086228108,3.2707825961081416,NOT_SIGNIFICANT,0,0,42.223366806957415,LOW,43.97676807443905,NEIGHBOR_INFECTIOUS_PRESSURE,DYNAMIC SPATIOTEMPORAL WATCH,SCENARIO-BASED; VERIFY WITH OFFICIAL SURVEILLANCE
2050-09,1206306000,South Cotabato,KORONADAL,1.1378221245431206,8.784050642585177,HOT_SPOT_99,1,9,74.61446974404961,HIGH,49.288409135633984,TRANSMISSION_PRESSURE_PROXY+STATISTICAL_HOTSPOT+CONNECTED_HOTSPOT_CLUSTER,DYNAMIC SPATIOTEMPORAL WATCH,SCENARIO-BASED; VERIFY WITH OFFICIAL SURVEILLANCE
2050-09,1206315000,South Cotabato,TANTANGAN,0.26252760389123486,7.679059205925779,HOT_SPOT_99,1,9,71.1133165239493,HIGH,44.96581076852725,TRANSMISSION_PRESSURE_PROXY+STATISTICAL_HOTSPOT+CONNECTED_HOTSPOT_CLUSTER,DYNAMIC SPATIOTEMPORAL WATCH,SCENARIO-BASED; VERIFY WITH OFFICIAL SURVEILLANCE
2050-09,1206318000,South Cotabato,SANTO NIÑO,0.2777060967278864,8.213443977481859,HOT_SPOT_95,1,9,69.39515901150584,HIGH,46.71097444881038,TRANSMISSION_PRESSURE_PROXY+STATISTICAL_HOTSPOT+CONNECTED_HOTSPOT_CLUSTER,DYNAMIC SPATIOTEMPORAL WATCH,SCENARIO-BASED; VERIFY WITH OFFICIAL SURVEILLANCE
2050-09,1206311000,South Cotabato,NORALA,0.1761298967530752,6.942273621987678,HOT_SPOT_99,1,9,63.55199874479194,MODERATE,39.47575179983105,STATISTICAL_HOTSPOT+CONNECTED_HOTSPOT_CLUSTER,DYNAMIC SPATIOTEMPORAL WATCH,SCENARIO-BASED; VERIFY WITH OFFICIAL SURVEILLANCE
2050-09,1206511000,Sultan Kudarat,TACURONG,0.5280621375191319,7.6128845551738324,HOT_SPOT_99,1,9,62.89142074444386,MODERATE,39.891359237551434,STATISTICAL_HOTSPOT+CONNECTED_HOTSPOT_CLUSTER,DYNAMIC SPATIOTEMPORAL WATCH,SCENARIO-BASED; VERIFY WITH OFFICIAL SURVEILLANCE
2050-09,1206302000,South Cotabato,BANGA,0.30535389685357434,6.406868211942653,HOT_SPOT_99,1,9,56.445331975723455,MODERATE,38.3994189322056,STATISTICAL_HOTSPOT+CONNECTED_HOTSPOT_CLUSTER,DYNAMIC SPATIOTEMPORAL WATCH,SCENARIO-BASED; VERIFY WITH OFFICIAL SURVEILLANCE
2050-09,1206507000,Sultan Kudarat,LUTAYAN,0.23093953827167862,4.219683145200386,HOT_SPOT_95,1,9,56.23660631278421,MODERATE,39.49959798836566,STATISTICAL_HOTSPOT+CONNECTED_HOTSPOT_CLUSTER+NEIGHBOR_INFECTIOUS_PRESSURE,DYNAMIC SPATIOTEMPORAL WATCH,SCENARIO-BASED; VERIFY WITH OFFICIAL SURVEILLANCE
2050-09,1204718000,Cotabato,ARAKAN,0.19540154605899693,3.2778294758566924,NOT_SIGNIFICANT,0,0,56.09006281885014,MODERATE,49.69855098892667,NEIGHBOR_INFECTIOUS_PRESSURE,DYNAMIC SPATIOTEMPORAL WATCH,SCENARIO-BASED; VERIFY WITH OFFICIAL SURVEILLANCE
2050-09,1204712000,Cotabato,PIKIT,0.2076798237663223,2.785817822928138,NOT_SIGNIFICANT,0,0,50.77433392581061,MODERATE,55.88883627763083,NEIGHBOR_INFECTIOUS_PRESSURE,DYNAMIC SPATIOTEMPORAL WATCH,SCENARIO-BASED; VERIFY WITH OFFICIAL SURVEILLANCE
2050-09,1206314000,South Cotabato,TAMPAKAN,0.07701767610464359,5.049728695715974,HOT_SPOT_95,1,9,48.25591578801844,MODERATE,30.425603685194393,STATISTICAL_HOTSPOT+CONNECTED_HOTSPOT_CLUSTER+NEIGHBOR_INFECTIOUS_PRESSURE,DYNAMIC SPATIOTEMPORAL WATCH,SCENARIO-BASED; VERIFY WITH OFFICIAL SURVEILLANCE
2050-09,1204701000,Cotabato,ALAMADA,0.1406055094862454,3.057731183093821,NOT_SIGNIFICANT,0,0,41.50023944922675,LOW,51.41627964894989,NEIGHBOR_INFECTIOUS_PRESSURE,DYNAMIC SPATIOTEMPORAL WATCH,SCENARIO-BASED; VERIFY WITH OFFICIAL SURVEILLANCE
2050-10,1206311000,South Cotabato,NORALA,0.39993128727145566,6.954816531217017,HOT_SPOT_99,1,9,72.69796215636605,HIGH,45.04154690675254,TRANSMISSION_PRESSURE_PROXY+STATISTICAL_HOTSPOT+CONNECTED_HOTSPOT_CLUSTER,DYNAMIC SPATIOTEMPORAL WATCH,SCENARIO-BASED; VERIFY WITH OFFICIAL SURVEILLANCE
2050-10,1206318000,South Cotabato,SANTO NIÑO,0.5358191713835275,8.235878484375727,HOT_SPOT_95,1,9,71.03383224130485,HIGH,47.395022452263056,TRANSMISSION_PRESSURE_PROXY+STATISTICAL_HOTSPOT+CONNECTED_HOTSPOT_CLUSTER,DYNAMIC SPATIOTEMPORAL WATCH,SCENARIO-BASED; VERIFY WITH OFFICIAL SURVEILLANCE
2050-10,1206306000,South Cotabato,KORONADAL,1.9831818144809377,8.795386227458103,HOT_SPOT_99,1,9,69.43926030580928,HIGH,47.38500101328319,TRANSMISSION_PRESSURE_PROXY+STATISTICAL_HOTSPOT+CONNECTED_HOTSPOT_CLUSTER,DYNAMIC SPATIOTEMPORAL WATCH,SCENARIO-BASED; VERIFY WITH OFFICIAL SURVEILLANCE
2050-10,1206511000,Sultan Kudarat,TACURONG,1.0728519989588277,7.624072617014263,HOT_SPOT_99,1,9,67.18363376458878,HIGH,41.79760180887215,TRANSMISSION_PRESSURE_PROXY+STATISTICAL_HOTSPOT+CONNECTED_HOTSPOT_CLUSTER,DYNAMIC SPATIOTEMPORAL WATCH,SCENARIO-BASED; VERIFY WITH OFFICIAL SURVEILLANCE
2050-10,1206302000,South Cotabato,BANGA,0.756800037276022,6.4196779738937675,HOT_SPOT_99,1,9,67.07180521424839,HIGH,44.59932698973284,TRANSMISSION_PRESSURE_PROXY+STATISTICAL_HOTSPOT+CONNECTED_HOTSPOT_CLUSTER,DYNAMIC SPATIOTEMPORAL WATCH,SCENARIO-BASED; VERIFY WITH OFFICIAL SURVEILLANCE
2050-10,1206315000,South Cotabato,TANTANGAN,0.27779747414631967,7.685865187437542,HOT_SPOT_99,1,9,60.85928258298329,MODERATE,38.94052380907104,STATISTICAL_HOTSPOT+CONNECTED_HOTSPOT_CLUSTER,DYNAMIC SPATIOTEMPORAL WATCH,SCENARIO-BASED; VERIFY WITH OFFICIAL SURVEILLANCE
2050-10,1206507000,Sultan Kudarat,LUTAYAN,0.38178264950499985,4.22964009702643,HOT_SPOT_95,1,9,47.48990974418478,MODERATE,36.72901515289103,STATISTICAL_HOTSPOT+CONNECTED_HOTSPOT_CLUSTER,DYNAMIC SPATIOTEMPORAL WATCH,SCENARIO-BASED; VERIFY WITH OFFICIAL SURVEILLANCE
2050-10,1204718000,Cotabato,ARAKAN,0.13836744500716935,3.2823360306160105,NOT_SIGNIFICANT,0,0,44.605182866166096,LOW,44.84162945287421,NEIGHBOR_INFECTIOUS_PRESSURE,DYNAMIC SPATIOTEMPORAL WATCH,SCENARIO-BASED; VERIFY WITH OFFICIAL SURVEILLANCE
2050-10,1204712000,Cotabato,PIKIT,0.23695772616915692,2.7921213747645535,NOT_SIGNIFICANT,0,0,43.982247290343686,LOW,51.60817807440057,NEIGHBOR_INFECTIOUS_PRESSURE,DYNAMIC SPATIOTEMPORAL WATCH,SCENARIO-BASED; VERIFY WITH OFFICIAL SURVEILLANCE
2050-10,1206314000,South Cotabato,TAMPAKAN,0.12978776191580213,5.053978988876466,HOT_SPOT_95,1,9,41.460731144132815,LOW,27.26062911819122,STATISTICAL_HOTSPOT+CONNECTED_HOTSPOT_CLUSTER,DYNAMIC SPATIOTEMPORAL WATCH,SCENARIO-BASED; VERIFY WITH OFFICIAL SURVEILLANCE
2050-10,1204701000,Cotabato,ALAMADA,0.19197311761026625,3.0621269690881054,NOT_SIGNIFICANT,0,0,40.467579290246,LOW,50.09396966323565,NEIGHBOR_INFECTIOUS_PRESSURE,DYNAMIC SPATIOTEMPORAL WATCH,SCENARIO-BASED; VERIFY WITH OFFICIAL SURVEILLANCE
2050-10,1206509000,Sultan Kudarat,PALIMBANG,0.25204674011454836,2.9079977774059613,COLD_SPOT_90,0,0,36.49778277755368,LOW,48.25501845389837,NEIGHBOR_INFECTIOUS_PRESSURE,DYNAMIC SPATIOTEMPORAL WATCH,SCENARIO-BASED; VERIFY WITH OFFICIAL SURVEILLANCE
2050-11,1206311000,South Cotabato,NORALA,0.7512583809401754,6.983613642474902,HOT_SPOT_99,1,9,76.61671349248763,HIGH,47.12909295952119,TRANSMISSION_PRESSURE_PROXY+STATISTICAL_HOTSPOT+CONNECTED_HOTSPOT_CLUSTER,DYNAMIC SPATIOTEMPORAL WATCH,SCENARIO-BASED; VERIFY WITH OFFICIAL SURVEILLANCE
2050-11,1206315000,South Cotabato,TANTANGAN,0.8699774864082027,7.718985862039938,HOT_SPOT_99,1,9,72.34228439288174,HIGH,45.806388335325934,TRANSMISSION_PRESSURE_PROXY+STATISTICAL_HOTSPOT+CONNECTED_HOTSPOT_CLUSTER,DYNAMIC SPATIOTEMPORAL WATCH,SCENARIO-BASED; VERIFY WITH OFFICIAL SURVEILLANCE
2050-11,1206306000,South Cotabato,KORONADAL,3.0224264351426804,8.817286024040767,HOT_SPOT_99,1,9,71.47851468200157,HIGH,49.552308776624685,TRANSMISSION_PRESSURE_PROXY+STATISTICAL_HOTSPOT+CONNECTED_HOTSPOT_CLUSTER,DYNAMIC SPATIOTEMPORAL WATCH,SCENARIO-BASED; VERIFY WITH OFFICIAL SURVEILLANCE
2050-11,1206318000,South Cotabato,SANTO NIÑO,0.5853000730539758,8.261585736846852,HOT_SPOT_95,1,9,70.2601519196753,HIGH,44.39676666063947,TRANSMISSION_PRESSURE_PROXY+STATISTICAL_HOTSPOT+CONNECTED_HOTSPOT_CLUSTER,DYNAMIC SPATIOTEMPORAL WATCH,SCENARIO-BASED; VERIFY WITH OFFICIAL SURVEILLANCE
2050-11,1206511000,Sultan Kudarat,TACURONG,1.2278781662257334,7.638244918315907,HOT_SPOT_99,1,9,62.92697568453588,MODERATE,40.41361620381966,STATISTICAL_HOTSPOT+CONNECTED_HOTSPOT_CLUSTER,DYNAMIC SPATIOTEMPORAL WATCH,SCENARIO-BASED; VERIFY WITH OFFICIAL SURVEILLANCE
2050-11,1206302000,South Cotabato,BANGA,0.845143658347175,6.435274659580567,HOT_SPOT_99,1,9,62.748224384448015,MODERATE,40.780959323161326,STATISTICAL_HOTSPOT+CONNECTED_HOTSPOT_CLUSTER,DYNAMIC SPATIOTEMPORAL WATCH,SCENARIO-BASED; VERIFY WITH OFFICIAL SURVEILLANCE
2050-11,1206507000,Sultan Kudarat,LUTAYAN,0.6196462070323285,4.247625216040139,HOT_SPOT_95,1,9,50.398178306850696,MODERATE,36.897628599949144,STATISTICAL_HOTSPOT+CONNECTED_HOTSPOT_CLUSTER,DYNAMIC SPATIOTEMPORAL WATCH,SCENARIO-BASED; VERIFY WITH OFFICIAL SURVEILLANCE
2050-11,1204701000,Cotabato,ALAMADA,0.347121375283368,3.071360070755485,NOT_SIGNIFICANT,0,0,44.031759328504286,LOW,52.659025859246846,NEIGHBOR_INFECTIOUS_PRESSURE,DYNAMIC SPATIOTEMPORAL WATCH,SCENARIO-BASED; VERIFY WITH OFFICIAL SURVEILLANCE
2050-11,1204718000,Cotabato,ARAKAN,0.17375934020235692,3.2883577923004377,NOT_SIGNIFICANT,0,0,40.14670554394072,LOW,42.91781538140701,NEIGHBOR_INFECTIOUS_PRESSURE,DYNAMIC SPATIOTEMPORAL WATCH,SCENARIO-BASED; VERIFY WITH OFFICIAL SURVEILLANCE
2050-11,1206314000,South Cotabato,TAMPAKAN,0.1658778867970328,5.060140056924381,HOT_SPOT_95,1,9,38.7445083885426,LOW,27.425656642113456,STATISTICAL_HOTSPOT+CONNECTED_HOTSPOT_CLUSTER,DYNAMIC SPATIOTEMPORAL WATCH,SCENARIO-BASED; VERIFY WITH OFFICIAL SURVEILLANCE
2050-11,1204712000,Cotabato,PIKIT,0.24307328351389137,2.7986110676979568,NOT_SIGNIFICANT,0,0,37.231073995798866,LOW,47.132214862722606,NEIGHBOR_INFECTIOUS_PRESSURE,DYNAMIC SPATIOTEMPORAL WATCH,SCENARIO-BASED; VERIFY WITH OFFICIAL SURVEILLANCE
2050-11,1206509000,Sultan Kudarat,PALIMBANG,0.3311946792166025,2.9148590251066686,COLD_SPOT_90,0,0,33.716239880008224,LOW,47.82862937004703,NEIGHBOR_INFECTIOUS_PRESSURE,DYNAMIC SPATIOTEMPORAL WATCH,SCENARIO-BASED; VERIFY WITH OFFICIAL SURVEILLANCE
2050-12,1206306000,South Cotabato,KORONADAL,1.365463175619176,8.824089156749098,HOT_SPOT_99,1,9,75.5645787422577,HIGH,51.65181379058576,TRANSMISSION_PRESSURE_PROXY+STATISTICAL_HOTSPOT+CONNECTED_HOTSPOT_CLUSTER,DYNAMIC SPATIOTEMPORAL WATCH,SCENARIO-BASED; VERIFY WITH OFFICIAL SURVEILLANCE
2050-12,1206511000,Sultan Kudarat,TACURONG,0.6333585598238041,7.643364484136303,HOT_SPOT_99,1,9,72.91643367714744,HIGH,46.345649012593164,TRANSMISSION_PRESSURE_PROXY+STATISTICAL_HOTSPOT+CONNECTED_HOTSPOT_CLUSTER,DYNAMIC SPATIOTEMPORAL WATCH,SCENARIO-BASED; VERIFY WITH OFFICIAL SURVEILLANCE
2050-12,1206311000,South Cotabato,NORALA,0.1756563456980705,6.987032597123248,HOT_SPOT_99,1,9,70.14708907478865,HIGH,41.52420078039029,TRANSMISSION_PRESSURE_PROXY+STATISTICAL_HOTSPOT+CONNECTED_HOTSPOT_CLUSTER+NEIGHBOR_INFECTIOUS_PRESSURE,DYNAMIC SPATIOTEMPORAL WATCH,SCENARIO-BASED; VERIFY WITH OFFICIAL SURVEILLANCE
2050-12,1206315000,South Cotabato,TANTANGAN,0.17938894151708648,7.722187849989132,HOT_SPOT_99,1,9,68.38557166193407,HIGH,41.23050005351083,TRANSMISSION_PRESSURE_PROXY+STATISTICAL_HOTSPOT+CONNECTED_HOTSPOT_CLUSTER,DYNAMIC SPATIOTEMPORAL WATCH,SCENARIO-BASED; VERIFY WITH OFFICIAL SURVEILLANCE
2050-12,1206318000,South Cotabato,SANTO NIÑO,0.1921481017801251,8.26673866051617,HOT_SPOT_95,1,9,67.60857912046636,HIGH,41.66666375769199,TRANSMISSION_PRESSURE_PROXY+STATISTICAL_HOTSPOT+CONNECTED_HOTSPOT_CLUSTER,DYNAMIC SPATIOTEMPORAL WATCH,SCENARIO-BASED; VERIFY WITH OFFICIAL SURVEILLANCE
2050-12,1206302000,South Cotabato,BANGA,0.2692721914549183,6.437505094052781,HOT_SPOT_99,1,9,62.18631336268528,MODERATE,40.54697416433589,STATISTICAL_HOTSPOT+CONNECTED_HOTSPOT_CLUSTER+NEIGHBOR_INFECTIOUS_PRESSURE,DYNAMIC SPATIOTEMPORAL WATCH,SCENARIO-BASED; VERIFY WITH OFFICIAL SURVEILLANCE
2050-12,1206314000,South Cotabato,TAMPAKAN,0.07109042038809284,5.061363046504438,HOT_SPOT_95,1,9,44.669187441583524,LOW,31.300268389743778,STATISTICAL_HOTSPOT+CONNECTED_HOTSPOT_CLUSTER,DYNAMIC SPATIOTEMPORAL WATCH,SCENARIO-BASED; VERIFY WITH OFFICIAL SURVEILLANCE
2050-12,1206507000,Sultan Kudarat,LUTAYAN,0.14984520285931213,4.250169926811739,HOT_SPOT_95,1,9,43.91894280004248,LOW,32.30523068094659,STATISTICAL_HOTSPOT+CONNECTED_HOTSPOT_CLUSTER,DYNAMIC SPATIOTEMPORAL WATCH,SCENARIO-BASED; VERIFY WITH OFFICIAL SURVEILLANCE
2050-12,1204712000,Cotabato,PIKIT,0.11361182300101384,2.8008637939521694,NOT_SIGNIFICANT,0,0,37.923156794668046,LOW,48.785808945925,NEIGHBOR_INFECTIOUS_PRESSURE,DYNAMIC SPATIOTEMPORAL WATCH,SCENARIO-BASED; VERIFY WITH OFFICIAL SURVEILLANCE
2050-12,1204701000,Cotabato,ALAMADA,0.11511019152946099,3.073368599385352,NOT_SIGNIFICANT,0,0,37.917659375793875,LOW,49.53396914196659,NEIGHBOR_INFECTIOUS_PRESSURE,DYNAMIC SPATIOTEMPORAL WATCH,SCENARIO-BASED; VERIFY WITH OFFICIAL SURVEILLANCE
