PERIOD,BASE_REGIONAL_SCENARIO_CASES,REGIONAL_SCENARIO_CASES,REGIONAL_DYNAMIC_RATIO,ALLOCATED_MUNICIPAL_CASES,NEW_INFECTIONS_ESTIMATE,NEW_ART_ENROLLMENTS,NEWLY_VIRALLY_SUPPRESSED,TREATMENT_INTERRUPTION,PLHIV_ATTRITION,TOTAL_POPULATION,PLHIV_UNDIAGNOSED,PLHIV_DIAGNOSED_NOT_ON_ART,PLHIV_ON_ART_UNSUPPRESSED,PLHIV_VIRALLY_SUPPRESSED,TOTAL_PLHIV,EFFECTIVE_INFECTIOUS_POOL,ACTIVE_TESTING_CENTERS,NEW_TESTING_CENTERS_OPENED,PENDING_TESTING_CENTERS,MEAN_TESTING_ACCESS_SCORE,MEAN_ART_COVERAGE,MEAN_VIRAL_SUPPRESSION_COVERAGE,LOWER_95_SUM,UPPER_95_SUM,HOT_SPOT_MUNICIPALITIES,HIGH_OR_CRITICAL_PRESSURE,ACTIVE_ALERTS,GLOBAL_MORANS_I,MAX_TRANSMISSION_PRESSURE,REGIONAL_PLHIV_PREVALENCE_PER_100K,REGIONAL_EFFECTIVE_INFECTIOUS_POOL_PER_100K
2025-01,17.710386131753914,21.407582006949518,1.2087586260226535,21.40758200694952,22.53642229537865,175.22162882785832,211.48913806246682,14.211780969718214,8.708568380241116,4499007.720856191,3539.5469233867498,1064.9341035565292,2164.6267313561834,946.4410808349966,7715.548839134459,5371.040169002639,17.0,0,0,0.20424884917049696,0.3984483489148369,0.1169100864855899,1.0603617118691604,95.3859257050872,11,11,12,0.2826852360095222,89.99765651155987,171.4944565079817,119.38277287464835
2025-02,90.3186974874195,100.14573336250876,1.108804003472903,100.14573336250876,31.135253771957718,164.9220698359416,205.72465214226327,14.49396272128789,8.575812758760687,4503582.2443257235,3467.1972395280573,1013.4300645158793,2110.892000792224,1148.443346663215,7739.962651499375,5183.754504633996,17.0,0,0,0.20412372118549185,0.41221692118593384,0.13716884787367353,23.232554701745364,218.94043035461993,12,11,13,0.33708227463891594,91.96060585845218,171.86235826494166,115.102916376519
2025-03,111.4679016532982,114.04994193022152,1.0231639802905264,114.04994193022152,32.91164371265243,158.30158177130582,199.8578775787994,14.759639026526177,8.447381698865549,4508253.88151881,3383.032047976564,982.7530854938253,2056.7124484007345,1343.9684326721988,7766.466014543323,4935.8959866862015,17.0,0,0,0.20399576628235655,0.4253556886279557,0.15669804427693607,26.55193255703742,241.23869074683404,12,11,13,0.37050155700630516,96.56701557964729,172.2721527813965,109.48575915212923
2025-04,97.46719388848496,93.5755519904187,0.9600722895283228,93.57555199041869,30.331785370222764,149.9329303643731,193.74763576390055,15.000148924329674,8.327833438102502,4513022.563374724,3317.0473055886023,940.2616700422213,2000.5931971375555,1532.79249108313,7790.694663851509,4752.292218846518,17.0,0,0,0.20386500495581825,0.4379201220451878,0.17559367292092712,19.52828773978385,210.8190393452803,12,11,12,0.397760390747818,90.03552676397315,172.6269823482962,105.30176067395671
2025-05,39.50248903309876,39.61512868915602,1.002851457181923,39.61512868915602,22.524555736170445,134.83135430574606,186.7576444566344,15.185120855050716,8.222291666349369,4517859.935380532,3297.3820134029575,859.193707792561,1936.7239630565196,1714.0579784332626,7807.357662685301,4667.860191267564,17.0,0,0,0.20373232017586676,0.4495358321857615,0.19393063816242911,4.152168193766991,127.02707726222756,11,11,12,0.36752816148923095,90.28775105767376,172.81097188391917,103.32016171445113
2025-06,77.5333318059446,72.94878164246255,0.940869945135899,72.94878164246255,26.236789834157968,127.29436732520985,179.7492282300951,15.35020119582739,8.11863894783547,4522717.008912086,3248.217512808143,819.2097869728676,1872.6890352334356,1887.768784089558,7827.885119104004,4550.113988223094,17.0,0,26,0.20359921505122242,0.4602377962553706,0.2114676784516389,15.638135711863814,178.46750673749398,13,11,13,0.41894270308774584,88.05101802146076,173.07925973875953,100.6057637313372
2025-07,54.57177387936427,50.67647437050628,0.9286206177305342,50.67647437050627,22.524719141861546,117.76690744457949,172.54457088247383,15.4855829872097,8.023137706597911,4527537.3145962525,3217.6098029778095,766.6796997892967,1806.7061581259845,2053.7516085812194,7844.74726947431,4439.361520395583,17.0,0,29,0.20346740666395957,0.47026392916525067,0.2283845105858782,7.682887710222398,144.7770587980649,13,11,13,0.4291407942345691,88.8339685444007,173.2674238638246,98.05245571546367
2025-08,60.94472110740474,54.72356071868827,0.89792125920549,54.72356071868827,22.578756998406064,110.48548852204165,165.3967434327976,15.601501555609463,7.9324532532060905,4532272.038341911,3182.9245732073055,725.643834543348,1740.9645764545076,2212.0860615608253,7861.619045765987,4333.922073124098,17.0,0,30,0.20333836562346455,0.4795888169293948,0.24460826879163708,9.28960284734925,150.8596295896056,13,11,13,0.4404438504261117,91.36566162301705,173.45867545589977,95.62360856674486
2025-09,35.38380218735771,33.28118834552386,0.9405769388292281,33.28118834552386,19.04812219626729,101.05060766348188,158.0841254894542,15.688122783951371,7.849682684300632,4536893.087241061,3165.9904503037933,672.751193641822,1673.48649004213,2362.630545019523,7874.858679007269,4256.603569606545,17.0,0,30,0.2032129245359956,0.4881953836698602,0.26021549544481776,3.0333626812379375,117.13574887835736,13,11,13,0.443077254966431,96.72096375973078,173.5738208412591,93.82199420958884
2025-10,80.77140326319488,71.02954544379146,0.8793897663550623,71.02954544379146,24.420441495590204,98.89325800902215,151.35150673826422,15.778739482048922,7.767252646467648,4541400.582057489,3116.5676996542134,659.8708653373941,1610.9429607199413,2505.9864388887877,7893.367964600336,4166.101611065611,17.0,0,32,0.20309105935841584,0.49620718340935055,0.27500162508573184,14.579146300627059,176.20193096342575,13,11,14,0.4313039846317398,91.47196640291574,173.80911069122715,91.73605225501053
2025-11,111.66110124287971,90.91654862649304,0.8142186277451792,90.91654862649304,28.312045017793032,100.11925018183396,145.4721751399597,15.88756826943211,7.686696164215565,4545822.769860441,3051.112012162192,665.753662301779,1555.823388049948,2643.025777896516,7915.714840410435,4101.312460537502,17.0,0,32,0.20297190085260242,0.5039417383911559,0.28903004243060476,21.962807272282177,205.9366417755037,14,12,13,0.4592237760018,97.50757805243529,174.1316201963028,90.22156533971989
2025-12,35.21360200402157,31.113377884984722,0.8835613545422425,31.11337788498472,19.194643117914488,92.12148137840256,139.43616262008752,15.970954441948988,7.616276820463997,4550208.394649475,3036.3150241588264,619.9696361913174,1499.0705135068995,2773.6109518905046,7928.966125747547,4047.4981240999114,17.0,0,32,0.20285397164245683,0.5114428819397928,0.3027474175578093,2.815652313461061,113.24185650830674,14,11,13,0.46103081933990975,88.72242625881968,174.25501071711585,88.9519286382423
2026-01,19.346595459179078,19.883557064998136,1.0277548371211895,19.883557064998136,17.47252104227276,83.68663345041894,133.2172587359179,16.027277821224107,7.552853293306525,4554613.596259003,3031.0812308637123,571.5052996272757,1440.441374983373,2897.5785859661705,7940.6064914405315,3988.6349061833275,17.0,0,32,0.20273558417294715,0.5182499052741494,0.31591499100992104,0.7675746715506886,93.9737041712768,14,11,13,0.4613452566976427,87.64682957287879,174.34204512898006,87.57350808989483
2026-02,98.66297039995888,92.51484013364437,0.9376855344878501,92.51484013364438,27.238602086957194,87.59750367600098,128.06588009292759,16.11297086561304,7.483252158014358,4559086.870726359,2963.216909586478,591.8226995525986,1391.1627434449665,3016.01261195266,7962.214964536703,3915.788604472279,17.0,0,33,0.2026152922434695,0.5246929404540596,0.328132040286291,19.56166686260994,209.91852227844802,14,12,13,0.4611018570231075,94.36168636039491,174.6449495328031,85.88975633729065
2026-03,121.76608595243269,106.99084631329295,0.8786588275087399,106.99084631329296,25.836615937705325,131.78242208121023,177.3482697070524,12.059857118110408,7.367903162650116,4563656.125472813,2879.7843175755297,578.3941181550197,1339.1153824108264,3185.426773838163,7982.720591979538,3851.256150890743,43.0,26,7,0.5522119862381557,0.5386028164350493,0.3484919832664808,20.179670028089355,235.0597816440788,13,10,11,0.4747399336764686,88.18502394902899,174.91941488366407,84.38970958820298
2026-04,106.47189489115601,89.4109471586391,0.8397610209721734,89.41094715863909,23.688103575126956,128.33409298295288,174.07902858041786,11.861207989716398,7.257758690896667,4568321.279020881,2812.0690454534897,550.6685865262698,1287.269419941325,3351.364405523706,8001.37145744479,3768.4936805780103,46.0,3,4,0.5773594427861137,0.5521387984270811,0.3686413397019374,14.562934277954206,208.89064347850598,13,10,11,0.48751549932572114,86.46796535746844,175.14905298341247,82.49187065463363
2026-05,43.152005228376964,39.39725822008167,0.9129878904022249,39.39725822008167,17.082832418939727,113.3172016573229,167.28412458112115,11.82743752101599,7.161922076881272,4573054.359677438,2787.9327875364816,487.9878252287876,1227.5326321593723,3510.1936876326918,8013.646932557333,3689.433102125098,47.0,1,3,0.5908945531342107,0.5642077793534137,0.38828270300693724,2.5632160407661875,129.93914630377407,12,9,11,0.5004114262123625,84.62474978043956,175.23620543890885,80.67765681196349
2026-06,84.6964032231048,73.87587691029722,0.8722433786910118,73.87587691029722,20.183526762129134,107.37073601329402,158.95429079285248,11.922342523149045,7.066488493986874,4577807.0559162665,2732.5486797162744,465.853825859514,1170.42740726516,3660.3357250278577,8029.165637868806,3577.1133857525233,47.0,0,3,0.5907136663097247,0.5751510502593394,0.40667132704390024,12.40802857833365,184.44334149485854,11,11,12,0.5123650582890495,81.94671213705954,175.39327323750072,78.14032662494006
2026-07,59.61349599492325,52.60387508641176,0.8824155370940091,52.60387508641176,16.93554370324773,100.54407529323515,153.3662002173032,11.792645245024444,6.977645460894223,4582523.689821341,2695.1941310575376,429.1889143861465,1112.4428835237,3804.649169962461,8041.475098929845,3477.840105803336,49.0,2,1,0.6284320531929246,0.5858930848231277,0.42506250354284664,5.860731515216374,151.87376019591633,11,9,11,0.5193874823689668,85.84911408787192,175.48136448899314,75.89355432091452
2026-08,66.57522065673248,57.92889788570761,0.8701270129376507,57.92889788570761,16.989717422013896,93.98818480413,145.12557487148274,11.863337549206712,6.8932864116641825,4587156.141203984,2652.496037852865,404.5055051561336,1056.3846511022464,3940.4010360605753,8053.787230171821,3382.15539593196,49.0,0,1,0.6282531038532436,0.5955927719920459,0.4423382756754335,7.582352378625272,160.14790541450805,10,9,11,0.5245964489582815,85.74297331623615,175.57255480860863,73.73098477184713
2026-09,38.65280528802518,36.21734248281048,0.936991305364084,36.21734248281048,14.140819867355031,84.39887643513346,136.7475348265772,11.914502846060827,6.818343383065188,4591676.726238877,2628.510827283668,367.79536586260997,999.3610458328534,4067.473528865641,8063.140767844772,3310.389377774435,49.0,0,1,0.6280778853769714,0.6041744447412738,0.4586008418075207,2.2011638251899868,125.27594607567336,10,8,10,0.527258132853555,89.46245689351419,175.60340695956253,72.09543648526916
2026-10,88.23363036684363,78.11617718123954,0.8853333684272157,78.11617718123954,18.448296987870464,85.58264648888634,129.65077631840416,11.980477950670924,6.739623101934704,4596085.578692632,2566.8407208305343,371.861604997158,950.8285546777623,4187.164568152314,8076.695448657769,3230.293252935028,49.0,0,1,0.6279063958478253,0.6123584583200974,0.47364228329769564,13.33831223287256,191.40582046929555,10,10,12,0.5295768942117911,87.52739594124756,175.72987513768632,70.28357496019238
2026-11,121.97713467123003,100.73230878577618,0.8258294397329803,100.7323087857762,21.359244071899404,91.95507290228272,125.33404945208892,11.976895816891831,6.657671674418745,4600410.55854805,2485.45195707354,392.14374242241854,913.1917114667847,4302.320719993711,8093.108130956454,3167.3396620704707,50.0,1,0,0.6444211267606537,0.6209955503211824,0.4880595795333753,20.93566569792548,225.4376591663709,10,9,11,0.5322581373389043,90.74876243724748,175.92143196694917,68.8490651380064
2026-12,38.46688082146718,35.10578376600384,0.9126236132567418,35.10578376600384,14.037084874731725,82.56446992459352,119.35601223485591,12.047900759760669,6.590772077843531,4604699.727328176,2462.3522606201404,356.304091260497,872.3194873175748,4411.240163492121,8102.216002690333,3107.446536167221,50.0,0,7,0.644253395826369,0.6289338814870793,0.5019961181867209,2.27974966534767,123.18801890595746,10,7,10,0.5325648793348673,82.98645573160618,175.95536044630538,67.48423828214052
2027-01,21.00069958194576,22.845299985489348,1.0878351883634099,22.845299985489348,12.594633891521934,72.65975632371823,112.8970911117883,12.095331438782893,6.532214897891108,4609008.43140295,2450.135442442576,318.2019315582336,828.1924396813904,4513.4567683675195,8109.98658204972,3049.8454447534914,50.0,0,7,0.644085078443389,0.6357572706390746,0.5150886938949375,0.47919155242040645,101.84707980121814,10,7,10,0.5324094510525862,82.63220158207034,175.95946509434128,66.17140085866885
2027-02,107.09850245247559,106.69493879686193,0.9962318459514153,106.69493879686193,20.257377043202897,82.2969357820767,108.57219796543424,12.181397356127622,6.458274717418817,4613384.475744375,2361.994877175772,354.3548929967283,798.160015195002,4611.11464161848,8125.624426985983,2983.6789151631933,50.0,0,7,0.6439146069625947,0.6429616008713815,0.5269911032332651,20.02894089435575,235.94613893368643,10,8,10,0.5311297515893887,87.54501395581103,176.13152490775016,64.67440402702992
2027-03,132.17689881157682,121.26603996332048,0.917452603697336,121.26603996332048,22.3195914117377,92.95322301896212,106.2288501160013,12.306229270280083,6.380278822937892,4617855.363890867,2261.6772955397587,394.49922349027224,781.2056277439557,4706.201159760612,8143.583306534599,2914.122764858086,50.0,0,7,0.6437410766127089,0.6511274256362511,0.5382721926067159,23.261531164255516,259.09983502002723,10,8,10,0.5300414582390881,90.530693809704,176.34989978709638,63.10554435387802
2027-04,115.57507796384921,99.1710936119412,0.8580664219232539,99.1710936119412,20.58410293787306,96.66507483768008,104.67216689538468,12.446116121502666,6.306012635635486,4622421.005116241,2182.020469285554,408.9591940546036,769.5754360958631,4799.5071717521905,8160.0622711882115,2865.8907358968,50.0,0,7,0.6435644867491446,0.6597690074279419,0.549324639425184,16.793467755838464,226.1238531148651,10,9,11,0.5296635817416063,81.97516856296107,176.5322168222323,61.99977744832723
2027-05,46.84143523194083,41.60239824975979,0.8881537904157005,41.60239824975979,14.073620574970889,87.66030009538646,102.13281607522246,12.560103562797993,6.244336539556731,4627053.815529131,2153.596816660609,375.0100034376678,751.561377469159,4890.056416535525,8170.224614102961,2819.0861162232086,50.0,0,7,0.6433857398291984,0.6678605544641627,0.5603384537436539,2.8230461865944325,135.20220666396074,10,7,11,0.5195633446756281,83.7456514982811,176.5750937817577,60.92615795307817
2027-06,91.93781528707481,76.24404458551967,0.8293001562789858,76.24404458551969,17.545827945240497,87.6553907174538,99.90927640656231,12.678276901064283,6.178664385997135,4631706.165435042,2094.1387832129867,375.8246419265446,735.836994514774,4978.170445594718,8183.970865249024,2743.452585716618,50.0,0,7,0.6432063986743144,0.6756350140327846,0.5707290483913111,13.206666099897065,189.88475723281442,10,7,10,0.5155470764706674,80.86898206151724,176.69451759102097,59.23200841603763
2027-07,64.7103581123845,52.57108918781073,0.812406092646078,52.571089187810735,14.582291646282906,82.79515507213202,97.33827259540523,12.784352402840183,6.118785377960081,4636323.171091638,2055.3977625447205,357.9541116872239,717.9031253172016,5063.508307293413,8194.763306842558,2667.403275688613,50.0,0,7,0.6430282671392498,0.6830393186683428,0.5809445083297572,5.993036229085678,153.28976074828046,10,7,10,0.5147172177916954,86.72152726373936,176.75133946525722,57.53272964922685
2027-08,72.2672995134367,56.37669115262439,0.7801134334920352,56.37669115262439,14.816267323390157,79.76709919271713,94.70156198056797,12.884738546728315,6.060396010289314,4640857.406124094,2013.0131645117779,347.03085588191414,699.6583133458555,5146.010865428194,8205.713199167742,2593.8903142656027,50.0,0,7,0.6428529064849272,0.68999530644037,0.5907533685287931,7.457918714893626,159.06552786017937,10,6,10,0.5138042010263971,85.13280456197766,176.8145943967046,55.89248036026047
2027-09,41.95756062434899,34.033753687384916,0.8111471015222534,34.033753687384916,11.772760684960812,74.8006799769388,94.12398013117593,12.429012276085682,6.0059008815120345,4645281.593311609,1989.7789752103997,318.3099788741523,677.2159652984972,5228.186041793685,8213.490961176734,2542.0733435174475,57.0,7,0,0.655512025275883,0.6964488912925209,0.6004173015662783,2.0826487134646214,122.71098560369659,10,5,10,0.5135283754744503,89.4902534177515,176.81362897359594,54.723772767136175
2027-10,95.77746990514451,72.39737548698758,0.7558915009833528,72.39737548698758,16.374916641537418,76.92388465951103,91.51257635536696,12.520887036407672,5.946912226259771,4649595.875849828,1932.684825436299,325.91236623781253,659.5837683612651,5307.565402323546,8225.746362358923,2475.7555176698315,57.0,0,0,0.6553610273662074,0.7026913957860051,0.6093867041827815,12.150687825833781,183.98553641020172,10,7,10,0.5134988936986966,87.56151948477464,176.91314647545502,53.24668172838411
2027-11,132.40599187086826,92.39078587467957,0.6977840244932845,92.39078587467958,19.62697927981629,82.83230358595674,90.04630766135378,12.63374975595745,5.885047071769425,4653827.723494739,1858.8259404862579,347.68651759825764,649.3717884696941,5385.297686482087,8241.181933036296,2426.4329720426845,57.0,0,0,0.6552123831901748,0.709158337201238,0.6178263376565986,19.075157501823654,214.4097183585857,10,5,10,0.5116760093133099,89.67968658633403,177.08394944296893,52.138435632090435
2027-12,41.755739902178185,31.275866811162757,0.7490195811266478,31.275866811162757,11.715911966291248,74.4946309405346,87.6705688406769,12.722973698271128,5.834084052931227,4658024.513745876,1838.1524004212606,316.80978135237547,633.2671396381086,5460.478877745571,8248.708199157316,2381.4491604017066,57.0,0,0,0.6550647614211366,0.715342308604438,0.6264643968024629,1.924596222715314,117.61734217486071,10,6,10,0.5104592181586767,85.09127597056143,177.0859765725856,51.12573266572615
2028-01,22.665329645374143,19.490576438192225,0.8599290962516459,19.490576438192228,10.105669476454835,65.49880402951096,84.42651853025615,12.787668393374545,5.789376908970229,4662240.800015691,1827.7152735567386,283.24863002796707,611.5029733320184,5532.247923948136,8254.71480086486,2334.594404095769,57.0,0,0,0.6549166232323813,0.7206922967354092,0.6347774237074092,0.17183325034172636,96.64458384419592,10,5,11,0.509597140650224,81.98944428046406,177.05466437591724,50.07451361345196
2028-02,115.58771426348666,90.47385157541075,0.7827289617404503,90.47385157541073,18.274071889816472,73.55360576057386,82.7091656283557,12.880451593920371,5.733451644976877,4666523.698487967,1754.7018041082856,312.6734081972438,599.5638685636344,5602.135562318557,8269.074643187721,2276.3899915331203,57.0,0,0,0.6547666344974923,0.7261603164046709,0.6421580692898937,15.426901611746842,213.2066825729185,10,6,11,0.5059237408460063,86.15363742531163,177.1998853422097,48.78127999801457
2028-03,142.65396118723393,102.30927069000886,0.71718492664727,102.30927069000884,20.517917652484556,82.44188868399439,82.42675853003533,13.001491430578143,5.674388190464288,4670900.311964999,1672.399037906832,345.1273700568,596.811805546665,5671.577832451262,8285.91604596156,2219.415984856844,57.0,0,0,0.6546140230034154,0.7323646851286711,0.6492104572027424,17.846072493364822,232.64924143631916,10,8,12,0.5017548064682003,89.54299606536617,177.3944099114323,47.51580715973702
2028-04,124.73618941211255,83.1688149345029,0.6667577014055134,83.16881493450289,18.759510683174845,85.23995918827248,82.54733456304152,13.131407845651822,5.617765672664441,4675370.5432013385,1607.7544844864208,355.75994138440115,596.7423466352195,5740.978005789826,8301.234778295868,2187.543387524179,57.0,0,0,0.6544587850558821,0.7390125432200344,0.6563510635775003,12.496829461551815,203.34290791788257,10,7,12,0.4973050131298124,80.42788116754227,177.5524464123396,46.78866342915176
2028-05,50.554343032796,34.406261498690675,0.6805797372615521,34.406261498690675,11.935590013116794,77.08270327016554,81.54676699383553,13.236894259289059,5.569609303667464,4679907.197097315,1585.212712116841,325.9285592136049,589.5493353224495,5809.2176200390795,8309.908226691976,2156.9525891391486,57.0,0,0,0.6543016862646035,0.74536069970368,0.663807187126837,1.9384649418561812,124.0174931901622,10,6,13,0.5013072909633957,81.67000209451967,177.56566266626285,46.08964448006545
2028-06,99.22530829156312,61.002131846978116,0.6147839991358834,61.002131846978116,15.794122829884138,76.21680234888103,80.5407754438138,13.34196193913381,5.520259999119242,4684463.324156105,1540.0462960651325,323.6667786250762,582.527758477187,5876.2939115303825,8322.534744697778,2091.7719803390364,57.0,0,0,0.6541440563263616,0.751176864060344,0.6707798194992081,9.824400494223823,167.19042083660798,10,6,13,0.4878457574888082,80.29532932524724,177.66250195153495,44.65339646384924
2028-07,69.83965426315166,41.25056147277169,0.5906467021921677,41.25056147277169,12.779709361940096,71.45283677081729,79.0300941101471,13.433988476421808,5.4749375419442226,4688984.830560391,1511.6105788544137,306.5300371888828,572.2968546894092,5941.705904886762,8332.143375619467,2029.423808303327,57.0,0,0,0.6539874326596292,0.7567326532950176,0.6778204826942259,3.794658560574007,135.3590657906427,10,5,11,0.4809960122295867,84.14582463672603,177.6961043105715,43.28066482699169
2028-08,77.99560008282678,43.53025617425811,0.558111689993173,43.53025617425811,13.152049654742736,68.2184643500375,77.28455293704839,13.518386146524719,5.431451859675306,4693424.977972503,1481.1809657706062,295.0056522439309,560.6264483986147,6005.222947651557,8342.03601406471,1968.220545440942,57.0,0,0,0.6538331482115004,0.7618737673535108,0.6846206974785248,4.708108329328949,138.9135425376813,10,5,11,0.47631269879270643,84.18586355914738,177.73877399161836,41.935698443638216
2028-09,45.28334586930602,25.790389626444068,0.5695336581550022,25.79038962644407,10.085526808329538,62.0087688520438,74.9532186215928,13.585889831595424,5.391990906282599,4697756.890354035,1465.2675907733667,272.04622442303446,545.1424940464956,6066.26468072406,8348.720989966956,1930.5147820927716,57.0,0,0,0.6536819738563633,0.7665693159814235,0.6913223318415523,1.0406910133010143,109.07582966130497,10,5,12,0.47267759125077097,82.98220600715905,177.71717832205178,41.0943952007547
2028-10,103.36931489016948,54.00156216653977,0.5224138538977138,54.00156216653978,15.098431044509752,63.18157702655907,73.09859959920445,13.6596795338092,5.351727903104671,4701980.717250384,1426.0308325795163,276.1939999805706,532.738395827063,6125.31220814759,8360.27543653474,1877.2870660512708,57.0,0,0,0.6535339113579143,0.7709000814973731,0.6974038446241974,7.676679383927404,156.00883848784468,11,7,12,0.463439513352726,86.07634484499975,177.80326928740885,39.92545224960147
2028-11,142.9012134127156,67.5544417188875,0.4727352560945881,67.5544417188875,18.627183704269807,66.95466226751388,71.99927393159228,13.747127762086656,5.311583626613288,4706123.53875912,1376.7102620052997,290.1922224193534,525.2392533800726,6183.123539429742,8375.265277234466,1845.752082090953,57.0,0,0,0.6533881925667637,0.7751607025595083,0.7029943174686897,11.927468310496579,177.34723410886147,11,5,12,0.44293098886868054,88.60266671333677,177.96526606785173,39.22022163017057
2028-12,45.065527735228166,22.644797787555937,0.5024860225891524,22.644797787555937,10.08271841481517,60.46196397743858,70.19295082830945,13.815807296368002,5.275504015327761,4710232.0526792705,1363.7281005923016,265.8714137243905,513.1052724056686,6238.995871048968,8381.70065777133,1821.9569927771677,57.0,0,0,0.6532434851278554,0.7794790088173007,0.7090129758308024,0.7722833950213328,103.19453123373181,11,5,12,0.43748547397978954,77.6971921166331,177.9466608869866,38.680832969594434
2029-01,24.334078223185635,13.925408994329253,0.5722595639994718,13.925408994329253,8.315545134703274,53.55972011693501,67.72510764783411,13.865343519883027,5.243331965135066,4714360.0264131585,1357.7531968830074,239.81430940182756,496.60646717449094,6292.2732352572475,8386.447208716572,1788.5869625993657,57.0,0,0,0.653098249449857,0.7832455129645975,0.7148625327289603,0.0,86.96575402255505,10,5,12,0.4355280596663592,79.21406014726459,177.89153059439246,37.93912540786966
2029-02,124.09792950445676,63.47331562896144,0.5114776361090045,63.47331562896144,17.09555312888931,58.610879076105874,66.27326443741552,13.93309198613272,5.208333398337433,4718553.894936512,1311.2043987203833,258.29949837360175,486.6539913987632,6343.975047422191,8400.132935914939,1739.8781514220602,57.0,0,0,0.652951151097581,0.7866575833239917,0.719719664659983,8.689484016403934,172.52398744652947,9,5,12,0.41103244462794714,77.94695531181257,178.02346063969162,36.87312236253413
2029-03,153.15694519739404,70.95168134409012,0.46326127262883904,70.95168134409013,19.571976624543964,64.20947101793607,65.77641598976832,14.019112098344685,5.173181878235275,4722840.366255056,1259.9074254593522,278.72594322224967,482.8159559809147,6395.057693117225,8416.507017779742,1700.9836173419367,57.0,0,0,0.6528014180358074,0.7903662433057734,0.7242132096075338,9.374157773793861,185.5768809047962,9,5,12,0.3799404111482317,86.4211202401812,178.20858561970735,36.01611499502618
2029-04,133.9199666586778,59.4409106682901,0.44385398347497595,59.44091066829011,17.79674547550624,66.08821219409849,65.5928635850489,14.111486558846869,5.138566440552067,4727219.338943396,1218.5852835369642,285.84669920843487,481.0505964506315,6445.835210629711,8431.31778982574,1692.960625646503,57.0,0,0,0.6526490471036879,0.7944378736349558,0.7288119992827325,6.666487467784455,167.13519655438427,9,5,12,0.35071152840139774,76.01729678818853,178.35681370584055,35.81303308056159
2029-05,54.27643705737554,24.45548943142314,0.4505728591869669,24.45548943142314,10.599340560383435,60.18073024542862,64.64023072713876,14.186293631391852,5.10674137524256,4731664.0043110885,1205.2054231902905,263.9905827233902,474.3603445591348,6495.540850983099,8439.097201455914,1685.2341279837178,57.0,0,0,0.6524948045557388,0.7985400536508577,0.733829388705057,0.6955457989397464,107.36046665323823,10,4,12,0.354427144644825,75.91058669849467,178.35368685872305,35.61609882798687
2029-06,106.53083151514646,46.09187829066674,0.43266233479190896,46.09187829066674,14.882117856665376,59.99920914252793,63.77355255471878,14.262472867559513,5.075460590917049,4736128.086069636,1174.560810819997,264.02850986940166,468.381495676894,6544.2626783672295,8451.233494733522,1634.8141857183023,57.0,0,0,0.6523400205777942,0.8021647690592303,0.7383457737474723,6.024669538888102,144.20023904924273,9,3,10,0.3341057448711329,75.75331002493735,178.44182718772151,34.517947065806304
2029-07,74.9816409692778,33.37993102461659,0.4451747200130407,33.37993102461659,11.775755041981498,57.25782328704535,62.6564571736991,14.331431106124947,5.044935913680083,4740558.270238901,1153.5053502956391,254.17667025464212,460.8108494747852,6591.753016606445,8460.245886631512,1589.0032503089,57.0,0,0,0.6521862327346147,0.8058283458079492,0.7430393018000365,2.283810496828435,123.23537073102473,9,3,11,0.32974362507614663,78.27836839389694,178.46518077300541,33.51932746580968
2029-08,83.73807322353113,37.269802184943345,0.4450759463434872,37.269802184943345,12.279342425464812,55.9220481606675,61.50483282951117,14.397964921145277,5.014919863502653,4744908.495990643,1128.9688067164886,249.62248233302316,453.08876590509425,6637.980167625079,8469.660222579685,1541.001247307075,57.0,0,0,0.6520347737428185,0.8093204480562334,0.7475827680228467,3.5657124850731785,129.7363522909994,9,5,11,0.3263234496012417,76.14707623327061,178.49996959343653,32.476943414381786
2029-09,48.617359545713015,21.698696481093066,0.44631581566437445,21.698696481093066,9.050235344521766,51.66519435678881,59.94701125049839,14.452715830782152,4.9869068758551585,4749152.2806064915,1116.6142997344937,233.82776984776385,442.71120916114376,6682.541664065538,8475.69494280894,1516.520037860202,57.0,0,0,0.6518864139969114,0.8126302279593421,0.7521676567850817,0.5039356317904673,102.74343395744903,9,5,12,0.32369918953286253,75.12983274642056,178.46753361478966,31.932436533000253
2029-10,110.97994310124093,49.14772961255146,0.44285235907642045,49.14772961255146,14.469465917461001,54.14698709852888,58.929039965311595,14.516939929513397,4.958040686193398,4753289.777343335,1082.0999851576391,243.05343774855027,435.8625682916926,6725.979914320838,8486.99590551872,1472.7764365540581,57.0,0,0,0.6517411547603109,0.815683761071321,0.7561942910268972,6.478745229946899,149.531710749121,9,4,12,0.3172079228624423,79.04062546467239,178.5499370556405,30.984360422839796
2029-11,153.42240151723874,67.43602643261671,0.4395448498115154,67.43602643261671,18.266815794519005,59.92077291533718,58.8097253109322,14.60017276177409,4.927053033548699,4757347.6803321745,1033.0355190780729,264.85066139077077,434.9119502273819,6769.194163242263,8501.992293938489,1451.899082482698,57.0,0,0,0.6515982275959737,0.8188362042938122,0.7598175963453916,12.048219796148448,178.52024224773461,8,5,12,0.3093712942543127,81.20095264841221,178.71286408364526,30.51908710572361
2029-12,48.38350442002061,21.70876198598973,0.4486810586834397,21.708761985989735,9.061504583918861,54.89200789776169,58.04354518826418,14.66783326758894,4.898362105928625,4761372.016911795,1020.4680989853,246.03964644809184,429.7210510135492,6811.539478929791,8507.768275376731,1436.9259546460905,57.0,0,0,0.6514563002201277,0.8223119932492624,0.7641021755241799,0.7131997193481903,102.56729471841187,8,3,12,0.30554852162085866,74.35473935973862,178.68312421625967,30.178821346920802
2030-01,26.001508949105958,12.549061877901368,0.4826282160187037,12.549061877901368,7.126686114279816,49.05631533171141,56.615640438500385,14.718224826133309,4.872596155365998,4765415.780799962,1015.1791511661862,223.98151707903062,420.1627371554016,6852.357444190751,8511.680849591368,1409.394637578497,57.0,0,0,0.6513138334811709,0.8253955761436927,0.7683743234505873,0.0,85.29453624809616,8,2,12,0.30230773571056085,71.2692739778308,178.61360353665776,29.57548097391629
2030-02,132.6014240186507,58.159141734464704,0.4386011852051037,58.1591417344647,16.509075787453494,54.054989106475816,56.04873751843709,14.785570940939094,4.845732992289909,4769524.737758955,973.8458775673148,242.57979515918103,416.1877893571862,6892.510485912233,8525.123947995915,1363.939356750967,57.0,0,0,0.6511694936246939,0.828027008230615,0.7716659496887548,7.465950895872916,165.41638236178485,8,3,13,0.2930751785076137,73.62984994590639,178.7415815354717,28.59696577214605
2030-03,163.6516347421537,71.768711019261,0.4385456407590329,71.768711019261,19.17636533151023,60.89269791378103,56.47415539268163,14.874104942893744,4.816275947508894,4773725.209247972,921.8234369820027,268.0079173117057,418.6171639634663,6932.990236599215,8541.43875485639,1330.7410429544234,57.0,0,0,0.6510225093133806,0.8310314542960678,0.7746718588730159,9.584457125940663,188.38873303308398,8,4,13,0.2788308936329078,78.29876631769294,178.92606676038574,27.8763645711409
2030-04,143.0964912499459,62.34438172433035,0.4356807157167379,62.34438172433035,17.31393695541156,64.18779092805906,57.26921164219185,14.972380508389568,4.785626216616364,4778017.091655284,877.6055809378615,280.7995243500269,423.52809512762786,6974.164839854779,8556.098040270295,1328.7470834707428,57.0,0,0,0.6508728778471362,0.8345423847188995,0.7779175918440417,7.418622724602225,173.19611908105705,8,2,12,0.25857238383285486,69.71128647893771,179.07215223682138,27.809592514672545
2030-05,57.99559165254395,25.7894040016265,0.4446786948244757,25.7894040016265,9.666275163728432,59.12527241645039,57.27419809179509,15.054384723699028,4.756833687594851,4782373.957492845,862.4521356893933,262.20301901011135,423.37321461759126,7015.244417654751,8563.272786971846,1325.6965905236684,57.0,0,0,0.6507213654982832,0.8382709540441458,0.7817603302821369,0.8737528103988552,110.9520967283627,6,1,11,0.24348167283148545,65.59833924685086,179.0590376889124,27.720471094624802
2030-06,113.83058538693878,48.61398551981398,0.4270731399172096,48.61398551981397,14.313099554171226,59.793473923945285,57.34029873173945,15.139419731507271,4.7280548968214635,4786750.192229538,829.2126543882769,265.84355479708233,423.81859610922857,7056.290118511986,8575.164923806573,1276.083790815522,57.0,0,0,0.6505693019457783,0.8415700174673019,0.7851675324994943,7.061413673392955,149.4223391020019,6,1,10,0.22999180841077846,67.35986156058131,179.1437735298339,26.65866693622374
2030-07,80.11956692173791,35.273595123511285,0.4402619294980351,35.273595123511285,11.050363866471525,57.614327755871855,57.10095993995014,15.21785568936453,4.699406415533465,4791093.246787878,806.0373427650827,258.4102130406614,422.32987759515004,7096.997239813095,8583.77467321399,1231.016558027638,57.0,0,0,0.6504182238135784,0.8449991369878405,0.7888820092649794,2.791201966100962,127.60007846159652,5,1,11,0.217961208130664,71.8153940883105,179.1610856033508,25.69385513114269
2030-08,89.47601139162842,39.62513339095606,0.44285761931787987,39.62513339095606,11.63547140072735,56.81649605931322,56.77509443520516,15.294541514933137,4.670705580185985,4795357.723394916,779.0062354939218,256.2055758169727,420.3762566729981,7137.280190520072,8592.868258503964,1183.0768956747029,57.0,0,0,0.6502694627018576,0.8483141793449246,0.7925388755180327,4.313959109857248,134.82697639931698,5,2,11,0.2067672612984603,66.50129941819995,179.19139205365823,24.671295947388323
2030-09,51.94874026932709,23.111812920466292,0.4448965037581972,23.111812920466292,8.202040106446274,52.81738222901517,55.965279176366984,15.35914588950099,4.64358610057076,4799517.522791525,764.9008638912878,241.56892141504733,415.25337153030097,7176.657031792789,8598.380188629424,1159.771034632517,57.0,0,0,0.6501237880690145,0.8515251864299952,0.7963516264757241,0.7624616954369685,106.55423677454986,5,4,11,0.19992056316830878,68.43226365749632,179.15092814638544,24.164325458238224
2030-10,118.58456101159105,52.08648860210979,0.439234991113376,52.08648860210979,13.99615640739023,55.81279219026812,55.65875214653842,15.433952716675835,4.6152288558022505,4803572.799699595,727.4893438998396,252.97263865891256,413.43885458556963,7215.6319645658,8609.532801710124,1115.2552483921047,57.0,0,0,0.6499812007591595,0.8544820973307458,0.7996421969168144,7.5798632646847475,155.54772257329864,5,2,11,0.19286267762856685,70.10598541887487,179.2318584668592,23.217203004851935
2030-11,163.93528078013932,69.9495407537359,0.426689974365849,69.9495407537359,18.03173948859701,61.861462710861964,56.18367295341182,15.528001913053195,4.584894389466383,4807549.868581757,676.2108106406688,276.2568121525019,417.1316255815832,7255.035506416392,8624.634754791146,1094.7779963815217,57.0,0,0,0.6498409326287927,0.8575065114762664,0.8025666356410582,13.799860949746634,183.13336227562309,5,2,11,0.1734505340001234,72.28102680490673,179.39771797594358,22.772057000096908
2030-12,51.69886081682776,22.58754034976527,0.4369059587172397,22.58754034976527,8.141140102659676,56.795187988337084,55.973514795031775,15.605365515982797,4.556145314750475,4811494.0996344,662.4016533731395,257.345344593877,415.97189150819133,7294.133198206167,8629.852087681376,1080.7687587967864,57.0,0,0,0.6497016523800863,0.8609579163710772,0.806306783142965,1.0447538502435263,105.11777992518476,5,1,11,0.1656094104450422,66.6217161711244,179.35909114670045,22.462227666015604
2031-01,27.663133581469864,12.205753339352645,0.441228153108752,12.205753339352645,6.01739729939888,50.69561840623035,54.99708109688684,15.663691833692598,4.530292579044257,4815457.729659695,656.8785193331239,234.237748355059,409.7139437507268,7332.161000938722,8632.991212377632,1052.4289441357653,57.0,0,0,0.6495618222998893,0.8640468236882398,0.8101189864107441,0.0,85.6299274886431,5,0,11,0.15974707122743334,62.12008551806826,179.2766481824713,21.85522131475837
2031-02,141.0753088561496,57.82953267677622,0.4099195893715414,57.82953267677622,15.983090760242007,55.34911371407105,54.764975051770136,15.73778151425119,4.504220781518491,4819485.870834505,615.8813232101121,252.15300169341694,408.34639295951354,7369.86382008635,8646.244537949393,1004.6370833674009,57.0,0,0,0.6494201101325161,0.8665561945134173,0.812903519097305,8.238978296450506,165.73670368230097,6,2,10,0.12922703122444984,67.72509733520823,179.401802799606,20.84531649832279
2031-03,174.10978114998105,72.21258854517214,0.4147531980582241,72.21258854517214,18.818347162606138,62.10157330548851,55.4635266876048,15.832638228583969,4.475500638075116,4823604.468209107,563.5903279676295,277.76293917549054,413.01311863455544,7408.170900311496,8662.537286089171,970.8573281403272,57.0,0,0,0.6492757456656699,0.8693872924369604,0.815406500876379,10.590324406469339,189.92325410564527,6,1,11,0.09785188197414946,69.5356425843625,179.5863931875279,20.127216784438883
2031-04,152.2410626335206,61.07984937589979,0.4012048281805093,61.0798493758998,16.853802064923286,64.97211020986957,56.43420012161736,15.935838217477084,4.446075684915867,4827813.417673784,520.7274846179513,289.45874873912703,419.5519017678132,7447.352345929448,8677.09048105434,970.8191037743597,57.0,0,0,0.6491287265958869,0.8726839892650968,0.8181906156138935,8.205961286204552,171.55870053136582,5,0,11,0.05988297766183775,63.105524490310316,179.73127232483805,20.108877866330957
2031-05,61.70179592888073,26.426089034787044,0.4282871938646084,26.426089034787044,8.7496373864394,60.09632730798872,56.62346962172539,16.02284456738908,4.4172261616367665,4832086.665394442,504.65472251583003,271.48518140727447,421.01836752323663,7486.626429641696,8683.784701088036,970.5409048651312,57.0,0,0,0.6489798186915942,0.8763009315536835,0.8216484264166978,1.1030418755402946,112.82204584886883,5,1,11,0.039720557003409596,65.5075808953479,179.7108641133857,20.08533728949388
2031-06,121.10492107897728,47.694732547824444,0.39382984706889684,47.694732547824444,13.752978952375878,60.48173986596872,56.807518978894436,16.112008475808196,4.389422558979614,4836379.243470394,472.3826225837024,274.48041034586043,422.676930268224,7525.9875863384295,8695.527549536217,919.5953424328062,57.0,0,0,0.6488303503005045,0.8794109125312529,0.8246521152182187,8.104184515906933,147.7559296995899,5,0,11,0.013782872459473515,64.05656553891995,179.79416236384,19.014128051979256
2031-07,85.23960230860979,35.61634212932529,0.4178379669156175,35.61634212932529,10.33259825459445,58.3846083983042,56.68301693765973,16.194653018954227,4.361079666946481,4840639.34881681,448.772426384333,267.5853089393207,422.36140839293716,7565.127641977053,8703.846785693644,874.624094670914,57.0,0,0,0.6486818562090574,0.8826885502105972,0.8280038664545372,3.4162304144426514,128.5531127768835,4,1,11,-0.0024159589625613563,68.10894396067495,179.80779311355042,18.06835898412256
2031-08,95.19396971570157,38.063544789029315,0.3998524791297889,38.063544789029315,10.99773478050082,57.21703583599092,56.40489830458189,16.274440850133352,4.333574120340179,4844822.229058136,423.3346326049514,264.3886112320015,421.15797630036076,7603.893698328369,8712.774918465682,826.0928785898087,57.0,0,0,0.6485356661729874,0.8858125617810748,0.8313035964344845,5.139147374360572,132.24229990680575,4,0,11,-0.023189481806795836,61.58514445376293,179.8368341816228,17.05104624138926
2031-09,55.26852092593227,23.333470032000598,0.4221837248597766,23.333470032000598,7.363476259549064,53.36303669021146,55.659895334002805,16.342406146900096,4.3068108369617235,4848902.156921232,408.8941976580297,250.4006089798259,416.8599537961133,7641.820644970354,8717.975405404322,804.6099161721894,57.0,0,0,0.6483925483426277,0.8888979462849241,0.8347945982222241,1.0857179565548334,107.71498134227512,4,1,11,-0.035689422738967504,70.81088563160324,179.79276799719392,16.593651307723427
2031-10,126.16269918736393,48.26301281130125,0.38254581680775523,48.26301281130125,13.534137624918301,55.54660834562171,55.29639935952692,16.41830234438857,4.280816786831317,4852879.286693202,375.4844782265472,259.2238734109461,415.11269245289225,7679.2909107335045,8729.11195482389,759.560580658073,57.0,0,0,0.6482525032135271,0.8915981267535309,0.8377251036500981,8.428540619023089,148.7337618636542,4,0,10,-0.055302447763765965,63.93865190218515,179.87490393094012,15.651750966499822
2031-11,174.41155356842066,58.968955399419244,0.3381023458190002,58.968955399419244,17.81779711163046,59.26603848638144,55.44053345828641,16.50749589329225,4.256429034911099,4856779.56161783,335.58792305214416,275.10376507381545,416.92854367411155,7716.811832305639,8744.432064105711,741.9305473940742,57.0,0,0,0.6481147634167886,0.8941410432160961,0.8402358822145536,13.504095816988235,165.40930774571092,5,2,10,-0.08020579186658569,71.13519605090785,180.04589158649964,15.276183281147961
2031-12,55.002672944290765,22.242070848566808,0.40438163561786533,22.242070848566808,7.26580539499778,54.9092001560051,55.00709758000198,16.58230942168727,4.229423826451287,4860647.711407546,321.99035619020106,258.70812245383877,414.8255853389805,7753.806791383799,8749.33085536682,734.6841887715448,57.0,0,0,0.6479779993932727,0.8972885977223568,0.8436301393873574,1.7492714993403755,105.27623310260931,5,1,9,-0.08748289200443671,65.72082703832871,180.00339409154975,15.114944188349643
2032-01,29.315364700569386,12.473909328200417,0.4255075608170121,12.473909328200417,4.965504237662115,49.55712655814382,53.95307436012129,16.64005919661387,4.204705952597358,4864535.236341918,315.96419816842507,237.97904646320467,408.4478125824566,7789.65750179124,8752.048559005327,708.1622766547629,57.0,0,0,0.6478406756871513,0.9001921293838825,0.8471221204633022,0.0,87.26390011067068,5,5,10,-0.09139501471915665,70.32855379322018,179.91541090340172,14.557655402806658
2032-02,149.5012890417364,44.83342812093797,0.29988656558286786,44.83342812093797,15.5219270948014,51.684524238949784,53.299496128584714,16.70690169996969,4.185634936823407,4868486.613590151,288.18408707225774,247.53745022270834,404.86190295212594,7824.765726365068,8765.34916661216,659.8587675892627,57.0,0,0,0.6477014622094012,0.9021717151306352,0.8494795814837222,7.776765698153677,144.30665106307123,2,1,7,-0.12037267016587702,76.69829926483932,180.0425853517621,13.553673245137372
2032-03,184.5088054582142,53.67738172000977,0.29092043377933047,53.67738172000977,18.55176861300565,55.02709535500678,53.141311431903944,16.78660958046612,4.167550576235321,4872527.423449427,254.81434597792241,262.6587769527756,404.77192884829486,7859.627000595142,8781.872052374136,631.8857272939496,57.0,0,0,0.6475595902186905,0.9041821852961752,0.8514584659077462,7.959891711378979,161.1597203343892,1,3,8,-0.12807376727343658,81.20888476666359,180.2323781721715,12.968335986226554
2032-04,161.33393783318255,48.64307865396278,0.30150555616053437,48.64307865396279,16.525497779823827,56.660069342642515,53.19175249797922,16.873002365103307,4.147794174506054,4876657.5627317615,224.776383662247,271.18897088284416,406.25210677026666,7894.449584304675,8796.667045620034,643.870632685911,57.0,0,0,0.6474150577516445,0.9066532761853499,0.8536712294159672,6.598599558107654,152.7530611849649,2,5,10,-0.08896846612963276,77.76597933523695,180.38311963599097,13.203113493276192
2032-05,65.38704825352384,21.3930025174039,0.3271749236096001,21.3930025174039,7.999135120397393,52.8248840149918,52.7579588736581,16.94639034688034,4.126704094380819,4880851.341790499,214.45443216009733,256.3954355564581,404.333647155337,7928.750042564598,8803.933557436489,655.3021039535192,57.0,0,0,0.6472686296432356,0.9095863558030124,0.8565580082410179,0.0,105.96979026263732,3,6,9,-0.068314964261583,85.01759651805946,180.37700681551263,13.425979569234887
2032-06,128.33813342252793,29.79694497783545,0.23217530271953465,29.796944977835455,13.383140117191182,51.37431525927501,52.203427838597385,17.015438674902057,4.112000568546972,4885064.421240192,201.08746802307337,251.53130374518068,401.5260438773424,7962.408806391685,8816.553622037281,611.0148379356655,57.0,0,0,0.6471216322355665,0.9120078766144306,0.8589317452436802,0.25660243335507626,122.77963628301383,4,6,9,-0.00982816225136773,83.61448984280693,180.47978208236168,12.50781535815539
2032-07,90.33069305938038,26.20327681128966,0.2900816535755405,26.20327681128966,9.841425941937654,49.389906994825985,51.46707843550791,17.07888163219871,4.09427300145838,4889245.721864816,187.81523695573196,245.12904692761043,397.48253544837064,7995.245721522604,8825.672540854317,577.9412831394919,57.0,0,0,0.6469755977472209,0.9147733832974565,0.861670617381545,0.0,116.4178675413845,5,7,11,0.045754650989007606,87.75781555355599,180.51194484633308,11.82066347279143
2032-08,100.87960321964616,26.338577945314537,0.2610892301783473,26.33857794531454,10.616444100822827,47.90699511216997,50.63691903199954,17.138543481483808,4.078400286610898,4893351.116455309,175.0146436529101,240.41033423434814,392.80114571491356,8027.168917948016,8835.395041550188,538.9595929306682,57.0,0,0,0.6468318534994818,0.9174886614902392,0.8643663739586865,0.0,116.61345530484387,6,7,13,0.09624957475906444,79.9687214954678,180.55918799365563,11.01412059147484
2032-09,58.56953416477939,18.867811563539423,0.3221437874246492,18.867811563539423,6.813833090719186,45.29138382376597,49.5850718025983,17.190616797034085,4.0604900605378464,4897355.236974569,165.81357856856255,230.8999659166303,386.5776524463881,8057.959195046127,8841.250391977708,529.4559175691261,57.0,0,0,0.6466911660361908,0.9203012679941456,0.8672965473952521,0.0,102.08353736369028,8,8,12,0.12743636877370665,92.41359715965169,180.53112270123074,10.811058049695557
2032-10,133.6979965553593,26.132630298898206,0.19546014878448584,26.132630298898206,13.389973572110424,44.80534374641076,48.62111659411886,17.242004687392537,4.050073651444148,4901258.235680816,155.371692780959,229.19389404792247,380.85211833560334,8087.706765323721,8853.124470488206,492.12012329922646,57.0,0,0,0.6465535355660439,0.9225557996029381,0.8696434705559399,0.0,116.32791935579539,9,7,12,0.21963300600780794,84.01963129682322,180.62962702185496,10.040689546137898
2032-11,184.82860178486953,33.64033273384279,0.1820082628390941,33.64033273384279,17.97010726884659,45.669770057811974,47.88797304383149,17.297824857488518,4.04373352981148,4905085.694801085,141.6478738901973,234.18092684354406,376.7370266704151,8116.644214394651,8869.210041798808,489.8872984111091,57.0,0,0,0.646418195888258,0.9245394560524092,0.8715377817446304,0.47098206991851477,130.85020488302118,10,7,12,0.33876402725281995,92.32413228779357,180.81661756081672,9.987334144444045
2032-12,58.28780792744699,16.835112604317036,0.28882734147889605,16.835112604317036,6.809629894517822,43.178215802807266,46.935838840891016,17.346367256246545,4.027688245598866,4908881.722918645,133.9469794598544,224.91396987221881,371.10207571621254,8144.55476898154,8874.517794029825,501.1778935780937,57.0,0,0,0.6462838197936819,0.927321930934168,0.8743883782177656,0.0,98.1951118562208,10,11,12,0.382914937019419,86.30206657973235,180.78491792940076,10.209614365695316
2033-01,30.955451390870802,11.404826001116213,0.3684270617510574,11.404826001116213,4.377294199871149,40.29647709079934,45.75514248008139,17.386221618010474,4.011567379037848,4912697.107092215,129.41650998659074,213.1524501520655,363.7934845100083,8171.21255491954,8877.574999568205,485.54353212332023,57.0,0,0,0.6461488747456605,0.930001092212512,0.8773771970254354,0.0,86.62629112005807,10,11,13,0.3951615003186145,90.72374594456471,180.70674430043925,9.88344124498059
2033-02,157.86533556971617,24.551523574504373,0.15552194207741052,24.551523574504373,15.55707437607834,40.54569952045241,44.77123428548687,17.42823974914547,4.00833897226898,4916575.710414845,122.73229291396781,214.32901013851662,357.7404634134623,8196.816575633744,8891.618342099691,443.96066344930665,57.0,0,0,0.6460120333588861,0.931529131295897,0.879176766105409,0.0,113.71581671454042,9,7,9,0.4290456814886658,90.80022974841528,180.84982039968313,9.029875458011542
2033-03,194.8313936015421,34.264294880266014,0.17586639528094417,34.26429488026601,18.81115959174042,42.319032671819826,44.126887935985934,17.478309452883472,4.006964855343463,4920542.761283461,109.79683490177294,223.48407870168649,354.11644484065454,8221.707798334657,8909.10515677877,430.0001591253251,57.0,0,0,0.645872528638191,0.9329405777351761,0.8805610671616446,0.0,133.178781236355,8,8,10,0.4483874843274256,92.26596428392597,181.0593991150469,8.738876583061439
2033-04,170.35997748292905,32.70555839181151,0.1919791190104423,32.70555839181151,16.734451169824464,43.331487817719534,43.670938024090205,17.53384537525517,4.003353030325777,4924598.158615967,96.74483361439408,230.11552425745236,351.9647757313147,8246.075562503018,8924.900696106179,459.4538891133243,57.0,0,0,0.6457303589104753,0.9347952085378097,0.8821771460370214,0.0,130.05383354659543,8,10,11,0.43800768654284156,91.20458771837441,181.23104482121798,9.329774213343155
2033-05,69.0452127912694,18.35115984023221,0.2657846807672185,18.35115984023221,7.791110794113482,41.699705302885846,43.066749523312474,17.584707638878328,3.992541716321469,4928716.565938619,89.75069711721055,224.08246440995666,348.7939167940885,8269.772927699758,8932.400006021015,488.18416095435254,57.0,0,0,0.645586287728189,0.9372639275033284,0.8845106121122077,0.0,101.42216152755354,8,9,10,0.43652126918710515,91.71746009493805,181.2317646291746,9.904894193512694
2033-06,135.51817933477705,22.96514773655723,0.1694617493334627,22.965147736557228,13.542262885172272,41.365326092387015,42.50423970293718,17.635112635536224,3.9891480484783353,4932854.251877421,83.73690294686466,223.0494178112355,345.85884485206196,8292.842839974073,8945.488005584235,452.8398611838,57.0,0,0,0.6454416388843752,0.9391156661567067,0.8862948682823634,0.20284357670515618,110.54791155974283,8,8,10,0.4194616996880241,83.686859547255,181.34507019297448,9.180077862861067
2033-07,95.38436265979693,20.331412915033614,0.2131524743479048,20.331412915033614,9.852646530036155,40.404943671326606,41.8875420210303,17.68336047056512,3.981827314941457,4936960.8364105355,76.76574244587081,220.394456428477,342.5889959636966,8315.232557441352,8954.981752279396,429.66963827891794,57.0,0,0,0.6452979414445517,0.9412853884284716,0.8884506581811347,0.0,105.38234861583987,8,8,10,0.4100634838374461,88.10517654016243,181.3865260229652,8.703120249811692
2033-08,106.52344549325827,20.036368053265843,0.18809350336432668,20.036368053265843,10.71811467673751,39.69323385280024,41.26067626310122,17.730055837786022,3.9760655788423933,4940992.795239709,70.68343783108517,218.20548529096857,339.24358063969134,8336.933430810686,8965.06593457243,399.34684425500564,57.0,0,0,0.6451565198258334,0.9433543008154237,0.8905591265679713,0.0,104.81516259602165,8,9,12,0.4075941159294267,87.89295109753657,181.44260285523237,8.08231990622912
2033-09,61.84628389728206,15.242659854025533,0.24646039977666948,15.242659854025533,6.732440014910928,38.21568334716952,40.53074989621184,17.77252128372281,3.966529540625584,4944925.105828081,65.30382083259136,212.74937710184952,335.16316965046997,8357.844183188005,8971.060550772916,399.6299970512998,57.0,0,0,0.6450181387311813,0.9455687321938964,0.8929181001628484,0.0,95.25894890335135,8,10,12,0.39728942744225354,95.38124558984332,181.41954344666692,8.081618801067311
2033-10,141.17790707020788,20.57940232633584,0.14576928326400027,20.579402326335842,13.708640534278612,38.29373176099564,39.9224086713854,17.815440599225578,3.9651370844212654,4948757.917079433,60.91128789756907,212.59506768049562,331.7794958267615,8378.08793586311,8983.373787267936,368.8221765467581,57.0,0,0,0.64488279813617,0.9471565525625806,0.8946639965284638,0.0,106.13486006219873,8,6,9,0.3828842223081058,83.9758324211535,181.5278487610802,7.452823167483262
2033-11,195.1690813549053,27.385090387467585,0.1403146963512584,27.38509038746759,18.568295379569193,39.47853874091742,39.54452593036168,17.863024748378432,3.9680951117017678,4952516.461810751,54.16785172129357,218.10260650253372,329.9621244527143,8397.896137529224,9000.128720205767,375.14763330509305,57.0,0,0,0.6447497333252351,0.9483720018495296,0.8959214713298489,0.4866928123648808,119.44463112073235,8,7,10,0.35649160521464107,92.02647816817871,181.7283958489886,7.574889173976227
2033-12,61.548796114532195,14.052672476001103,0.22831758479648226,14.052672476001103,6.780643612030604,37.909607535519626,39.021805515092865,17.90565025242628,3.9588853262247996,4956244.248966483,49.40000792918626,211.89674010940692,327.1069139456724,8417.125212908057,9005.528874892323,395.7126879255746,57.0,0,0,0.6446176199271898,0.9505114836174624,0.8981955858362165,0.0,92.98867940055587,8,9,11,0.34108562570925777,88.25552213863267,181.70066733031226,7.98412402714196
2034-01,32.58140420581646,9.788979471107455,0.3004468257190682,9.788979471107455,4.20879685429699,36.00292949724821,38.34198628693675,17.94195705839843,3.94847978365299,4959991.377973287,46.525906528088974,203.38039744509462,323.039229264236,8435.619633641603,9008.565166879021,385.9644824853455,57.0,0,0,0.6444849288495822,0.9526501905891305,0.9006331182355438,0.0,84.02030126800828,9,11,12,0.32324020947857535,93.45573701619053,181.6246134395506,7.781555512361702
2034-02,166.15730274250367,21.240938535981194,0.1278363224811044,21.240938535981194,16.00220103941377,36.84261426981808,37.88299871279034,17.980931255599952,3.951792616284976,4963801.12061594,43.70649626308657,205.51274138329745,320.28002737097347,8453.6012957481,9023.100560765459,347.5927738049805,57.0,0,0,0.6443503358339001,0.9535888566924389,0.9018386250572457,0.0,107.95138112632048,8,7,9,0.29460377159076967,84.74351774873348,181.7780435096444,7.002552385939447
2034-03,205.0650241458422,27.445872569982225,0.13383985242877267,27.445872569982225,19.44792991630798,38.494578444684606,37.70193549713918,18.02570646721412,3.958123060353444,4967698.367162858,38.30951242665371,212.2347542854382,319.3560541353678,8471.348556185727,9041.248877033186,338.34633908996386,57.0,0,0,0.6442130758448104,0.9542613752097386,0.9026089054952242,0.0,120.62536875524806,6,7,8,0.256318433972691,88.45399153840351,182.00076189804588,6.81092759831148
2034-04,179.3082328788797,26.75361323792385,0.14920460041561817,26.75361323792385,17.28462163020904,39.530949997582624,37.66925322573445,18.074471757983268,3.961650188747687,4971683.019616095,31.84934750339704,217.2708510166222,319.49843721473604,8489.009885214291,9057.628520949045,375.99579863792417,57.0,0,0,0.6440731474556447,0.9553117020127332,0.9036217964104172,0.0,119.04265644346914,6,7,9,0.21866987766010143,91.90496687789164,182.1843525665572,7.562746803334174
2034-05,72.67185214079589,15.571231820662593,0.214267716618734,15.571231820662593,7.887155468952771,38.344102124047524,37.49159266902462,18.11922668653243,3.956003915032338,4975730.082434279,27.834572020682263,212.36206675088997,318.63340694859664,8506.440742231693,9065.270787951862,412.6894917825535,57.0,0,0,0.6439313126574454,0.9570675723395795,0.905403987568942,0.0,96.52787592603981,6,7,9,0.19540717433405866,87.37964794552384,182.18976185936626,8.294049012816492
2034-06,142.63634932633704,20.104030228745263,0.14094605143566416,20.104030228745263,13.974810225217492,38.44906291175178,37.363326478264426,18.163907859279085,3.957891804485567,4979796.409883119,25.180795042701686,211.92632479684994,318.0029389992614,8523.690918493794,9078.800977332607,380.5353270550843,57.0,0,0,0.64378889226478,0.958197607795884,0.9066154292147349,0.1943142791081911,105.47610254544828,6,7,10,0.1774074963571275,79.46664337789369,182.31269373411382,7.641584027408379
2034-07,100.39448094268629,16.974000116442532,0.16907304024145248,16.974000116442532,10.110075607662944,37.804604967737035,37.17577827152968,18.206217157180802,3.955418857767683,4983832.294484376,21.880788953796817,209.05077477821297,316.9191266043655,8540.701732655165,9088.55242299154,360.9758060395878,57.0,0,0,0.6436474117312274,0.9596577268090877,0.9082266543838368,0.0,99.34786810095693,6,7,10,0.15154118048445925,88.24489321399214,182.36071934141668,7.242936453521539
2034-08,112.11865048221065,17.866703321908417,0.1593553190755114,17.866703321908417,11.042837764901583,37.447345319649656,36.96930578012992,18.247310859288525,3.953911367591745,4987794.79104455,18.33608261097306,207.46818270739254,315.68883586992945,8557.454952856819,9098.948054045113,333.67513468749905,57.0,0,0,0.6435081922046689,0.961049333999382,0.9098077551611662,0.0,101.13902884656589,6,6,9,0.14671080664772168,84.9190727370521,182.42426633874408,6.689832855325236
2034-09,65.09479538325478,12.490778236090133,0.19188597433249335,12.490778236090135,6.856444630721448,36.178868467646915,36.63682947119074,18.283904977017812,3.948244565466833,4991659.208056205,15.869069822311939,201.82152065591015,313.5312338355877,8573.825589977045,9105.047414290855,338.0189290627079,57.0,0,0,0.6433719963684366,0.9626096462139379,0.9116721584015227,0.0,90.36250913917236,6,7,8,0.13905072000656857,91.86800757608553,182.4052290988919,6.771674807390054
2034-10,148.59335750284598,18.685079094705216,0.12574639545611818,18.685079094705216,14.21891270121689,36.527180464181086,36.4092808027711,18.32112416993956,3.950748247917822,4995425.689978195,13.899105923424926,202.0577828042262,311.95639725526763,8589.91937523469,9117.832661217608,309.4027318690611,57.0,0,0,0.6432388240116764,0.9635396694890705,0.9129120274984449,0.0,102.95948594122962,6,6,7,0.12785493228437877,78.11482989107108,182.52363716489208,6.1937210374239715
2034-11,205.42044914187133,24.155069327860314,0.1175884359554578,24.155069327860318,19.346393773552162,37.80332036321519,36.38467092653718,18.362173573867103,3.9581937137321512,4999119.132926329,11.161543461615608,206.52357929632714,311.68403617639456,8605.939582901981,9135.30874183632,319.5289269926872,57.0,0,0,0.6431079121546042,0.9640471020564542,0.9136520360776611,0.5225256863571222,113.8518195316856,6,7,9,0.09901931476875071,81.79436661688939,182.7383684791043,6.391704588277034
2034-12,64.78168188432115,11.532082559625884,0.17801455942774694,11.532082559625884,6.92721978434585,36.29356985336713,36.176829970453134,18.397832532167385,3.952209732750036,5002782.469346055,9.09555823445972,199.91973262531158,310.1173266226056,8621.703675786765,9140.836293269142,344.9572946732188,57.0,0,0,0.6429779396446749,0.965538986115224,0.9154759256822261,0.0,88.52489498862218,4,7,8,0.0754123759556624,81.88044776718002,182.7150460624365,6.895308696448486
2035-01,34.19191459167812,7.86742757852915,0.23009614034436032,7.867427578529151,4.211492451347275,34.46823773002213,35.776071642919575,18.4271142306835,3.944495930526656,5006465.1383696925,8.188622741675651,191.5159414604567,307.14021591507003,8637.01981069335,9143.86459081055,337.91186988362864,57.0,0,0,0.6428473812397117,0.9670646181726005,0.9174865512542193,0.0,80.64773440974191,3,6,8,0.06088482116684611,90.10684029677604,182.64113177842205,6.74951009433507
2035-02,174.37051725171108,19.692007835067905,0.11293198039116713,19.6920078350679,16.60943151379275,35.46499883773146,35.57615350705437,18.459245064125795,3.951058894485259,5010209.844630888,7.524894164260766,193.96915288729264,305.36963373301325,8652.089434686844,9158.953115471411,300.2644736024045,57.0,0,0,0.6427149161320594,0.9673580840975073,0.9182205547667286,0.0,105.57875172903545,3,6,7,0.045062390459696365,76.02307822591487,182.80577859002173,5.99305184640476
2035-03,215.2014611476855,23.793121541964112,0.11056208175852344,23.793121541964116,20.23732025896424,37.04558907435439,35.622724717933636,18.495955253328553,3.9614527949845924,5014041.154720494,6.551228591017451,198.97358543950105,305.1370450796068,8667.159101140318,9177.820960250443,293.07861257034693,57.0,0,0,0.6425797814065105,0.9673255708353626,0.9185040933172259,0.0,114.1881364102791,0,4,6,-0.002150084630542319,74.21664539427077,183.04239389040393,5.845157698684356
2035-04,188.171502537171,22.274980093419906,0.11837594849953305,22.27498009341991,17.976110108299054,37.90307086034118,35.778982369933985,18.535012735001985,3.969137963487876,5017958.974523637,5.242159150795499,201.63825079869264,305.60687265069646,8682.33832539127,9194.825607991455,335.9150385290071,57.0,0,0,0.6424419758442801,0.9676228584125767,0.9190417995998359,0.0,111.11325094061503,0,4,7,-0.03899895750240378,81.69645315301959,183.23835756079163,6.6942563746427615
2035-05,76.26404761196778,12.813381786816157,0.1680133980301015,12.813381786816157,8.115884248537032,36.66571612654829,35.75627477058306,18.5696511472922,3.966456097990851,5021938.6362437615,4.238906021144297,196.1199409251252,304.86841189047317,8697.448389624786,9202.675648461529,378.10586292772086,57.0,0,0,0.6423022596571848,0.9686625353274964,0.920385961474876,0.0,91.57511225469128,1,6,6,-0.05827824316602918,73.42677792031293,183.24946430139607,7.529081701614162
2035-06,149.68691475133642,18.523324758774447,0.12374712104625744,18.523324758774447,14.527649584095798,36.86712465187641,35.76611926876183,18.604621571003825,3.9712954337340576,5025937.555996573,3.713398793575058,196.14510568790345,304.32717054517434,8712.522073998236,9216.707749024888,347.39317777911833,57.0,0,0,0.6421619503510093,0.9690775726826344,0.9211306651189299,0.19363532645153558,103.05141789171817,2,3,7,-0.06429098074619333,70.45805422013277,183.38285436969272,6.912007439579801
2035-07,105.35701580521142,14.824793911837235,0.14071007800036736,14.824793911837235,10.479201274624154,36.2285096327237,35.69413324865104,18.637198174731783,3.971630266982745,5029906.670716938,2.9367081796419385,193.14653383597866,303.22737143930226,8727.478020280676,9226.7886337356,329.61452949654995,57.0,0,0,0.6420225694182429,0.9698353721228451,0.9222853658496036,0.0,95.82317399949363,3,3,7,-0.06379123050190066,73.43786345973348,183.438565320745,6.553094342992419
2035-08,117.66071521059823,15.516608847089095,0.13187586714322,15.516608847089095,11.470845207528392,35.855550101473774,35.58279736185824,18.668419591139934,3.973019405522925,5033803.589368374,2.1597487291648667,191.24624095812663,301.8750371031835,8742.277481426041,9237.558508216516,303.77598253113285,57.0,0,0,0.6418854344632896,0.9705274486682343,0.9234107791843461,0.0,97.18868567111511,3,3,10,-0.05176319756855847,69.65678434490513,183.51050739696453,6.034720607151256
2035-09,68.31245424682078,10.835792640203133,0.15862104150221515,10.835792640203131,7.080823953173043,34.61923246310908,35.32834393845147,18.695444545736663,3.969700555318103,5037603.936482288,1.5726879968381378,185.93485578614022,299.5540700340465,8756.778288327909,9243.839902144933,311.2264621904799,57.0,0,0,0.6417513060193257,0.9714298194466846,0.9248304469648556,0.0,87.83661166424383,3,4,10,-0.03362023049636595,77.46208485567114,183.49675795671664,6.178065328569804
2035-10,155.93837995849773,17.737427170874092,0.11374638607631313,17.737427170874092,14.824124813405694,35.10587587449567,35.176106324141195,18.72384289476921,3.9747819869124887,5041307.851187121,1.1312751327853612,187.0655016773151,297.8826743406136,8771.08338277602,9257.162833926734,283.72819144900285,57.0,0,0,0.6416201837295565,0.971718340854592,0.9256029338212817,0.0,101.99205671765566,4,1,10,-0.01046536702056955,66.97698657512929,183.62621579927654,5.628067156862695
2035-11,215.57445492754863,22.709519577939986,0.10534420502453465,22.709519577939986,20.216738265055252,36.47553149835706,35.22477644241583,18.756410176990357,3.985252413047836,5044939.906446882,0.6663236590840076,191.8254328539677,297.5374664076596,8785.393927684183,9275.423150604895,296.74560952735015,57.0,0,0,0.6414913065427127,0.9715849759013191,0.9258537155530986,0.5617392199540401,111.99042900265908,5,3,10,0.029587454845735325,68.63467684582002,183.85596900276093,5.88204448477457
2035-12,67.9838634363876,10.181380121191086,0.14976171706860686,10.181380121191086,7.1698796585002835,34.99004660505364,35.075813345714565,18.783879765200584,3.981341227218757,5048542.482577916,0.18908789019339134,185.57768535994336,295.86654116472346,8799.512923373037,9281.146237787898,325.981567547689,57.0,0,0,0.6413633568124378,0.9725079666303241,0.9272386921242822,0.0,86.58941282144887,6,3,11,0.05746171520643211,69.35949518790866,183.8381328832298,6.456944131353221
2036-01,35.78627285661921,7.248323763626075,0.20254480796776766,7.248323763626075,4.311116480268756,33.24743198301353,34.72419572420582,18.805698761957945,3.9752119332647133,5052164.387041306,1.2635981100854975e-05,178.17021477143086,292.82131563111983,8813.238731344498,9284.23027438303,320.8278679184938,57.0,0,0,0.6412348134497309,0.973516846735903,0.9288248681989507,0.0,80.23677632372062,6,4,10,0.0711920087957461,74.23537011106195,183.7673829101223,6.350305400620186
2036-02,182.50135984015108,19.648289708992174,0.10766105921732133,19.648289708992174,17.308138000693006,34.43750122202093,34.58053407559399,18.83141403880554,3.9839381574340296,5055847.782481388,0.05001042764040288,181.993762396451,291.1211033503541,8826.779822680135,9299.94469885458,283.1158435312875,57.0,0,0,0.6411043593360497,0.9732911028141021,0.9290886967945454,0.0,106.53785034009137,7,3,11,0.08745011740578396,70.51656848064879,183.94431753026805,5.599769924092443
2036-03,225.23623785749047,23.62849044913232,0.10490536813211353,23.62849044913232,21.114567258057168,36.19299546849227,34.69070966338562,18.862533625750533,3.9966691740352416,5059616.92673596,0.06985123623083764,188.06584085363818,291.07079549616907,8840.389978286486,9319.596465872524,277.16829200838623,57.0,0,0,0.6409712337904213,0.9727600623923844,0.928891416265591,0.0,114.98179229205402,8,3,12,0.11215998933490795,68.9950655232961,184.19569308945185,5.478048951567406
2036-04,196.94588074556594,21.719874099733705,0.11028346476458462,21.7198740997337,18.750740756430805,37.14911072164533,34.91000234727896,18.896443809981136,4.0065934340551275,5063471.73021651,0.04757252786271342,191.30320838405763,291.75874147315153,8854.178016910753,9337.287539295825,323.7346569705662,57.0,0,0,0.6408354357680941,0.9725892850915114,0.9289642200733481,0.0,111.11866850314742,8,5,12,0.14477486301181902,74.10207476615234,184.40485178529022,6.393531438887358
2036-05,79.82021625827096,12.120867698268889,0.15185210296912627,12.120867698268889,8.42399691672195,35.93488750903206,34.93901842165501,18.926191037080486,4.00550265267399,5067387.838977331,0.03247966346068605,186.1916811548425,291.2099018424216,8867.953797608978,9345.387860269702,369.7055096560443,57.0,0,0,0.6406977235368514,0.9732149232871621,0.9298871448053144,0.0,91.14968633847427,8,7,10,0.1650891925836238,80.05766794363348,184.42219457502054,7.295780812598231
2036-06,156.6667686886591,18.575590390314755,0.11856752102438313,18.57559039031476,15.151031891345955,36.26062895960811,35.001364204687945,18.95698660882588,4.012062740916578,5071323.20616365,0.03625322520189596,187.23867283934175,290.92953910562886,8881.7507507722,9359.955215942373,339.14830191686934,57.0,0,0,0.6405594110493064,0.9732299041696932,0.9301959136768433,0.19478558384182687,104.28979668962198,8,3,11,0.18522373767301506,70.54821138844478,184.56633181190955,6.687570248030552
2036-07,110.26978044341777,14.471484611620689,0.1312370855680299,14.47148461162069,10.914372834392035,35.676245536398774,34.976547009154636,18.98574778628203,4.013925697959067,5075229.383939111,0.01474283433116509,184.7976361092047,290.09684619783235,8895.482061471266,9370.391286612636,321.951141405642,57.0,0,0,0.6404220155827497,0.9736222297852646,0.9309350308882226,0.0,96.26411054882661,8,3,10,0.2132396613364046,72.72125902102762,184.62990690166322,6.343578133127875
2036-08,123.14719749727765,15.209316911910463,0.12350518096237381,15.209316911910461,11.959192631684907,35.362843751905174,34.90916876445063,19.013509567861142,4.016863450114848,5079064.50968515,0.0,183.43722969446665,289.02612090122597,8909.105646644408,9381.5689972401,296.3165430640639,57.0,0,0,0.6402868510024707,0.9739692846104886,0.93165509483831,0.0,97.69594573356137,9,1,12,0.23932129189120654,66.933227423528,184.71056981754424,5.834077171081894
2036-09,71.49784258577436,10.510119134053706,0.14699910869960797,10.510119134053705,7.36267390727904,34.15864000381424,34.69228081728793,19.037355147225703,4.0147764207248,5082804.508645465,0.0,178.6114726951655,286.98003964798727,8922.472827610276,9388.064339953427,305.5267208012018,57.0,0,0,0.6401546756026273,0.9745583074191201,0.932690504170252,0.0,88.22888503129265,10,2,13,0.25765234173011586,70.30869695927639,184.7024477133646,6.010987050190973
2036-10,163.20973775982037,17.87577464377852,0.10952639768396988,17.87577464377852,15.481090113107106,34.75998479430326,34.58257077696696,19.063138787092054,4.021401733606847,5086449.513910702,0.026835176086167263,180.57345285013471,285.6539275645571,8935.691372762143,9401.94558835292,278.0057429247846,57.0,0,0,0.6400254889155058,0.9745396733156363,0.9330697975358633,0.0,103.38894103467713,10,3,14,0.27127919444147736,68.83591688588554,184.84299436453585,5.4656149080901955
2036-11,225.62662422044812,23.067371942880023,0.10223692360145444,23.067371942880023,21.134978088315144,36.274706045230715,34.68284001942317,19.093710695222924,4.033656200841132,5090023.789457618,0.06944207627493668,186.23607764767536,285.7451399773026,8948.971355613488,9421.022015314742,292.84331717452,57.0,0,0,0.6398985319609635,0.9741042938174463,0.9329171344117674,0.6012609209230497,113.87466247853786,10,4,14,0.28427706502926675,73.3797078393079,185.08797610784106,5.753279931246151
2036-12,71.15392968879956,10.035691881696438,0.14104199059122619,10.035691881696438,7.463108715785493,34.80365938407906,34.577211096109814,19.119341257807836,4.03076209764654,5093569.188713283,0.009294272231657505,180.37074646141684,284.4794045740476,8962.107365949405,9426.966811257102,324.63251953364926,57.0,0,0,0.6397724908057651,0.9747818628183551,0.9339536951125155,0.0,87.3263532368672,10,3,11,0.292183438145963,72.18893774044379,185.07585667327518,6.373379991637192
2037-01,37.364287773777555,7.201615113789785,0.19274059651269237,7.201615113789785,4.460561732821391,33.07295128138922,34.26054770253378,19.139523043341136,4.025390620424333,5097133.916978634,0.0,173.43056661715394,281.81392064602557,8974.889254215055,9430.133741478236,320.28965980091334,57.0,0,0,0.6396458487277609,0.9755726588099634,0.9352121680099046,0.0,81.15082799615658,10,4,11,0.2949396930581777,71.57391392491029,185.0085537298973,6.283720714773128
2037-02,190.54885529695085,20.28576067008646,0.10645963020073347,20.28576067008646,18.05029149458632,34.40262403718914,34.160548242111,19.164249460364907,4.035419483233989,5100759.62074603,0.09645424054327442,178.26377916716368,280.5864049006286,8987.534043496004,9446.48068180434,281.6531075089508,57.0,0,0,0.6395172924616412,0.9751180928803393,0.9351195569695971,0.0,109.04487723549292,10,4,12,0.29757534380842926,74.1372266050542,185.19752711700443,5.521787507166563
2037-03,235.16815070708475,24.524351655023356,0.10428432413694415,24.524351655023352,22.03142341024432,36.32028614808874,34.32510247638585,19.195079375312563,4.049537430951488,5104470.264322876,0.07218603924690613,185.44012854055157,281.1129753208397,9000.306046368198,9466.931336268837,276.06534200485885,57.0,0,0,0.6393860636349502,0.9743711136908554,0.9345628383743044,0.0,118.08408131277515,10,6,12,0.29946487356823787,72.75464202993216,185.46354168104173,5.408305420728703
2037-04,205.63031510771847,22.472595901840176,0.10928639529666631,22.47259590184018,19.562426193501338,37.38888230368204,34.60260100404944,19.22918272754427,4.06066965825601,5108265.763155695,0.048489766580197324,189.52532123641447,282.428116594736,9013.317711485939,9485.31963908367,325.3898238525938,57.0,0,0,0.6392521613472851,0.9740133502799234,0.934297373018002,0.0,113.9100639193752,10,6,11,0.3015008501622896,76.41053584762429,185.68571172428574,6.36986873704825
2037-05,83.3399315538821,12.427814859001542,0.14912197103217606,12.42781485900154,8.768746419095988,36.18414849943264,34.68081829840882,19.259227725467316,4.060228606179993,5112122.062755825,0.033836618871939145,184.80618146306495,282.46289145915785,9026.369713478864,9493.672623019958,374.0943020720496,57.0,0,0,0.6391163418034821,0.9744953056073019,0.934927120394003,0.0,92.94584005601598,10,6,9,0.2975056903466751,81.80961003373645,185.70903641338606,7.317788923654614
2037-06,163.57507397667322,19.17904194664527,0.11724917177405841,19.17904194664527,15.80461312283908,36.58026967342329,34.79251462633278,19.290630853186695,4.067743049697475,5115997.627778216,0.037031554511254824,186.47154988796626,282.78314213235655,9039.495448908488,9508.787172483324,342.744588979986,57.0,0,0,0.6389799152328631,0.9743635820109172,0.9349342903235786,0.19648654391311204,106.73878932566848,10,5,11,0.298058739161252,73.52642101731237,185.86379166506407,6.699467316384071
2037-07,115.13218562175706,14.891743930354991,0.1293447514257979,14.891743930354991,11.377837410642913,36.02324768607722,34.81245449782756,19.320135212690115,4.070308854944508,5119844.595741192,0.014381519378949995,184.43858912732023,282.52967339451294,9052.603335087075,9519.585979128287,325.329342241387,57.0,0,0,0.6388443945254912,0.9746334510173416,0.9353958217841315,0.0,98.32463968137728,10,2,10,0.29859460284549993,76.22101333513268,185.9350572290203,6.354281583312189
2037-08,128.5774392951743,15.677176901281078,0.12192789798287317,15.67717690128108,12.472335469397581,35.746584665946635,34.787298965091054,19.348801859879366,4.0739756948302634,5123621.60621237,0.0,183.49752164266698,282.02869252350456,9065.648584649189,9531.17479881536,299.0600426767435,57.0,0,0,0.6387110896797158,0.9748688749086474,0.9358509859489827,0.0,99.84795821441705,10,1,12,0.29852902602256176,70.47096880045285,186.02417452644923,5.836887765367654
2037-09,74.65057834557345,10.783154225320603,0.14444836817476592,10.783154225320603,7.668391936727459,34.539523198719436,34.60603636261766,19.373558981938675,4.072368802985227,5127304.869641225,0.0,178.8997739972254,280.51004341507587,9078.475766825393,9537.885584237694,309.19381225562216,57.0,0,0,0.6385807566976931,0.9753650916751051,0.9366438880714534,0.0,89.94643460045687,10,3,11,0.2987654613481088,72.24267241308624,186.02142503192115,6.030337967347307
2037-10,170.40655878229407,18.50389155670669,0.10858673333311464,18.50389155670669,16.157103641214537,35.214597080698795,34.536104198963606,19.400515417004335,4.079851990084124,5130894.512527379,0.02556489218196343,181.37167638956933,279.7413470157871,9091.196638803907,9552.335227101445,280.89613817562986,57.0,0,0,0.638453395030998,0.9752463534605885,0.9367731777778795,0.0,105.88172254270492,10,5,12,0.2994648960193234,70.80217295958138,186.17290228397525,5.474603648346414
2037-11,235.57575136633614,23.939134271022574,0.10161968764686485,23.939134271022574,22.0688218571636,36.8402436542559,34.68466242630841,19.432628932952284,4.093205648563465,5134414.504446928,0.07615354088417295,187.67771210416112,280.44838992169525,9104.02960320778,9572.23185877452,296.85360876771637,57.0,0,0,0.6383282478699086,0.9747075896546742,0.9363647537685449,0.6403670653152957,116.87243280075177,10,4,13,0.3008328471645985,75.05896577666839,186.43278314370582,5.781644791448193
2037-12,74.29150042474149,10.325418008420026,0.13898518604937646,10.325418008420025,7.775537736283007,35.34765041460474,34.61846825916371,19.459692374842728,4.090681299705664,5137906.197739781,0.009114404084386027,181.89663386633174,279.7335854743945,9116.760236293769,9578.399570038579,330.5066850023907,57.0,0,0,0.6382040051316809,0.9753240228784341,0.9371960393412383,0.0,89.05947853438474,10,4,10,0.3010407349655313,72.46233083567671,186.42612771428597,6.432711542063266
2038-01,38.92621003664722,7.35099390938643,0.18884432628981374,7.35099390938643,4.629066051637223,33.575534681125085,34.33121261460677,19.48113525319785,4.085525908442912,5141417.225606963,0.0,174.9430444737736,277.5446513759212,9129.168227785744,9581.655923635439,326.3393372024286,57.0,0,0,0.6380791545977756,0.976064520395125,0.9382674993495665,0.0,82.54271338530083,10,4,11,0.30093894315240866,73.7238080663102,186.36215469761433,6.3472642441287785
2038-02,198.5142820984624,20.991094270579925,0.1057409776701528,20.99109427057992,18.80568845834957,34.984736664594955,34.267147426469776,19.507368658784415,4.096394487452593,5144988.744621562,0.09863770128775312,180.24022261365673,276.8335680282151,9141.476980955515,9598.649409298674,286.25571663476825,57.0,0,0,0.6379523869564021,0.9755342926904091,0.9379615880940558,0.0,111.72768393243166,10,4,12,0.30257160155171486,75.33480166597269,186.56307886645726,5.563777315042964
2038-03,244.99877754336202,25.391978500406857,0.10364124570341075,25.391978500406854,22.95889658885298,37.00197586259142,34.47606930926291,19.539996536127255,4.111488348218052,5148644.440932586,0.07649207224873453,187.9444175214543,277.92788036637756,9153.959078772217,9619.907868732298,280.57515571108854,57.0,0,0,0.6378229461836817,0.9747100480832317,0.9371893916133947,0.0,121.1353090320503,10,6,12,0.3047331000058086,73.88862173640292,186.8435076279966,5.449495666868526
2038-04,214.22618528814928,23.240820457318303,0.10848730012186776,23.2408204573183,20.384189380691538,38.13128065902118,34.800234489421214,19.57605011048786,4.123425512499988,5152384.235414307,0.04969626393195392,192.398851421323,279.8208923782952,9166.72910246163,9638.99854252518,332.24444701634627,57.0,0,0,0.6376908314975733,0.9742899823729233,0.9367263672487424,0.0,116.7503172654557,10,6,10,0.30655325824085056,79.24616757196006,187.078410734057,6.448363162294908
2038-05,86.82375266317665,12.750933363270004,0.14685996599036522,12.750933363270004,9.125708346359739,36.89008206132076,34.91500877867764,19.607861629470598,4.123259412878971,5156184.358317822,0.03519626068698595,187.64212327551954,280.35697446177466,9179.577475348047,9647.611769346027,383.2862339961696,57.0,0,0,0.6375567969606614,0.9747379974853603,0.937196003161481,0.0,94.78774388130847,10,6,8,0.30244313444493154,82.35802079869127,187.10757992550734,7.433524625198132
2038-06,170.41292811272942,19.79197222728229,0.11614126021113699,19.791972227282287,16.46654362631911,37.31414501783702,35.062409018568886,19.64108587406386,4.1313701166163765,5160003.7598709185,0.03787716003511607,189.53332311539782,281.16730684440995,9192.53660213729,9663.275109257132,350.8033846126991,57.0,0,0,0.6374221489728423,0.9745607054528596,0.9370348522734686,0.19839136615921138,109.220963289038,10,6,10,0.30281596793891397,74.23965946637297,187.27263697766892,6.7985102518893274
2038-07,119.94500381286598,15.324416497353328,0.12776202434627415,15.32441649735333,11.849789778881608,36.746870305250006,35.11277102071007,19.672326897601998,4.13430659542208,5163795.132692061,0.01415625728163215,187.55785636965703,281.36001361169735,9205.50949328396,9674.441519522596,332.84895768625813,57.0,0,0,0.6372883959355568,0.9747980467976076,0.9373470425730859,0.0,100.42310561486677,10,2,10,0.30319496409967506,77.20728385622213,187.3513815115082,6.445820353696579
2038-08,133.95230328706464,16.15584324184206,0.12060892456040492,16.155843241842057,12.992467100416274,36.47280650577344,35.11496986251778,19.702699919438487,4.138389189787589,5167517.592063869,0.0,186.71926071353394,281.27737984595774,9218.448176757876,9686.44481731737,305.6532399509055,57.0,0,0,0.6371568439106821,0.9750027045850242,0.9376608756714716,0.0,102.0348652700762,10,1,12,0.30301109542138527,72.19096318182329,187.44870520022116,5.914895005298469
2038-09,77.77116238988853,11.067242385395407,0.1423052201523263,11.067242385395407,7.981850511730992,35.23243692451526,34.954158605869736,19.729004067118048,4.136969206440848,5171147.618086738,0.0,182.06433055724227,280.12054006355817,9231.190219875523,9693.375090496324,316.4297145817743,57.0,0,0,0.6370282465861591,0.9754782554586947,0.9383295245215687,0.0,91.69715882911063,10,3,11,0.3031275977176126,73.03356572772046,187.45113863298985,6.119139076111881
2038-10,177.5299863587155,19.139288508384375,0.10780876459772662,19.139288508384375,16.837357634580545,35.952846633732584,34.908510808113526,19.757623421288564,4.145031736878314,5174685.330248895,0.024580556983359717,184.78638577815883,279.7318912379443,9243.85110717795,9708.393964751038,287.1096349326493,57.0,0,0,0.6369026033588229,0.9753256726930231,0.9383244545000123,0.0033504393527126197,108.40372198535172,10,5,13,0.30369867746574114,71.90515740039221,187.61322370657228,5.548349640785593
2038-11,245.42341694687903,24.815987520620173,0.10111499476837411,24.815987520620173,23.004461814972785,37.663383548731375,35.08962603644135,19.79164286594632,4.159221559236415,5178154.418569811,0.08362323834736018,191.50055585685476,280.86832835089484,9256.65739157098,9729.109899017078,303.94766093112213,57.0,0,0,0.6367791596513542,0.9747442781750426,0.9377736411427983,0.6788480420492133,119.89675328830347,10,4,12,0.30489317507629254,75.875226018149,187.88759686514382,5.8698068145884195
2038-12,77.39707409867167,10.624841994844559,0.13727704979259556,10.624841994844559,8.094242512292496,36.12725330512765,35.04727572008911,19.8203987051738,4.156823800478836,5181595.760405332,0.008999128833513321,185.59556099984337,280.51290949116384,9269.38583700106,9735.5033066209,339.2394383452323,57.0,0,0,0.6366566093090599,0.9753518228482492,0.9385042355450597,0.0,90.82342168994226,10,5,11,0.3049965892044697,72.98443750813696,187.8861987076224,6.547007023154875
2039-01,40.472661054403396,7.508927901347924,0.18553086715139425,7.508927901347923,4.804668456959743,34.29391222856635,34.77406612128257,19.843271841677776,4.151655939711664,5185056.4471787345,0.0,178.43946389608556,278.605853723653,9281.806261833965,9738.851579453703,335.0519532130297,57.0,0,0,0.6365334446877211,0.9760889554288573,0.9394882337690879,0.0,83.95965790998801,10,4,11,0.30480546733785496,74.89313568071253,187.82537236894993,6.461876676296097
2039-02,206.4008092815939,21.70119420612839,0.10514103254566853,21.70119420612839,19.563401971500042,35.76358766144939,34.73065955333783,19.871102623582235,4.163147396514444,5188577.171934917,0.1018506469776378,184.02707525666958,278.2141083146323,9294.148595697494,9756.491629915774,293.3530330005611,57.0,0,0,0.6364083604746015,0.9755277382467586,0.9390683201982759,0.0,114.43447001780852,10,4,12,0.30628522099279,76.35064675745815,188.03790146340634,5.653824223475206
2039-03,254.7320294711571,26.264784827365133,0.10310750823872761,26.264784827365137,23.886941771177717,37.86319299757287,34.968830590138225,19.905553057915327,4.179014501608814,5192181.358060423,0.0828040673333531,192.10341908020393,279.6783460977011,9306.693908809337,9778.558478054576,287.41681016106395,57.0,0,0,0.6362806030051859,0.9746672252075901,0.9381770623299878,0.0,124.21299874065389,10,6,12,0.3082813822977086,74.86298788528518,188.33237523327625,5.535569548526529
2039-04,222.73691114502023,24.015729611465005,0.10782105888066648,24.015729611465005,21.206795716784132,39.03836875773272,35.32489626574201,19.94352738184127,4.1915641661581535,5195868.932150494,0.051107870668307784,196.78787814699854,281.9527119726824,9319.559326089839,9798.351024080188,341.262565072171,57.0,0,0,0.636150171593084,0.9742214986836739,0.9376079494287319,0.0,119.61874906325086,10,6,10,0.31000966545728303,79.78945414124216,188.5796418660775,6.567959460265435
2039-05,90.27306562082067,13.082016401203298,0.1449160534345036,13.082016401203298,9.48641812904664,37.747835019366654,35.461946798649166,19.977031270622483,4.191496073064652,5199616.394304997,0.0365565984205345,191.8685718904983,282.79635704792383,9332.52556251651,9807.227048053352,394.48143180463524,57.0,0,0,0.6360178181133879,0.9746670011970437,0.9380015977319611,0.0,96.65547790465432,10,6,8,0.3058872201706888,82.32060941032321,188.61443430317183,7.58674105721915
2039-06,177.18305153010385,20.41002754606743,0.11519175998952537,20.41002754606743,17.129350442418925,38.187441619142206,35.63114261414356,20.011963731471784,4.200034233978127,5203383.154209376,0.03877663738127362,193.87019780303663,283.9058854564849,9345.624459759834,9823.439319656736,360.7409628766144,57.0,0,0,0.6358848450853473,0.974473877915767,0.9377544914300217,0.2003730276210245,111.72603600509606,10,6,10,0.3061409443564697,74.7236828321505,188.78946693959827,6.932815673679269
2039-07,124.71014979154066,15.763013624814379,0.12639719903442548,15.763013624814377,12.323507066536513,37.59904361628742,35.69847640346492,20.044797231858976,4.203183851138751,5207122.42920846,0.014027882295494742,191.84847028537047,284.3577891658517,9358.754134415243,9834.97442174876,342.12735834504485,57.0,0,0,0.635752756380926,0.974704911437489,0.937995019785511,0.0,102.54399568432063,10,3,10,0.30644575108869454,77.61757552110357,188.87542122269215,6.570372849809333
2039-08,139.27392785709196,16.639459370892258,0.11947289508461265,16.63945937089226,13.513552519341825,37.317498098546,35.715010251735485,20.07670642432299,4.207533073787294,5210793.783802452,0.0,191.01764141646126,284.5107644225832,9371.863914324525,9847.39232016357,313.89642955457066,57.0,0,0,0.6356228541058881,0.974902530137354,0.9382410434110933,0.0,104.24265371128008,10,1,12,0.3062151274324738,72.63312477925126,188.98065685834283,6.023965686961273
2039-09,80.86083623989079,11.357003160649096,0.140451220748647,11.357003160649096,8.297470704480235,36.03499440227493,35.56212586405056,20.104367019941037,4.206160978250514,5214373.952249679,2.9184318595553135e-05,186.22028437414275,283.537966324264,9384.784911691404,9854.543191574128,325.20303347561475,57.0,0,0,0.6354958896380115,0.9753783427004276,0.9388543953181582,0.0,93.46801276895052,10,3,11,0.3062782860903009,73.35524883979676,188.98804116882533,6.236664965989059
2039-10,184.5828545374621,19.777162707090564,0.10714517746867264,19.777162707090564,17.5167761912963,36.79183543758206,35.5285839379867,20.134441091058427,4.2146690227296375,5217863.0467206165,0.023737039568166578,189.112844671428,283.35611225505187,9397.63673480674,9870.129428772789,294.7683278240471,57.0,0,0,0.6353718623416379,0.9752119729319788,0.9387818696524997,0.009752746291892933,110.94330256582793,10,5,13,0.30678381949869094,72.37371692908975,189.16037734980574,5.6492154965490435
2039-11,255.17353884575863,25.69324750073585,0.10068930978092641,25.69324750073585,23.937186036048843,38.57874621913153,35.730380702244425,20.170144063908623,4.229567243207581,5221284.492640116,0.09131519675425596,196.16181302892062,284.75325734979776,9410.654438790592,9891.660824366067,312.3881692990876,57.0,0,0,0.6352500199018177,0.9746070056467468,0.9381537700874848,0.7166319118222448,122.93657845139094,10,4,12,0.307874871602288,76.11538273198549,189.4488001622834,5.982975448654975
2039-12,80.47188625990077,10.928934391756062,0.13581059050186528,10.928934391756062,8.414537066749292,36.99271160578624,35.70055310527433,20.20036217762147,4.227180518901629,5224678.718563542,0.00893049501670311,190.0700399149209,284.5946600277354,9423.606576515376,9898.28020695305,349.22170468763585,57.0,0,0,0.6351290601182615,0.9752207536228134,0.9388420922080029,0.0,92.60572900545975,10,5,11,0.3079282753489564,73.3757257512062,189.4524188020207,6.684079988437066
2040-01,42.004567982907645,7.6716954737333705,0.18263955189004943,7.6716954737333705,4.982880960621865,35.09253211257141,35.43063428646444,20.22443043878682,4.2218919439862885,5228092.304478661,0.0,182.65418535441182,282.8131889077324,9436.253705725636,9901.72107998778,344.93582585052343,57.0,0,0,0.6350074799353067,0.975967957731368,0.9397933617162483,0.0,85.39245090977158,10,4,11,0.3077017450587649,75.1840724674282,189.39453443669004,6.597737869988124
2040-02,214.2131651176072,22.412572734111514,0.10462742904623334,22.412572734111517,20.31948822103052,36.61645570343309,35.39748135115749,20.25361893409361,4.233901824964538,5231565.506252555,0.1057230460486259,188.47747661360086,282.589757234857,9448.832675871272,9920.005632765779,301.56094722043986,57.0,0,0,0.634883978038069,0.9753899998256115,0.9393143838347765,0.0,117.15678243718291,10,4,12,0.3090825103903013,76.7187249988172,189.61830107851637,5.764258267626133
2040-03,264.373741943047,27.13893661214707,0.10265367661964518,27.138936612147067,24.81198412064274,38.79271115674406,35.654840988676305,20.289650585549293,4.250454993151919,5235121.499824295,0.0974631231772633,196.8768166313677,284.27829075687293,9461.633430364791,9942.88600087621,295.30550281888134,57.0,0,0,0.6347578031072638,0.9745065375918234,0.9383570168802317,0.0,127.30812237914074,10,6,12,0.31097147422663574,75.08091801595269,189.926556646487,5.6408528976604
2040-04,231.16759518030105,24.800130627483917,0.107282037554359,24.80013062748392,22.02695621877299,40.010669502419944,36.03341532358261,20.329309781016864,4.263521198436142,5238760.217718318,0.052679452341188114,201.75319283240358,286.7956876752555,9474.776345812306,9963.377905772306,351.2587184991051,57.0,0,0,0.6346289545323477,0.9740470147964557,0.9377315937251182,0.0,122.51752393314857,10,6,10,0.3126050732904562,80.08737064580009,190.18579762583104,6.704997058485182
2040-05,93.68993842036217,13.417881596025639,0.14321582255527937,13.417881596025639,9.847674771787752,38.66694547836082,36.18383363626939,20.364272518057298,4.2634669347107295,5242458.414944897,0.0379166626123455,196.63215938636395,287.81458881828564,9488.032949737066,9972.517614604327,406.5779493727408,57.0,0,0,0.6344981819848529,0.9744993346833974,0.938094019186615,0.0,98.54129774062072,10,6,8,0.3085131801864822,82.24410844525318,190.2259746338712,7.75548258453881
2040-06,183.8895031737859,21.030528688023086,0.1143650307660468,21.030528688023086,17.7903213973866,39.11793008715062,36.366271647644176,20.400681778561854,4.272351226104552,5246175.934554425,0.03972137462012259,198.70670523807934,289.09631795269553,9501.434911884427,9989.277656449822,371.53308780277354,57.0,0,0,0.6343667840990737,0.9742999804860049,0.937804887073212,0.20237129882761629,114.24754460974675,10,6,10,0.30869069927308224,74.93308743481151,190.41064922460026,7.081979187080562
2040-07,129.43048044298118,16.205043366684315,0.12520268263875622,16.205043366684315,12.79648035311629,38.50498576644355,36.442438407482655,20.43488023608374,4.275638683426895,5249866.488343988,0.01397526328796879,196.60543310271456,289.6860236438559,9514.875904006276,10001.181336016134,352.2128140276304,57.0,0,0,0.6342362602282838,0.974532746337743,0.9380145085474632,0.0,104.68131621776303,10,3,10,0.30895473903583753,77.89972399679618,190.50353677033976,6.70898612011621
2040-08,144.54550352041412,17.125790002132312,0.11848026804731178,17.125790002132312,14.03336022971827,38.21264325090515,36.46553771926369,20.468102292717145,4.280182872508143,5253490.0636859145,0.0,195.75149812808286,289.95851368908336,9528.302956065305,10014.01296788247,322.90486985191956,57.0,0,0,0.6341079085449796,0.9747306735723149,0.9382310205515662,0.0,106.4659166751511,10,1,12,0.30870574571609755,72.93879449877755,190.61638732512446,6.146482927301197
2040-09,83.92145227188404,11.650312971043489,0.13882401526250351,11.650312971043489,8.61310969812665,36.8852927409812,36.31322235534215,20.496901432817697,4.278792391880599,5257023.633656836,8.259592214154779e-05,190.78420368721368,289.05911662679733,9541.541168271702,10021.384571181636,334.6918308206675,57.0,0,0,0.6339824781431238,0.9752129460379646,0.9388244739241786,0.0,95.25384761201661,10,3,11,0.30874236269328215,73.53415972579029,190.62848618412363,6.366565078343631
2040-10,191.56939177969923,20.415738745383955,0.10657098483071673,20.415738745383955,18.19354906388964,37.67525137692573,36.28468344917252,20.52821669348768,4.287680659431941,5260467.302900501,0.02296793175556958,193.8200442598606,288.97797914035857,9554.7145577751,10037.535549107075,303.10736898618325,57.0,0,0,0.6338599683735374,0.9750394601232065,0.9387191504463431,0.015794068700650143,113.4960464813033,10,5,13,0.30920852972562646,72.50356160028878,190.81072024861,5.761985609511474
2040-11,264.83196262973746,26.569279562639267,0.10032504875473008,26.569279562639267,24.86541898277165,39.53509937528245,36.50025885452248,20.565394011712613,4.303226272848752,5263844.247209757,0.10065178332560268,201.17791491677932,290.5339600031748,9568.066910749636,10059.879437452917,321.46373223861315,57.0,0,0,0.633739629186264,0.9744177831867976,0.9380477227184955,0.753700671525058,125.98789838961692,10,4,12,0.3102271699797129,76.23137722135911,191.11278687216912,6.10701451527586
2040-12,83.51778037458823,11.237255786605882,0.13454926287798014,11.237255786605882,8.7346123676315,37.89765805043968,36.47652681988966,20.59687366675588,4.300794696182492,5267194.472418779,0.008898733984631545,194.88024905611775,290.4759391728297,9581.35907189922,10066.724158862153,359.79314708121206,57.0,0,0,0.6336201623181443,0.975042010246365,0.9387231322976454,0.0,94.40453925606054,10,5,11,0.3102599070771364,73.68336791534523,191.12117867634674,6.830830890433962
2041-01,43.523105423815295,7.837209992003893,0.18007010105752863,7.837209992003893,5.161919898390854,35.92900717711913,36.20387889810087,20.621943553056067,4.295333316641169,5270564.0772400815,0.0,187.18550294954971,288.728862610125,9594.342771243857,10070.257136803531,355.3749338680855,57.0,0,0,0.6335000692682752,0.9758030148487141,0.9396688994760123,0.0,86.83587379150535,10,4,11,0.31002744751453454,75.12422304642853,191.06602233127194,6.742635677321597
2041-02,221.95733979162804,23.123597959865887,0.1041803707936586,23.123597959865887,21.07264984093581,37.50465911071336,36.17516351306188,20.65230200561112,4.3078107924548705,5273992.906506664,0.11055836161243954,193.22459571174818,288.5864880504176,9607.262006295448,10089.183648419226,310.3038296000019,57.0,0,0,0.6333780526787406,0.9752135301271135,0.9391589678049491,0.0,119.89048758683388,10,5,12,0.31133892270114016,76.95332435030284,191.3006677724563,5.883660351859251
2041-03,273.93130781770935,28.013614752662026,0.10226510790546073,28.013614752662026,25.732951505812537,39.75528728692079,36.44609536922801,20.68973417201417,4.325002639812479,5277503.903857218,0.1134443549338945,201.93005016068417,290.4160057881055,9620.41581664384,10112.875316947564,303.7043721462197,57.0,0,0,0.6332533635402713,0.9743124343743071,0.9381629191990737,0.0,130.41861444314455,10,6,12,0.3131428981943727,75.16673657831319,191.62231807268344,5.754697252317492
2041-04,239.5247016871151,25.586257318247903,0.1068209547409042,25.586257318247906,22.84362550349017,41.0144895589295,36.84186245857385,20.730905659351958,4.338540762524709,5281097.007881357,0.05490133859405438,206.9840443110593,293.0974742265522,9633.928153086461,10134.064572962667,361.7263430436421,57.0,0,0,0.6331260013009439,0.9738434153975828,0.9375064982027548,0.0,125.43244248564085,10,6,10,0.3147048863990257,80.31602617981768,191.89317215417327,6.849454620958716
2041-05,97.0769909758258,13.757738124456479,0.14171986570826495,13.757738124456479,10.208266048030879,39.616912773743074,37.00074853977155,20.767163595809873,4.338460799282515,5284749.213619845,0.039276108559195895,201.6497628176735,294.21745286327507,9647.561792270966,10143.468284060473,419.1074915924165,57.0,0,0,0.6329967134375251,0.9743052315750982,0.9378597755428596,0.0,100.4433093556597,10,6,8,0.31067846065237453,82.20774324963278,191.9384983854815,7.93050861358366
2041-06,190.53742526818598,21.652542247534008,0.1136393137309247,21.652542247534008,18.448587666297968,40.077887059819226,37.191778863183146,20.804892934813928,4.347652279102031,5288420.771585155,0.04070527157360789,203.78447576707396,295.60098147442795,9661.348501828475,10160.774664341552,382.7424118888992,57.0,0,0,0.63286679473491,0.974103107531765,0.9375506771370101,0.20435602589466484,116.78316760888775,10,6,10,0.3108006178372921,75.04974152343972,192.13249291614054,7.237366851468887
2041-07,134.10961511774585,16.649565941482617,0.12414893538292981,16.649565941482617,13.26783762890518,39.439442006970346,37.272420177502504,20.84030697678012,4.351042016669447,5292065.858034217,0.013985265279872787,201.5927047903523,296.26198043150777,9675.177818782344,10173.046489269484,362.69733440837933,57.0,0,0,0.632737740082269,0.9743400978122542,0.9377494117469144,0.0,106.83279941587402,10,3,10,0.3110388522976569,78.11616251807831,192.23204627782823,6.8536058344350685
2041-08,149.77107229902683,17.614025872373617,0.1176063281246072,17.614025872373617,14.551156559930007,39.13522364351231,37.297965956009236,20.874699133287915,4.355746953916667,5295644.85716556,0.0,200.70507070511852,296.59097985600033,9688.994732361542,10186.29078292266,332.29771338564086,57.0,0,0,0.6326108437776407,0.9745406539902841,0.9379551534877124,0.0,108.70265971837995,10,1,12,0.31078363088166183,73.0976062014223,192.35222636086607,6.274924439768792
2041-09,86.95535723722156,11.946327354829808,0.13738460440383468,11.946327354829808,8.92797506087863,37.762305179051125,37.142372907384,20.90450085795141,4.35430685435329,5299134.96576309,0.0001442896632655761,195.558641426362,295.7055423919663,9702.61861982157,10193.88294792956,344.54147815094746,57.0,0,0,0.6324868526763218,0.9750310576151497,0.9385456893100346,0.0,97.05264030730669,10,3,11,0.31080540940629764,73.71213378470232,192.3688113964014,6.5018437986006745
2041-10,198.49495506766723,21.054453645756528,0.10607047236328516,21.054453645756528,18.86719159645897,38.58392630423669,37.1151124581862,20.936926490374823,4.363544256594002,5302536.28081758,0.022926468662620908,198.72733594394674,295.66836619801944,9716.178045328457,10210.596673939086,311.79529808119673,57.0,0,0,0.6323657661317081,0.9748528774418499,0.9384245940672141,0.021467157239720258,116.06043584605055,10,5,13,0.31124467482483076,72.54099494394521,192.56061879061292,5.880116260762709
2041-11,274.406093971023,27.444373142959876,0.10001371597038211,27.444373142959876,25.78889335074787,40.51513117708226,37.34083078719103,20.97545225751419,4.379713962746288,5305871.743355089,0.11603725410167985,206.38407173113774,297.3288789786676,9729.925630258189,10233.754618222098,330.86620100171103,57.0,0,0,0.6322468363382316,0.9742173813499995,0.9377268412576318,0.7900675345527723,129.05111128065207,10,4,12,0.3122148694280458,76.32694046835772,192.876027036246,6.235849960302523
2041-12,86.53709190594172,11.553309745696026,0.1335070256145592,11.553309745696025,9.053829367105008,38.82716593036007,37.320015860017286,21.00807783275088,4.3772086014379,5309180.962310141,0.008897757604061734,199.8781514271695,297.32156171899595,9743.614982332774,10240.823593236542,370.6712253221082,57.0,0,0,0.6321287689156395,0.9748530398469603,0.9384031877765561,0.0,96.22663504856527,10,5,11,0.3122539448881255,73.96781912053231,192.88895341741252,6.981702600711901
2042-01,45.0296438744149,8.005759271764564,0.17778864283475498,8.005759271764564,5.341093538735857,36.78956053907494,37.04167125018179,21.034039590153263,4.371550285618487,5312509.584930899,0.0,191.89783568231238,295.5618410116532,9756.989227771119,10244.448904465085,366.10369724362107,57.0,0,0,0.6320100698433906,0.9756283677234726,0.939355902792765,0.0,88.29082396297358,10,4,11,0.3120142002701036,75.11550741372989,192.83633734090174,6.891351279291539
2042-02,229.64032250926098,23.83475002166211,0.103791658891704,23.83475002166211,21.82270628194292,38.41557677157322,37.014465578993466,21.065462531448013,4.3844695627171735,5315897.070816422,0.1153931651665533,198.14441249809266,295.4553813995087,9770.299564376202,10264.01475143897,319.33277118936917,57.0,0,0,0.6318894456461825,0.975029772419134,0.938829034906939,0.0,122.63659392019112,10,5,12,0.3132625365231431,77.13553410494367,193.08151784554042,6.00712856052959
2042-03,283.4133529069046,28.8878162651568,0.10192821181098637,28.8878162651568,26.649845516812242,40.739245701562226,37.2960839296544,21.104194210981902,4.402274805404415,5319366.146212861,0.12907991233877125,207.14830065994192,297.3826110241421,9783.854181960207,10288.514173556629,312.3800532367763,57.0,0,0,0.6317661495718392,0.974113793696355,0.9378083251972792,0.0,133.54190273461583,10,6,12,0.3150036035914912,75.2095906011428,193.41616821924484,5.872505194235901
2042-04,247.815773049008,26.37239249543763,0.10641934599627859,26.372392495437634,23.65676635212612,42.03874479442982,37.70626512453575,21.146781959787425,4.416263788643477,5322916.755849892,0.05782606318995104,212.37357584435227,300.187009449216,9797.780723926915,10310.399135283673,372.4473948484275,57.0,0,0,0.6316401811121152,0.9736371523612357,0.9371335222736906,0.0,128.36014175896358,10,6,10,0.3165069184229677,80.4630903499016,193.69829753494702,6.997054658784723
2042-05,100.43728014061425,14.10119764742258,0.14039804371126552,14.10119764742258,10.56783890989374,40.58752558055116,37.87112667668665,21.184245809786496,4.416139720340941,5326526.120065194,0.040635020123531033,206.82300792854497,301.3699073445605,9811.833512918556,10320.067063211785,431.8684745857427,57.0,0,0,0.6315122855788707,0.9741090069128185,0.9374880137065457,0.0,102.36060735205811,10,6,8,0.31255511907152966,82.19669073411593,193.74854887758391,8.107882414372858
2042-06,197.1328176385038,22.275916734749114,0.11299953504239976,22.275916734749117,19.10410041166095,41.05794634491165,38.068389998912096,21.223210697180395,4.4256196119694495,5330154.8712585885,0.041723751765532696,209.01307198874414,302.8191585620107,9826.044557443332,10337.918511745855,394.1796256116568,57.0,0,0,0.631383753976817,0.9739055495791685,0.9371697570071088,0.2063173785847221,119.33242661549458,10,6,10,0.3126342300048248,75.12031150150618,193.9515597846935,7.395275280595753
2042-07,138.751776788026,17.096332910304028,0.12321523591314044,17.096332910304028,13.737430228422541,40.39378771097857,38.15132055409434,21.259760782221427,4.429094897434096,5333757.620585938,0.014048737749004938,206.72700751672667,303.5175963469789,9840.299443248017,10350.558095849472,373.4035862682256,57.0,0,0,0.6312560768225075,0.9741474426474516,0.9373670368697072,0.0,108.99783075225207,10,3,10,0.31285394653730775,78.34329393942599,194.05752627192714,7.000760305024987
2042-08,154.95535032810682,18.103999858552925,0.11683365447026518,18.103999858552925,15.066876858081315,40.077308889085195,38.177256757492245,21.29524772952439,4.433944155682798,5337295.123446543,0.0,205.80168748025994,303.87115824543673,9854.541257088895,10364.214102814592,341.9085385479525,57.0,0,0,0.6311305446285574,0.9743512929058212,0.9375708145870003,0.0,110.95241992080904,10,1,12,0.312597959085008,73.28306952269563,194.18476706084658,6.406026472959323
2042-09,89.96528926959479,12.244770354001343,0.136105496391036,12.244770354001343,9.241869906168498,38.65870730105409,38.01649255334195,21.32598103252758,4.432439774776326,5340744.785510229,0.00021207424275757286,200.47287508785587,302.9697343242975,9868.583824300254,10372.02664578665,354.5969776115739,57.0,0,0,0.6310079020724711,0.9748500137451017,0.9381661168807705,0.0,98.86375745390785,10,3,11,0.3126104836797539,73.89077699964228,194.2056222931041,6.639466813198366
2042-10,205.3657948008966,21.693272599269356,0.10563235528244184,21.693272599269356,19.537828104453045,39.51115648399233,37.98864480352266,21.35944880795723,4.442011806618198,5344106.696058427,0.024113584166530495,203.76962268307682,302.94781613359567,9882.560291913098,10389.301844313937,320.686446143645,57.0,0,0,0.6308881485237919,0.9746681021865184,0.9380373757351246,0.026782285801459693,118.63620176510823,10,5,13,0.31302959552283266,72.57194627807584,194.40670696145756,6.000749318500114
2042-11,283.9045736318972,28.31926141869993,0.0997492257923886,28.31926141869993,26.7079585967005,41.51284835863162,38.22265595049067,21.399257786772594,4.458789715186823,5347403.576037105,0.1324482418462857,211.7209231776818,304.6853382858878,9896.732139940534,10413.270849645949,340.46050044709114,57.0,0,0,0.6307705383811267,0.9740205079782693,0.9373219822777885,0.8257691898195905,132.12765221693923,10,4,12,0.3139648161710959,76.38917980566795,194.73508407538404,6.36683758025614
2042-12,89.53254581691277,11.872105382080381,0.13260100306270672,11.872105382080381,9.372035238675927,39.774554520731066,38.203102043637294,21.432968752463186,4.456197641665033,5350674.662918703,0.008923345046707793,205.00514106014452,304.70324122107877,9910.84594026842,10420.563245894691,381.72570611515687,57.0,0,0,0.630653781061832,0.9746674006047529,0.9380053698776694,0.0,98.06202682439601,10,5,11,0.31398741791713697,74.23819541386733,194.752323816497,7.13416027254649
2043-01,46.52570475745958,8.177041620481143,0.17575320273187475,8.177041620481143,5.520168042045656,37.66814630085694,37.91757549734791,21.45976592701652,4.450331477928886,5353965.181811461,0.0,196.7374337440171,302.9072062576881,9924.63639269049,10424.281032692197,377.0019888019342,57.0,0,0,0.6305363869172662,0.9754565521915207,0.9389702444454264,0.0,89.75663953239267,10,4,11,0.31374487826261943,75.1206093142462,194.70206993698164,7.041547264496392
2043-02,237.26987215957635,24.546263011409128,0.10345292804347485,24.546263011409124,22.569973929268645,39.34382616470016,37.89039951221521,21.492199586876467,4.46367970479882,5357314.2324252315,0.12020414128529998,203.18795169338944,302.81393813778413,9938.36190674471,10444.48400071717,328.5344199001906,57.0,0,0,0.6304170662523779,0.9748502062425359,0.9384333921473231,0.0,125.39545194706932,10,5,12,0.31493878239030393,77.28463190855868,194.95746464715026,6.132446327522299
2043-03,292.82945293645577,29.7618992927278,0.1016356073280175,29.761899292727797,27.563160250266264,41.7398025272398,38.18122437158718,21.53217977409225,4.4820883806564735,5360744.338224415,0.14636387440771398,212.4869375590901,304.81706135581464,9952.339828448676,10469.79019123799,321.22668373281175,57.0,0,0,0.6302950745044209,0.9739209980218126,0.9373951996768934,0.0,136.67858465955632,10,6,12,0.3166248457014564,75.23934435342838,195.30478475878581,5.992203012598964
2043-04,256.04918225149004,27.160743268920235,0.10607627421454957,27.160743268920235,24.466808756260942,43.07959888931334,38.60445780853556,21.576137016395457,4.496519407596551,5364255.450102299,0.06258655729582813,217.88244589234634,307.7240819139561,9966.701617439468,10492.370731803068,383.3270864734531,57.0,0,0,0.6301704111959103,0.9734376460349334,0.9367082259629516,0.0,131.3047351698303,10,6,10,0.31807992072880015,80.56905559968472,195.59789479456973,7.145951382053269
2043-05,103.77419940288601,14.449268833989706,0.13923758426593907,14.449268833989706,10.926428144372537,41.57544144947816,38.77415943826097,21.61476492156268,4.496342452367871,5367824.999178486,0.04199380229108414,212.11619295258245,308.9515679727971,9981.193373787344,10502.303128515015,444.7749555112999,57.0,0,0,0.630043819521383,0.9739193828844093,0.9370685377386001,0.0,104.29573044863554,10,6,8,0.31421694197860184,82.2296699127156,195.65285995952422,8.285943665811946
2043-06,203.68234083828455,22.90086911670491,0.1124342396226056,22.900869116704907,19.757195825878398,42.055000761857734,38.9765617822678,21.65492587198096,4.506101721485013,5371413.974606548,0.042773313075624604,214.3594467947953,310.4491264912076,9995.847393078297,10520.698739677375,405.7631063992379,57.0,0,0,0.6299165868027815,0.9737153145369605,0.936746385255935,0.2082611250995603,121.89571070336552,10,6,10,0.3142605636858137,75.17201884835475,195.86460454200997,7.554120913366386
2043-07,143.36165347913294,17.54541831922847,0.12238571398579956,17.54541831922847,14.20544528560274,41.365108625239614,39.06077440279492,21.69257515010269,4.509654821847604,5374977.393433718,0.01415879205665057,211.97765284092017,311.1686971595062,10010.545401131345,10533.705909923829,384.2548207521167,57.0,0,0,0.6297901993063602,0.97396216820752,0.9369464648211139,0.0,111.17656817601845,10,3,9,0.3144656595251385,78.53561978423494,195.97674815883346,7.148956965317423
2043-08,160.10357310532675,18.595849083580188,0.11614886990277604,18.595849083580188,15.580771901719114,41.03618765728526,39.086146794386266,21.729122096211277,4.514640520447105,5378476.357152994,0.0,211.01291663979026,311.5314035130164,10025.228639542098,10547.772959694905,351.66479532348905,57.0,0,0,0.6296659438735231,0.9741694041620264,0.9371522419288189,0.0,113.215460539827,10,1,12,0.31421154100943327,73.45205596084833,196.1107990307908,6.538372058767158
2043-09,92.95428803857047,12.545629543155037,0.13496558155498273,12.545629543155037,9.554872289859476,39.571948306576765,38.91934571554249,21.76075432814103,4.513065054327039,5381888.465837281,0.0002845562242113463,205.50045538186416,310.59959486285766,10039.705474366487,10555.805809167432,364.7911059243067,57.0,0,0,0.6295445630778784,0.974676124208041,0.9377554923403917,0.0,100.68721266923674,10,3,11,0.3142176518481319,74.03605711708052,196.13572217582598,6.778124597711348
2043-10,212.18884970166096,22.332573368546438,0.10524857173195573,22.332573368546438,20.205881006180313,40.45462878075862,38.89001666721714,21.79523258213104,4.522963184173621,5385213.801060942,0.025294781037933135,208.92262419272086,310.5789373454097,10054.11361125662,10573.64046757579,329.7171037101575,57.0,0,0,0.6294260563164765,0.9744910614367099,0.9376230531393929,0.03176341454725584,121.22407053120503,10,5,13,0.3146194926418199,72.58367202674792,196.34578789597313,6.122637204212762
2043-11,293.33699393512524,29.19332347196316,0.09952145169395031,29.19332347196316,27.623272491184295,42.52594371146998,39.13136062456233,21.836293721501207,4.5403426278483625,5388474.87813164,0.15062897200256176,217.1653861175056,312.3796669823041,10068.723326821939,10598.41900889375,350.1866706954248,57.0,0,0,0.6293096801354638,0.9738325072226943,0.9368945241261414,0.8608608073158903,135.2158819338743,10,4,12,0.3155117539006633,76.43288003917678,196.6868037541741,6.498808635382298
2043-12,92.50716715590573,12.194381196754495,0.13182093422234903,12.194381196754495,9.689336989880614,40.737845784975555,39.11227251893646,21.871062457780383,4.53765718155129,5391710.588010776,0.008972317903329563,210.24039240628045,312.4103996259078,10083.27432538346,10605.93408973355,392.90319836439005,57.0,0,0,0.6291941476385977,0.9744900453899304,0.9375873375903311,0.0,99.91233190969712,10,5,11,0.31551775254975006,74.47433999839403,196.70814886313318,7.28717151914766
2044-01,48.01292168612342,8.350975671652138,0.17393183706347362,8.350975671652138,5.699136850482402,38.56288835085518,38.81888141752015,21.898669639851693,4.531578290427292,5394965.762393736,0.0,201.6848367876888,310.5666819796751,10097.492996029509,10609.744514796872,388.019805786321,57.0,0,0,0.6290779734123539,0.9752921798930231,0.9385661252548032,0.0,91.23321187024634,10,4,11,0.31527467522491803,75.11841995132194,196.660089833255,7.192257057330376
2044-02,244.854319775731,25.258599288338747,0.10315766252959642,25.258599288338747,23.315031625539724,40.287749959223405,38.791021057973886,21.932089886958746,4.545349077504189,5398279.165900497,0.12511807902954908,208.33747067255837,310.4755507208905,10111.644931573315,10630.583071045792,337.8607244789,57.0,0,0,0.628959871416359,0.9746789983203159,0.938022789972313,0.0,128.16794093862148,10,5,12,0.3164206201486937,77.40173965348728,196.92540426950086,6.258674553422078
2044-03,302.1898897506589,30.636619583674367,0.10138201383558222,30.636619583674364,28.473653772493925,42.755552333224195,39.09030881450097,21.97329600730291,4.564356689515275,5401673.133481389,0.16492444432157588,217.93000372959506,312.54385234718666,10126.056607542443,10656.695388063548,330.1994873081416,57.0,0,0,0.6288390991974966,0.9737378123471478,0.9369710170611462,0.0,139.83015290554192,10,6,12,0.31805790696802905,75.24331607177736,197.28508417160162,6.112911298935399
2044-04,264.23391970791505,27.95149376257518,0.10578314015654328,27.95149376257518,25.274415148206074,44.135731007763695,39.52591767811191,22.01860283324721,4.579229250415155,5405147.622174017,0.07087478312459265,223.4958520744726,315.5436133142514,10140.863369214545,10679.973709386393,394.3254301199143,57.0,0,0,0.6287156562979184,0.9732484063664969,0.9362751228325805,0.0,134.26662025051914,10,6,10,0.3194693038424082,80.54385310129064,197.58893661984342,7.295368372590566
2044-05,107.09139248819365,14.803673339093233,0.13823401671357735,14.803673339093233,11.284255492644633,42.5797754066233,39.70001148620006,22.05837930702335,4.5789946766054435,5408680.259642172,0.04335310555939477,217.5167955587891,316.807457684652,10155.803325149665,10690.170931498666,457.7937577569542,57.0,0,0,0.628590283857206,0.9737395722657793,0.9366430910509697,0.0,106.25144527150853,10,6,8,0.31566315204503387,82.24043913662356,197.6484173277033,8.464056586462759
2044-06,210.19314657338754,23.52780685068523,0.11193422447039991,23.52780685068523,20.408405657968792,43.068225139183,39.907095250015644,22.099721675283384,4.58902900664351,5412232.367191771,0.04385125815776426,219.81200762684006,318.3453640264857,10170.909050459522,10709.110273371007,417.4604422533612,57.0,0,0,0.6284642656353546,0.9735352914958629,0.9363196123496396,0.21020558935206957,124.4738505386926,10,6,10,0.3156772383632577,75.21203758344622,197.86863436034642,7.713276406681106
2044-07,147.94427891354343,17.997060570371737,0.1216475601661418,17.997060570371733,14.672237442030795,42.352606453465825,39.9921688398759,22.13845661148479,4.59265644931348,5415759.339404852,0.01430996850496506,217.33380445320446,319.0785936449138,10186.058449632987,10722.485157699612,395.22034419172036,57.0,0,0,0.628339083796137,0.9737869100103986,0.936524257338524,0.0,113.36955932379944,10,3,9,0.3158700437405354,78.65587157210582,197.98673622151617,7.297597980695203
2044-08,165.22136219639117,19.08986842517372,0.11554116351178884,19.08986842517372,16.093252591485097,42.01111088263659,40.01656713283215,22.176050724751683,4.597774801531322,5419222.599357267,0.0,216.32870638522868,319.44330298125243,10201.190931988267,10736.962941354748,361.5370238335745,57.0,0,0,0.6282160216447055,0.9739973912182579,0.936733672413483,0.0,115.49241804149409,10,1,11,0.3156189483182398,73.59270597191991,198.12736503254507,6.671381682613548
2044-09,95.92561736036204,12.849025193617708,0.13394779775404525,12.849025193617706,9.867195752952234,40.501294663672276,39.84336495512707,22.20856982968526,4.596125105363811,5422599.927418982,0.00036077183034635257,210.63194473676555,318.47444490193175,10216.109452346274,10745.216202756803,375.09705836227107,57.0,0,0,0.6280958197353171,0.9745116051352097,0.937345910330096,0.0,102.5233438849325,10,3,11,0.31562023204340756,74.1637126817338,198.15616764246982,6.917291767471543
2044-10,218.9715701568395,22.972852398253227,0.10491248878472582,22.97285239825323,20.871930437106016,41.413715257200074,39.81213606584846,22.24404647908546,4.606344701244975,5425891.397508379,0.026487876728636374,214.17780620287587,318.44836060092786,10230.95622266968,10763.608877350212,338.86136714477084,57.0,0,0,0.6279784775019522,0.9743237378029183,0.9372116323494714,0.036445565132108726,123.82504309007197,10,5,13,0.3160070001831627,72.59524191523658,198.374941346835,6.245266304083772
2044-11,302.7136545458113,30.067300495235727,0.09932588122048348,30.067300495235727,28.535670287751607,43.553937138705805,40.06031000259915,22.286347486724015,4.624319593254107,5429119.333438055,0.16837750217856448,222.70994402567445,320.30544537893314,10246.010233916528,10789.194000823314,360.02149969693494,57.0,0,0,0.6278632535680355,0.9736551973094715,0.9364725294603451,0.8954125672251312,138.31723713050113,10,4,12,0.3168618450129652,76.46427334984557,198.7282529299449,6.63130569776861
2044-12,95.46420403980035,12.518186545278233,0.13112963828891536,12.51818654527823,10.00595406365176,41.71609927058754,40.041250395270005,22.322162569421973,4.6215381353082305,5432322.30404086,0.009042158984167367,215.57519283714336,320.34270228453966,10261.004390193037,10796.931327473705,404.1815585745137,57.0,0,0,0.6277488645911403,0.9743226478939128,0.9371753930713179,0.0,101.77335561959069,10,5,11,0.3168620481818465,74.68413734520458,198.75351135631908,7.44030887625834
2045-01,49.493007508278595,8.527578267728558,0.17229864776963022,8.527578267728558,5.878092894079284,39.47293248627898,39.73965695371564,22.35056974522865,4.615244542830956,5435544.775640826,0.0,206.73203187378502,318.4457162258826,10275.65687093995,10800.834619039619,399.13741912533345,57.0,0,0,0.6276338292327999,0.9751368162178817,0.9381682317113628,0.0,92.72068244516105,10,4,11,0.31661962654854453,75.13180769442599,198.70749050662084,7.34309872515542
2045-02,252.40240046873012,25.97226887477101,0.10290024511073811,25.97226887477101,24.05858784400288,41.24668409844395,39.71074483067818,22.38496737658697,4.6294362437323215,5438825.20195085,0.13111418918526754,213.58597292586703,318.35125161909514,10290.24042409243,10822.308762826575,347.2920596088733,57.0,0,0,0.6275168649627441,0.9745173951321705,0.9376201416225448,0.0,130.9550394163732,10,5,12,0.31772348679039886,77.4715814729298,198.982470680336,6.385424181021725
2045-03,311.50544389132375,31.513677549767344,0.10116573616209949,31.51367754976734,29.382221942560285,43.78622527001832,40.018125180186544,22.427391997378535,4.649039027367463,5442185.743295775,0.18330800236312514,223.472328222351,320.479581224022,10305.090653088484,10849.22587053722,339.28120159317655,57.0,0,0,0.6273972313478315,0.9735653484873936,0.9365571360107003,0.0,143.0002042285098,10,6,12,0.31931906799277104,75.23532724317045,199.3542003578686,6.234281915334051
2045-04,272.3794118912246,28.743919367120828,0.10552897213317937,28.743919367120828,26.080369062060534,45.206636211784094,40.465739107172254,22.47404215098387,4.664355865491755,5445626.362802767,0.08244336474468254,229.2082731444372,323.5671867135164,10320.346790029356,10873.204693252053,405.42712691343996,57.0,0,0,0.6272749279403138,0.9730703868967854,0.9358540912281289,0.0,137.24458607323675,10,6,10,0.3206865600982055,80.477931030044,199.66857747573795,7.445004484383571
2045-05,110.39267985272495,15.164373181911246,0.13736756098449698,15.164373181911248,11.64162611597607,43.60003166225604,40.644062512806094,22.514964511598166,4.664061457281335,5449124.870766282,0.04471377355144316,223.01963408067974,324.86383409250925,10335.739160610168,10883.667342556908,470.91349268012743,57.0,0,0,0.6271506938993932,0.9735704359228028,0.9362302475312152,0.0,108.22782384384648,10,6,8,0.31693843166472085,82.24363927957921,199.73239007507632,8.642002226935668
2045-06,216.6727334269276,24.15723412679166,0.11149180492033915,24.15723412679166,21.0583594335044,44.09725715815094,40.855653333746346,22.55748600863068,4.674369149459597,5452642.896647476,0.04495552799089375,225.36633254148157,326.4386201541396,10351.30060859966,10903.150516823272,429.26037797991864,57.0,0,0,0.6270258095631344,0.9733662006173182,0.9359067146704745,0.21217871699722846,127.06790763978175,10,6,10,0.316927628859676,75.2467922909301,199.96083960545096,7.872519549076776
2045-07,152.50493096301435,18.451580339829267,0.12099005732676384,18.451580339829267,15.138243484923764,43.35599030185714,40.941438699987195,22.5973048236782,4.67806971777728,5456136.18493437,0.014497814676602865,222.79155633024814,327.18229412445197,10366.905243242025,10916.893591511402,406.2894789636072,57.0,0,0,0.6269017531614696,0.9736223003330595,0.9361165180434871,0.0,115.57755360686325,10,3,9,0.3171099365049397,78.75804679832478,200.08469769606234,7.446468804892823
2045-08,170.314611828286,19.58643394538356,0.11500148892175457,19.58643394538356,16.60481062334496,43.00186152421808,40.96471381137265,22.635944483691716,4.683319131102148,5459566.456431725,0.0,221.74565874722322,327.5459071201347,10382.49064264365,10931.782208511007,371.5146603339047,57.0,0,0,0.6267798046151194,0.9738358048230903,0.9363301174457467,0.0,117.78412631182775,10,1,11,0.31686242651429186,73.70489954840664,200.23169047851144,6.8048381368494235
2045-09,98.8826993551782,13.155143408033696,0.133037867026481,13.155143408033695,10.179119740223182,41.446552808616914,40.78499059342817,22.669348957633407,4.681593907258738,5462911.658106595,0.00044001692407342417,215.86424998630827,326.53712822331613,10397.854380463174,10940.256198689724,385.5059477856882,57.0,0,0,0.6266607025521072,0.9743569567186664,0.9369513945393816,0.0,104.37265442630165,10,3,11,0.3168598441760672,74.26995839774837,200.2641976180434,7.0567853172881385
2045-10,225.72176791741163,23.614652894961957,0.10461841191852715,23.614652894961957,21.53664109520577,42.388325414975526,40.751682888099054,22.70582208735137,4.6921325632028505,5466171.85631275,0.02775198285179183,219.5326438741817,326.50255988012157,10413.143116940764,10959.20607267792,348.1102135938362,57.0,0,0,0.6265444464510688,0.9741665227740615,0.9368161398096536,0.040872311233491665,126.44022769363083,10,5,13,0.31723334375341355,72.60024909767915,200.4914291163641,6.368446194969375
2045-11,312.04535469093133,30.942068446477343,0.09915888181422937,30.942068446477343,29.446084885034086,44.59688513299901,41.006423859666555,22.74936064035043,4.7106998148980255,5469369.197169817,0.18616637143688672,228.35283520261683,328.41265931579466,10428.644474477296,10985.596135367145,369.95779079164527,57.0,0,0,0.6264302969312759,0.9734887859213573,0.9360679858105518,0.9295062205237672,141.43346703814925,10,4,12,0.3180550200272397,76.4866065001462,200.85673026154018,6.764176588830095
2045-12,98.40706212801108,12.844183342573766,0.13052095108647424,12.844183342573766,10.322177877309375,42.709454006306494,40.98718630962033,22.78622023178565,4.707820984597471,5472541.95113167,0.00913080977490948,221.00825622894496,328.45347448132674,10444.084614360203,10993.555475880248,415.55653298335,57.0,0,0,0.6263169740541328,0.9741654104773062,0.9367807292825021,0.0,103.64668881978893,10,5,11,0.31805538405559375,74.8728542535211,200.88572319864784,7.59348282195291
2046-01,50.96772661228111,8.70692358507979,0.1708320963835531,8.70692358507979,6.05718529162448,40.398362334104405,40.67725699371582,22.815426189451017,4.701311942970487,5475734.246438245,0.0,211.8776849769681,326.5006917507746,10459.173579984841,10997.551956712583,410.3510932706387,57.0,0,0,0.6262030003773102,0.9749906728713785,0.937787042236236,0.0,94.21933733391937,10,4,11,0.31781423296672545,75.13424679839214,200.84159423671937,7.493992126034173
2046-02,259.9231121936151,26.68803729828111,0.10267666108276419,26.68803729828111,24.801427997618166,42.220805295566265,40.64712529096461,22.85080055553191,4.7159247301966065,5478984.249406703,0.1381161785839977,218.9326826741726,326.4003533237859,10474.191240768207,11019.662392944749,356.82365684722515,57.0,0,0,0.6260870967207539,0.9743655877398459,0.9372352018981696,0.0,133.75835961392562,10,5,12,0.31887952013584125,77.54562500772576,201.12600970039335,6.512587746275492
2046-03,320.78722029237355,32.39384857033652,0.10098235378832097,32.39384857033653,30.28983827540453,44.83211292804818,40.96242901185769,22.894444488102987,4.7361226267868375,5482313.959218592,0.20269619196576424,229.11359616919847,328.5863838519552,10489.4823271896,11047.38500340272,348.4674820395444,57.0,0,0,0.6259685245737843,0.9734035530913342,0.9361624096332798,0.0,146.18992210996038,10,6,12,0.32043507131292903,75.22052249977375,201.50952837763654,6.356211713369518
2046-04,280.49536892183687,29.53988084751701,0.10531325690353421,29.53988084751701,26.88553470473739,46.29289890589803,41.4218986004606,22.94244039059335,4.751882283461523,5485723.345006832,0.09373916923001412,235.0206548792091,331.7598132862541,10505.189978429331,11072.064185764024,416.631987367026,57.0,0,0,0.6258472834906222,0.9729035334735173,0.9354533360871912,0.0,140.2425549910625,10,6,10,0.3217579618032306,80.41259349028542,201.83417007060598,7.594841394002291
2046-05,113.68199691218263,15.528235392210057,0.1365936191656217,15.528235392210055,11.99888850094959,44.635917560043296,41.60436674758208,22.984511698578956,4.751528397985438,5489190.386144029,0.046076799209910486,228.6228074286629,333.0876131510206,10521.036802228362,11082.793299607254,484.13284128793725,57.0,0,0,0.6257241107346101,0.9734118937299572,0.9358376129732138,0.0,110.21879970635807,10,6,8,0.3180690380084541,82.24765201613215,201.90214803958625,8.819749493659378
2046-06,223.12882561828795,24.789713090094338,0.11110045069883852,24.789713090094338,21.707742779996973,45.141965312276874,41.82038907293479,23.028215895218466,4.7621094635476915,5492676.996909566,0.04618279516738299,231.02121257637677,334.6977625292439,10537.055920707231,11102.82107860802,441.162044807401,57.0,0,0,0.6256002833774066,0.9732078539917605,0.9355146444309606,0.21421686076116053,129.6790819641533,10,6,10,0.3180367912655317,75.27615621280553,202.1386126447082,8.03182209796096
2046-07,157.0490463132105,18.909440650958235,0.12040468309018715,18.90944065095823,15.603946588926105,44.37522595717314,41.90684411101264,23.069122617275863,4.765883153061597,5496139.24485517,0.014718633960958004,228.3502004275728,335.4505932863639,10553.117681707929,11116.933194055828,417.46145993243385,57.0,0,0,0.6254772759004725,0.9734681291000007,0.9357296614875997,0.0,117.80167640699135,10,3,9,0.3182086344468597,78.85030250050832,202.26804123389292,7.595540093406685
2046-08,175.38939358835452,20.08597034449339,0.11452214945013103,20.08597034449339,17.1159836512963,44.00848697434317,41.92895903515698,23.10881189130348,4.771263277872041,5499539.125363359,0.0,227.26345189419968,335.8118929296618,10569.157837664627,11132.233182488488,381.5964215523825,57.0,0,0,0.6253563650053744,0.9736844124916858,0.9359474910357677,0.0,120.09153825342185,10,1,11,0.3179649002580908,73.80394343345846,202.4212016448373,6.938698186407939
2046-09,101.82905911660565,13.46420859128291,0.1322236374183217,13.464208591282912,10.490959875762172,42.407794577423644,41.742703099586976,23.14310563069761,4.769462169866478,5502854.738725832,0.0005217566351467881,221.19721597291004,334.7621068774524,10584.968606843353,11140.92845145035,396.01769434512534,57.0,0,0,0.6252382874937705,0.9742119499355593,0.9365774234614147,0.0,106.2357450117465,10,3,11,0.3179591444438953,74.35284674519667,202.45725137985372,7.196586374671812
2046-10,232.44748979400904,24.258599475705488,0.1043616323721243,24.258599475705488,22.200727206708905,43.37863592419352,41.70725260620909,23.180578707003185,4.7803203886481915,5506086.1438559815,0.03013559258117539,224.9874489215475,334.7177591504691,10600.701045980051,11160.43638964465,357.4629026401252,57.0,0,0,0.6251230428951988,0.9740190550212843,0.9364415035671803,0.04509432313116157,129.07093347797561,10,5,13,0.3183206818225784,72.60052665196764,202.6927312442819,6.492141483093278
2046-11,321.3432185518209,31.819506123589328,0.0990203131312012,31.819506123589328,30.355511611774517,45.65535268473796,41.96845946226827,23.225358539425407,4.799488539584846,5509255.3226083275,0.21104291932634353,234.09570854674448,336.67950788585244,10616.651372243416,11187.637631595338,379.9972160160502,57.0,0,0,0.6250098937343251,0.9733328203376492,0.9356853049918121,0.963232899432076,144.56841493230414,10,4,12,0.3191485903531549,76.505343627859,203.06987018163122,6.897433387351932
2046-12,101.33924955801656,13.179341257758729,0.13005169581617612,13.179341257758727,10.638359343694043,43.719620371882726,41.94910942155063,23.263271126254686,4.79650854449274,5512400.270125264,0.009236550400366469,226.54651811820452,336.7237464098136,10632.539170736898,11195.818671815316,427.0385260988851,57.0,0,0,0.6248975633124787,0.974017926402179,0.9364074216998024,0.0,105.5439340416131,10,5,11,0.3191316666291871,75.04443718700668,203.10242586140973,7.746870785368078
2047-01,52.43887195118183,8.889131726244823,0.16951416755341714,8.889131726244823,6.2366056303655775,41.3405763650884,41.63091663731262,23.293283265791025,4.789783281614535,5515564.803043789,0.0,217.12749071705778,334.71493721602826,10648.06635577646,11199.908783709547,421.6687632712037,57.0,0,0,0.6247845778895562,0.9748533986846137,0.9374263476921968,0.0,95.72956819799712,10,4,11,0.3188921537187769,75.1325946570015,203.06005248145803,7.645069513796736
2047-02,267.425598578481,27.406637147908967,0.10248322259944752,27.406637147908967,25.544391968873505,43.21138937305861,41.59956966103299,23.32964134762137,4.804819285111365,5518786.823084173,0.14696754595573017,224.38279698372207,334.6081751494073,10663.519850221708,11222.657789900793,366.46136567890795,57.0,0,0,0.6246696614637418,0.9742231066082998,0.9368713168345905,0.0,136.57941331020794,10,5,12,0.31992266093271765,77.60879976257631,203.35371069160115,6.640252240692839
2047-03,330.0465036718745,33.27884405540972,0.10083077289161307,33.27884405540972,31.197534929069477,45.89459784857158,41.9227996758279,23.37451283251076,4.82561232722116,5522088.18134062,0.22282530486107843,234.85938615584328,336.8514924764873,10679.253510190763,11251.187214127955,357.76453748372194,57.0,0,0,0.6245520773431941,0.9732519219297038,0.9357898177218013,0.0,149.40274700724208,10,6,12,0.3214423783545999,75.20359266579966,203.74877844483203,6.47879073522629
2047-04,288.5916581228774,30.33991827435954,0.10513096072042845,30.33991827435954,27.690824522457618,47.39574482278947,42.3941123034057,23.42386332995215,4.84181526385775,5525468.852844455,0.10553921012302997,240.93795002984066,340.1103339722799,10695.41436637811,11276.568189590354,427.9477842779142,57.0,0,0,0.6244318250772137,0.9727472474630582,0.9350754371737082,0.0,143.26148165019316,10,6,10,0.32273176711138474,80.39768388346305,204.08346313969886,7.745004010973857
2047-05,116.96334279497083,15.896297028389249,0.13590836794271885,15.896297028389249,12.356441416777466,45.688647398373426,42.58076491393565,23.467092583582414,4.841402001705293,5528906.97288305,0.04744328208789962,234.33115701274676,341.4690987963065,10711.717360869692,11287.565059960834,497.4625979154703,57.0,0,0,0.6243096401257663,0.9732633817402324,0.9354675176300962,0.0,112.22686549584026,10,6,8,0.3191041219749047,82.25231615281385,204.1554527019819,8.997485404535
2047-06,229.56927241866848,25.42586078298704,0.1107546341681894,25.42586078298704,22.357289792481506,46.20344112560959,42.80123894448638,23.51198832352392,4.852256761792498,5532364.717918918,0.04746330593666891,236.78108631565578,343.11433101898194,10728.195874667214,11308.138755307788,453.1743168836579,57.0,0,0,0.6241867964619093,0.9730596878182426,0.9351454636424555,0.21636758595755268,132.30869399977945,10,6,10,0.3190531624253776,75.30267201964156,204.39973378258247,8.191331193618888
2047-07,161.5821496674184,19.370991927933638,0.11988324185440408,19.370991927933638,16.069868858010764,45.4112621510674,42.888390144764315,23.553991546091783,4.8561037950326655,5535798.452555164,0.014969284676851725,234.01365386944747,343.8760481330106,10744.716500619954,11322.621171907089,428.7441176487101,57.0,0,0,0.6240647650171475,0.9733238422095691,0.9353655198629642,0.0,120.04272534123369,10,3,9,0.3192165123333601,78.93482891293502,204.53456297132522,7.744937271891
2047-08,180.45187736034913,20.588946006091085,0.11409660186009854,20.588946006091085,17.627346271933714,45.03184243038564,42.90935865672721,23.5947385827954,4.861614573022008,5539170.424336983,0.0,232.88569743271478,344.23468363712396,10761.213152985641,11338.33353405548,391.78882814583517,57.0,0,0,0.6239448194496544,0.9735426677226917,0.9355874149084134,0.0,122.41570684742746,10,1,11,0.3189765837860801,73.89347402535104,204.6937116113851,7.073059648507399
2047-09,104.76827880799254,13.776480181138966,0.1314947648074561,13.776480181138966,10.803060863100644,43.385760435197646,42.71659087452384,23.629929039314995,4.859737293121906,5542458.874050665,0.0006055627645647542,226.63405860250953,343.1435172589401,10777.472701991757,11347.25088341597,406.6392795076507,57.0,0,0,0.623827694839756,0.9740760670951352,0.9362254530529849,0.0,108.11329998347081,10,3,11,0.3189682067006574,74.4283283452488,204.73315438645588,7.336802829724227
2047-10,239.15691287169503,24.905339113202782,0.10413806907837204,24.905339113202785,22.864939317853036,44.385380784480475,42.67896452226255,23.668408919833062,4.870914716476192,5545663.853319932,0.03271527193544045,230.5454389400436,343.0887651875671,10793.65054726895,11367.317466668497,366.9250820638796,57.0,0,0,0.6237133907728462,0.973880883378589,0.9360890581745486,0.049170342424267766,131.7185176571349,10,5,13,0.3193189738405457,72.59816232871563,204.97667668521618,6.6164320768237435
2047-11,330.61855040556605,32.699657306995555,0.09890448453930747,32.69965730699556,31.26498009503574,46.72991648067601,42.94654252494095,23.71443666592809,4.890698517483974,5548807.192762884,0.24631003761903125,239.9413408925725,345.1012998438606,10810.051439469727,11395.340390243779,390.14530983695715,57.0,0,0,0.623601171581393,0.9731867210290024,0.9353255256938653,0.9966932898271192,147.72203967555794,10,4,12,0.32012477017024094,76.51866941105308,205.3655856903142,7.031156359979674
2047-12,104.26433126254464,13.527084213135812,0.12973836833109972,13.527084213135812,10.954856694375554,44.74775557079593,42.927226704615464,23.753415514150912,4.887612256687997,5551926.63455972,0.009357917938974544,232.1951161470044,345.14982136310084,10826.388628710465,11403.74292413851,438.6384251478279,57.0,0,0,0.6234897636318664,0.973879651635975,0.9360563845792423,0.0,107.47154372833492,10,5,11,0.32008542784606553,75.19965358548748,205.40154210886567,7.9006524044713515
2048-01,53.90824624364176,9.07433373779638,0.16832923291149834,9.07433373779638,6.416551791895657,42.30054290502423,42.600893038923914,23.784245163645632,4.880669759330781,5555065.709381992,0.0,222.48584836085007,343.0855059264751,10842.355875911711,11407.927230199037,433.10000146558207,57.0,0,0,0.6233776966808618,0.9747244989396118,0.9370869720183629,0.0,97.2518004259898,10,4,11,0.3198477193785885,75.12864957463525,205.36079727971722,7.796487460699452
2048-02,274.9190530536792,28.1288200222397,0.10231673545284409,28.128820022239704,26.288333926437836,44.21938142603803,42.568379437097846,23.82159760136459,4.896136452479506,5558262.07641031,0.16089599036724203,229.94062429694625,342.9724478608355,10858.247083317561,11431.32105146571,376.21268093088366,57.0,0,0,0.6232636977235514,0.9740893499421507,0.936529061480021,0.0,139.41976804974948,10,5,12,0.3208468608728856,77.66262275679878,205.66358502563438,6.768530806194963
2048-03,339.29464021194366,34.17267058532964,0.1007168004893427,34.17267058532964,32.106369179323465,46.97532524791703,42.899674711851176,23.867710437509857,4.9175260509562175,5561537.451267661,0.24513269460106335,240.7164732557825,345.27387238844847,10874.425322616904,11460.660800955735,367.182615578851,57.0,0,0,0.6231470317787159,0.9731097724380366,0.9354396972250603,0.0,152.64545289438138,10,6,12,0.3223202670472287,75.18353146242268,206.07001034117764,6.6021782429093925
2048-04,296.6782005614507,31.14622035866118,0.104983178068757,31.146220358661175,28.497177517585612,48.516955073315174,43.38295611514641,23.918430076114102,4.93417580867713,5564891.814757676,0.12014966610233872,246.9674516149019,348.61893928731365,10891.041502404147,11486.748042972464,439.3871418104263,57.0,0,0,0.6230276983849452,0.972600713487884,0.9347204458472049,0.0,146.30544429704906,10,6,10,0.32357295618939236,80.44479962868995,206.41457957027072,7.895699618907316
2048-05,120.24073841139646,16.271077776952595,0.1353208404399687,16.271077776952595,12.71470635345703,46.760226703048914,43.57399033341692,23.962832143094726,4.9337018275056685,5568303.44532888,0.048814399174499465,240.15260547010203,350.00976702744424,10907.802970089859,11498.01415698658,510.91908645502076,57.0,0,0,0.6229064312975422,0.9731241469424184,0.9351199199306249,0.0,114.2578893570541,10,6,8,0.3200105744485522,82.2584309484744,206.49043770471948,9.17548929348703
2048-06,236.00196585160032,26.066324584893685,0.11044960787014957,26.06632458489368,23.007757469550462,47.28340551110323,43.79903427680587,24.008933083731925,4.944830387698652,5571734.759723609,0.04875599881024507,242.65292427847126,351.69069933732834,10924.743286412664,11519.135666027274,465.31061798600246,57.0,0,0,0.6227845015682311,0.9729209609551399,0.934799002160526,0.21868247377787764,134.95813816698634,10,6,10,0.3199437199935454,75.36209625615683,206.74235516908723,8.351270081081257
2048-07,166.10979582011882,19.83663782375887,0.11941883213943669,19.83663782375887,16.536550950423262,46.46555491344382,43.88695843159732,24.052045259463267,4.948750688528597,5575142.3944443,0.015247074125864965,239.78796118531167,352.46161110624615,10941.725247777104,11533.990067142788,440.14938133226053,57.0,0,0,0.6226633767870945,0.9731887284164513,0.9350238346084513,0.0,122.30163388767076,10,3,9,0.3200999027985295,79.02111458179239,206.88243009966087,7.894854520144184
2048-08,185.50826663329676,21.095854316807205,0.11371921424131685,21.095854316807205,18.139490657167208,46.073193472481144,43.906813169373464,24.09386141166052,4.954391887814378,5578488.827542323,0.0,238.6177980611687,352.8175982052636,10958.680886231223,11550.116282497655,402.1020646362519,57.0,0,0,0.622544327752565,0.9734098835601485,0.9352495520288612,0.0,124.75774886394888,10,1,11,0.31986369025543343,73.97295429607166,207.04740368882682,7.208082279397579
2048-09,107.70396010352181,14.092237816483657,0.13084233674359438,14.092237816483657,11.115781055060538,44.38152598962391,43.70754666993475,24.129958610388176,4.9524377945840445,5581752.42792018,0.0006910850961681169,232.17951833621854,351.68486053988556,10975.391704681635,11559.256774642836,417.38099019855,57.0,0,0,0.6224280879324481,0.9739486636032301,0.9358951031905773,0.0,110.00605677670633,10,3,11,0.3198530908292053,74.49584094972184,207.09010161079354,7.477597682598592
2048-10,245.85825877335546,25.555541147404128,0.10394420457912099,25.555541147404128,23.530045534675683,45.409570671658656,43.66769726033591,24.1694545124189,4.963933810582597,5584933.240083553,0.03522328650942756,236.21114939239365,351.6192087660658,10992.017385650403,11579.882967095371,376.5053816070972,57.0,0,0,0.6223146569718233,0.9737513760174282,0.9357583542241792,0.05316282122571803,134.38439569047955,10,5,13,0.3201941358724558,72.62326481583695,207.34147516725074,6.741448203980045
2048-11,339.8827160998351,33.583216440607,0.09880825016928038,33.583216440607,32.175542549341074,47.82153336405892,43.94153264356142,24.21673903179521,4.984333401249689,5588052.956025697,0.2818349569548491,245.89414401493605,353.6817591366459,11008.871147084155,11608.728885192691,400.4109888054852,57.0,0,0,0.6222033009078708,0.9730498644159381,0.9349881239984612,1.0299929151362095,150.89570094008155,10,4,12,0.320972854516139,76.54700876606664,207.74192686693837,7.165483075347647
2048-12,107.18589159130866,13.878042110823415,0.12947638821477825,13.878042110823413,11.271993604115739,45.79292158775923,43.922165678753274,24.256792314952868,4.9811399738812865,5591149.086570612,0.009493674633974339,237.95017358472958,353.73386022961824,11025.659932820236,11617.353460309218,450.3565854393568,57.0,0,0,0.6220927489891913,0.9737499930475038,0.9357270674049478,0.0,109.41437118753709,10,5,11,0.32093320987839763,75.33991472752763,207.7811426673088,8.05481267743457
2049-01,55.377646829686185,9.262643688731238,0.1672632229610347,9.262643688731238,6.597200467364255,43.27753061728498,43.587632722900736,24.288446954641454,4.9739795925988854,5594264.901192922,0.0,227.9498651304843,351.6133880291012,11042.06937757113,11621.632630730715,444.64869232355886,57.0,0,0,0.6219815342548806,0.9746034296907862,0.9367683686359092,0.0,98.78643812978689,10,4,11,0.32069747290088735,75.13181160761148,207.74190775721965,7.948295266259949
2049-02,282.4126416198162,28.85533200965329,0.10217436388169311,28.855332009653285,27.03409156715011,45.24434746205381,43.553877815263334,24.326801945305053,4.98987800696174,5597437.837830102,0.17491519158186336,235.60458644144077,351.4934142054965,11058.400346853407,11645.673262691926,386.0802392217754,57.0,0,0,0.6218683865090257,0.9739638657351415,0.9362079257495834,0.0,142.2810094129323,10,5,12,0.3216682844066302,77.70825690972615,208.05364168557657,6.897445767284179
2049-03,348.5429422419502,35.07149191176558,0.10062315904655382,35.07149191176558,33.01735573047493,48.07307180964583,43.893156060091925,24.3741656781348,5.011865371606785,5600689.488802044,0.2671935737984421,246.6807996150293,353.8524554268014,11075.025120391121,11675.82556900675,376.71957098807457,57.0,0,0,0.6217525723695465,0.9729766074611408,0.9351114556875169,0.0,155.91193976454426,10,6,12,0.3231035570499148,75.16493176593151,208.47121755903925,6.726307033112325
2049-04,304.7648877039214,31.957263753734928,0.10485874535777022,31.95726375373493,29.305487590985358,49.65522924094491,44.38832770588155,24.426264954787587,5.028963218347831,5604019.840543912,0.13440388328039538,253.10500816370774,357.2833812483575,11092.098488464962,11702.621281760306,450.95045047643634,57.0,0,0,0.6216340913594997,0.9724635193482062,0.9343878139403092,0.0,149.37196883234378,10,6,10,0.3243346025004834,80.48578405546274,208.82547911579985,8.046910312734871
2049-05,123.51819267487956,16.64984397564539,0.13479669362933888,16.64984397564539,13.074050003348967,47.84900118235496,44.58370882501835,24.471850240286624,5.028429556583569,5607407.302335872,0.05019140221580611,246.08204795584805,358.70607208924423,11109.3202476512,11714.158559098509,524.5038221299376,57.0,0,0,0.6215136756329607,0.9729937301334833,0.9347942169194761,0.0,116.30568208523371,10,6,8,0.32082369164346053,82.2661821979698,208.90507729336431,9.353767148525943
2049-06,242.43477439377915,26.71171320548514,0.11018103022670397,26.711713205485136,23.659864172318784,48.38071388211135,44.813310590893316,24.51916738249922,5.0398335028137105,5610814.510048295,0.05006140425575273,248.633496004127,360.4226655370512,11126.724161062699,11735.830384008132,477.5732689562658,57.0,0,0,0.6213925935045953,0.9727911401233479,0.9344745564202981,0.22120807401930787,137.6287496303518,10,6,10,0.3207430464011218,75.41877114436174,209.164469133504,8.511656696206751
2049-07,170.63752299237106,20.306789680803682,0.11900541759335997,20.306789680803686,17.004502113601824,47.53731800265673,44.90202154427796,24.563399522577626,5.043828113992818,5614198.347810362,0.01554979603822158,245.67120756420576,361.20284532235456,11144.16925464386,11751.05885732646,451.679970787579,57.0,0,0,0.6212723094388957,0.9730622304986157,0.9347038448391032,0.0,124.5793935315408,10,3,9,0.32089280869683257,79.10730940414422,209.3096490242384,8.045315516216885
2049-08,190.56474638734184,21.60716332803848,0.11338489273414595,21.60716332803848,18.65298378460928,47.13204563752653,44.92078099859193,24.606295642791256,5.049600583515273,5617521.503295131,0.0,244.45891775243197,361.5562695377973,11161.585682984714,11767.600870274944,412.53864092998475,57.0,0,0,0.6211540915638374,0.9732854859544348,0.9349330873781442,0.0,127.11874398689054,10,1,11,0.320660139739801,74.0447791211803,209.48029951237913,7.343783921218591
2049-09,110.63969393133273,14.411739364706358,0.13025830832152194,14.41173936470636,11.429457682078947,45.394783272000346,44.715042985403706,24.643309658275477,5.047569778094182,5620762.461599157,0.0007780687025922717,237.83344048320936,360.38201001097303,11178.74959053623,11776.965819099114,428.2467641831021,57.0,0,0,0.6210386718460955,0.9738291760684695,0.9355855351089496,0.0,111.91471605225613,10,3,11,0.320647644424403,74.55760124582227,209.52612567349914,7.619015518070159
2049-10,252.55972459163996,26.209848524218128,0.10377683364438427,26.209848524218128,24.196797584330568,46.451125147313256,44.67296685078776,24.68383149825521,5.059385472601016,5623921.260297896,0.038060444729274306,241.9852641639394,360.30538506369544,11195.824912030826,11798.15362170319,386.2071527312764,57.0,0,0,0.6209260499932877,0.9736298712720107,0.9354484201145875,0.05713226821528572,137.06994052196964,10,5,12,0.3209800022188356,72.6638100724827,209.78518502725706,6.867221905429365
2049-11,349.14704757087367,34.471501560549754,0.09873061164451735,34.471501560549754,33.08824038995257,48.93039375713985,44.953017532886726,24.732383227217063,5.080402676864235,5627019.46494218,0.317963389764014,251.9560446883329,362.41779863790555,11213.133294477484,11827.825101193488,410.79944017304854,57.0,0,0,0.6208154936401478,0.9729215203936249,0.9346720038589655,1.0632360582895375,154.09224001868628,9,4,12,0.32173166485077387,76.58603832696281,210.1969821658512,7.300480169518478
2049-12,110.10750419966799,14.232825193615954,0.12926298981226814,14.232825193615952,11.590119341257353,46.855401240761694,44.93358607784323,24.773520997649957,5.0771015113556945,5630094.375846888,0.009642786095984596,243.81406125127052,362.4734104471315,11230.37540427349,11836.672518757987,462.2006068926312,57.0,0,0,0.6207057347284803,0.9736282632153206,0.93541836833981,0.0,111.37390773471662,9,5,10,0.3216845359838664,75.45934976077689,210.2393268847735,8.209464638381062
2050-01,56.84885369138468,9.45418911545015,0.16630395340553564,9.454189115450149,6.778740864939789,44.27182738225598,44.590861095889984,24.80600980903501,5.06972284023992,5633189.025174241,0.0,233.52186987414748,360.29670178951676,11247.228770583439,11841.047342247102,456.32257173426774,57.0,0,0,0.6205953093595702,0.9744895602147976,0.9364694569832361,0.0,100.33391111957044,9,4,11,0.3214507291169686,75.13445992356608,210.20149136360368,8.100608193600483
2050-02,289.9154417561113,29.586911488455975,0.10205358951989074,29.58691148845598,27.782511509988947,46.28670107638605,44.555865389754594,24.845377488458137,5.0860542851448525,5636340.650143868,0.1886143783126344,241.37745682534594,360.1698105671601,11264.001215404494,11865.737097175313,396.07015917770843,57.0,0,0,0.6204829499536547,0.9738460205112118,0.9359067857520011,0.0,145.1647029724525,9,5,12,0.32239597567882644,77.74636582494203,210.52200059754085,7.027079869056507
2050-03,357.80261284153323,35.975843527509596,0.10054662050062473,35.975843527509596,33.93153231566842,49.188301450040086,44.903117347864246,24.89400360922371,5.108641524416258,5639570.731488987,0.288794925348462,252.75533170902474,362.5865703127294,11281.074216621493,11896.704913568596,386.38096918914164,57.0,0,0,0.6203679246141902,0.9728517750372498,0.9348039063235141,0.0,159.2033349218884,10,6,12,0.32380224522675394,75.17540978732356,210.95054003210578,6.851247862390538
2050-04,312.86151548902296,32.77365452083251,0.10475450925821013,32.77365452083251,30.11667410439817,50.81109428243352,45.41017365261011,24.947495006573604,5.1261906651672735,5642879.261124358,0.14895767861529466,259.3537884896525,366.1035680573176,11298.606449724119,11924.212763949703,462.6457877733962,57.0,0,0,0.6202502328447301,0.9723349472729558,0.9340762497695048,0.0,152.46222859003464,10,6,10,0.3250057442646357,80.52095091716376,211.31433461813563,8.198753975841987
2050-05,126.79967578243668,17.03353240462531,0.13433419525339718,17.03353240462531,13.434874303258878,48.95561931533288,45.60994743066911,24.994276125193565,5.12559832600455,5646244.767265311,0.05157558378554622,252.12306653089354,367.5585396821546,11316.290211616255,11936.02339341309,538.2281961504673,57.0,0,0,0.6201306053049643,0.972871442148336,0.9344891072266498,0.0,118.37229745002497,10,6,8,0.3215405754745482,82.27407604269634,211.3975551080148,9.532498471743574
2050-06,248.87549053145466,27.362663943491214,0.10994519341804342,27.362663943491214,24.314352338196244,49.4960352574749,45.84416756270971,25.04282262654967,5.137279794438894,5649630.08452113,0.051380175582936616,254.7264788220474,369.31131792859867,11334.159482413754,11958.24865933998,489.9720929092507,57.0,0,0,0.6200103077616481,0.9726695165197689,0.9341707688108216,0.22399861673500698,140.32192621524547,9,6,9,0.321447886916135,75.46949888213523,211.66427678341665,8.672640253946492
2050-07,175.17081591941965,20.78188370544218,0.11863781986950415,20.78188370544218,17.47425179180967,48.62719721436148,45.9337395269111,25.08818771063954,5.141350050231037,5652992.321264419,0.01587557840460666,251.6669898001391,370.1013156998729,11352.06953116874,11973.853712247157,463.3449963023099,57.0,0,0,0.6198908017744482,0.9729436562094104,0.9344041795701338,0.0,126.87705125274343,10,3,9,0.32159191181266633,79.18653023949861,211.8144344050504,8.19645543404298
2050-08,195.62744187068617,22.123362091553524,0.11308925721258231,22.123362091553528,19.168408876878967,48.2090378158232,45.95147393970727,25.132176506463765,5.1472549830860705,5656294.354683226,0.0,250.4126343936344,370.4526783679728,11369.948631015612,11990.813943777219,423.10652261166683,57.0,0,0,0.6197733529938417,0.973168797480316,0.9346366399965191,0.0,129.4998212406023,10,1,11,0.32136259855213806,74.11060741487326,211.99062834926931,7.480277653183812
2050-09,113.57903653988755,14.735261032035185,0.12973574596981496,14.735261032035186,11.744442207553487,46.42612426272139,45.73933095145122,25.170119029851808,5.145147655721253,5659514.774602801,0.0008663124637128436,243.59921992456864,369.2372742357651,11387.56756429462,12000.404924767417,439.2451763615152,57.0,0,0,0.6196586919982978,0.9737169612633417,0.935295385748904,0.0,113.84002294734836,9,3,11,0.32134847442119935,74.61446974404961,212.03946632703395,7.761180840672733
2050-10,259.26942825511736,26.868909167248596,0.10363315624243202,26.868909167248603,24.865957640675127,47.51067875307606,45.69506467974024,25.21167840065259,5.157285305776984,5662653.611868316,0.04168454785738015,247.8713257849065,369.14993106921247,11405.09448808306,12022.157429485036,396.0377218151082,57.0,0,0,0.6195468185599785,0.9735156455992582,0.9351578008598346,0.06114372939875157,139.77653789308835,9,5,12,0.32167317420689223,72.69796215636605,212.30607156135915,6.993853923627882
2050-11,358.4227673158427,35.36589635723719,0.09867089811868092,35.36589635723719,34.00412286559558,50.057262783082244,45.98133789732561,25.261509933271004,5.178921693919245,5665732.317334436,0.35410916941603526,258.1313395291817,371.3124628768144,11422.859449156198,12052.65736073161,421.3193186092956,57.0,0,0,0.6194370018011874,0.9728009788896381,0.9343756914751125,1.0965316754795262,157.31467881962422,9,4,12,0.3223974600655154,76.61671349248763,212.72902928816868,7.436272930160495
2050-12,113.03270823011822,14.591167738896281,0.12908801326064645,14.591167738896281,11.90958909142828,47.935777924348685,45.96184870377043,25.303743718577174,5.175512497327469,5668788.000887366,0.009804375631854819,249.79036449463166,371.3717210068876,11440.556836030899,12061.728725908051,474.18013811301944,57.0,0,0,0.6193279761640919,0.9735137900093633,0.9351288391874883,0.0,113.34953385698931,9,5,10,0.32234520117884197,75.5645787422577,212.77438358993072,8.364753418875312
