{"type":"FeatureCollection","features":[{"type":"Feature","id":"1200000000","properties":{"REGION_PSGC":"1200000000","REGION":"SOCCSKSARGEN (Region XII)"},"geometry":{"type":"Polygon","coordinates":[[[124.016212852,6.719900403],[124.016227627,6.719947365],[124.016239448,6.719991392],[124.016271955,6.720079446],[124.016301507,6.72017337],[124.016310372,6.720208591],[124.016322193,6.720240879],[124.016331059,6.720255554],[124.016555326,6.720872755],[124.017329745,6.721257279],[124.016775732,6.722632706],[124.016700998,6.722929529],[124.01638887,6.72330618],[124.016373777,6.723319503],[124.016353087,6.72334592],[124.016338309,6.723366466],[124.016221523,6.723675717],[124.016216294,6.723717247],[124.016218253,6.723728928],[124.016298128,6.723966944],[124.016371836,6.724245152],[124.016371812,6.724569699],[124.016375732,6.724591115],[124.016381613,6.724612533],[124.016397292,6.724657309],[124.016456088,6.724939599],[124.016456088,6.724968809],[124.016465889,6.724982437],[124.01647961,6.724996065],[124.016999216,6.72529712],[124.017057361,6.725990551],[124.017261446,6.726328344],[124.017228903,6.726906134],[124.017215594,6.727025043],[124.017215591,6.727069431],[124.017190096,6.727307332],[124.01717637,6.727391046],[124.01717833,6.727414409],[124.01718617,6.727441665],[124.017203812,6.727465028],[124.017225375,6.727478657],[124.01747127,6.727509192],[124.017719378,6.727650002],[124.017752704,6.727661685],[124.018074054,6.727728887],[124.018251829,6.727823962],[124.019080518,6.727882781],[124.019513968,6.728456792],[124.01973662,6.728703439],[124.019832333,6.729070114],[124.019956519,6.729265402],[124.019956512,6.729439695],[124.019974216,6.729462302],[124.020216704,6.729606805],[124.020736626,6.730226428],[124.020751801,6.730236476],[124.021376905,6.730523039],[124.021554469,6.731228484],[124.021567114,6.731266163],[124.02160505,6.731349053],[124.021761654,6.731600304],[124.021804845,6.731965014],[124.021809903,6.731987621],[124.022015555,6.732488969],[124.021919053,6.733063821],[124.021921582,6.733078893],[124.021931698,6.733096476],[124.021946873,6.733106523],[124.022309602,6.733286651],[124.022461502,6.733519805],[124.022656143,6.733701743],[124.022696509,6.733862124],[124.022706626,6.733874682],[124.022721802,6.733889754],[124.023070848,6.734063087],[124.023070851,6.734063088],[124.023215014,6.734110813],[124.023315121,6.734110816],[124.024082978,6.734301486],[124.024397761,6.734753071],[124.024638285,6.734932231],[124.024953185,6.735119875],[124.025132557,6.735325431],[124.025162621,6.735355289],[124.025220981,6.735404467],[124.025259888,6.73543257],[124.025334165,6.735481749],[124.025482719,6.735566056],[124.026178713,6.735926698],[124.026343741,6.73633645],[124.026357096,6.736354687],[124.026495364,6.736404621],[124.02667762,6.73654038],[124.026705999,6.736553643],[124.027295175,6.736686647],[124.027430938,6.736911449],[124.027450971,6.736909792],[124.027514409,6.736901504],[124.02837755,6.736667764],[124.028962246,6.737262958],[124.029048547,6.737337954],[124.029164309,6.73749123],[124.029179836,6.737504723],[124.029203128,6.737518217],[124.029295984,6.737548964],[124.030010043,6.738034113],[124.030101821,6.738505054],[124.030132876,6.738566737],[124.030173381,6.738627822],[124.03020857,6.738709375],[124.030274009,6.738773301],[124.030279831,6.73878101],[124.030538593,6.739001299],[124.030668012,6.739322653],[124.030681597,6.739345782],[124.030701007,6.739368913],[124.030726239,6.739392044],[124.03074953,6.739409392],[124.030815522,6.739447944],[124.030963268,6.739499462],[124.031196671,6.739684886],[124.031221904,6.739698379],[124.031317524,6.739720295],[124.031520068,6.739804109],[124.031998189,6.739931958],[124.032396364,6.740282407],[124.032454286,6.740340637],[124.032539833,6.740422762],[124.03265597,6.74054469],[124.032761382,6.740701715],[124.032815443,6.740767791],[124.032854261,6.740804415],[124.033074799,6.740983606],[124.033163008,6.741122303],[124.033442374,6.740819503],[124.046586345,6.742039782],[124.055806585,6.742966967],[124.055807292,6.742982931],[124.0615257,6.743033198],[124.077901141,6.743177141],[124.08495278,6.743239127],[124.096900356,6.747260983],[124.115945696,6.747047192],[124.116317835,6.747043015],[124.127137243,6.746921562],[124.127376772,6.746918874],[124.13644468,6.746817083],[124.137432023,6.746806],[124.148256449,6.746883796],[124.162310459,6.746078027],[124.210141781,6.743249806],[124.210675851,6.742975427],[124.212566348,6.742715397],[124.213269982,6.742109865],[124.214129987,6.741286955],[124.215396527,6.740712501],[124.217875528,6.73998228],[124.219596013,6.739830347],[124.220724543,6.738449597],[124.221269396,6.736710009],[124.223297005,6.737611403],[124.224689124,6.737352678],[124.225030008,6.735818533],[124.226635379,6.73614332],[124.227648008,6.735725168],[124.228343047,6.733935489],[124.245975908,6.754582475],[124.247724337,6.756629778],[124.28391654,6.754070688],[124.283730687,6.7536333],[124.276265514,6.736064673],[124.27654265,6.729356684],[124.276570742,6.728676709],[124.277170186,6.714167362],[124.277657145,6.709329642],[124.278953996,6.69617573],[124.346316149,6.712020289],[124.363435899,6.716047103],[124.365942215,6.716636625],[124.413558692,6.727836713],[124.421513132,6.728186268],[124.421594459,6.728189842],[124.465274906,6.730109365],[124.466900324,6.730035738],[124.477955753,6.729534949],[124.478290986,6.729519764],[124.487551107,6.729100299],[124.490882239,6.728948308],[124.516157855,6.727932133],[124.516283574,6.731899429],[124.514205247,6.731811742],[124.51399747,6.732204826],[124.514118036,6.733180913],[124.513665882,6.733395817],[124.513565716,6.734631197],[124.512962633,6.735304044],[124.513399501,6.735737296],[124.513216706,6.73654619],[124.5139915,6.737854474],[124.513706344,6.738386156],[124.513763944,6.738612151],[124.514558912,6.738815308],[124.514690162,6.73922854],[124.515283718,6.739286667],[124.515288284,6.740846479],[124.515661434,6.741613153],[124.515576467,6.742175892],[124.516006113,6.742579574],[124.516286447,6.743982383],[124.516133639,6.744557198],[124.516211544,6.745558249],[124.516349172,6.745847149],[124.515996845,6.747534392],[124.51528709,6.747657572],[124.514912444,6.747988314],[124.514783347,6.748120635],[124.515003549,6.74852884],[124.514708851,6.749001663],[124.514591078,6.749980203],[124.514552315,6.750028903],[124.51465918,6.750388158],[124.514721058,6.750975822],[124.514547696,6.751590508],[124.514211359,6.753206488],[124.513663269,6.753673333],[124.514526753,6.755083823],[124.513194925,6.755784979],[124.513136523,6.755979012],[124.513905028,6.756657072],[124.512263121,6.758142682],[124.512306547,6.759511813],[124.512154279,6.760463123],[124.512549126,6.761790724],[124.510362382,6.769295695],[124.509700417,6.769195746],[124.509687099,6.770620635],[124.509172606,6.771600828],[124.509583452,6.771969029],[124.509314526,6.772891965],[124.538862627,6.77392148],[124.537734266,6.777283343],[124.537770101,6.778420664],[124.537322188,6.78070694],[124.537539324,6.780710743],[124.537496419,6.781120183],[124.537638552,6.781120271],[124.545909065,6.781125373],[124.554982816,6.782382748],[124.561047678,6.781874255],[124.563851572,6.781834907],[124.568757063,6.782220579],[124.571369103,6.782425938],[124.574368879,6.782661782],[124.578399022,6.783049999],[124.578579439,6.784776842],[124.578530645,6.785323324],[124.578487737,6.785803904],[124.578120929,6.786500839],[124.577644078,6.786941009],[124.576910462,6.78745454],[124.576415272,6.788096454],[124.576598676,6.789031814],[124.576855441,6.790095557],[124.577025306,6.790748882],[124.576176864,6.792157328],[124.577027116,6.794578827],[124.57841672,6.795091317],[124.578448677,6.795212529],[124.579094537,6.795504333],[124.581493183,6.796588059],[124.582905393,6.797816865],[124.583602329,6.799082352],[124.583673411,6.799388552],[124.583854085,6.800166842],[124.583514766,6.802490834],[124.583418925,6.802768773],[124.583438369,6.803014073],[124.583615233,6.805245273],[124.58365735,6.805776598],[124.583734873,6.805938105],[124.584097519,6.806693618],[124.585087901,6.808069148],[124.585546411,6.808986168],[124.585729815,6.809829827],[124.585703591,6.810367423],[124.585693134,6.810581783],[124.585454709,6.811425441],[124.584596925,6.812549804],[124.583623729,6.812964844],[124.582116756,6.812819312],[124.581493183,6.812874333],[124.581279661,6.81294136],[124.580313155,6.812875418],[124.578875138,6.814098891],[124.578643019,6.815662274],[124.579410116,6.816411281],[124.581158905,6.817387098],[124.582039797,6.818381143],[124.583583439,6.819577176],[124.584206098,6.821554746],[124.583857994,6.823438676],[124.583689105,6.825932411],[124.582820167,6.827900392],[124.580982376,6.82999241],[124.580755894,6.831199412],[124.582241732,6.831842109],[124.580906542,6.844357235],[124.580127784,6.845089934],[124.580307496,6.849972264],[124.580289271,6.8501431],[124.581818107,6.850185746],[124.582896826,6.850215837],[124.591893654,6.850383246],[124.602916907,6.850611368],[124.597797404,6.864252646],[124.597580059,6.864831777],[124.597537743,6.864944532],[124.605237369,6.87193618],[124.612918506,6.876545647],[124.617027183,6.879011273],[124.617840804,6.879192077],[124.618982158,6.879445711],[124.619524169,6.878848433],[124.626536666,6.885147745],[124.633727085,6.887706705],[124.633779185,6.888110594],[124.633782233,6.888108107],[124.63384176,6.888059535],[124.634253217,6.887045366],[124.634637029,6.886789492],[124.635199181,6.885768605],[124.636058152,6.884213705],[124.637567774,6.880305778],[124.643024106,6.87750623],[124.644841945,6.876573186],[124.647705958,6.876793495],[124.649533794,6.87669252],[124.649575867,6.876628009],[124.649624517,6.876553412],[124.650482959,6.875237134],[124.662396631,6.870683668],[124.666805788,6.869075349],[124.666967604,6.868936619],[124.667123006,6.868639942],[124.667944626,6.867071394],[124.669809852,6.865206168],[124.670489878,6.864012997],[124.670487202,6.863914313],[124.670489878,6.863316372],[124.670141566,6.862271433],[124.668857569,6.860773437],[124.670026036,6.855474266],[124.669096628,6.855363226],[124.679747726,6.830266858],[124.679834384,6.83005868],[124.684678977,6.818420472],[124.690651903,6.80407166],[124.691636978,6.80118384],[124.694463303,6.792898258],[124.697281001,6.795703831],[124.698216641,6.799680297],[124.701622133,6.800506841],[124.704415249,6.801785485],[124.706520437,6.804007627],[124.708850781,6.805820954],[124.70933027,6.806168495],[124.709439716,6.806216113],[124.711301153,6.807026],[124.712395809,6.807502271],[124.712798225,6.807677357],[124.714364636,6.809978442],[124.715012313,6.810173144],[124.71505142,6.81024109],[124.717083703,6.810847505],[124.717084864,6.810847428],[124.717085278,6.8108474],[124.718843046,6.802307688],[124.7193384,6.800368929],[124.722925453,6.790389819],[124.724936431,6.784795319],[124.727739567,6.779047488],[124.733427536,6.767384307],[124.741226161,6.751393226],[124.742865048,6.748394344],[124.743107815,6.747950121],[124.748406463,6.741556432],[124.753881745,6.734949604],[124.753953711,6.734859875],[124.754037197,6.734776323],[124.76194836,6.726858888],[124.763946278,6.72592474],[124.76661688,6.727728705],[124.77008903,6.72703946],[124.770155028,6.726937073],[124.770508273,6.726389056],[124.773508276,6.721734918],[124.77511146,6.716005636],[124.776172945,6.71211704],[124.77614955,6.711796389],[124.77558251,6.71058604],[124.778508677,6.708844462],[124.782319302,6.706576478],[124.782286512,6.70653655],[124.779103739,6.702660923],[124.781547731,6.69769238],[124.783637416,6.693444132],[124.784156074,6.69293705],[124.795256752,6.683821813],[124.795277658,6.683772659],[124.794897526,6.683738603],[124.787070516,6.676949594],[124.782070954,6.676277555],[124.779925187,6.675872623],[124.777083016,6.67589764],[124.769273059,6.676178916],[124.767322315,6.67350581],[124.766918728,6.672952775],[124.760997992,6.664839584],[124.765835047,6.661966376],[124.778928047,6.654189139],[124.786567957,6.649651036],[124.786586736,6.649639881],[124.78699595,6.649396808],[124.78297682,6.648081298],[124.777607284,6.646143797],[124.775170951,6.642719262],[124.780845709,6.639535574],[124.783573745,6.638266822],[124.784987672,6.639034584],[124.784497334,6.637837294],[124.784465187,6.637758798],[124.783733054,6.63656181],[124.782873869,6.635152833],[124.782703364,6.633540968],[124.781827812,6.632562446],[124.781157434,6.630978164],[124.781287198,6.629142107],[124.781851872,6.628612205],[124.78170122,6.627507162],[124.780505098,6.626183928],[124.77941321,6.626552888],[124.77934993,6.624752874],[124.778370117,6.623838433],[124.779910679,6.622306209],[124.780357548,6.621352898],[124.780166825,6.620954807],[124.78020257,6.620161563],[124.78085039,6.619164125],[124.781264463,6.618463484],[124.781351872,6.617292727],[124.782765905,6.617155038],[124.78316372,6.616698482],[124.783159935,6.616206389],[124.783317353,6.616054558],[124.783413339,6.614124738],[124.783991428,6.614181979],[124.78399079,6.614144342],[124.78397907,6.613452886],[124.78433936,6.613167108],[124.784427773,6.612795233],[124.784396066,6.612658287],[124.783976434,6.612534584],[124.7840394,6.610097062],[124.783564973,6.608669619],[124.784501834,6.608627098],[124.785021637,6.606626989],[124.786923699,6.606990551],[124.786991426,6.607020117],[124.787013378,6.607024356],[124.787060316,6.607041347],[124.787082347,6.607045605],[124.787164434,6.607045617],[124.789822234,6.607046329],[124.789257746,6.608004199],[124.789545562,6.607984811],[124.79065784,6.60794819],[124.79110883,6.609163626],[124.791251259,6.609185314],[124.791690581,6.609580759],[124.791770417,6.609580368],[124.792148628,6.609834322],[124.792187562,6.609845702],[124.792235558,6.609880467],[124.792461271,6.609913844],[124.792609228,6.609912614],[124.792736851,6.609946883],[124.793079646,6.609973842],[124.79581129,6.610314167],[124.795740104,6.611570515],[124.795923309,6.612120064],[124.797042929,6.61288734],[124.797101637,6.612887068],[124.797261662,6.613033088],[124.797734098,6.613221104],[124.797736291,6.613221093],[124.797768876,6.613218208],[124.797779845,6.613218151],[124.798690743,6.613032764],[124.798760871,6.61310479],[124.798808174,6.613089879],[124.799191625,6.613207202],[124.799200124,6.613207183],[124.799206324,6.613205956],[124.799591262,6.612920709],[124.799784876,6.61291989],[124.799719141,6.612586441],[124.80108441,6.609784892],[124.802539774,6.610976807],[124.802575539,6.610989546],[124.802593419,6.610994606],[124.802608999,6.610997046],[124.802624493,6.610997008],[124.80265536,6.610997131],[124.802673261,6.6109972],[124.802734334,6.610981668],[124.802846703,6.61094815],[124.802964499,6.610886508],[124.803245103,6.610759617],[124.803621933,6.610588595],[124.803786505,6.610553887],[124.803823354,6.61051723],[124.804013113,6.610467911],[124.804013114,6.610467911],[124.804100239,6.610380795],[124.804885446,6.609492351],[124.805680678,6.609887245],[124.805743875,6.609887157],[124.805790211,6.609898701],[124.805813199,6.60989867],[124.805847699,6.609898623],[124.805870701,6.609898592],[124.806037532,6.60989837],[124.806343756,6.609959116],[124.806738456,6.610114305],[124.806759297,6.610129381],[124.806794869,6.610141075],[124.806818082,6.610141015],[124.806870715,6.610146777],[124.806893932,6.610146717],[124.808215676,6.609870947],[124.808469175,6.610997601],[124.808488109,6.611017807],[124.808507001,6.611044821],[124.808538728,6.611071829],[124.808837315,6.611229732],[124.808852651,6.611262309],[124.808877596,6.6112654],[124.809687197,6.612191951],[124.809689929,6.612207386],[124.809805716,6.61229391],[124.809959489,6.612379249],[124.810017333,6.61240035],[124.810041948,6.61240031],[124.810071517,6.612400263],[124.810096184,6.612400223],[124.810115899,6.612400191],[124.810145028,6.612400144],[124.810190055,6.612400044],[124.810219434,6.612399911],[124.810334693,6.612337812],[124.810522192,6.612099684],[124.811558499,6.612087275],[124.811592951,6.61209772],[124.811646459,6.612097762],[124.812465326,6.612402566],[124.812492646,6.61241677],[124.81256073,6.612425155],[124.812589674,6.612440183],[124.812673787,6.612439686],[124.812715325,6.612453856],[124.812860231,6.612452994],[124.812924831,6.612486325],[124.812948221,6.612486222],[124.812976186,6.612490925],[124.813004287,6.612490706],[124.813032369,6.612490545],[124.813060407,6.612490478],[124.813093147,6.612490399],[124.813116544,6.612490343],[124.813638676,6.612489093],[124.81385919,6.612629105],[124.813994463,6.612658122],[124.814015679,6.612658075],[124.81403461,6.612658032],[124.814097203,6.612624899],[124.814132344,6.61261872],[124.814202571,6.612417603],[124.814703973,6.612285675],[124.815346297,6.611729707],[124.816586593,6.612626642],[124.816618897,6.612639684],[124.81680972,6.612751849],[124.816970232,6.612799495],[124.817038815,6.612839717],[124.817113361,6.612861866],[124.817144422,6.612869286],[124.817350783,6.612870131],[124.817398645,6.612892713],[124.817460577,6.612893251],[124.817504243,6.61290093],[124.817529006,6.612901145],[124.817560007,6.612901415],[124.817597204,6.612901738],[124.817615808,6.612901899],[124.817653016,6.612902222],[124.81766544,6.61290233],[124.81772287,6.612879833],[124.81828392,6.612877059],[124.818334494,6.612891313],[124.818476774,6.612890605],[124.818539884,6.612904817],[124.818570827,6.612904664],[124.818607954,6.61290448],[124.818632703,6.612904358],[124.818855238,6.612903253],[124.819035004,6.612902367],[124.81908452,6.612902122],[124.819115455,6.612901969],[124.819152572,6.612901785],[124.819189699,6.612901602],[124.819208277,6.61290151],[124.819257769,6.612901265],[124.819294889,6.612901082],[124.819332028,6.612900898],[124.819381523,6.612900653],[124.819437209,6.612900378],[124.819468131,6.612900225],[124.819492876,6.612900102],[124.819536187,6.612899888],[124.819579481,6.612899675],[124.819616609,6.612899491],[124.819641362,6.612899369],[124.819672305,6.612899216],[124.819702241,6.612891811],[124.819918678,6.612890739],[124.81994961,6.612890587],[124.819980502,6.612890435],[124.82001144,6.612890282],[124.820054715,6.612890068],[124.820116554,6.612889763],[124.820178361,6.612889458],[124.8201969,6.612889367],[124.820240207,6.612889153],[124.820517256,6.61277225],[124.82053571,6.612772159],[124.820570136,6.612757629],[124.820598375,6.612743147],[124.820636341,6.612714326],[124.820750679,6.61167583],[124.821863136,6.611435718],[124.822215151,6.611327497],[124.822538707,6.611325944],[124.82289661,6.611219944],[124.823145582,6.611218755],[124.823181984,6.611218581],[124.823206272,6.611218466],[124.823230576,6.61121835],[124.823279167,6.611218119],[124.823314241,6.611204124],[124.823403157,6.611182986],[124.823443449,6.611162122],[124.823513639,6.611110273],[124.823609138,6.611072193],[124.823707658,6.610944067],[124.823997229,6.610845942],[124.824236145,6.610531227],[124.824377718,6.610458657],[124.824453723,6.610356036],[124.824542244,6.610275435],[124.824573204,6.610142969],[124.825064036,6.60906068],[124.825212335,6.60906278],[124.825536347,6.608102008],[124.826937427,6.608634851],[124.826995904,6.608608887],[124.827228666,6.607888475],[124.82805718,6.607884543],[124.828128536,6.607851422],[124.828157004,6.607851377],[124.828235703,6.607814803],[124.828249059,6.607814783],[124.828283932,6.60777852],[124.828359464,6.607749605],[124.828376643,6.60773166],[124.828384937,6.607720925],[124.828395418,6.607703086],[124.828536522,6.607425345],[124.828703201,6.607274866],[124.828720146,6.60723857],[124.828718454,6.607209446],[124.828716766,6.607180391],[124.828707951,6.607136968],[124.828419164,6.606307998],[124.829544365,6.604763677],[124.830418426,6.605051497],[124.830439947,6.605039366],[124.830466536,6.604979134],[124.83076632,6.604385866],[124.8314305,6.604006743],[124.831491664,6.603986054],[124.831515504,6.603958231],[124.831710679,6.603846822],[124.831728399,6.603814545],[124.832011721,6.603676963],[124.83203104,6.603645094],[124.83207126,6.603605593],[124.832047607,6.603312673],[124.83233247,6.603033014],[124.833011442,6.600692595],[124.834623667,6.602340665],[124.835511041,6.602442237],[124.83573194,6.603112865],[124.835750191,6.603149832],[124.835904904,6.603290178],[124.835928099,6.603321495],[124.835943521,6.603331011],[124.836454628,6.602554792],[124.836928286,6.602776026],[124.837785428,6.599994842],[124.839462483,6.604249086],[124.839855401,6.604335225],[124.839915033,6.604432436],[124.840917603,6.60469312],[124.841404638,6.605322893],[124.841472126,6.605436748],[124.841496297,6.605475142],[124.842089964,6.606022],[124.842124121,6.606994725],[124.842065098,6.607383778],[124.841900971,6.607711427],[124.841819105,6.607829496],[124.841795761,6.607865136],[124.841752721,6.608003204],[124.841750842,6.608007792],[124.841744373,6.608046766],[124.84174544,6.608067421],[124.841770095,6.608090036],[124.841794331,6.60810348],[124.841823572,6.608128484],[124.841992075,6.608196915],[124.842177139,6.608400799],[124.842193472,6.608413368],[124.842292456,6.608509007],[124.842474787,6.608614802],[124.842628837,6.608766879],[124.843925319,6.609534531],[124.844389072,6.608929722],[124.844501871,6.608746287],[124.844577094,6.608658418],[124.844685906,6.608444985],[124.844833102,6.60830649],[124.845061925,6.607961788],[124.845561765,6.607682066],[124.847285187,6.607030762],[124.847599226,6.607525708],[124.847632673,6.607529715],[124.848189025,6.608099257],[124.84845809,6.60858717],[124.848531891,6.608664938],[124.848547463,6.608689591],[124.848928639,6.609023366],[124.848973349,6.609114606],[124.849408324,6.609154263],[124.84977507,6.609307681],[124.849873885,6.609334497],[124.850295714,6.609501187],[124.850436642,6.609639783],[124.850585706,6.609687773],[124.85086166,6.609931313],[124.850884519,6.609942561],[124.850895605,6.609942336],[124.850940106,6.609941429],[124.850980877,6.609940598],[124.851025338,6.609939692],[124.851043894,6.609939314],[124.851110085,6.609930155],[124.851132319,6.609929702],[124.85211692,6.609482792],[124.852446849,6.609577394],[124.852461987,6.609577082],[124.852503656,6.609576225],[124.852526403,6.609575757],[124.852552919,6.609575211],[124.852571832,6.609570748],[124.852602095,6.609566052],[124.852825682,6.609367733],[124.853309597,6.60935782],[124.853331765,6.609349371],[124.853350168,6.609341005],[124.853483827,6.609246649],[124.853685006,6.608969277],[124.854139175,6.608650662],[124.854375193,6.60858366],[124.854466254,6.608478087],[124.854655815,6.608430123],[124.854681739,6.608403939],[124.854715975,6.608388616],[124.854740955,6.60835526],[124.854757606,6.608343997],[124.854793225,6.608130761],[124.85598066,6.607585054],[124.856485253,6.607660933],[124.856529321,6.607671316],[124.856602027,6.60767348],[124.856663648,6.607672099],[124.857331937,6.607381659],[124.858649899,6.608333013],[124.858663419,6.608363602],[124.858714338,6.608384183],[124.85885049,6.608499048],[124.858982302,6.608542912],[124.859145051,6.608555113],[124.859203931,6.60856945],[124.859292739,6.608568161],[124.859337507,6.608552167],[124.859456937,6.608504409],[124.860310173,6.608054495],[124.860894578,6.608495807],[124.86095397,6.608509947],[124.861028274,6.608508273],[124.861132374,6.608521016],[124.861266177,6.608517671],[124.861370222,6.60851507],[124.861459387,6.608512841],[124.861652218,6.608508925],[124.86177138,6.608521762],[124.861905032,6.608519085],[124.861964465,6.608517389],[124.862038744,6.608515028],[124.862142712,6.608511725],[124.86221695,6.608509366],[124.862366481,6.608504614],[124.862774585,6.608566888],[124.862977878,6.608646194],[124.862977881,6.608646195],[124.863187924,6.608703709],[124.863248428,6.608733409],[124.86331286,6.608741624],[124.863597061,6.608896925],[124.863718824,6.608956691],[124.863810288,6.609001585],[124.863917468,6.60906184],[124.863993353,6.609086344],[124.86420945,6.609228167],[124.864234499,6.609233425],[124.864562729,6.609393388],[124.864671794,6.609469533],[124.86473272,6.6094839],[124.865001058,6.609547175],[124.865022651,6.609556156],[124.865084224,6.609570677],[124.866023848,6.610029126],[124.86609764,6.611109289],[124.86611029,6.611289235],[124.866118479,6.611405726],[124.86612552,6.611505879],[124.866133758,6.611623081],[124.866199192,6.611671776],[124.866292021,6.611669304],[124.866402788,6.611700011],[124.86767646,6.611668811],[124.868003819,6.612916935],[124.868039868,6.613056788],[124.868098747,6.613177728],[124.868103581,6.613229952],[124.86863601,6.613975913],[124.868868116,6.614134328],[124.868961475,6.614219451],[124.869017696,6.614266807],[124.869064654,6.614304732],[124.869121133,6.614352304],[124.869290165,6.614484929],[124.869291335,6.614486122],[124.869641128,6.614721944],[124.869875756,6.614758862],[124.870028021,6.614860943],[124.870484786,6.61494753],[124.87076003,6.615438275],[124.871001963,6.615650544],[124.871089428,6.615988521],[124.871122307,6.616051923],[124.871187714,6.616168288],[124.871267069,6.616263293],[124.871317083,6.616359362],[124.871451301,6.616520194],[124.872060321,6.617618888],[124.871673339,6.618661792],[124.871820949,6.619401877],[124.869724079,6.621222156],[124.869227874,6.621286856],[124.869190442,6.621295161],[124.869153666,6.621315947],[124.869116554,6.621330496],[124.869080429,6.621363771],[124.868953111,6.621464674],[124.868934754,6.621476124],[124.868740086,6.621620485],[124.86867308,6.621668019],[124.868612357,6.621715222],[124.868558244,6.621768345],[124.868498787,6.621840592],[124.868440274,6.621925166],[124.868394493,6.622008966],[124.868360822,6.622079448],[124.868351061,6.622148086],[124.868294324,6.622353328],[124.868284967,6.622401988],[124.86828222,6.622464607],[124.868279122,6.622520987],[124.868282279,6.622577032],[124.868284385,6.622614399],[124.86828614,6.622645562],[124.868495881,6.623039656],[124.868537264,6.62310616],[124.868564403,6.623142183],[124.868688489,6.62325261],[124.868898673,6.623675019],[124.869107718,6.62389232],[124.869384782,6.624375974],[124.869451582,6.624928191],[124.869400637,6.625211853],[124.869354408,6.62540211],[124.869271237,6.625646656],[124.869209273,6.625741935],[124.86919434,6.625812932],[124.869128692,6.625996986],[124.869112862,6.626054142],[124.869053236,6.626327704],[124.868982488,6.626442397],[124.868956446,6.626543762],[124.868941964,6.626625757],[124.868939378,6.626694625],[124.868691093,6.627625911],[124.868694598,6.62789088],[124.868468785,6.628406873],[124.868447715,6.628483012],[124.868438208,6.628539784],[124.868430387,6.628627723],[124.868441715,6.628720874],[124.868447785,6.628833079],[124.868450146,6.628876717],[124.868466777,6.628950872],[124.868476117,6.629006662],[124.8688106,6.629849159],[124.868349546,6.630620542],[124.868353172,6.630688051],[124.8683506,6.630756966],[124.868355389,6.630844244],[124.868378985,6.630930532],[124.868388919,6.631111428],[124.868438553,6.631282319],[124.868557833,6.631552965],[124.86857436,6.63185284],[124.868577459,6.631909085],[124.86858125,6.631977857],[124.868585731,6.632059156],[124.868589178,6.632121704],[124.868611791,6.63218944],[124.868622548,6.632270413],[124.868646816,6.632369324],[124.868679062,6.632442552],[124.868737419,6.632764907],[124.86874226,6.632852555],[124.86877103,6.633017683],[124.868721761,6.633962995],[124.868615333,6.634115075],[124.868607833,6.634209426],[124.868606617,6.634303449],[124.868598102,6.634379064],[124.868606212,6.634528974],[124.868610267,6.634603928],[124.868613984,6.634672631],[124.868616687,6.634722599],[124.868620742,6.634797557],[124.868627838,6.634928722],[124.868625242,6.634997776],[124.868630507,6.635097732],[124.868634456,6.635172677],[124.868637417,6.635228873],[124.868641034,6.63529753],[124.868645635,6.635384863],[124.868647606,6.635422282],[124.868651215,6.635490773],[124.868653494,6.635533906],[124.868655871,6.635578181],[124.868712351,6.635942104],[124.868555091,6.636385236],[124.868509894,6.636481595],[124.868392568,6.636791347],[124.868139352,6.637088354],[124.868079593,6.637147795],[124.867669812,6.637531749],[124.867998236,6.638408673],[124.86785939,6.638978064],[124.867856143,6.639034571],[124.867859185,6.63909065],[124.867862194,6.639146255],[124.867864635,6.639190621],[124.867867473,6.639240571],[124.867876592,6.639290201],[124.867898631,6.639345411],[124.8679701,6.639440168],[124.868196272,6.639922426],[124.868219737,6.640332283],[124.868222966,6.640388682],[124.868232486,6.640444751],[124.868248659,6.640506759],[124.868291082,6.640586232],[124.868339808,6.640665384],[124.8683789,6.640705204],[124.868429127,6.640792652],[124.869309414,6.64156236],[124.868589047,6.642499564],[124.868562027,6.642661275],[124.868502291,6.642761685],[124.868491724,6.642799917],[124.868469915,6.642863869],[124.868460021,6.642914618],[124.868463893,6.642986576],[124.868448548,6.643053305],[124.868449558,6.643072075],[124.86915623,6.643065319],[124.873259502,6.643026093],[124.879015347,6.642971067],[124.880153823,6.642960183],[124.883421416,6.644888047],[124.902008848,6.655854541],[124.886808143,6.677562946],[124.887564638,6.677961087],[124.914745187,6.688658386],[124.9173563,6.689686027],[124.927617914,6.694086533],[124.93139386,6.695705779],[124.931269632,6.695810937],[124.944921702,6.700687038],[124.968874036,6.709820933],[124.969125813,6.709916945],[124.969185031,6.709965978],[125.006812492,6.711873362],[125.007669325,6.732336571],[125.004507965,6.730962064],[125.002962995,6.732091084],[125.002635414,6.731209137],[125.002427353,6.73128716],[125.002264909,6.731620597],[125.000302528,6.731900942],[124.999501491,6.731157122],[124.997483776,6.731045025],[124.997706962,6.730012785],[124.997446886,6.729869743],[124.996774863,6.730373761],[124.996081484,6.729310578],[124.996004208,6.729355656],[124.994642529,6.728980019],[124.994287609,6.72944943],[124.992392866,6.728420854],[124.992028759,6.728511881],[124.990911636,6.730216962],[124.989037878,6.728641919],[124.988335671,6.728446862],[124.985747909,6.727328532],[124.983524254,6.727055452],[124.981976798,6.727536594],[124.98167771,6.727926709],[124.981909954,6.72850179],[124.980160362,6.729473787],[124.979140231,6.732279147],[124.977672633,6.731789948],[124.974798878,6.731361029],[124.974241283,6.731489705],[124.974455743,6.731875732],[124.981196222,6.734122558],[124.980466277,6.736558184],[124.972396933,6.734406352],[124.971667771,6.734878163],[124.971586625,6.735186519],[124.971453312,6.735693108],[124.972254478,6.737295443],[124.971153073,6.737880584],[124.970562746,6.738970419],[124.96866534,6.738523972],[124.964216949,6.741065911],[124.966520746,6.736593837],[124.966220503,6.735907568],[124.96523399,6.736207811],[124.964333261,6.737280108],[124.963218072,6.737022756],[124.960086966,6.737237216],[124.959100452,6.736808297],[124.958628642,6.736979865],[124.958885993,6.739381809],[124.960179537,6.74099874],[124.958156831,6.742169781],[124.956870075,6.742512916],[124.955540427,6.743199186],[124.955025725,6.743885456],[124.955283076,6.745086428],[124.955283076,6.746072941],[124.954897049,6.746930779],[124.952207331,6.750145321],[124.950908105,6.748474886],[124.950350511,6.748903805],[124.950393402,6.749590075],[124.95037119,6.750323098],[124.950350511,6.751005507],[124.950007376,6.751863344],[124.950535988,6.753449186],[124.950264727,6.753750587],[124.95034603,6.754970124],[124.948634836,6.754779991],[124.946485555,6.758157436],[124.945761081,6.755852292],[124.945843229,6.756191039],[124.945990273,6.756797395],[124.950973325,6.777345705],[124.95063019,6.778031975],[124.952447014,6.783517219],[124.948615811,6.783517219],[124.948422935,6.783170043],[124.946417024,6.783324343],[124.945992697,6.783555795],[124.946090006,6.784762822],[124.945947033,6.785220334],[124.946032817,6.786306929],[124.943773844,6.786678659],[124.943459305,6.787136172],[124.942858818,6.787164767],[124.942344116,6.787450713],[124.94174363,6.788422928],[124.94105736,6.788909036],[124.940485468,6.789137793],[124.940342495,6.789280766],[124.939848061,6.790764071],[124.937397254,6.790939251],[124.936139092,6.791082224],[124.928100396,6.791915351],[124.927833875,6.789544148],[124.927543869,6.78952078],[124.901336651,6.787409072],[124.893349838,6.78675336],[124.89277903,6.786706783],[124.891872835,6.786632838],[124.891579213,6.786608878],[124.891546918,6.78661048],[124.891348479,6.78662032],[124.892942758,6.789718433],[124.888615028,6.790036595],[124.888856746,6.796458195],[124.887071545,6.796341769],[124.886685078,6.796370047],[124.886204351,6.796492586],[124.884545372,6.796690532],[124.884281443,6.796633976],[124.88402694,6.796605698],[124.883687604,6.79667168],[124.883188024,6.796747088],[124.882858114,6.796775366],[124.882433943,6.796747088],[124.880766157,6.796880225],[124.871229304,6.797641539],[124.870876828,6.797641557],[124.864278127,6.797641905],[124.854654951,6.79764241],[124.853900464,6.790241958],[124.853862622,6.790246274],[124.839579666,6.791875307],[124.839276626,6.79035201],[124.829644811,6.791900495],[124.822461432,6.794144499],[124.822790255,6.799679613],[124.823631214,6.81553635],[124.818506439,6.815887071],[124.80851197,6.816571055],[124.807700687,6.816609515],[124.804196208,6.816775648],[124.804202505,6.816856393],[124.804215484,6.817022817],[124.80444002,6.819901901],[124.805486326,6.841646872],[124.806128583,6.841581925],[124.807510701,6.84144216],[124.809307618,6.841806093],[124.811991621,6.841965313],[124.813083419,6.84317084],[124.814106979,6.843739485],[124.816085862,6.845718368],[124.816950202,6.846127792],[124.818428678,6.846923895],[124.81933851,6.848265896],[124.819543222,6.849835355],[124.819247527,6.850881662],[124.819588713,6.851882476],[124.821089935,6.853292715],[124.821567597,6.853747631],[124.822613903,6.854111563],[124.823000581,6.85504414],[124.824092379,6.855976718],[124.824865736,6.855999463],[124.825593601,6.856590854],[124.826048517,6.857728143],[124.826821873,6.858842687],[124.827640722,6.859570552],[124.827845434,6.861071774],[124.827663468,6.86184513],[124.827663468,6.862777708],[124.82743601,6.86400598],[124.827471148,6.864673605],[124.827562971,6.866418321],[124.820634902,6.866329458],[124.805999915,6.881000758],[124.804106407,6.882344935],[124.803959046,6.89933209],[124.803561883,6.91238008],[124.803846019,6.912361406],[124.803690359,6.930305192],[124.803591591,6.941690808],[124.803472154,6.948885853],[124.803529164,6.948886418],[124.810922238,6.948959739],[124.823832639,6.949087778],[124.82370115,6.957840079],[124.823590501,6.963358119],[124.822843603,7.000605583],[124.822191118,7.033144755],[124.822148839,7.035253212],[124.821963663,7.044487835],[124.825211978,7.062747508],[124.818736833,7.065132132],[124.803375569,7.070789277],[124.774116372,7.076005689],[124.771988632,7.075949368],[124.77204646,7.085056344],[124.772042875,7.085439312],[124.772052654,7.087150287],[124.772026806,7.087155556],[124.772029764,7.087197717],[124.775973393,7.091344031],[124.785478739,7.101337911],[124.785433718,7.102278628],[124.784970838,7.104167775],[124.784999922,7.105505669],[124.784480773,7.106876656],[124.784215792,7.10820156],[124.783950811,7.109438138],[124.783862484,7.111381331],[124.784127465,7.112529582],[124.784657427,7.113501179],[124.784862888,7.114206283],[124.784835953,7.114769089],[124.784924691,7.11558211],[124.784726125,7.115979241],[124.784637798,7.116862511],[124.784726125,7.117716338],[124.784961664,7.118717377],[124.784608356,7.120071724],[124.784696683,7.121484956],[124.784166721,7.123192611],[124.783607317,7.123928669],[124.782939569,7.124863577],[124.782754906,7.125910003],[124.78187022,7.130729846],[124.781964956,7.131593536],[124.783432005,7.131942345],[124.785093977,7.131942345],[124.786651723,7.131405191],[124.786879057,7.1313268],[124.790141446,7.127141094],[124.791310981,7.124001814],[124.792603626,7.122709169],[124.794645184,7.122688651],[124.796296896,7.12381715],[124.797527986,7.125971558],[124.796912441,7.128433738],[124.796912441,7.131080582],[124.797466431,7.133542762],[124.796420005,7.13625116],[124.794327152,7.137913131],[124.792049635,7.137974686],[124.788979376,7.139015452],[124.78841792,7.139205776],[124.786386621,7.140744638],[124.786017294,7.143268373],[124.78704389,7.144862072],[124.783969748,7.146044433],[124.783792895,7.145899735],[124.783450286,7.145973151],[124.783132149,7.145655015],[124.782210368,7.145655015],[124.78207985,7.145263462],[124.781394632,7.145238989],[124.780929663,7.145752903],[124.779832323,7.147593602],[124.777993015,7.147661724],[124.777503574,7.147930917],[124.777283325,7.148811911],[124.777258853,7.149546073],[124.776671524,7.15069626],[124.776549163,7.151626199],[124.775986306,7.152238],[124.775545809,7.152458249],[124.775132662,7.153461603],[124.773832764,7.153461603],[124.773269907,7.153975517],[124.77307413,7.154538374],[124.772852325,7.157041594],[124.770371638,7.156218319],[124.766988401,7.15509551],[124.75951455,7.150735764],[124.759340857,7.150634443],[124.757420129,7.152860723],[124.754538029,7.156154067],[124.75184125,7.158981939],[124.749475539,7.158760153],[124.749319073,7.158732126],[124.749123605,7.158727159],[124.748844829,7.158701024],[124.746766063,7.160349055],[124.743882008,7.161772355],[124.741915607,7.164075854],[124.741147774,7.164806231],[124.738319902,7.166173348],[124.736316043,7.169413231],[124.736095526,7.169615371],[124.736064713,7.169643617],[124.734742925,7.170855255],[124.732701613,7.173701855],[124.730267022,7.174694419],[124.72944205,7.175368254],[124.727288091,7.176973757],[124.720028719,7.182099053],[124.711796952,7.182737162],[124.711080838,7.182232627],[124.710650062,7.181792584],[124.710280843,7.181762532],[124.710125903,7.181824551],[124.710096797,7.181822312],[124.710009839,7.181871009],[124.709734685,7.181981146],[124.709621812,7.182088303],[124.709229709,7.182307881],[124.708501354,7.182724084],[124.707738316,7.182654717],[124.706940595,7.182377248],[124.704411096,7.182523181],[124.703960408,7.18117112],[124.703888443,7.180955223],[124.703818387,7.180807606],[124.702917304,7.178908894],[124.702084899,7.178041806],[124.701418551,7.177832732],[124.70107615,7.1777253],[124.699203238,7.177933402],[124.69804712,7.178627073],[124.697955833,7.178833989],[124.697700285,7.179413233],[124.697584673,7.180499984],[124.697931509,7.181563613],[124.697931509,7.183913969],[124.696035475,7.183760237],[124.695341804,7.183436524],[124.694625011,7.182765975],[124.694255053,7.18202606],[124.694093196,7.18075433],[124.693622132,7.17914788],[124.693515541,7.178784376],[124.69311586,7.177107631],[124.692850136,7.176312653],[124.693164815,7.175711904],[124.693515137,7.175043106],[124.693564895,7.174606629],[124.69365267,7.174259098],[124.693770318,7.173759501],[124.693885095,7.173424541],[124.694416909,7.172638381],[124.694925601,7.172314668],[124.695631262,7.171846226],[124.696636656,7.171204794],[124.697151714,7.170465798],[124.697168471,7.170441756],[124.697284082,7.169632474],[124.697226028,7.169404127],[124.696937247,7.168268254],[124.696914125,7.167574583],[124.697308992,7.166596],[124.697445939,7.166256609],[124.697630918,7.165493571],[124.697376572,7.165169858],[124.696567289,7.165077368],[124.696014628,7.165040524],[124.695526783,7.165008001],[124.687900668,7.162691206],[124.694532521,7.161585891],[124.694784269,7.161427384],[124.695783351,7.160798332],[124.696405433,7.160406651],[124.696823041,7.160023844],[124.69711737,7.159754042],[124.697237838,7.159643613],[124.697376251,7.15932353],[124.697562564,7.158892684],[124.697607795,7.158788086],[124.697613898,7.158605006],[124.697630918,7.158094415],[124.697065619,7.157159498],[124.697029736,7.157100153],[124.696136195,7.1562728],[124.695781129,7.155944035],[124.694463154,7.155134752],[124.693885093,7.154464202],[124.693650018,7.153304441],[124.693927486,7.152287062],[124.694876357,7.151803324],[124.695315204,7.151703117],[124.695537658,7.151685881],[124.696571821,7.151685881],[124.697105147,7.151837634],[124.697587842,7.151933734],[124.697696431,7.151963349],[124.698251368,7.152078961],[124.698829427,7.151824615],[124.699291874,7.151130944],[124.699374805,7.150851996],[124.69954622,7.150275417],[124.699501774,7.14923094],[124.699499975,7.149188666],[124.699483989,7.149151363],[124.697683166,7.144949442],[124.700993938,7.14627375],[124.701362221,7.14634503],[124.701788284,7.146427494],[124.702069127,7.14648185],[124.702311784,7.146400965],[124.702851214,7.146221155],[124.703109633,7.146135015],[124.703442824,7.145768505],[124.704150139,7.144990458],[124.704878494,7.144539572],[124.70581495,7.144643623],[124.706370192,7.14504463],[124.706537357,7.145266099],[124.707287421,7.146391617],[124.707436294,7.146477501],[124.707514443,7.146585901],[124.707756939,7.146662479],[124.70810286,7.146862038],[124.708829038,7.146679984],[124.708971152,7.146655268],[124.7093064,7.146297671],[124.709331069,7.146271356],[124.709491405,7.146100331],[124.709526089,7.145233243],[124.709283304,7.144470205],[124.706126532,7.140851467],[124.710316171,7.14120291],[124.710505184,7.141164699],[124.710774696,7.141175268],[124.711537734,7.141071218],[124.712169363,7.14065823],[124.712439506,7.140481597],[124.713306595,7.140030711],[124.714208367,7.140134762],[124.715395831,7.140012971],[124.715561025,7.139996028],[124.715703411,7.13989498],[124.716262639,7.139680454],[124.716585633,7.139268887],[124.716636215,7.13923299],[124.716675561,7.139154298],[124.716963896,7.138786894],[124.717282161,7.137885295],[124.717262342,7.137438587],[124.71736457,7.136839825],[124.717350193,7.136760753],[124.717087101,7.135313749],[124.716749488,7.134373255],[124.716601532,7.133961091],[124.716497481,7.133059319],[124.716844316,7.131914762],[124.717780771,7.131151724],[124.718717228,7.131047674],[124.719861785,7.131533243],[124.721006341,7.132192231],[124.721101681,7.132205231],[124.721232833,7.132283682],[124.721522819,7.132262659],[124.72176938,7.132296281],[124.724738391,7.131763382],[124.727180012,7.131325142],[124.727590494,7.131372506],[124.728081785,7.131429193],[124.728530034,7.131751932],[124.728948873,7.132053496],[124.729338942,7.13261422],[124.72950381,7.132851218],[124.72965773,7.132912786],[124.729765718,7.133013924],[124.729882244,7.133002592],[124.730091215,7.133086179],[124.730465332,7.132598437],[124.730322545,7.132094077],[124.730122223,7.131723672],[124.730058747,7.131533243],[124.729864114,7.131246416],[124.729841153,7.131203961],[124.729401402,7.130567971],[124.72891419,7.128827927],[124.728735044,7.127699313],[124.728611127,7.126918632],[124.728567354,7.126642864],[124.72842862,7.125949193],[124.727977734,7.125394256],[124.726884061,7.124866276],[124.725966088,7.124423117],[124.725272417,7.123729446],[124.725168367,7.122931724],[124.725272417,7.122064637],[124.72617419,7.120885395],[124.726833177,7.119775522],[124.72710421,7.118480585],[124.727145329,7.11828413],[124.727561531,7.116862104],[124.728463303,7.116411218],[124.729469127,7.116376535],[124.730613683,7.11731299],[124.731307354,7.118526914],[124.732139759,7.118908433],[124.732604567,7.118836924],[124.733041531,7.118769699],[124.73390862,7.118214762],[124.735894984,7.114559853],[124.736509886,7.113428433],[124.736926088,7.111971725],[124.736868867,7.11056979],[124.736896252,7.110297365],[124.736575062,7.108675511],[124.735030452,7.107425306],[124.73281785,7.10951415],[124.731307354,7.109994763],[124.73101653,7.11000025],[124.729469126,7.110029446],[124.727908367,7.109509193],[124.726555709,7.108329952],[124.725445835,7.106283623],[124.725307101,7.104376029],[124.725792671,7.102190965],[124.726434091,7.101262011],[124.728492514,7.098841406],[124.730298998,7.097944752],[124.729894019,7.097674829],[124.732798746,7.096606915],[124.731253068,7.095851376],[124.728543233,7.095098644],[124.727978684,7.094665823],[124.72747059,7.093668453],[124.727150679,7.093442633],[124.726717858,7.093536725],[124.726078036,7.093668453],[124.725438214,7.093536725],[124.72459139,7.093216814],[124.723857476,7.092727538],[124.723217654,7.091861896],[124.722766015,7.090939799],[124.722766015,7.089660155],[124.723226088,7.086930206],[124.72128381,7.086860839],[124.718691505,7.086097388],[124.716812636,7.086634207],[124.716769297,7.086585624],[124.716415398,7.087340459],[124.716365424,7.087405809],[124.716355201,7.087468854],[124.716021784,7.088180002],[124.715852517,7.089603921],[124.715250843,7.090701091],[124.715008543,7.092251812],[124.715057003,7.094820194],[124.715735443,7.099423897],[124.715556361,7.100355125],[124.715131743,7.101789246],[124.714356,7.102818919],[124.713215522,7.102961479],[124.711228661,7.102186119],[124.70962948,7.100683858],[124.708175679,7.097243195],[124.708078759,7.094093293],[124.711233964,7.08676871],[124.712149442,7.084643272],[124.712537081,7.081687525],[124.712533029,7.081639004],[124.712456955,7.080728026],[124.712343241,7.079361444],[124.711374041,7.078053023],[124.70987178,7.076938442],[124.708737066,7.075602422],[124.707714482,7.074398426],[124.706867258,7.07340086],[124.706235579,7.0731903],[124.705413457,7.07291626],[124.703814276,7.071704759],[124.702312015,7.069233297],[124.701052054,7.067924876],[124.699646713,7.067440276],[124.69963639,7.067417315],[124.699461468,7.067482377],[124.697514472,7.067924876],[124.696157591,7.068603317],[124.69470379,7.070977858],[124.692813849,7.0728678],[124.691699268,7.0733524],[124.690100087,7.0733524],[124.689227806,7.072480119],[124.68908744,7.070986847],[124.689759636,7.069739486],[124.690948085,7.068055638],[124.691438568,7.066676936],[124.691364589,7.065003735],[124.690617126,7.063986841],[124.689773911,7.063520978],[124.689565292,7.063318318],[124.688282518,7.062809632],[124.688065805,7.061870538],[124.688031334,7.060508935],[124.688090407,7.059371348],[124.688134747,7.058526855],[124.688789695,7.056458598],[124.689789353,7.055907063],[124.69094413,7.054803992],[124.692239811,7.052597734],[124.692977916,7.051339661],[124.693926749,7.050418998],[124.695070088,7.050122577],[124.696678548,7.050122577],[124.697701174,7.050457461],[124.700757929,7.051404018],[124.70264744,7.05140696],[124.703454557,7.050546035],[124.70332752,7.049572082],[124.702057145,7.045803304],[124.701676033,7.042330948],[124.701337267,7.040679461],[124.701125537,7.038646862],[124.702057145,7.037291796],[124.703264243,7.03676872],[124.70352039,7.036657723],[124.704597894,7.036190805],[124.707731484,7.035301543],[124.709974876,7.03490565],[124.709982477,7.034920075],[124.711312497,7.033221975],[124.711613235,7.032136148],[124.711557638,7.03096869],[124.710810705,7.029536035],[124.709915292,7.028514073],[124.709340625,7.027594605],[124.708826022,7.027186471],[124.708112597,7.026620651],[124.707689139,7.025731389],[124.707689139,7.02450336],[124.708035258,7.023828427],[124.708106868,7.023688787],[124.708536055,7.022851874],[124.710272233,7.021666191],[124.714083356,7.021031004],[124.715734843,7.020438162],[124.716624105,7.0195489],[124.717640405,7.018024451],[124.717812257,7.016209241],[124.71782803,7.01604231],[124.717936825,7.014890861],[124.716835834,7.012985299],[124.715438422,7.011969],[124.712982365,7.011037392],[124.71007283,7.010762524],[124.707800003,7.009980075],[124.706160587,7.008303399],[124.70593703,7.006701242],[124.707016715,7.005212022],[124.707816245,7.004719363],[124.709923793,7.003422409],[124.711376912,7.002938036],[124.712055315,7.002927268],[124.712400676,7.002921786],[124.718696046,7.003106364],[124.720566798,7.002176791],[124.721265252,7.001171848],[124.721430074,7.000956522],[124.721451367,7.000887508],[124.721483985,7.000621778],[124.721517185,7.000193158],[124.721660524,6.99992002],[124.721644323,6.999365607],[124.721613501,6.998949704],[124.721615607,6.998922522],[124.721586005,6.998578679],[124.720729038,6.997013781],[124.720198402,6.996557979],[124.719977864,6.996190022],[124.719334677,6.995816061],[124.717822799,6.994517397],[124.715475453,6.994144802],[124.70664496,6.994033024],[124.705154581,6.993325094],[124.704483911,6.992654424],[124.703068051,6.991015007],[124.703254348,6.98945011],[124.703664202,6.98803425],[124.704931024,6.986916466],[124.70692438,6.985618516],[124.707071273,6.98552287],[124.708135338,6.984829936],[124.708607147,6.984134639],[124.708843268,6.983786671],[124.709009579,6.982722277],[124.709029565,6.982594368],[124.709004466,6.982531619],[124.708656971,6.981662882],[124.708201539,6.981342393],[124.707736355,6.981015041],[124.707650965,6.980954952],[124.705527176,6.980545098],[124.703477905,6.981290287],[124.701428634,6.982557109],[124.700050034,6.982743406],[124.698596915,6.982259033],[124.697702688,6.980992211],[124.697069277,6.977303524],[124.695392601,6.974956178],[124.694014001,6.97413647],[124.691778433,6.974061951],[124.689505605,6.974546324],[124.687568113,6.974546324],[124.686301291,6.974248248],[124.685658966,6.973812384],[124.685258026,6.973540318],[124.684736394,6.972310756],[124.684736394,6.970745858],[124.685071729,6.968808366],[124.685928697,6.967392506],[124.687568113,6.966311982],[124.690325314,6.964896122],[124.690958725,6.964150933],[124.691187837,6.962690342],[124.6912568,6.9622507],[124.69082747,6.960996202],[124.689824159,6.958857574],[124.689431087,6.956959856],[124.689468007,6.956018382],[124.689505605,6.955059623],[124.68917027,6.953755542],[124.688574119,6.952786796],[124.687445548,6.952831228],[124.686452188,6.952870336],[124.677357609,6.95322839],[124.678837567,6.948931738],[124.678998436,6.948464698],[124.679221993,6.947197876],[124.678774879,6.946601725],[124.677209982,6.946638984],[124.675868641,6.947048838],[124.673633073,6.948352919],[124.673328074,6.948474919],[124.672328992,6.948874552],[124.670875873,6.949209887],[124.669161937,6.94902359],[124.666467247,6.94813338],[124.664988877,6.94764499],[124.664541764,6.948129363],[124.664653542,6.94898633],[124.665473251,6.950513969],[124.665734067,6.951967088],[124.665324212,6.953084872],[124.66409465,6.954649769],[124.661487449,6.956135874],[124.660368704,6.956773559],[124.659288179,6.957705045],[124.658335531,6.95907798],[124.656154966,6.962220557],[124.654071854,6.959828835],[124.653385346,6.958473422],[124.652618735,6.956959856],[124.651053836,6.955730294],[124.650242544,6.955730294],[124.649973418,6.955216833],[124.649302728,6.955593896],[124.648922443,6.955807693],[124.647625966,6.956028369],[124.64580491,6.95738834],[124.644794247,6.958822829],[124.643960566,6.9622507],[124.643038395,6.964178877],[124.641440895,6.96504516],[124.639168068,6.965641311],[124.637379613,6.965641311],[124.63499035,6.965352551],[124.634149735,6.965700392],[124.63255917,6.966358556],[124.631050162,6.969125071],[124.630044156,6.972059254],[124.629753303,6.972359197],[124.627361475,6.97482577],[124.623253619,6.975580274],[124.619397264,6.975664108],[124.616966084,6.975328773],[124.615708577,6.97373593],[124.614839544,6.972676304],[124.613780399,6.971640085],[124.611433053,6.969628074],[124.610854582,6.969416438],[124.610539387,6.969129269],[124.608448814,6.96853628],[124.607995867,6.968370567],[124.607901546,6.968381048],[124.607880219,6.968374998],[124.604159757,6.968774321],[124.601456831,6.968119066],[124.599777417,6.968305389],[124.598438815,6.968454401],[124.594204448,6.970293527],[124.591813054,6.970271374],[124.591662249,6.970261485],[124.588197119,6.969777112],[124.586147848,6.969851631],[124.584881027,6.97063408],[124.584290885,6.971907544],[124.584206846,6.971975374],[124.583423977,6.974290797],[124.582757237,6.97618574],[124.580782485,6.9789802],[124.579925381,6.981059472],[124.578770474,6.98386119],[124.577801728,6.985053493],[124.57712921,6.985428852],[124.576199571,6.98594772],[124.574746452,6.987065504],[124.57351689,6.988593142],[124.571613562,6.991723222],[124.569479941,6.995600525],[124.568743364,6.996025665],[124.567421208,6.997202723],[124.566200785,6.998152511],[124.561225329,7.003749583],[124.560091768,7.004996403],[124.558088968,7.006636791],[124.557015261,7.008482225],[124.556579068,7.010663191],[124.556612621,7.011669791],[124.556981708,7.013045478],[124.557989292,7.015316812],[124.558961354,7.017508071],[124.559032655,7.018063099],[124.559062014,7.018648884],[124.558961354,7.02012523],[124.558705669,7.020709654],[124.558256734,7.02173579],[124.557805674,7.022115448],[124.556420996,7.023280932],[124.555710466,7.023554212],[124.554781312,7.024046118],[124.553360252,7.023827493],[124.552321786,7.023226276],[124.546760828,7.019487119],[124.546412409,7.019252844],[124.545472916,7.019051524],[124.544667636,7.019387057],[124.543459716,7.020695637],[124.543071325,7.021218731],[124.541531296,7.02328556],[124.541110983,7.02384965],[124.540530868,7.024990175],[124.539901952,7.026226643],[124.539127139,7.027588435],[124.537812305,7.028785873],[124.536381448,7.029584492],[124.535374683,7.030017477],[124.533820845,7.030405936],[124.532388615,7.03087552],[124.531003344,7.031767729],[124.530451405,7.032769395],[124.530369406,7.032918208],[124.53013684,7.03408104],[124.530134614,7.034092167],[124.530674635,7.035101772],[124.531450365,7.035556301],[124.533674738,7.036859644],[124.53367997,7.03686271],[124.535018283,7.037379252],[124.542164959,7.03934718],[124.542076204,7.040096651],[124.533245755,7.040387753],[124.532526611,7.04041146],[124.530339387,7.039805342],[124.529186747,7.039427526],[124.528290324,7.038875881],[124.527436678,7.038113697],[124.52648667,7.036924046],[124.524741538,7.034146005],[124.524199698,7.032576263],[124.524141691,7.031300117],[124.52378094,7.030097615],[124.523270273,7.029689081],[124.523179689,7.029616614],[124.522097437,7.029857114],[124.52059431,7.030458365],[124.519440769,7.030890943],[124.519151307,7.030999491],[124.517667732,7.030954535],[124.517167179,7.030939366],[124.51635953,7.030856531],[124.514034908,7.030424195],[124.51223692,7.029796989],[124.50989204,7.028895113],[124.507607286,7.028534362],[124.506303936,7.028775723],[124.50436053,7.029135613],[124.502751597,7.029630594],[124.50272644,7.029638335],[124.501234025,7.030097615],[124.501425588,7.030365309],[124.500671114,7.033089828],[124.499981071,7.033113622],[124.498653331,7.035645369],[124.495433721,7.035087],[124.495038015,7.035497888],[124.494510344,7.035642632],[124.493325705,7.035967586],[124.492154101,7.038106915],[124.491545732,7.039217787],[124.488783182,7.041214082],[124.485109247,7.041934817],[124.484477245,7.041950085],[124.482691197,7.041993233],[124.480953602,7.042710872],[124.479882524,7.043153235],[124.477313821,7.044638811],[124.475474968,7.045416972],[124.473438488,7.046278764],[124.472754826,7.046666351],[124.471116856,7.047594961],[124.470260936,7.048347785],[124.469073717,7.049909501],[124.46821593,7.05117447],[124.467597518,7.052089784],[124.466554591,7.053489636],[124.46563221,7.053675816],[124.465337136,7.053735376],[124.463820695,7.054283647],[124.463384859,7.054441224],[124.463211828,7.054503784],[124.462988256,7.054606893],[124.459488998,7.056220719],[124.456766948,7.059694731],[124.456193014,7.060901114],[124.456192508,7.060902179],[124.456033029,7.062844925],[124.456271746,7.065486312],[124.456352268,7.066377288],[124.457637944,7.070187111],[124.458397479,7.072437831],[124.458553316,7.072899619],[124.458623329,7.075981527],[124.458222535,7.078011748],[124.457835624,7.078921256],[124.456742448,7.079679925],[124.456560419,7.079806254],[124.45603675,7.080215298],[124.454047463,7.081769152],[124.453861218,7.081933218],[124.451292459,7.084196081],[124.450540055,7.084830277],[124.446766637,7.088010865],[124.446574804,7.088125304],[124.442163592,7.090756854],[124.441624709,7.09107833],[124.439888823,7.091964772],[124.438144327,7.091636759],[124.436297915,7.090186829],[124.435191137,7.08790799],[124.43434843,7.087538672],[124.43348729,7.087764429],[124.432238255,7.08878839],[124.431541384,7.089539807],[124.431187017,7.09149348],[124.431601787,7.093042128],[124.432573231,7.094453882],[124.43364089,7.095556263],[124.434744115,7.096792151],[124.43496401,7.097020959],[124.435859679,7.09795293],[124.438250697,7.100440858],[124.445050011,7.110413201],[124.446874138,7.113088592],[124.454052751,7.12361724],[124.455170127,7.125256062],[124.460642454,7.133282155],[124.462826651,7.151752417],[124.463688276,7.159038596],[124.464920871,7.171696203],[124.464924673,7.171735246],[124.466020318,7.173671959],[124.474346462,7.189169511],[124.47484878,7.189277546],[124.476878251,7.189714031],[124.481125872,7.19062758],[124.481120838,7.197530311],[124.481120449,7.198064042],[124.489156015,7.197911045],[124.489324681,7.201304483],[124.489618852,7.207222989],[124.485258131,7.207232584],[124.481963926,7.207239832],[124.479259275,7.207245783],[124.474514555,7.207256223],[124.452039299,7.207305674],[124.449982052,7.2073102],[124.450394168,7.221305623],[124.450416293,7.222491312],[124.450450207,7.224898656],[124.450588855,7.231589991],[124.448856737,7.231218824],[124.448406866,7.23133879],[124.447747054,7.23091891],[124.44663737,7.231068867],[124.4461749,7.231627625],[124.445948179,7.231805499],[124.446062339,7.232593359],[124.445684919,7.232992366],[124.445842554,7.233343988],[124.444786343,7.234854246],[124.443979132,7.237101181],[124.442452651,7.235518167],[124.442150835,7.235363578],[124.441752826,7.235208257],[124.441453503,7.234759271],[124.441341071,7.234590623],[124.440914106,7.23432561],[124.44058284,7.234001705],[124.439356809,7.233650243],[124.439184161,7.233280282],[124.438713027,7.233214028],[124.438587883,7.23307416],[124.438267161,7.233025567],[124.437209563,7.232175871],[124.436762236,7.231690203],[124.436245331,7.23123294],[124.436261658,7.230792106],[124.435705693,7.229819171],[124.436529684,7.229245958],[124.436547897,7.228899922],[124.436130082,7.22809643],[124.436365772,7.22762505],[124.436402197,7.22733365],[124.436110798,7.227096888],[124.435569942,7.227232101],[124.43516375,7.22689655],[124.434690224,7.226823701],[124.434155054,7.227465906],[124.433265035,7.22679839],[124.433009867,7.22679839],[124.432475461,7.227065593],[124.431191806,7.226447536],[124.430793108,7.226399693],[124.429999466,7.226796514],[124.429230213,7.226527276],[124.427562036,7.227074219],[124.427172933,7.22580962],[124.426901818,7.22580962],[124.426598808,7.226160474],[124.426598808,7.226660992],[124.42551473,7.227328118],[124.425338923,7.227436307],[124.42529108,7.227803108],[124.425354871,7.228329389],[124.426288521,7.230636052],[124.423465044,7.230174031],[124.422805864,7.229961392],[124.422369954,7.229886968],[124.421859621,7.229855073],[124.420904047,7.230279772],[124.42037115,7.229791281],[124.420126615,7.229706226],[124.419797025,7.229727489],[124.419215885,7.230222535],[124.417970834,7.230091477],[124.416731484,7.228852127],[124.41680945,7.227643629],[124.416724395,7.22726088],[124.416766923,7.226633595],[124.416905138,7.226144526],[124.417287888,7.225495978],[124.417745061,7.224634791],[124.417936436,7.223826763],[124.417937876,7.223795566],[124.417968332,7.223135687],[124.417883276,7.222519035],[124.417915172,7.222115021],[124.417978964,7.221785431],[124.417872644,7.221509001],[124.417426103,7.221158147],[124.416649971,7.220966772],[124.415097708,7.22067971],[124.41450232,7.220647814],[124.41335407,7.220722237],[124.41269489,7.220669078],[124.412067606,7.220647814],[124.411448505,7.220770005],[124.411063875,7.220590678],[124.410392183,7.220916285],[124.408894615,7.221104461],[124.40819758,7.220233168],[124.408027469,7.220467071],[124.407687248,7.220615918],[124.407602192,7.220775397],[124.408266903,7.222002559],[124.394649568,7.224298599],[124.390839212,7.207042703],[124.388844317,7.198008455],[124.388437178,7.196164651],[124.384509772,7.178378673],[124.384291996,7.17821838],[124.384006769,7.178008438],[124.383345131,7.177521441],[124.383050319,7.176960241],[124.382221646,7.175382783],[124.382085102,7.175122859],[124.377082228,7.16973938],[124.376079354,7.169455995],[124.367595285,7.16705863],[124.366936095,7.166872361],[124.366745084,7.166869853],[124.366040516,7.166860602],[124.362478481,7.166813833],[124.359872635,7.166890867],[124.359090884,7.166871825],[124.358118464,7.166890592],[124.357527365,7.167079683],[124.356917233,7.167022835],[124.356459662,7.166795746],[124.353618872,7.165849419],[124.351764818,7.165890603],[124.351144772,7.166261754],[124.34893724,7.167583151],[124.346454085,7.16879517],[124.344088143,7.168021519],[124.34212049,7.167806951],[124.340895511,7.16816586],[124.33983748,7.169215253],[124.339788517,7.171289695],[124.339781418,7.171590472],[124.339892505,7.173385721],[124.33905723,7.174352245],[124.341631007,7.178781512],[124.345598196,7.185608732],[124.353262107,7.199960902],[124.354599358,7.211406167],[124.354629123,7.21146167],[124.35465196,7.211504072],[124.364283621,7.229430925],[124.366263437,7.23556097],[124.36640912,7.236012042],[124.374559671,7.275411526],[124.376259774,7.281484035],[124.377480629,7.285844742],[124.377573676,7.286177091],[124.38113073,7.28635718],[124.380103076,7.288797069],[124.37667433,7.296937708],[124.384261433,7.319861012],[124.396020075,7.355388001],[124.403329649,7.354124229],[124.405752382,7.363209477],[124.413155358,7.373654388],[124.45200512,7.423535557],[124.463254428,7.437708507],[124.470597915,7.437817013],[124.485293336,7.438655168],[124.486176924,7.449110079],[124.490922229,7.505225852],[124.495807834,7.519835494],[124.528049197,7.638289207],[124.533910809,7.635668948],[124.555524013,7.625644575],[124.578646778,7.615043098],[124.590365844,7.609324928],[124.64598135,7.603575178],[124.647868805,7.603699066],[124.651662494,7.600821096],[124.654671281,7.60147518],[124.657418434,7.601998447],[124.660296405,7.600951913],[124.662258658,7.599251294],[124.667491331,7.59898966],[124.670500118,7.599774561],[124.672593188,7.599251294],[124.673939745,7.597433686],[124.673409863,7.596426912],[124.674970006,7.595559454],[124.676153971,7.594908739],[124.677197033,7.594497353],[124.677868163,7.594194518],[124.678788479,7.594017165],[124.679299418,7.594223354],[124.679864925,7.593890081],[124.680236466,7.593885636],[124.680720865,7.593501854],[124.68139893,7.59314137],[124.681694313,7.593197164],[124.682518071,7.593065837],[124.683213081,7.593007338],[124.683772213,7.592767969],[124.684548032,7.592586271],[124.685047389,7.592476656],[124.685525989,7.591758751],[124.686910411,7.591100585],[124.68742238,7.590856791],[124.687848658,7.590893329],[124.688299297,7.590856791],[124.688969166,7.590613202],[124.689639035,7.59044269],[124.690467237,7.590527946],[124.69105185,7.590491408],[124.691392874,7.590625382],[124.692918714,7.590328691],[124.693560813,7.590649741],[124.69406017,7.5906741],[124.694425553,7.590844612],[124.694949269,7.591063842],[124.695509522,7.590954227],[124.696508236,7.590588844],[124.698524304,7.590260136],[124.698968482,7.591465763],[124.699346044,7.59152666],[124.700306334,7.589449768],[124.701855896,7.590684926],[124.702379611,7.590928514],[124.703500602,7.590655843],[124.703768069,7.590831079],[124.704862226,7.590877971],[124.705461008,7.591695819],[124.705710687,7.591884093],[124.70624456,7.59168606],[124.706709118,7.59108165],[124.707757688,7.591002189],[124.708688313,7.590968216],[124.709154836,7.591302532],[124.710046316,7.591691087],[124.711096027,7.592415928],[124.71146141,7.592440287],[124.712039628,7.592324643],[124.712813327,7.592732593],[124.713580631,7.592915285],[124.714274859,7.593317206],[124.714628062,7.593475539],[124.715005625,7.593463359],[124.715371008,7.593122335],[124.715602417,7.592452466],[124.716808498,7.591125777],[124.718281893,7.592026186],[124.71907601,7.591926922],[124.719682528,7.59236721],[124.720029878,7.592598583],[124.72081629,7.592594059],[124.721789309,7.592471194],[124.722093928,7.592094141],[124.723243352,7.592241648],[124.723890818,7.592044074],[124.724233775,7.591660012],[124.725116106,7.591523004],[124.72640955,7.591749843],[124.727195623,7.59201849],[124.727978342,7.591935359],[124.728890914,7.591517248],[124.729771904,7.5913893],[124.730938455,7.590768169],[124.731594152,7.590786289],[124.732827957,7.590496326],[124.733400951,7.590107226],[124.734257829,7.590252357],[124.735151654,7.590181666],[124.735316262,7.590431249],[124.735647118,7.590443072],[124.736186268,7.590545759],[124.73701926,7.590578381],[124.737164434,7.590566612],[124.737253612,7.590397369],[124.738778502,7.590491552],[124.739393572,7.590791904],[124.740292192,7.591068371],[124.740723027,7.59093388],[124.741339591,7.590982814],[124.741767734,7.590999895],[124.741962114,7.590973957],[124.741435502,7.590272419],[124.742514305,7.589497918],[124.742705896,7.588739928],[124.742663985,7.587559031],[124.744351972,7.586354629],[124.745261369,7.585599505],[124.745854102,7.58484438],[124.74653615,7.584300365],[124.747453667,7.583918743],[124.748062639,7.583610197],[124.748143835,7.583423447],[124.748177619,7.582747791],[124.748557936,7.582481569],[124.74868785,7.582213622],[124.74869597,7.581896957],[124.748001967,7.580323886],[124.749231865,7.579834572],[124.749564769,7.579404232],[124.750863909,7.578243126],[124.751594675,7.577910222],[124.751805785,7.577569198],[124.751692398,7.576730135],[124.75213057,7.576188862],[124.752089972,7.575993991],[124.751624074,7.57546383],[124.751821697,7.574706267],[124.751062203,7.571060683],[124.752781998,7.572895127],[124.754919955,7.573722721],[124.754876018,7.575128744],[124.755241401,7.575518485],[124.755862552,7.575603741],[124.757019598,7.575481947],[124.758115747,7.574836437],[124.758347156,7.574324901],[124.757641148,7.573148217],[124.758237541,7.572571062],[124.758237541,7.571441984],[124.759199717,7.570622353],[124.759893944,7.570196073],[124.759839717,7.568840358],[124.759893944,7.568807617],[124.759796512,7.567492232],[124.760161892,7.566578781],[124.760100995,7.565848015],[124.76019843,7.565105069],[124.760515096,7.564325585],[124.760515096,7.562701822],[124.762390064,7.562389324],[124.762557771,7.562221618],[124.763030893,7.561275373],[124.76361991,7.561103576],[124.763871468,7.560943493],[124.764961561,7.560893943],[124.765324923,7.560907919],[124.766211885,7.560627826],[124.766946085,7.561508866],[124.76721162,7.56174645],[124.767449204,7.561886205],[124.76761691,7.562053912],[124.767896421,7.562221618],[124.768161956,7.562375349],[124.76852532,7.562445226],[124.768776879,7.562431251],[124.768972536,7.562333422],[124.769196145,7.56215174],[124.769405778,7.561928132],[124.769629386,7.561774401],[124.769950823,7.561564768],[124.770607673,7.56134116],[124.771096816,7.561187429],[124.771376327,7.561117552],[124.771585959,7.561033698],[124.771627886,7.560852017],[124.7710239,7.560593166],[124.771320424,7.559258807],[124.771530057,7.558713761],[124.771795592,7.558294496],[124.771893421,7.557931132],[124.771781617,7.557665597],[124.771558008,7.557497891],[124.771222596,7.557400062],[124.770929108,7.55734416],[124.768894923,7.557451226],[124.769531557,7.555541318],[124.769517582,7.555233856],[124.769307949,7.55494037],[124.768356094,7.553248186],[124.770118529,7.552550555],[124.77042599,7.552243095],[124.770787025,7.552080046],[124.770892618,7.551993087],[124.771291488,7.551322262],[124.771948547,7.551322262],[124.772091408,7.551260148],[124.772290171,7.551160767],[124.77242682,7.551061385],[124.772538624,7.550937158],[124.772606949,7.550788086],[124.772600738,7.55062038],[124.772526202,7.550402983],[124.772482722,7.550104838],[124.772401975,7.549222827],[124.772377129,7.548707286],[124.772321227,7.5484961],[124.772277748,7.548297337],[124.771539948,7.54608397],[124.773346098,7.545924604],[124.773470326,7.545874913],[124.77358213,7.545775531],[124.773756048,7.545626459],[124.77404177,7.54544633],[124.77489141,7.544865742],[124.775805791,7.545284835],[124.776010766,7.545315892],[124.776178472,7.545272412],[124.776492062,7.545087111],[124.777159864,7.545042593],[124.77731049,7.545023959],[124.777543415,7.54495874],[124.777785657,7.544781716],[124.778080619,7.544381414],[124.779071406,7.544194744],[124.779602476,7.544166793],[124.779999455,7.544211723],[124.780473592,7.544363447],[124.780794776,7.544341422],[124.781566078,7.544978575],[124.782028623,7.545041391],[124.783428689,7.543931025],[124.784540112,7.544201061],[124.785198288,7.544699241],[124.785868097,7.544838936],[124.787012251,7.543447794],[124.787870206,7.543958564],[124.789013103,7.543783309],[124.79089464,7.542728348],[124.790922943,7.541102603],[124.791076831,7.539554448],[124.791747364,7.538794658],[124.792732482,7.538291401],[124.793738983,7.538165513],[124.7937458,7.537883613],[124.792753519,7.537430254],[124.792280164,7.537033565],[124.791827257,7.536600724],[124.787804061,7.533593977],[124.793340612,7.533982593],[124.793638303,7.533578168],[124.793262588,7.53176052],[124.796511229,7.532652515],[124.797037175,7.532346128],[124.797288707,7.532039504],[124.797368155,7.530912562],[124.794877245,7.527560662],[124.797507738,7.527031109],[124.79770075,7.526846541],[124.797689267,7.526114123],[124.798289344,7.525625355],[124.798790111,7.525087942],[124.798802784,7.524214384],[124.796358922,7.522581787],[124.800955693,7.521530414],[124.800989763,7.521186638],[124.800958082,7.520588118],[124.801494555,7.519516295],[124.80167971,7.518458784],[124.801603685,7.517722462],[124.801075992,7.516667794],[124.801596394,7.515858324],[124.801727562,7.515374205],[124.802034569,7.514892289],[124.802882099,7.514105074],[124.804039466,7.513281866],[124.804671987,7.512872291],[124.80495005,7.512504172],[124.804880058,7.512230931],[124.804091949,7.5116153],[124.803862343,7.510892833],[124.803611582,7.510049843],[124.803566598,7.50890422],[124.803272789,7.508018117],[124.80291892,7.507761808],[124.802215983,7.507999487],[124.801380614,7.508348317],[124.800453376,7.508621653],[124.799452496,7.508586039],[124.795806666,7.509014574],[124.79810618,7.506017532],[124.797962832,7.505154157],[124.797653153,7.504734624],[124.797500222,7.50416498],[124.797448176,7.502903138],[124.798136906,7.501570377],[124.799463446,7.500281215],[124.79984318,7.499370175],[124.799291127,7.498515362],[124.798207356,7.497531263],[124.79720599,7.496663584],[124.796496,7.4973529],[124.795635304,7.498020959],[124.794918045,7.498292117],[124.788730638,7.498511913],[124.79302432,7.495537504],[124.79395034,7.495008688],[124.794290602,7.494639382],[124.794578514,7.494247792],[124.794618783,7.494050888],[124.794390053,7.493619061],[124.794086616,7.493046201],[124.793569359,7.492459011],[124.793321566,7.492166913],[124.793114327,7.491938174],[124.792844236,7.491944808],[124.788599377,7.493318944],[124.791773116,7.489030287],[124.792066449,7.488649821],[124.792400542,7.487667262],[124.792448523,7.487384047],[124.792393216,7.487109147],[124.79219675,7.485625758],[124.793630608,7.484986864],[124.794266185,7.484764239],[124.795061773,7.485013312],[124.795662413,7.485091161],[124.795780687,7.485089529],[124.79644386,7.485080379],[124.797344973,7.485253178],[124.79773622,7.485278577],[124.798024634,7.485297299],[124.798046525,7.48529872],[124.798800761,7.485215271],[124.799806598,7.485669749],[124.80009914,7.485959703],[124.800506825,7.486236244],[124.801292836,7.486769411],[124.803124109,7.486438895],[124.803707972,7.487473822],[124.803843232,7.487696043],[124.804163211,7.488221742],[124.804358593,7.488192751],[124.80524805,7.489817586],[124.80618813,7.491534838],[124.807461886,7.492198435],[124.807648589,7.493556872],[124.807993108,7.494697471],[124.809703124,7.495525201],[124.810065891,7.495933051],[124.810701207,7.496647321],[124.811076994,7.496813644],[124.812855509,7.497600808],[124.814874712,7.498191666],[124.815982232,7.498872561],[124.817016257,7.499056179],[124.81755929,7.498594552],[124.818821026,7.495752566],[124.820417745,7.496602508],[124.820860797,7.495642553],[124.821518225,7.495268346],[124.822258755,7.494768118],[124.823326143,7.494256418],[124.824181519,7.49331833],[124.825269042,7.493157002],[124.825960708,7.492206889],[124.826328314,7.490982352],[124.826845725,7.490037211],[124.827642439,7.489055007],[124.828520559,7.488063065],[124.829371838,7.487101444],[124.831308675,7.484719998],[124.83200424,7.48312545],[124.833942977,7.481079758],[124.835505114,7.48039979],[124.836414789,7.479752631],[124.837467462,7.478870796],[124.838925123,7.476924517],[124.839970812,7.475908879],[124.840764303,7.475050844],[124.840889992,7.474401169],[124.841464829,7.472000749],[124.841435946,7.471454614],[124.841492869,7.470589783],[124.841246163,7.469784011],[124.841552681,7.469440062],[124.841667977,7.468778437],[124.842195186,7.468136814],[124.842194149,7.467374092],[124.842806759,7.466963064],[124.843254292,7.466297763],[124.84318989,7.465195488],[124.842846269,7.464699339],[124.842213841,7.463699557],[124.841340722,7.462791507],[124.841290839,7.462128028],[124.84116808,7.461684442],[124.839559758,7.461027192],[124.840196668,7.459510994],[124.840139095,7.458614564],[124.839761648,7.457952007],[124.839781873,7.457272117],[124.839356746,7.456857363],[124.840031615,7.455375012],[124.840979588,7.45490287],[124.841296072,7.454659684],[124.841561155,7.454519036],[124.841936239,7.454379132],[124.842086371,7.45428029],[124.842436089,7.453494433],[124.843860795,7.453728348],[124.844040027,7.453677065],[124.844178214,7.45360765],[124.844305464,7.45354963],[124.844421084,7.453485771],[124.844713154,7.453333559],[124.844997272,7.453312349],[124.845599594,7.453214619],[124.845670035,7.453148427],[124.845717813,7.45299913],[124.845877685,7.45269127],[124.846024297,7.452367361],[124.846118418,7.452296232],[124.84611287,7.452109977],[124.846673894,7.451350445],[124.846843508,7.450875035],[124.846846445,7.450028342],[124.847765645,7.449548045],[124.847821006,7.449482865],[124.848007292,7.449270317],[124.848208794,7.449131355],[124.848486292,7.448849129],[124.848733109,7.448554246],[124.848920447,7.448345294],[124.849408466,7.447921587],[124.849754267,7.447752011],[124.850159451,7.447460722],[124.850257729,7.447365662],[124.850883222,7.446493984],[124.851699576,7.446658419],[124.851925233,7.446651679],[124.852071358,7.446611137],[124.852835207,7.445656955],[124.854073134,7.446381514],[124.854183452,7.446308041],[124.854270063,7.446285358],[124.854317793,7.446151181],[124.85443576,7.445930916],[124.854525451,7.445614705],[124.854514152,7.445433919],[124.854761799,7.444852401],[124.855023534,7.444384498],[124.855119527,7.444225807],[124.855192612,7.444041208],[124.855232319,7.443097877],[124.856052695,7.442403607],[124.856126999,7.441600756],[124.85780018,7.440673781],[124.858300565,7.440985778],[124.858458871,7.440978108],[124.859276914,7.44039708],[124.860454813,7.441138048],[124.860618586,7.441347793],[124.860815557,7.441557697],[124.860903638,7.441661908],[124.861013394,7.441696779],[124.861143488,7.441682103],[124.861231457,7.441637194],[124.861325661,7.441475018],[124.861329263,7.441267089],[124.861029419,7.439886389],[124.862487153,7.439611257],[124.862667003,7.439479805],[124.862803893,7.439330034],[124.862860392,7.43912828],[124.862337517,7.437642755],[124.864097257,7.437241023],[124.864253075,7.437120368],[124.864394673,7.436960928],[124.864461356,7.436741938],[124.864446145,7.43588613],[124.864910368,7.43553299],[124.865493739,7.434688383],[124.866190837,7.434682641],[124.867231252,7.433986441],[124.867934126,7.435027206],[124.868027589,7.435057953],[124.868087502,7.435033953],[124.870207062,7.432253517],[124.870753841,7.434880979],[124.870906014,7.434906203],[124.871786858,7.434592381],[124.872475409,7.435265402],[124.872719292,7.435371094],[124.872975007,7.435833907],[124.873073796,7.435904258],[124.873754741,7.435202171],[124.875317652,7.435982301],[124.875459762,7.436079514],[124.875597696,7.43591348],[124.875933071,7.435578105],[124.876867369,7.434698767],[124.877968452,7.43504613],[124.87884705,7.4352325],[124.879182741,7.435982868],[124.879425599,7.436376066],[124.879599069,7.43658423],[124.879841927,7.43660736],[124.880188867,7.436480148],[124.880281384,7.436191032],[124.880292949,7.435867221],[124.880258255,7.435601234],[124.880258255,7.435208036],[124.88048702,7.433881186],[124.881692273,7.433750888],[124.882027648,7.433693065],[124.882189553,7.433403948],[124.882224247,7.432976056],[124.882139524,7.43129571],[124.882663704,7.430813464],[124.882883433,7.430501218],[124.882987515,7.430119584],[124.883103162,7.429691692],[124.883068468,7.429425705],[124.881913588,7.428600792],[124.883577313,7.427020255],[124.883681395,7.426800526],[124.883646701,7.426569233],[124.883635136,7.426372634],[124.883461666,7.426118211],[124.883311325,7.425921612],[124.882848739,7.425748142],[124.881289552,7.425322909],[124.88146098,7.42360868],[124.881368462,7.423365822],[124.881160298,7.423053576],[124.879943612,7.421589749],[124.880914267,7.420448046],[124.881197113,7.420151365],[124.881524331,7.419992611],[124.882891343,7.418879183],[124.883799067,7.420432315],[124.884062684,7.420636605],[124.88431631,7.42069487],[124.884571605,7.420555638],[124.884841751,7.420363862],[124.885006957,7.420264408],[124.885119028,7.419994044],[124.885567523,7.419826912],[124.886452075,7.419111481],[124.886983246,7.419112076],[124.887481801,7.418909755],[124.887990388,7.419233615],[124.888272067,7.419289786],[124.888590749,7.419289361],[124.88887215,7.419225116],[124.889648145,7.419372355],[124.889972383,7.419385643],[124.890209198,7.419273477],[124.890776034,7.417898045],[124.891943025,7.417831671],[124.892116629,7.417767215],[124.892331561,7.417660215],[124.892630504,7.417614658],[124.892916865,7.417472176],[124.893440222,7.417513073],[124.893613567,7.417427161],[124.893706643,7.417255394],[124.894280356,7.415438514],[124.896426354,7.416378419],[124.896711356,7.417031264],[124.89725276,7.417181517],[124.897268837,7.417195705],[124.898296127,7.417483838],[124.898567704,7.418302375],[124.898742273,7.418632529],[124.898909546,7.418726203],[124.899153211,7.41882595],[124.899363019,7.418710155],[124.90083983,7.418114167],[124.901786189,7.419860183],[124.901865707,7.419896802],[124.902870105,7.419735423],[124.903294693,7.420159479],[124.903466098,7.420191112],[124.905133333,7.420281525],[124.904837211,7.421906013],[124.904930191,7.422109703],[124.905198737,7.422262957],[124.905666664,7.42237807],[124.905949306,7.422351839],[124.90622755,7.422284192],[124.908382387,7.421626532],[124.908440058,7.423424172],[124.908529347,7.42346008],[124.909420624,7.423026375],[124.909655954,7.423116317],[124.909969946,7.422602386],[124.91126358,7.422844025],[124.912354147,7.423153858],[124.913314044,7.423696098],[124.913505283,7.424208933],[124.9144598,7.424598816],[124.915124848,7.424898281],[124.9157997,7.425403389],[124.91668544,7.425695504],[124.917501034,7.425891581],[124.91813725,7.426482463],[124.919241068,7.426740205],[124.92040566,7.427513716],[124.921794845,7.428462442],[124.922691173,7.429241747],[124.923431192,7.430611465],[124.924287178,7.43204989],[124.925102511,7.433529553],[124.925405668,7.434310176],[124.925445663,7.434548303],[124.925741672,7.434568056],[124.927409426,7.429995143],[124.928545431,7.434179284],[124.928586298,7.434184882],[124.929579683,7.435135639],[124.92982309,7.435701461],[124.930023188,7.435718253],[124.931112459,7.43461541],[124.931549512,7.435405374],[124.932077473,7.435101251],[124.932013432,7.433293321],[124.934293046,7.434101984],[124.934427678,7.433909246],[124.934784427,7.433239596],[124.934947395,7.432483889],[124.934521932,7.431711851],[124.936334463,7.430434138],[124.937285827,7.429709843],[124.938313746,7.42929549],[124.938843098,7.428624997],[124.939151092,7.427873015],[124.939321498,7.427521023],[124.939702107,7.426734841],[124.940529567,7.426014753],[124.940763547,7.425811135],[124.941170261,7.424857996],[124.941219807,7.424358258],[124.940463787,7.423001512],[124.94177725,7.42255515],[124.942111833,7.422040872],[124.942500324,7.421443733],[124.942923546,7.420731585],[124.943300796,7.419718559],[124.942590027,7.41842754],[124.944566779,7.417644401],[124.944862624,7.417457767],[124.945122027,7.417294123],[124.945735575,7.417039949],[124.946604926,7.416480562],[124.946917921,7.416279164],[124.94667075,7.415131798],[124.948077239,7.414631813],[124.948348826,7.414460407],[124.950817488,7.412902378],[124.950695944,7.415278972],[124.951261602,7.415819778],[124.952108118,7.415675432],[124.952126213,7.415627795],[124.952152505,7.415558579],[124.952411542,7.414876635],[124.952457493,7.414668791],[124.952500605,7.414473792],[124.953093719,7.411791046],[124.955087555,7.413572851],[124.955454004,7.413205811],[124.955477968,7.413181808],[124.955826961,7.412734914],[124.956288464,7.411477338],[124.957443542,7.411882542],[124.957946313,7.411334436],[124.956434662,7.405723274],[124.961034294,7.411053202],[124.962167352,7.410384011],[124.962649428,7.410100627],[124.963587499,7.409429856],[124.964744822,7.409084691],[124.966315755,7.408737865],[124.967567992,7.408629483],[124.968572717,7.408564737],[124.969269191,7.407744508],[124.969783956,7.406797122],[124.970015446,7.40570137],[124.970893672,7.404717635],[124.971304145,7.403794285],[124.972364166,7.401719751],[124.974842033,7.400046706],[124.97551591,7.402596577],[124.97543116,7.403343953],[124.974943163,7.404385604],[124.975286808,7.404788393],[124.975721195,7.404586367],[124.977597528,7.402908761],[124.978131434,7.405403998],[124.978573341,7.405381553],[124.980413278,7.405503385],[124.980933783,7.40687797],[124.981352942,7.407262525],[124.981978398,7.407583746],[124.982345553,7.408245721],[124.983059173,7.408461814],[124.984085816,7.4081104],[124.984445419,7.407772332],[124.984143611,7.40685787],[124.98459685,7.405716147],[124.985703654,7.404410528],[124.98667659,7.404654374],[124.986676893,7.40465415],[124.987473301,7.404062825],[124.988276554,7.404358403],[124.988592162,7.404318968],[124.989021768,7.404003695],[124.989421946,7.403041505],[124.991216159,7.402862606],[124.992726573,7.403137572],[124.994197248,7.403393222],[124.99530946,7.403353736],[124.995955515,7.403532026],[124.996960971,7.403497169],[124.998029097,7.404377975],[124.998620191,7.404692083],[124.99967745,7.404867967],[124.999678307,7.404867875],[125.000901426,7.404729959],[125.002317885,7.404768663],[125.002749925,7.40482703],[125.003880372,7.404534254],[125.004795659,7.405038898],[125.006105568,7.405659637],[125.006511189,7.406564068],[125.006854949,7.406840693],[125.007440574,7.406819145],[125.008166599,7.406461732],[125.008792671,7.405774383],[125.009680793,7.406168751],[125.009680916,7.406168729],[125.011220987,7.405891852],[125.012184473,7.405430903],[125.013847766,7.405503221],[125.01499684,7.404899102],[125.016268717,7.405043701],[125.017278305,7.405178358],[125.018123901,7.405347423],[125.018721879,7.405238071],[125.019236446,7.40504289],[125.022088924,7.404625057],[125.022626778,7.405113495],[125.023629638,7.405145245],[125.023629894,7.40514521],[125.024442256,7.405032414],[125.025159489,7.404698154],[125.025971806,7.405255824],[125.026804463,7.405290463],[125.027944565,7.40477103],[125.02895729,7.404134358],[125.03072008,7.402948607],[125.031794399,7.405009832],[125.032295284,7.40521041],[125.032694992,7.405180305],[125.032902037,7.404913822],[125.034574587,7.404662696],[125.036116658,7.405208037],[125.038054594,7.405430796],[125.038800847,7.405905951],[125.040565536,7.406061578],[125.042544694,7.406692967],[125.043984902,7.403957815],[125.046828226,7.404642533],[125.053772432,7.411979559],[125.062816998,7.427038807],[125.063537079,7.428479776],[125.066153782,7.433566849],[125.066953345,7.451181651],[125.085933804,7.451252504],[125.087291729,7.451245638],[125.089603924,7.451469115],[125.09889877,7.452124056],[125.124068944,7.453959513],[125.130410016,7.463113232],[125.155311066,7.465819585],[125.159822097,7.483215273],[125.158025162,7.483820855],[125.157783748,7.483999939],[125.157665596,7.484220317],[125.157757312,7.484509122],[125.157949527,7.484807991],[125.157972563,7.485003694],[125.158576464,7.48503098],[125.158909075,7.485937467],[125.15945815,7.486220112],[125.159317093,7.487497431],[125.159429384,7.487649299],[125.160647769,7.488227916],[125.1600152,7.489264176],[125.160071702,7.489555355],[125.160254361,7.490111485],[125.160529269,7.490814498],[125.16055408,7.491018879],[125.160747846,7.491410972],[125.161073216,7.491888269],[125.160745674,7.493201359],[125.160739394,7.493389304],[125.160747793,7.493515026],[125.161928352,7.494842377],[125.160796904,7.495975509],[125.160737143,7.496183423],[125.160755486,7.496304483],[125.160955635,7.496597057],[125.161830941,7.497022499],[125.161962363,7.497857666],[125.162016673,7.498317495],[125.162018248,7.49881078],[125.161724248,7.499317157],[125.161676887,7.499550627],[125.161754577,7.499789255],[125.162060111,7.500265373],[125.162267749,7.500513451],[125.16247725,7.500756189],[125.162689056,7.500959428],[125.16298379,7.501431775],[125.16311101,7.501716288],[125.163216948,7.50188],[125.163979129,7.502117778],[125.164131642,7.504081607],[125.164232306,7.5043688],[125.164341667,7.504554648],[125.16443612,7.504777335],[125.164563857,7.505359346],[125.164710855,7.5060933],[125.164484223,7.506989337],[125.164495415,7.507912989],[125.163508956,7.508474644],[125.163368511,7.508790901],[125.163441139,7.509029184],[125.16362012,7.509160581],[125.163764572,7.509217695],[125.164053112,7.509271259],[125.164306501,7.509227551],[125.164468667,7.509299815],[125.189726076,7.505808352],[125.211169505,7.49908872],[125.229413891,7.49187726],[125.230315995,7.487535706],[125.230639898,7.484726317],[125.230774953,7.479554215],[125.230200137,7.478596085],[125.229107828,7.4770172],[125.227765071,7.475930923],[125.225846709,7.474461177],[125.224760359,7.473119624],[125.224186466,7.471522938],[125.224380339,7.470182109],[125.225085781,7.46922471],[125.226175887,7.46782055],[125.227009776,7.466543948],[125.228035861,7.465139748],[125.228999856,7.461977119],[125.23013622,7.457016187],[125.232767392,7.456921012],[125.232438713,7.450478909],[125.232767392,7.449295666],[125.233257167,7.448307015],[125.232797178,7.44715704],[125.231693202,7.44582307],[125.231693202,7.444811092],[125.232107193,7.443201127],[125.231601204,7.441591162],[125.231831199,7.440487186],[125.232521184,7.438279235],[125.232504449,7.428194494],[125.23528108,7.428662999],[125.236975603,7.425264683],[125.239684639,7.422432509],[125.239807777,7.419723473],[125.240124832,7.417666613],[125.240669743,7.414059125],[125.237018396,7.413377434],[125.230222821,7.411781518],[125.233383293,7.40415307],[125.249400868,7.400379568],[125.25260067,7.400460404],[125.254653934,7.397672793],[125.259760099,7.386368182],[125.259984122,7.386085205],[125.259984122,7.385542832],[125.259364833,7.384595686],[125.259689354,7.384045412],[125.258756002,7.382614264],[125.261139612,7.382123526],[125.263338037,7.381556188],[125.263144033,7.383172899],[125.263462382,7.383373341],[125.264556055,7.382972328],[125.264841896,7.384163319],[125.265113082,7.384363761],[125.265325315,7.384469877],[125.265726199,7.384092574],[125.266027184,7.383635523],[125.266669456,7.383314387],[125.266808496,7.381889231],[125.268178667,7.381640106],[125.268803575,7.381427873],[125.269440274,7.381687269],[125.269687879,7.381722641],[125.269888322,7.381616525],[125.270411134,7.380897655],[125.271621555,7.381085943],[125.272258254,7.380991617],[125.272883162,7.380437454],[125.273154348,7.380178058],[125.273201511,7.379906872],[125.273142557,7.379529569],[125.273060022,7.379022568],[125.273107185,7.378491986],[125.273118976,7.377890661],[125.272873032,7.376865889],[125.274144768,7.376204588],[125.274498489,7.375827285],[125.274757885,7.375155214],[125.275182351,7.374789702],[125.27566577,7.374365237],[125.231202926,7.356423014],[125.228901704,7.35742604],[125.228905131,7.354931649],[125.229098447,7.353973949],[125.229035132,7.353463083],[125.228462221,7.351368879],[125.228207809,7.350219352],[125.228275226,7.347729063],[125.228341524,7.346068892],[125.228855825,7.344345118],[125.229689574,7.343004665],[125.231676138,7.340962459],[125.23391832,7.339175819],[125.235263532,7.338154906],[125.235528846,7.337839911],[125.236930012,7.336176358],[125.237635483,7.335027373],[125.237829096,7.333814254],[125.237831433,7.332090186],[125.237896633,7.331196271],[125.238281544,7.330494088],[125.238794494,7.329728116],[125.238987694,7.328834257],[125.238989076,7.327812585],[125.238885176,7.327378575],[125.238734871,7.326554699],[125.238416139,7.325660555],[125.237269955,7.32150939],[125.236824358,7.319785068],[125.237018575,7.318124967],[125.237339836,7.31716732],[125.237981354,7.315954452],[125.239839727,7.313976001],[125.24080119,7.312763307],[125.242147169,7.311103825],[125.243109651,7.309124868],[125.244008311,7.307018166],[125.244203636,7.304527957],[125.24433478,7.30216542],[125.244083964,7.298334017],[125.243792248,7.296541555],[125.246259597,7.2953871],[125.245564501,7.29048054],[125.240309938,7.278891185],[125.253516826,7.275035828],[125.255211141,7.259347723],[125.253742695,7.257489161],[125.248747642,7.250938898],[125.241955903,7.246105065],[125.240261891,7.240923452],[125.239739283,7.236020917],[125.23823557,7.233013491],[125.234202885,7.230689571],[125.231195459,7.229049157],[125.228871539,7.227272042],[125.227641228,7.224332966],[125.226821021,7.219411724],[125.223471842,7.2108679],[125.225043997,7.20527122],[125.226704551,7.196062693],[125.226997409,7.193372405],[125.228769365,7.17585836],[125.245670626,7.157440583],[125.25694257,7.147274298],[125.258404567,7.147365287],[125.282149152,7.120578602],[125.288646404,7.115205566],[125.289707387,7.110252928],[125.291630369,7.10567326],[125.287777353,7.097518873],[125.287220348,7.095494024],[125.286472337,7.091330333],[125.288372321,7.087305624],[125.288555307,7.082787957],[125.288601296,7.079055232],[125.288120288,7.076001459],[125.287777276,7.071677779],[125.289338261,7.068278346],[125.28982403,7.066011423],[125.289014415,7.063582577],[125.289985953,7.0616395],[125.292252876,7.059210654],[125.29192903,7.056457962],[125.291281338,7.053543346],[125.289014415,7.052409885],[125.287557107,7.049819116],[125.287395184,7.04739027],[125.289662107,7.04528527],[125.28982403,7.042532577],[125.290633646,7.0405895],[125.292252876,7.038160654],[125.292738646,7.036055654],[125.291767107,7.034112577],[125.289176338,7.032817193],[125.287233261,7.033464885],[125.285775953,7.033950654],[125.283185184,7.032817193],[125.280108646,7.032493347],[125.277679799,7.031359885],[125.274765184,7.029092962],[125.271526723,7.028769116],[125.269097876,7.029416808],[125.265697492,7.030874116],[125.261973261,7.030874116],[125.259220569,7.029416808],[125.258410953,7.026502193],[125.260515953,7.02213027],[125.259868261,7.018891808],[125.258410953,7.016948731],[125.25614403,7.016301039],[125.253391338,7.016301039],[125.251286338,7.015653347],[125.250800569,7.013872193],[125.251448261,7.011767193],[125.254200953,7.010147962],[125.255982107,7.0090145],[125.255658261,7.007557193],[125.248623934,7.000539738],[125.237684343,6.977054339],[125.234443843,6.966086493],[125.227932295,6.955617185],[125.226935218,6.952875224],[125.224691795,6.951130339],[125.222946911,6.950382531],[125.220952757,6.948388377],[125.219207872,6.946144954],[125.219457141,6.943901531],[125.218958603,6.939663954],[125.216216641,6.938916147],[125.214471757,6.937171262],[125.212976141,6.936672724],[125.211979064,6.93467857],[125.212726872,6.932435147],[125.211729795,6.930690262],[125.212726872,6.92819757],[125.211729795,6.926701954],[125.209735641,6.926452685],[125.208987834,6.92495707],[125.207492218,6.923461454],[125.205747334,6.921965839],[125.205747334,6.920220954],[125.205996603,6.916980454],[125.206245872,6.9149863],[125.204449031,6.912437068],[125.203730704,6.91246024],[125.203012377,6.91195046],[125.202456254,6.911765085],[125.201515447,6.912043843],[125.200579334,6.910861383],[125.199721976,6.910258059],[125.199721976,6.908497856],[125.199513429,6.908034419],[125.198632899,6.907382174],[125.198632899,6.906134328],[125.198934133,6.905369658],[125.199328055,6.904836705],[125.199374398,6.904489128],[125.198910451,6.904224015],[125.198864618,6.903307364],[125.197655002,6.902450553],[125.197451136,6.900758462],[125.197219417,6.9004804],[125.196895011,6.900318197],[125.196037653,6.900318197],[125.193900865,6.901386592],[125.19360461,6.89897423],[125.193025314,6.89897423],[125.191645222,6.899392441],[125.190777646,6.898371762],[125.18961364,6.897370175],[125.189642226,6.896541187],[125.18968857,6.896100922],[125.189178789,6.895197221],[125.18906293,6.894478894],[125.188831212,6.893714223],[125.188298259,6.893343474],[125.187464073,6.892903209],[125.187093324,6.892138538],[125.1865372,6.891512898],[125.18591156,6.891072633],[125.185772529,6.890562853],[125.185262749,6.890238447],[125.180282657,6.890607343],[125.18213455,6.88875545],[125.181856488,6.888523731],[125.181346708,6.888616418],[125.180813756,6.888523731],[125.180443006,6.888315185],[125.178622356,6.888315185],[125.177917276,6.886669984],[125.17766757,6.886523099],[125.177129433,6.88548822],[125.176616342,6.88548822],[125.17645745,6.885117471],[125.176295247,6.885163815],[125.174511015,6.884375972],[125.173769517,6.883750332],[125.172332863,6.883750332],[125.17179991,6.883935707],[125.170021827,6.884380227],[125.169621758,6.882846631],[125.169158321,6.882661256],[125.168463166,6.882452709],[125.168046073,6.882035616],[125.167698495,6.881966101],[125.16725823,6.881780726],[125.16700334,6.881850242],[125.166261841,6.881919757],[125.165025932,6.881602858],[125.164686156,6.880645306],[125.164269063,6.879602573],[125.164330418,6.87831413],[125.164523953,6.878096404],[125.164408094,6.877887857],[125.164871531,6.877517108],[125.164825187,6.877239046],[125.164454438,6.87665975],[125.162546454,6.875473706],[125.163272674,6.873948645],[125.16385197,6.872952256],[125.163898313,6.872071726],[125.16322633,6.871561945],[125.162331523,6.87150931],[125.162067738,6.870750931],[125.161743332,6.870403353],[125.161372583,6.870148463],[125.161164036,6.869291105],[125.1607006,6.868943528],[125.158556263,6.869747652],[125.158985884,6.867599561],[125.158708036,6.867320963],[125.159124915,6.866278766],[125.159402977,6.865745814],[125.159310289,6.865050659],[125.159148087,6.864610394],[125.159240774,6.863544489],[125.158962712,6.863150568],[125.158661478,6.86291885],[125.15805901,6.862154179],[125.157272359,6.859878507],[125.157526058,6.859466245],[125.157618745,6.859049153],[125.157595573,6.858585716],[125.157012201,6.858075263],[125.156935176,6.857143269],[125.156332708,6.857514018],[125.155203387,6.861063314],[125.151111111,6.853430975],[125.143590771,6.851961483],[125.137258991,6.855800891],[125.127447973,6.857832247],[125.124274295,6.855928591],[125.107978239,6.843703591],[125.105246563,6.842474639],[125.098002442,6.839700699],[125.090934578,6.837164446],[125.078856847,6.839755071],[125.075125228,6.831541591],[125.07607199,6.830250552],[125.076416267,6.828529166],[125.077879446,6.827152057],[125.079170485,6.825000325],[125.079595341,6.824703394],[125.079105843,6.822583959],[125.077931421,6.81639236],[125.073802099,6.81552791],[125.073015915,6.811358342],[125.074390556,6.809971542],[125.072819161,6.808868694],[125.073800702,6.805397108],[125.077924807,6.802063713],[125.078275093,6.801721188],[125.079374352,6.800649143],[125.079795816,6.800957237],[125.08035686,6.800175176],[125.081036914,6.799291106],[125.081546954,6.798186018],[125.081954986,6.797148936],[125.082516031,6.796247865],[125.082905819,6.795748704],[125.083026071,6.795533809],[125.083706125,6.794853755],[125.084250168,6.794513728],[125.084641,6.794333162],[125.084845215,6.794190703],[125.084947223,6.793714665],[125.066869744,6.780604582],[125.064917683,6.786070351],[125.057760128,6.784899115],[125.054666286,6.795102846],[125.054637675,6.795100121],[125.052189856,6.771758358],[125.051656137,6.766668955],[125.064440402,6.762025097],[125.072695496,6.760706457],[125.06529569,6.751674341],[125.070533546,6.738922535],[125.06997993,6.735890829],[125.068960427,6.730307837],[125.061362675,6.719774731],[125.061360621,6.710448306],[125.061359822,6.706818434],[125.050080193,6.678710571],[125.049974626,6.678381636],[125.046790032,6.668458753],[125.062055131,6.662469097],[125.063896169,6.640853943],[125.064782595,6.630625952],[125.065396274,6.613306554],[125.073578667,6.597691821],[125.076710619,6.592495083],[125.091804062,6.567451061],[125.105531018,6.553659048],[125.113385123,6.54576772],[125.121260676,6.547711038],[125.132749682,6.531334675],[125.132783012,6.530982629],[125.140434746,6.52038043],[125.118742525,6.501291276],[125.097994522,6.49828668],[125.103553937,6.477434654],[125.106801977,6.459548197],[125.108269682,6.451471095],[125.107700721,6.436109167],[125.113038746,6.435048629],[125.133019455,6.431130764],[125.138737761,6.433736704],[125.166620195,6.447406933],[125.200546836,6.461880608],[125.221264803,6.465624483],[125.22111863,6.461473015],[125.223599737,6.462042912],[125.225653373,6.461002163],[125.227402436,6.461980236],[125.224634061,6.451609531],[125.233745473,6.445791401],[125.236905442,6.438149188],[125.240003799,6.437575418],[125.248674059,6.434868996],[125.255183191,6.440175354],[125.255749203,6.441613967],[125.256268047,6.442887493],[125.258154752,6.446142059],[125.266367519,6.444899735],[125.266528545,6.445247263],[125.26732551,6.445308567],[125.267133135,6.446719308],[125.268281149,6.44724113],[125.26868404,6.448349072],[125.269052051,6.448611937],[125.269367489,6.448559364],[125.269656641,6.448165066],[125.270050938,6.448217639],[125.270366376,6.448033633],[125.270586692,6.446711744],[125.272574443,6.446798167],[125.272968741,6.446535302],[125.275557088,6.446535302],[125.275492882,6.447296763],[125.276345668,6.447746643],[125.276181419,6.448538589],[125.276581239,6.448971727],[125.276279782,6.449337784],[125.27659622,6.450106277],[125.276328963,6.450616494],[125.276267487,6.450862401],[125.276439621,6.451157489],[125.276760571,6.451293161],[125.277983932,6.451497056],[125.277864604,6.452988641],[125.278022323,6.453619517],[125.278219472,6.454210964],[125.2786532,6.454447543],[125.279513137,6.454561731],[125.300087275,6.455265789],[125.301828593,6.455461328],[125.306912623,6.454622409],[125.307332634,6.456442457],[125.313891332,6.463542077],[125.305002607,6.462712376],[125.306070402,6.465130618],[125.306534587,6.466181859],[125.309102906,6.468997999],[125.307050584,6.470638149],[125.312479852,6.477874067],[125.312480194,6.477874523],[125.312779243,6.477803321],[125.317737379,6.478059776],[125.318822568,6.479881805],[125.321498723,6.484385673],[125.325,6.487777778],[125.326583333,6.490138889],[125.326944444,6.490361111],[125.333333333,6.488472222],[125.335888889,6.489638889],[125.336333333,6.490916667],[125.336681942,6.490841965],[125.338555556,6.492361111],[125.33825,6.493555556],[125.340458333,6.49375],[125.34025,6.495194445],[125.340513889,6.496527778],[125.340638889,6.496944444],[125.34125,6.497888889],[125.341694444,6.498333333],[125.341972222,6.499027778],[125.34186375,6.499911051],[125.341777778,6.500611111],[125.340666667,6.502027778],[125.339333333,6.503361111],[125.342358316,6.504199972],[125.343444444,6.505977273],[125.343444444,6.507444444],[125.344861111,6.507361111],[125.34525,6.510277777],[125.34627513,6.514378304],[125.343472222,6.512222222],[125.343444444,6.513833333],[125.342819444,6.514083333],[125.342527778,6.514416667],[125.342027778,6.514916667],[125.341138889,6.515777778],[125.341499772,6.516079717],[125.343996461,6.518168612],[125.343277778,6.520444444],[125.343333333,6.520638889],[125.34560552,6.523879788],[125.344750669,6.525845945],[125.343553878,6.527042737],[125.342186116,6.528325013],[125.339444444,6.529333333],[125.339472222,6.529861111],[125.339861111,6.532222222],[125.339166667,6.5335],[125.337388889,6.536666667],[125.339861111,6.536638889],[125.340555556,6.537222222],[125.342138889,6.537416667],[125.343671315,6.537584604],[125.344861111,6.539805556],[125.34575,6.539888889],[125.345638889,6.540611111],[125.346861111,6.540555556],[125.346861111,6.538819445],[125.348333333,6.538083333],[125.349444444,6.537361111],[125.350638889,6.53675],[125.361680591,6.535020209],[125.363404583,6.534969411],[125.363649269,6.533895429],[125.36268834,6.531519922],[125.363194444,6.53125],[125.363194444,6.529951391],[125.363277778,6.529666667],[125.363194444,6.529593749],[125.363194444,6.527679013],[125.36375,6.527555556],[125.363888889,6.527],[125.364388889,6.52625],[125.364555556,6.525277778],[125.364833333,6.524861111],[125.363704901,6.523438306],[125.367339095,6.521305193],[125.368,6.520138889],[125.370194444,6.518666667],[125.371527778,6.519527778],[125.372333333,6.519138889],[125.372638889,6.518555556],[125.374687844,6.515072332],[125.375611111,6.516611111],[125.376,6.516],[125.377861111,6.513361111],[125.387758614,6.509043578],[125.393206071,6.503467441],[125.398018089,6.492640399],[125.405813665,6.480592692],[125.402614382,6.477585299],[125.401462797,6.476566933],[125.401505069,6.475357875],[125.402758242,6.439515033],[125.403191358,6.427127209],[125.403371762,6.421967337],[125.403501413,6.418259113],[125.415678328,6.392311757],[125.422011139,6.379773627],[125.424455688,6.370407413],[125.424399636,6.355189969],[125.424331437,6.336674367],[125.425331235,6.32415501],[125.433114541,6.322054578],[125.441506347,6.32278462],[125.443564561,6.322479342],[125.449813947,6.32155242],[125.450478577,6.319763551],[125.453672659,6.311166587],[125.473665834,6.295944447],[125.478834178,6.275251228],[125.481769325,6.268642735],[125.486716934,6.257503176],[125.494393726,6.24335292],[125.504583495,6.229850343],[125.50365351,6.218426793],[125.503138064,6.212095281],[125.503095423,6.211571487],[125.502839648,6.208429661],[125.505816402,6.182043228],[125.508146369,6.161390013],[125.507150024,6.149780337],[125.512730574,6.136449301],[125.51830744,6.124434524],[125.521676346,6.117176565],[125.53308971,6.107229305],[125.534890329,6.101149161],[125.535837173,6.097951955],[125.537352793,6.092834167],[125.534960511,6.083924227],[125.536498801,6.078202892],[125.538566383,6.070512974],[125.533791521,6.057340923],[125.531396426,6.050733752],[125.52569471,6.041067188],[125.520267971,6.031866814],[125.518466056,6.028811886],[125.517445275,6.025472107],[125.513850986,6.013712355],[125.508120681,6.003712106],[125.503641584,5.995895405],[125.500843116,5.97799788],[125.49752058,5.956748691],[125.497300509,5.955341237],[125.494635327,5.938296137],[125.490132757,5.932334689],[125.489698327,5.9317595],[125.480963702,5.908039953],[125.482224897,5.907028855],[125.482963936,5.906141668],[125.483268423,5.905300717],[125.483504695,5.903792898],[125.48353008,5.903530761],[125.483559428,5.903227701],[125.483621969,5.90258971],[125.483815273,5.900965439],[125.483968005,5.899994527],[125.484115454,5.898712167],[125.484108962,5.89741286],[125.483852648,5.896159818],[125.483565739,5.89510153],[125.483337619,5.894033752],[125.483402077,5.893140376],[125.483407939,5.89223181],[125.483244137,5.891443214],[125.483051962,5.890503596],[125.483196272,5.88977382],[125.48348096,5.888935058],[125.48409019,5.887938007],[125.484397222,5.884272974],[125.48539591,5.881609806],[125.486740603,5.8790943],[125.487095084,5.878431175],[125.487045616,5.877208882],[125.486879429,5.875839209],[125.486734757,5.874552312],[125.486518672,5.872981702],[125.486385662,5.87248528],[125.485953315,5.870829815],[125.48570859,5.869164267],[125.485637261,5.867951464],[125.485649018,5.866513627],[125.48581815,5.86480813],[125.486048611,5.862874304],[125.486137721,5.862003191],[125.486201861,5.861376185],[125.485956478,5.859862296],[125.485305425,5.858272903],[125.484929976,5.85727154],[125.484171201,5.855326309],[125.483576455,5.854054015],[125.482877458,5.852878871],[125.482113661,5.851512931],[125.481468863,5.850052489],[125.481141698,5.848589431],[125.480924892,5.847181909],[125.480932289,5.846335594],[125.481045006,5.845287351],[125.481290328,5.844307291],[125.48142225,5.843620358],[125.481450925,5.842716831],[125.481437634,5.841911249],[125.481657346,5.840956175],[125.482278034,5.840155097],[125.48300919,5.839437749],[125.48331702,5.838755881],[125.483153307,5.837673675],[125.482482979,5.836281341],[125.481907851,5.835303468],[125.481234139,5.834447292],[125.480626558,5.833898068],[125.480010473,5.833139092],[125.479904978,5.832281436],[125.479906922,5.831547206],[125.479494788,5.830507891],[125.478270417,5.82909519],[125.477710289,5.828211443],[125.477184168,5.82711956],[125.476799245,5.82591811],[125.476698652,5.824757656],[125.476570942,5.823770813],[125.475768128,5.821717821],[125.475055085,5.820311471],[125.474593942,5.819375231],[125.474120078,5.818647505],[125.473434013,5.818024695],[125.472645127,5.817873212],[125.47202104,5.817894658],[125.470886397,5.818064053],[125.469733998,5.817993599],[125.468302183,5.816986876],[125.466869243,5.816112932],[125.464849201,5.804670961],[125.464289615,5.802833972],[125.458624362,5.784236301],[125.457277338,5.782195932],[125.452293263,5.774646434],[125.44975485,5.77080144],[125.446373522,5.765679662],[125.444953094,5.762812257],[125.438430083,5.749644313],[125.436007144,5.744753147],[125.427155605,5.726884627],[125.417548329,5.711814275],[125.401178425,5.6861358],[125.397014506,5.679604112],[125.392116658,5.661610899],[125.393664747,5.652507781],[125.394188358,5.649428832],[125.392991583,5.648514829],[125.378397529,5.63736903],[125.37147116,5.63207921],[125.365863623,5.62527505],[125.365249716,5.625074346],[125.363119025,5.623919819],[125.363044797,5.62336311],[125.361486012,5.623251768],[125.358145758,5.619948628],[125.356104491,5.616905285],[125.35317249,5.615012474],[125.350871426,5.613824828],[125.347221647,5.611344183],[125.346498812,5.61105856],[125.345410529,5.610780692],[125.34473102,5.610705047],[125.343341854,5.61093418],[125.342155306,5.611483358],[125.331776162,5.606713895],[125.331829165,5.605421539],[125.331729113,5.6050551],[125.331576061,5.604792001],[125.331381268,5.604515054],[125.331218943,5.604265807],[125.331089079,5.604002702],[125.33082115,5.603407179],[125.33093763,5.603048878],[125.330916654,5.60288883],[125.330663496,5.602484382],[125.330654456,5.602025496],[125.330616001,5.601590542],[125.330567058,5.601298279],[125.330557476,5.600978774],[125.330626493,5.600710275],[125.3305422,5.600532928],[125.330395512,5.600308731],[125.330290112,5.599784238],[125.330188729,5.599344659],[125.330094339,5.598881908],[125.329921578,5.598420234],[125.329760764,5.598086219],[125.329605975,5.597801323],[125.329431178,5.597522977],[125.329322803,5.597394241],[125.32896653,5.597140127],[125.328833887,5.596960109],[125.328729229,5.596878592],[125.328588168,5.596887648],[125.325226576,5.598594534],[125.3267314,5.594308295],[125.327233897,5.594049212],[125.327355377,5.593960451],[125.327480796,5.5938495],[125.327517029,5.593738549],[125.327489393,5.593596667],[125.327369551,5.593363667],[125.327196156,5.593096851],[125.32695647,5.592836111],[125.326670533,5.592596309],[125.326107358,5.592143591],[125.326030072,5.591667318],[125.325932665,5.591471001],[125.325474326,5.59089886],[125.325474335,5.5902439],[125.32547434,5.589809785],[125.325464604,5.589453507],[125.32541773,5.587909726],[125.32656302,5.587667648],[125.326772663,5.587555454],[125.326830018,5.587480657],[125.32687353,5.587396019],[125.326992197,5.587085714],[125.327282413,5.586318259],[125.327805796,5.586011855],[125.327994277,5.585901281],[125.328089208,5.585804833],[125.328103053,5.585723264],[125.328059544,5.585563828],[125.327946815,5.585302502],[125.327834086,5.585026933],[125.32760665,5.584533782],[125.327375259,5.584153889],[125.327130023,5.583812819],[125.326924974,5.583517304],[125.326709404,5.58321024],[125.326535367,5.582893334],[125.326456261,5.582638707],[125.326408798,5.582355264],[125.326343535,5.582131854],[125.326282228,5.581899588],[125.326183342,5.58175196],[125.326023355,5.581545165],[125.325815695,5.581379821],[125.325639964,5.581186929],[125.325450105,5.580938915],[125.325324675,5.580671184],[125.325223815,5.580356247],[125.325077469,5.579961228],[125.324950082,5.579530936],[125.324823513,5.579127422],[125.324691011,5.578740322],[125.324617841,5.578342425],[125.324594112,5.578090476],[125.324588184,5.577704459],[125.32458621,5.577426922],[125.32459215,5.576989046],[125.324578309,5.576739065],[125.32454253,5.576589807],[125.324195402,5.576071569],[125.324200702,5.575466129],[125.324201864,5.575271333],[125.324151256,5.575002675],[125.322763257,5.574651017],[125.322723301,5.572534082],[125.322722466,5.571626573],[125.321725454,5.571596362],[125.321065405,5.571596351],[125.319962585,5.571715681],[125.319318765,5.570722444],[125.318858756,5.569979251],[125.318492075,5.569647464],[125.317932045,5.569328941],[125.317405347,5.568944058],[125.317031926,5.568640287],[125.316990224,5.568685103],[125.316869616,5.568776816],[125.316782181,5.568853458],[125.31674545,5.568890121],[125.316724513,5.568908819],[125.316590817,5.569047036],[125.316512967,5.569138875],[125.316425342,5.569236722],[125.316402067,5.569267703],[125.316299287,5.569386166],[125.316217743,5.569467193],[125.316137686,5.569558468],[125.316123368,5.569577526],[125.3160713,5.56963873],[125.315990653,5.569740131],[125.315783378,5.569947184],[125.315663196,5.570083046],[125.315634931,5.570123724],[125.315553274,5.570226298],[125.315458513,5.570324917],[125.31536707,5.57042829],[125.315347603,5.570448088],[125.315301703,5.57050307],[125.315233414,5.570593965],[125.315221672,5.57061265],[125.315199644,5.570641971],[125.315147162,5.570724053],[125.315121831,5.570757767],[125.315077415,5.570823001],[125.314892751,5.571071851],[125.314829612,5.571162004],[125.314798415,5.571209642],[125.314708742,5.571336349],[125.314620444,5.571446526],[125.314594367,5.571475121],[125.31445449,5.571661302],[125.314414481,5.571720668],[125.31436822,5.571782243],[125.314344735,5.571819616],[125.31433152,5.571837205],[125.314271697,5.571932115],[125.314258481,5.571949706],[125.314235432,5.571987443],[125.314147029,5.572123643],[125.314071175,5.572217355],[125.314042539,5.57225547],[125.313983778,5.572321454],[125.313926863,5.572391096],[125.313904093,5.57241529],[125.313846076,5.572486399],[125.31375576,5.572606611],[125.313708042,5.572676239],[125.313638653,5.572768597],[125.313589102,5.572843719],[125.31354762,5.572901989],[125.313522673,5.572947422],[125.313417294,5.573113488],[125.313402919,5.573132622],[125.313372985,5.573182437],[125.313322716,5.573279267],[125.313294384,5.573330275],[125.313263671,5.573394427],[125.313250913,5.573424707],[125.313211162,5.573546613],[125.313190248,5.573601737],[125.31306308,5.574024607],[125.312870833,5.574207436],[125.312742828,5.574428224],[125.312261203,5.57470122],[125.312243144,5.574713551],[125.312231021,5.574724256],[125.31222114,5.574735856],[125.312172393,5.574808366],[125.312159143,5.574825098],[125.312137491,5.574861532],[125.312023474,5.575006704],[125.311986106,5.575058095],[125.311955655,5.57509102],[125.311849463,5.575238259],[125.311620657,5.575431018],[125.311439539,5.575614606],[125.311303909,5.575821146],[125.311153142,5.575938693],[125.310944922,5.57616175],[125.310911765,5.576191023],[125.310838105,5.576351284],[125.310404839,5.576680759],[125.310343864,5.576723871],[125.310286845,5.576768467],[125.310219973,5.57682516],[125.310148559,5.576879068],[125.310032945,5.576958522],[125.309902556,5.577037341],[125.309815019,5.57709307],[125.309736679,5.577148584],[125.309701891,5.577167082],[125.309469013,5.577364551],[125.309383188,5.57742513],[125.309359842,5.577444306],[125.309286568,5.577526707],[125.309102789,5.577659053],[125.309054254,5.577699688],[125.307878561,5.578491835],[125.307032226,5.577541556],[125.306999688,5.577526136],[125.306979904,5.577514618],[125.306943572,5.577499632],[125.306902014,5.577486008],[125.306888762,5.577484459],[125.306846146,5.577481671],[125.306817714,5.577481856],[125.306802035,5.577485942],[125.306798423,5.577487617],[125.306572178,5.577564406],[125.306558527,5.577574972],[125.306508217,5.57772699],[125.306437478,5.577787395],[125.306352043,5.578027583],[125.306046009,5.578294296],[125.306003741,5.578334623],[125.305760337,5.578542471],[125.305537501,5.578632953],[125.305519418,5.57864306],[125.305478922,5.578669641],[125.305445485,5.578698193],[125.305237084,5.578919416],[125.305051674,5.579026804],[125.304933196,5.579138973],[125.304743838,5.579278471],[125.304704028,5.579309885],[125.304652035,5.579354727],[125.304595047,5.579408278],[125.304595044,5.579408281],[125.304519875,5.579485802],[125.304478145,5.579534767],[125.304431161,5.579595745],[125.304257737,5.57976454],[125.304180826,5.579820625],[125.304093887,5.579894863],[125.304002905,5.579965443],[125.303932542,5.580030415],[125.303887897,5.580067205],[125.303751319,5.58018694],[125.303700173,5.580233281],[125.303664749,5.580270106],[125.303556618,5.580368752],[125.303521385,5.580408171],[125.303311398,5.580667363],[125.303089059,5.580832876],[125.303053297,5.580856787],[125.303035402,5.580870734],[125.302986422,5.580913891],[125.302959197,5.580942917],[125.302920764,5.58098018],[125.302896553,5.581007519],[125.302859627,5.581043939],[125.302828914,5.581080832],[125.302681107,5.581245611],[125.302369565,5.581456024],[125.302340182,5.581474329],[125.302242987,5.581544436],[125.301903555,5.581814033],[125.301567524,5.581943676],[125.301535697,5.58195752],[125.301514603,5.58196931],[125.301473717,5.581987725],[125.301350259,5.58205545],[125.30130498,5.582082531],[125.301245742,5.582121559],[125.301141938,5.582183523],[125.301138951,5.582185192],[125.301121714,5.5821968],[125.300996655,5.5822667],[125.300938738,5.582301044],[125.300884802,5.582334708],[125.300770158,5.58239598],[125.300602121,5.582473411],[125.30058103,5.582485199],[125.300565117,5.582492121],[125.300464164,5.582548547],[125.300424816,5.582566438],[125.30026792,5.582647456],[125.300026957,5.582714014],[125.299918968,5.582736894],[125.299350343,5.582876653],[125.298813978,5.582623808],[125.298787871,5.582614115],[125.298738621,5.582597196],[125.298652864,5.582576968],[125.298572651,5.582563349],[125.298524359,5.582557262],[125.298512592,5.582554487],[125.298433291,5.582548155],[125.298363495,5.582531691],[125.298290878,5.5825234],[125.298049914,5.58252843],[125.297564497,5.582410109],[125.29739708,5.582299089],[125.297326363,5.582258681],[125.297300778,5.582246987],[125.297278675,5.582234357],[125.297219283,5.582215045],[125.297068699,5.582201939],[125.296791485,5.582159851],[125.296547751,5.582107478],[125.296526399,5.582104305],[125.296472631,5.582107417],[125.29641556,5.582101699],[125.296388532,5.58210222],[125.296348233,5.582106226],[125.296238564,5.582120897],[125.296104628,5.582150488],[125.296057032,5.582166374],[125.295993833,5.582179072],[125.295939321,5.582194118],[125.295872035,5.582219094],[125.295858761,5.58222258],[125.295536655,5.582346651],[125.295123084,5.582354608],[125.29510192,5.582352865],[125.295101919,5.582352865],[125.295019338,5.582355153],[125.294874719,5.582364207],[125.294823154,5.58237019],[125.294737011,5.582386087],[125.294720104,5.582387848],[125.294561601,5.582422154],[125.294378445,5.58243031],[125.294357274,5.582435382],[125.294316975,5.582439388],[125.294286483,5.582447151],[125.294273523,5.582448118],[125.294145771,5.582481696],[125.294025637,5.582529875],[125.293974708,5.582559206],[125.29395175,5.582575221],[125.293933492,5.5825957],[125.293927231,5.582600068],[125.293894578,5.582639883],[125.29386725,5.582680629],[125.293855157,5.582707649],[125.293802754,5.582885827],[125.293671833,5.583061657],[125.293653791,5.583091278],[125.293646184,5.583113621],[125.293645364,5.583138974],[125.293643491,5.583149573],[125.29364809,5.583196031],[125.293766622,5.583591892],[125.293691385,5.584017675],[125.293689414,5.584039184],[125.293689073,5.584123963],[125.293641448,5.584828446],[125.293608423,5.585419231],[125.293608754,5.585448423],[125.293611767,5.585486559],[125.293613841,5.58557501],[125.293612567,5.585716809],[125.293611872,5.585726086],[125.293611542,5.585752938],[125.293609753,5.585898432],[125.293608229,5.585969175],[125.293607214,5.586016364],[125.29360651,5.58606177],[125.293608815,5.586160119],[125.29360974,5.586166789],[125.293624978,5.586291376],[125.293636385,5.586392581],[125.293746765,5.587018468],[125.29375209,5.587154749],[125.29376605,5.587249803],[125.29379884,5.58737167],[125.293808316,5.587541718],[125.293811144,5.587556784],[125.293814151,5.587617308],[125.293831624,5.587757249],[125.293834777,5.587795853],[125.293846517,5.587874404],[125.293849149,5.587911279],[125.293862845,5.588002921],[125.293862682,5.588021097],[125.293875768,5.588081667],[125.293876625,5.588118291],[125.293912997,5.588362466],[125.293918143,5.588411431],[125.293931033,5.588493819],[125.293932925,5.588514182],[125.293936903,5.588533091],[125.293952016,5.588703524],[125.293967557,5.588773023],[125.293967907,5.588777936],[125.294001764,5.588861203],[125.294003531,5.589166617],[125.29400669,5.589210878],[125.29400505,5.589261587],[125.294008308,5.58936214],[125.29398783,5.589538062],[125.293978368,5.589601967],[125.293974334,5.589651674],[125.293929367,5.589931312],[125.293907119,5.590005198],[125.293893384,5.590082925],[125.293891316,5.590115344],[125.293890679,5.590186255],[125.293918935,5.590351121],[125.29385827,5.590769077],[125.29382279,5.590969869],[125.293818751,5.591023801],[125.29381563,5.591041467],[125.293817325,5.591083653],[125.293908997,5.591536236],[125.293678374,5.592008523],[125.293674914,5.592017529],[125.293649088,5.592076062],[125.293638687,5.592105395],[125.293538631,5.592314177],[125.293508121,5.592392125],[125.293353026,5.592698713],[125.293340411,5.592718443],[125.293325993,5.592747143],[125.293306169,5.592777635],[125.29328995,5.592808127],[125.293228056,5.592903331],[125.293012811,5.593198102],[125.292584618,5.593453801],[125.292552178,5.593493262],[125.292539563,5.593520167],[125.292530553,5.593563215],[125.292528751,5.593577565],[125.292528751,5.593597211],[125.292528752,5.593606263],[125.292704839,5.594132081],[125.292491684,5.594733168],[125.292477631,5.594803107],[125.292458889,5.594849744],[125.292443028,5.594928672],[125.292439424,5.594948402],[125.292437622,5.594969926],[125.292437622,5.594996832],[125.292447077,5.595039169],[125.292450241,5.595161847],[125.292455925,5.595214644],[125.292478578,5.595405321],[125.292492276,5.595457166],[125.292522914,5.595518148],[125.292526519,5.595528911],[125.292562564,5.595580925],[125.292781721,5.595799022],[125.29280227,5.595887637],[125.293352685,5.596344093],[125.293675347,5.597146766],[125.293745684,5.597473425],[125.293759421,5.59761015],[125.293764829,5.597637054],[125.293811171,5.597720075],[125.293844132,5.597802072],[125.293869363,5.59784691],[125.293880177,5.597872022],[125.293916373,5.597937042],[125.293948582,5.598001703],[125.294006113,5.598110486],[125.294065113,5.598268005],[125.294093989,5.598365708],[125.294103001,5.598389025],[125.294121025,5.598426694],[125.294186672,5.598535576],[125.294296126,5.59884419],[125.29430306,5.598878687],[125.29431027,5.598896625],[125.294312072,5.598905593],[125.294330095,5.59894864],[125.294342713,5.598984515],[125.294433313,5.599194896],[125.294472652,5.599478503],[125.294487071,5.59952693],[125.294503292,5.599564597],[125.294506897,5.599577153],[125.294546548,5.59965966],[125.294635747,5.599809165],[125.294805979,5.600201559],[125.294819109,5.600218659],[125.294920247,5.60027626],[125.295045542,5.600424598],[125.29522825,5.6005199],[125.295409027,5.600786939],[125.295630096,5.600898299],[125.296376968,5.60108663],[125.296591686,5.602045346],[125.29659865,5.602074571],[125.296620746,5.602171911],[125.296640872,5.602242148],[125.296687071,5.602436454],[125.296708114,5.602493747],[125.29670928,5.602500827],[125.296732147,5.602553542],[125.296830214,5.602746611],[125.296988946,5.603252561],[125.296933709,5.603532894],[125.296929256,5.603611788],[125.296928449,5.603653827],[125.296933581,5.603771017],[125.296937879,5.603833605],[125.296943966,5.603878369],[125.296947316,5.603929992],[125.296950597,5.603955116],[125.296965727,5.604033897],[125.296987716,5.60410215],[125.297017512,5.60417084],[125.297064122,5.604260733],[125.297106609,5.604354293],[125.297146544,5.604437578],[125.297173789,5.604495997],[125.297205249,5.604548216],[125.297254096,5.604654796],[125.297276707,5.604698144],[125.297290313,5.604720727],[125.297319161,5.604778453],[125.297514087,5.605110955],[125.297525092,5.605334862],[125.297537259,5.605372],[125.297544844,5.605388596],[125.297562147,5.605437376],[125.297603469,5.605532251],[125.297606629,5.6055424],[125.297629149,5.605590469],[125.297684644,5.605701085],[125.297779045,5.605853098],[125.297851255,5.606087445],[125.297886015,5.606199079],[125.297935552,5.606328101],[125.297948665,5.606372153],[125.297962335,5.606407324],[125.29836368,5.607312056],[125.298384229,5.607369349],[125.298403353,5.60740554],[125.298408725,5.607418915],[125.298429824,5.6074566],[125.298469652,5.607514663],[125.298482455,5.607530556],[125.298885782,5.60792744],[125.298967322,5.608389637],[125.299012969,5.608536236],[125.299016995,5.608565659],[125.299039116,5.608636698],[125.299064795,5.608694916],[125.299124865,5.608867911],[125.299160536,5.609045078],[125.29918564,5.609228532],[125.299188706,5.609328597],[125.299197579,5.609393446],[125.299285574,5.610163101],[125.299238395,5.6105072],[125.299245737,5.610560852],[125.299249371,5.610574461],[125.299277263,5.610635905],[125.29932752,5.610731336],[125.299531092,5.611028137],[125.299578844,5.611377086],[125.299595191,5.611457714],[125.299608543,5.611503504],[125.299718129,5.611745496],[125.299726124,5.612133848],[125.299719202,5.612288542],[125.299711916,5.612349535],[125.299705738,5.612420884],[125.299703357,5.612481142],[125.299699317,5.612529286],[125.299696935,5.612589544],[125.2997,5.612689608],[125.299698654,5.612705657],[125.29970291,5.612775591],[125.299710881,5.612846786],[125.299744974,5.612986814],[125.299727271,5.61333889],[125.299626628,5.614056128],[125.299621838,5.614105751],[125.299617733,5.614161192],[125.299617522,5.614202119],[125.299609644,5.614321678],[125.299589347,5.614481082],[125.299590156,5.61449853],[125.299588969,5.614510824],[125.299595248,5.614600754],[125.299610637,5.614667379],[125.299612862,5.614715357],[125.299624125,5.614753655],[125.299630922,5.614786564],[125.299646593,5.614837919],[125.299648294,5.614849183],[125.29968548,5.614949762],[125.299699193,5.614980603],[125.29973601,5.615094255],[125.299747152,5.615126543],[125.299747155,5.61512655],[125.299752285,5.615141416],[125.299776363,5.615211181],[125.299802548,5.615275722],[125.299825691,5.615320122],[125.29983479,5.615342084],[125.29984748,5.615365633],[125.299899363,5.615474],[125.299925729,5.615520938],[125.300005164,5.615745575],[125.30003093,5.615836763],[125.300050249,5.615882039],[125.30006175,5.61591788],[125.300070209,5.615933578],[125.300092397,5.615987801],[125.300119302,5.616044982],[125.300131109,5.616064719],[125.300160239,5.61612458],[125.300182978,5.616160255],[125.300188086,5.61617191],[125.300205478,5.616198389],[125.300223514,5.616231135],[125.300234058,5.616245106],[125.300285502,5.616325154],[125.300328999,5.616383135],[125.300350047,5.616397555],[125.300523177,5.616496749],[125.300682974,5.616681261],[125.300735294,5.616733415],[125.300805068,5.616794885],[125.300906038,5.616872871],[125.300959288,5.616918613],[125.301010321,5.616958234],[125.301068292,5.617003481],[125.301185658,5.617094259],[125.301656714,5.617630097],[125.301701359,5.618221524],[125.301707016,5.618264228],[125.301704156,5.618361667],[125.301705369,5.618387844],[125.301703832,5.618468348],[125.301708326,5.618512205],[125.301718711,5.618546698],[125.301733158,5.618577858],[125.301756775,5.61861734],[125.301769938,5.618635969],[125.301793626,5.618661808],[125.301818026,5.618680271],[125.301846488,5.6186954],[125.302659288,5.618965764],[125.302860936,5.619838483],[125.302883236,5.619907975],[125.302903669,5.619959245],[125.302959528,5.620069234],[125.302995184,5.620125568],[125.303009258,5.620142552],[125.303027202,5.620169527],[125.30308133,5.620234845],[125.303104294,5.620259895],[125.303135296,5.620289321],[125.303212157,5.620349963],[125.303627358,5.620496477],[125.303940897,5.621167832],[125.30394949,5.621191507],[125.303971304,5.621228476],[125.303984066,5.621246538],[125.30410848,5.621396669],[125.304241718,5.621703092],[125.304322292,5.621888001],[125.304329889,5.621908692],[125.304360542,5.621972717],[125.304478949,5.622266906],[125.304513972,5.622492631],[125.304517083,5.622523],[125.304529014,5.622574647],[125.304539938,5.622611791],[125.304543118,5.622628935],[125.304550398,5.622653688],[125.304576409,5.622723956],[125.304614689,5.622776512],[125.304615924,5.62278186],[125.304728033,5.622918422],[125.304758441,5.62295264],[125.304773827,5.622968546],[125.304816738,5.623012342],[125.305172723,5.623335375],[125.305253908,5.623695795],[125.305271636,5.623739379],[125.305304599,5.623888932],[125.305324657,5.623931937],[125.305331215,5.623941976],[125.305345158,5.623959804],[125.305354803,5.623968416],[125.305397517,5.623991622],[125.305502562,5.624024807],[125.305551275,5.624037016],[125.305792414,5.624097451],[125.305792415,5.624097452],[125.305937748,5.624133876],[125.306262883,5.624368159],[125.306276344,5.624380426],[125.306461472,5.624500504],[125.306700488,5.624808997],[125.306725192,5.624825979],[125.306759732,5.624849722],[125.307067902,5.625014378],[125.307320961,5.625426215],[125.30735353,5.625483976],[125.307388469,5.625538775],[125.307436304,5.625621221],[125.307484634,5.625700071],[125.30755068,5.625832662],[125.307634191,5.626057021],[125.307665471,5.626168852],[125.307699494,5.626278092],[125.307729056,5.626389633],[125.307731834,5.626398452],[125.307780414,5.626560578],[125.307816139,5.626662452],[125.308061196,5.627430415],[125.308100341,5.62755741],[125.308119062,5.6276099],[125.308144589,5.627670857],[125.308192242,5.62780801],[125.30820213,5.627832983],[125.308240693,5.627955783],[125.308251809,5.627985803],[125.308289417,5.628120773],[125.308304736,5.628188505],[125.308311544,5.62820713],[125.30831665,5.628229143],[125.308326861,5.628257928],[125.308330266,5.628273168],[125.308348987,5.628325659],[125.308377918,5.62839847],[125.30837793,5.628398494],[125.308425569,5.628506836],[125.308439184,5.628537314],[125.308456202,5.628574565],[125.308507666,5.628684292],[125.308605219,5.629007805],[125.308611085,5.629141812],[125.308616192,5.629175675],[125.308623948,5.629268221],[125.308630846,5.629511025],[125.30859241,5.629671747],[125.308578806,5.629756404],[125.308573706,5.629812283],[125.30857371,5.629854616],[125.308580521,5.629922347],[125.308597543,5.630007011],[125.308600948,5.630032409],[125.308617129,5.630083536],[125.308626336,5.630135432],[125.308697179,5.630373301],[125.308677437,5.630816138],[125.308668935,5.630880483],[125.308668937,5.630902497],[125.308657035,5.631016072],[125.308625499,5.631941987],[125.308544834,5.632219393],[125.308526122,5.632275273],[125.3085103,5.63235628],[125.308500611,5.632427673],[125.308495508,5.632449687],[125.30848701,5.632559751],[125.308466831,5.632670433],[125.308465132,5.6327043],[125.308461731,5.6327297],[125.308461735,5.632770339],[125.308463438,5.632795739],[125.308468547,5.632843151],[125.308480464,5.632922736],[125.308532048,5.633140844],[125.308487316,5.633488297],[125.308445779,5.633736431],[125.308429488,5.633776976],[125.308422685,5.633815924],[125.308417584,5.633858257],[125.308414064,5.634076565],[125.308358063,5.63425619],[125.308342755,5.634329],[125.308320641,5.634405201],[125.308271966,5.634574794],[125.308237287,5.634650734],[125.308230482,5.634671057],[125.308210068,5.634716775],[125.308201561,5.634738791],[125.308182848,5.634787899],[125.308152229,5.634882809],[125.307983752,5.636075019],[125.307844962,5.636950956],[125.307796822,5.637172488],[125.307759466,5.63727129],[125.30774966,5.637308152],[125.307740755,5.637395751],[125.307670231,5.6376314],[125.307664105,5.637645258],[125.30765346,5.637683561],[125.307648177,5.637695973],[125.3076373,5.637738008],[125.307632088,5.637773646],[125.307621824,5.637817965],[125.307600524,5.638032606],[125.307457249,5.638374282],[125.307444458,5.638422941],[125.307439325,5.638445104],[125.307433883,5.638484471],[125.307424595,5.6385264],[125.30741691,5.638631653],[125.307408577,5.638711409],[125.307400458,5.638875078],[125.307364816,5.63899339],[125.307360065,5.639021563],[125.307355393,5.63903626],[125.307352557,5.639057811],[125.307318368,5.639156507],[125.307056521,5.6403235],[125.306837372,5.64119157],[125.306798508,5.641299131],[125.306783421,5.641348398],[125.306774539,5.641370329],[125.306771321,5.641385863],[125.306760064,5.64142188],[125.306754701,5.641447772],[125.306741526,5.641490427],[125.3067174,5.64158857],[125.306704794,5.64168435],[125.306737519,5.64220082],[125.306323061,5.642759251],[125.306301007,5.642797139],[125.306292967,5.642817622],[125.306287915,5.642826302],[125.306266472,5.64289316],[125.306253141,5.642962754],[125.306197069,5.643483333],[125.305786564,5.643848363],[125.305719779,5.643933555],[125.305702959,5.643962452],[125.305694748,5.643986494],[125.305692838,5.644029514],[125.305741301,5.644161208],[125.305665215,5.64453729],[125.305659731,5.644589766],[125.305650375,5.644632334],[125.305627852,5.644829017],[125.305622528,5.644854722],[125.305614897,5.644923156],[125.305576816,5.645062409],[125.305572328,5.645086678],[125.3055743,5.645214795],[125.305469269,5.64554522],[125.305460073,5.645659983],[125.305296941,5.646584642],[125.305289408,5.64663401],[125.305285975,5.646689585],[125.305270301,5.646786058],[125.305266112,5.646829683],[125.305247551,5.646924489],[125.305243798,5.646952109],[125.305199709,5.64714246],[125.305175674,5.647253297],[125.305135923,5.647496788],[125.305055205,5.64771594],[125.305041032,5.647766414],[125.305032055,5.647814952],[125.305024222,5.647844967],[125.305013265,5.647913466],[125.305009835,5.647923509],[125.304923233,5.648580014],[125.304734453,5.648769247],[125.3047278,5.648792271],[125.304725996,5.648821473],[125.304714061,5.648943266],[125.304709623,5.649052121],[125.30470482,5.649091714],[125.304702373,5.649155524],[125.304663682,5.649358625],[125.30463593,5.649454647],[125.304621424,5.649535686],[125.304524389,5.649786688],[125.304489871,5.649885727],[125.304478694,5.649921487],[125.3044647,5.649978644],[125.304424858,5.650103389],[125.304405539,5.650186251],[125.30437715,5.650277898],[125.304359583,5.650344508],[125.304355174,5.650355394],[125.304342624,5.650413378],[125.304337985,5.650427974],[125.304329237,5.650472809],[125.304322698,5.650493977],[125.30431798,5.650521952],[125.304315243,5.650529967],[125.304293594,5.650671848],[125.304195238,5.65095138],[125.304174955,5.650986229],[125.304152562,5.651226131],[125.3040494,5.651453609],[125.303927249,5.651772411],[125.303746908,5.651991219],[125.303148483,5.652768739],[125.302404772,5.65369198],[125.30179166,5.65453787],[125.301699019,5.654678116],[125.301687439,5.654691565],[125.301675265,5.65470989],[125.301618922,5.654784742],[125.301569931,5.654844148],[125.301545506,5.654877329],[125.301510096,5.654919079],[125.301459915,5.654988242],[125.301322121,5.65517255],[125.301242386,5.655257671],[125.301165247,5.655337326],[125.301002601,5.655497214],[125.300861849,5.655625799],[125.300826879,5.655665436],[125.300786494,5.655703122],[125.300672467,5.655822978],[125.30054177,5.655982946],[125.300404496,5.656090045],[125.300381185,5.656109997],[125.300156192,5.656343687],[125.299951251,5.656451159],[125.299857174,5.656557783],[125.299832772,5.656591259],[125.29951716,5.657254464],[125.298901132,5.657379491],[125.29887901,5.657389689],[125.298843893,5.657412672],[125.298829491,5.657424791],[125.298787027,5.657463216],[125.298703882,5.657554051],[125.298673298,5.657596962],[125.29860992,5.657669879],[125.298601828,5.657683253],[125.29858446,5.657719755],[125.298579265,5.657737931],[125.298565385,5.657774358],[125.298556406,5.657811376],[125.298553365,5.657832285],[125.29854437,5.657869711],[125.298530959,5.657959222],[125.2985251,5.658011462],[125.298523036,5.658058405],[125.298535506,5.658437129],[125.298293681,5.65876377],[125.298287,5.658777811],[125.298280469,5.658798795],[125.298278095,5.658818301],[125.298282032,5.658839059],[125.298344988,5.65900258],[125.298371263,5.659405393],[125.298304734,5.659877466],[125.298167107,5.660128404],[125.298104236,5.660256898],[125.298071577,5.660329161],[125.298042926,5.660393001],[125.298012271,5.660461053],[125.297993047,5.660508711],[125.297962317,5.66057329],[125.297929062,5.660650437],[125.297911252,5.660698752],[125.297902567,5.660717004],[125.297892696,5.660745007],[125.297866247,5.660805396],[125.29783829,5.660877489],[125.297831016,5.660896404],[125.297771842,5.66106538],[125.297743856,5.661149154],[125.297722926,5.661210664],[125.29768656,5.661337904],[125.29767771,5.661374727],[125.297648933,5.66147142],[125.29764393,5.661491343],[125.297609496,5.661597486],[125.297607913,5.66160282],[125.297586297,5.661675637],[125.2975647,5.661775473],[125.297542815,5.661898771],[125.297508086,5.66199458],[125.297506785,5.661999133],[125.297469417,5.662112138],[125.297456133,5.662143685],[125.297406775,5.662283706],[125.297375236,5.662408052],[125.297244525,5.663122356],[125.296684234,5.663417577],[125.296657701,5.66343777],[125.29663897,5.663464177],[125.296635849,5.663470391],[125.296628045,5.663503011],[125.296628045,5.663661596],[125.29650787,5.664015616],[125.296496945,5.664042025],[125.296461046,5.664149206],[125.296457925,5.664164738],[125.296401736,5.664321627],[125.296309205,5.664551852],[125.296163238,5.664747957],[125.296119534,5.664810092],[125.296091436,5.664844269],[125.296074406,5.664870341],[125.295998598,5.664970122],[125.295921157,5.66505415],[125.295888522,5.66509436],[125.295874474,5.665108341],[125.295857309,5.665130082],[125.295826399,5.665174514],[125.295757408,5.665259017],[125.295746481,5.665276105],[125.295712141,5.665318047],[125.295687167,5.665353775],[125.295682484,5.665361541],[125.295664686,5.665403185],[125.295611211,5.665598341],[125.29551953,5.665738705],[125.29550236,5.665775988],[125.295475825,5.665825696],[125.295438853,5.665906886],[125.295148884,5.666435179],[125.295087657,5.666525126],[125.295051329,5.666585381],[125.295029732,5.666633984],[125.295020367,5.666660391],[125.29500623,5.666711975],[125.294993036,5.666768435],[125.294931545,5.666948705],[125.294900185,5.667025429],[125.294887699,5.667062709],[125.294876773,5.667103096],[125.294859604,5.667151251],[125.294829173,5.667279384],[125.294825966,5.667340013],[125.294726767,5.667660871],[125.294717401,5.66768262],[125.294700233,5.667738539],[125.294688243,5.667769565],[125.294662137,5.667858724],[125.294661214,5.667861251],[125.29465317,5.667893269],[125.294621167,5.668003087],[125.294611577,5.668029332],[125.294574204,5.66817812],[125.294570686,5.668190567],[125.294558256,5.668252382],[125.29454733,5.668291213],[125.294537966,5.668333156],[125.294519238,5.66839373],[125.294512388,5.668420147],[125.29446929,5.668545965],[125.294433392,5.668671786],[125.294420906,5.668721493],[125.294411543,5.668769644],[125.294405299,5.668811587],[125.294399056,5.668837995],[125.294395935,5.668862848],[125.294388131,5.668898574],[125.29438501,5.668929641],[125.294385018,5.669197589],[125.294342774,5.669463894],[125.294292969,5.669598712],[125.294283802,5.66962811],[125.29424815,5.669724415],[125.294193471,5.669856066],[125.294142673,5.66995937],[125.294119324,5.670011655],[125.294096914,5.670072479],[125.294045983,5.670195142],[125.294035795,5.670216432],[125.294027647,5.670238733],[125.29382595,5.670663791],[125.293534642,5.670877409],[125.293494774,5.670915431],[125.293469856,5.67094519],[125.293400084,5.671044383],[125.29336686,5.671105552],[125.293360216,5.671122084],[125.293343604,5.671155149],[125.29333862,5.67117168],[125.293326992,5.671198131],[125.293315364,5.671237808],[125.293312042,5.671244421],[125.293282113,5.671357609],[125.29325839,5.671409334],[125.293248423,5.671453971],[125.293240118,5.671507704],[125.293240122,5.671615973],[125.293248534,5.671724747],[125.293326679,5.672094015],[125.293019544,5.672873504],[125.292996433,5.672947108],[125.292953098,5.673060316],[125.29293981,5.673101642],[125.292929843,5.673144629],[125.292894576,5.6732487],[125.292887931,5.673266888],[125.292871321,5.673324747],[125.292866337,5.673336319],[125.292851387,5.673392528],[125.292834777,5.673465269],[125.292823149,5.673506599],[125.292819827,5.67352809],[125.2928082,5.673576026],[125.292801555,5.673609097],[125.292789928,5.673670265],[125.2927728,5.673776808],[125.292771658,5.673782681],[125.292768336,5.673815745],[125.292763353,5.673842195],[125.292751729,5.67398106],[125.292751729,5.67398108],[125.292748005,5.674222402],[125.292745092,5.674233998],[125.292745097,5.674346409],[125.292711873,5.674478685],[125.292706891,5.674512892],[125.292733132,5.674695608],[125.292718536,5.674942719],[125.292715214,5.674962559],[125.292711893,5.675015444],[125.292711896,5.675101425],[125.292713557,5.675129515],[125.292718544,5.675189043],[125.292718545,5.675208884],[125.292725145,5.675267977],[125.292730181,5.675400651],[125.292736828,5.675450245],[125.29273351,5.67558779],[125.292735174,5.675657223],[125.292738498,5.675708472],[125.292743484,5.675766333],[125.292756779,5.67586883],[125.292759028,5.675918033],[125.292765088,5.675948182],[125.292771736,5.676019272],[125.292784338,5.676090317],[125.292791711,5.676240613],[125.292793679,5.676532765],[125.292743519,5.676749097],[125.292738536,5.676795387],[125.292738538,5.676848288],[125.292746018,5.676927647],[125.292758894,5.677004508],[125.292770111,5.677056588],[125.292803358,5.677657014],[125.292805021,5.677688428],[125.292808345,5.677721488],[125.292810008,5.677772735],[125.292813331,5.677799188],[125.292814994,5.677838868],[125.292826626,5.677924829],[125.292835886,5.67802154],[125.292866508,5.678193898],[125.292866508,5.678200908],[125.292871497,5.678225725],[125.292902928,5.678361236],[125.292918349,5.678882148],[125.292771445,5.679278979],[125.292697483,5.679417429],[125.292588543,5.679659773],[125.292567483,5.679687713],[125.29250056,5.679834916],[125.292488077,5.679857001],[125.292478109,5.679881801],[125.29239837,5.680032243],[125.292368468,5.680100025],[125.292346873,5.68015458],[125.292331922,5.68018599],[125.292308019,5.680260329],[125.292293686,5.68033166],[125.292210011,5.680525938],[125.292176786,5.680620729],[125.292164738,5.680662341],[125.29212455,5.680790159],[125.292090405,5.680880281],[125.292075454,5.680919958],[125.292062165,5.680959635],[125.29204057,5.681034029],[125.291962515,5.681399354],[125.291940903,5.681442366],[125.291928031,5.681505598],[125.291870507,5.681670981],[125.291834733,5.681808307],[125.291814027,5.681849526],[125.291807382,5.681874324],[125.291794093,5.681912346],[125.291784126,5.681950371],[125.291764192,5.682004926],[125.291763916,5.68200597],[125.291723086,5.682137548],[125.291682794,5.682241334],[125.291676149,5.682259519],[125.291640976,5.682381343],[125.291238626,5.683276072],[125.290814189,5.684194578],[125.290724414,5.684367025],[125.290714456,5.684388494],[125.290704477,5.684410012],[125.290662132,5.684494294],[125.290616433,5.684576983],[125.290584869,5.684641458],[125.290543338,5.684714197],[125.290536693,5.684730731],[125.290511774,5.684775368],[125.290490178,5.684824964],[125.290419911,5.685015676],[125.290299186,5.68519367],[125.290201599,5.68533385],[125.290170139,5.685391523],[125.290138575,5.685457651],[125.290083369,5.685599576],[125.290048993,5.685650889],[125.289973481,5.685797649],[125.289955838,5.685824659],[125.289926657,5.685892416],[125.289883319,5.685962499],[125.289846782,5.686035218],[125.289823516,5.686086484],[125.289810225,5.686121205],[125.28978413,5.686175739],[125.289755195,5.686256354],[125.289698999,5.686393888],[125.289614481,5.686564531],[125.289590939,5.68659733],[125.289571005,5.686635352],[125.289561036,5.686650232],[125.289534457,5.68670148],[125.289527812,5.686711399],[125.289522713,5.68672493],[125.289425935,5.686910312],[125.289396601,5.68697213],[125.289361715,5.687083997],[125.289349346,5.687104511],[125.289314356,5.687200989],[125.28929859,5.687234984],[125.289270989,5.687317386],[125.288947078,5.687943038],[125.288504319,5.688870518],[125.288096888,5.689734553],[125.287761457,5.690374136],[125.287741182,5.690426332],[125.287735598,5.690449381],[125.287730502,5.690491412],[125.287741895,5.690765612],[125.287598312,5.691137287],[125.287557103,5.691229358],[125.287534835,5.691296786],[125.287451523,5.691450955],[125.287438443,5.691477268],[125.287412527,5.691539384],[125.287364668,5.691643404],[125.287328952,5.691739292],[125.287284071,5.69190685],[125.287192463,5.692092656],[125.287164691,5.692148119],[125.287142186,5.692200927],[125.286987475,5.692473043],[125.286950466,5.692551365],[125.286942408,5.692565538],[125.286933759,5.692587532],[125.28685603,5.692734265],[125.286837332,5.692770193],[125.286804468,5.692827995],[125.286713881,5.692983316],[125.286676918,5.693042415],[125.286658872,5.693093997],[125.286626658,5.693249874],[125.286463894,5.693536143],[125.286454411,5.693549515],[125.286395547,5.693653048],[125.286334592,5.693773488],[125.286184096,5.6940382],[125.286076324,5.694158298],[125.286016114,5.694237739],[125.285927082,5.694394334],[125.285711929,5.694584255],[125.285657598,5.694637486],[125.285607454,5.69469195],[125.285553484,5.694763726],[125.285520935,5.694820975],[125.285429147,5.694939457],[125.285328936,5.695062762],[125.285313582,5.69507655],[125.285210499,5.695205631],[125.284846308,5.695449481],[125.284670619,5.695528496],[125.284580228,5.695576082],[125.284580225,5.695576084],[125.284580219,5.695576087],[125.284580216,5.695576089],[125.284533329,5.69560462],[125.284384682,5.695694788],[125.28437602,5.695699414],[125.284280182,5.695760458],[125.284007103,5.695938434],[125.283884299,5.695977249],[125.283475133,5.696210099],[125.2830721,5.696179956],[125.283038217,5.696183333],[125.28300619,5.696193366],[125.282985126,5.696203958],[125.282948695,5.696228351],[125.282908048,5.696263466],[125.282889458,5.696282935],[125.282859774,5.696318609],[125.28283858,5.696345966],[125.28280046,5.696403089],[125.282765813,5.696464026],[125.282758187,5.696484055],[125.282744301,5.696511784],[125.282736674,5.696531813],[125.282700282,5.696612354],[125.282681213,5.69666303],[125.282627842,5.696780947],[125.282605901,5.696819535],[125.282548874,5.696936876],[125.282512807,5.69700642],[125.282498545,5.697041423],[125.282485465,5.697067736],[125.282465995,5.697118514],[125.282452727,5.697148463],[125.282412997,5.697263226],[125.282351967,5.697482763],[125.282243774,5.697721146],[125.282242161,5.697723982],[125.282238918,5.697731527],[125.282206949,5.697795836],[125.282190174,5.697830819],[125.282146209,5.697916293],[125.282115572,5.697976391],[125.282099084,5.698012005],[125.282085384,5.6980361],[125.282077945,5.69805249],[125.282043833,5.6981497],[125.282003719,5.698255791],[125.281972162,5.698327828],[125.281940655,5.69839173],[125.281905204,5.698469662],[125.281891698,5.698495802],[125.281847875,5.698594721],[125.281706254,5.698804448],[125.281664539,5.698874509],[125.281639372,5.698922081],[125.28160298,5.699002622],[125.281558775,5.699134115],[125.281496274,5.699253127],[125.281469742,5.699313019],[125.281447042,5.69935294],[125.281420132,5.699420112],[125.281407858,5.699445007],[125.281380762,5.699515812],[125.281370773,5.699553222],[125.281362154,5.699578301],[125.281334794,5.699682639],[125.281324862,5.699733175],[125.281307491,5.699800103],[125.281285715,5.699881399],[125.281278334,5.699910909],[125.281236714,5.700050247],[125.281153727,5.700282675],[125.281054218,5.700463811],[125.281040951,5.70049376],[125.281006114,5.700558338],[125.280991423,5.700587484],[125.280983795,5.700607513],[125.280929764,5.70072097],[125.280824546,5.700942148],[125.280774638,5.701011751],[125.280769459,5.701020859],[125.28071009,5.701116974],[125.280640977,5.701213207],[125.280601175,5.701274187],[125.280586349,5.701293308],[125.280572032,5.701315181],[125.280526101,5.701395964],[125.280504962,5.701436449],[125.280459706,5.70153258],[125.280392805,5.701693233],[125.280357088,5.701789121],[125.280340597,5.701824739],[125.280318334,5.701887042],[125.280311325,5.701909289],[125.28030413,5.701935172],[125.280272623,5.702042056],[125.280243352,5.702126607],[125.280191518,5.70225084],[125.280143676,5.702352997],[125.280050612,5.702525116],[125.280026063,5.702574907],[125.279985585,5.702649406],[125.279935896,5.702749895],[125.27990624,5.702795569],[125.279841025,5.702923494],[125.279822735,5.702965584],[125.279744329,5.703100176],[125.279295716,5.70374368],[125.278650408,5.704640822],[125.278214857,5.705183884],[125.278196184,5.705204595],[125.278132763,5.705290038],[125.278071078,5.705377888],[125.278051835,5.705408078],[125.278034738,5.705435318],[125.278014924,5.705474992],[125.277908426,5.705712051],[125.277268179,5.706352297],[125.277120819,5.706509465],[125.277098549,5.70653388],[125.277001468,5.706643788],[125.276880709,5.706809854],[125.27650053,5.707157508],[125.27645882,5.707200461],[125.276450871,5.707206424],[125.276434342,5.707224186],[125.276426393,5.707230148],[125.276358952,5.70730923],[125.276188209,5.70748417],[125.276007621,5.707726921],[125.275798956,5.707917612],[125.275754922,5.707953323],[125.275696567,5.708007487],[125.275612345,5.708089769],[125.275575503,5.708118074],[125.275556766,5.708135145],[125.275484401,5.708207527],[125.275010345,5.708633515],[125.274428966,5.709089539],[125.273703143,5.709611349],[125.27364851,5.70964591],[125.273632249,5.709659161],[125.273559106,5.709717795],[125.27352606,5.709741827],[125.273488524,5.709772329],[125.273440199,5.70981394],[125.273250462,5.709972788],[125.272995073,5.710081435],[125.272943596,5.710109989],[125.272832647,5.710176363],[125.272690554,5.710237727],[125.272570387,5.710282919],[125.272556571,5.710288253],[125.272464283,5.71032697],[125.27243526,5.710342034],[125.272368389,5.710369395],[125.272349528,5.710379184],[125.272204939,5.710441373],[125.272163428,5.710453734],[125.272122944,5.710470811],[125.272036821,5.710497408],[125.272023005,5.710502742],[125.27173042,5.710659873],[125.271666905,5.710670015],[125.271584005,5.710712441],[125.271523957,5.710747066],[125.271199423,5.710972183],[125.270049586,5.711247088],[125.26986327,5.711188808],[125.269811461,5.711191603],[125.269654281,5.711166879],[125.269546268,5.711161794],[125.269427397,5.711127971],[125.269365304,5.711119297],[125.269269412,5.711118041],[125.269067641,5.711095994],[125.268878162,5.711069364],[125.268748467,5.711041601],[125.268700221,5.711028193],[125.268681236,5.711024784],[125.268681231,5.711024783],[125.268554465,5.711002021],[125.2675615,5.710651237],[125.267518682,5.71058781],[125.267373961,5.710564168],[125.26710457,5.710428081],[125.26708697,5.710426196],[125.265871312,5.710331894],[125.265696211,5.709227499],[125.2656228,5.709087455],[125.265618765,5.709065674],[125.265601421,5.709036108],[125.265572469,5.709012566],[125.265556196,5.709002647],[125.265246915,5.708864573],[125.264956742,5.708595908],[125.264912968,5.708561694],[125.264863452,5.708534133],[125.264826614,5.708520194],[125.264762714,5.708507445],[125.264714395,5.708506812],[125.264674272,5.708508744],[125.264647905,5.708513772],[125.264583118,5.708534541],[125.264562048,5.70854364],[125.264522745,5.708556692],[125.264308418,5.708642143],[125.264200893,5.708653945],[125.264155728,5.708666367],[125.26410289,5.708688751],[125.263898762,5.708735692],[125.263893889,5.708736813],[125.263893884,5.708736814],[125.263827199,5.708752149],[125.263795152,5.708761435],[125.263758753,5.70877298],[125.263710872,5.708797831],[125.263594907,5.70887868],[125.263356812,5.708952204],[125.262860152,5.709209947],[125.262574377,5.70925177],[125.262515446,5.7092675],[125.262309379,5.709327209],[125.262228859,5.709381018],[125.261704747,5.709594175],[125.261656013,5.709598354],[125.261615315,5.709613634],[125.261456545,5.709659637],[125.261441216,5.709662083],[125.261396805,5.70967595],[125.261321164,5.709704188],[125.261288045,5.709719334],[125.261057072,5.709798727],[125.260208007,5.709980624],[125.260023951,5.710022359],[125.259992074,5.710022904],[125.25993291,5.710037749],[125.259916942,5.710038022],[125.259894357,5.710044233],[125.259870261,5.710047557],[125.259854237,5.7100522],[125.259784214,5.710066503],[125.259567902,5.710129182],[125.259567899,5.710129183],[125.259552633,5.710135268],[125.258895296,5.710292426],[125.258278701,5.710099521],[125.258046167,5.709985668],[125.258012357,5.709977504],[125.257988891,5.70997499],[125.25795817,5.709976242],[125.257925304,5.709980443],[125.25788541,5.709989751],[125.257501084,5.7100585],[125.257360652,5.710047597],[125.257204768,5.710084866],[125.25715741,5.710122567],[125.257118272,5.71014691],[125.257094038,5.710179791],[125.256596897,5.710483672],[125.25637513,5.710622868],[125.256040775,5.710843542],[125.25580689,5.711078276],[125.255799544,5.711081931],[125.255768092,5.711123661],[125.255276228,5.71136838],[125.254748663,5.711504528],[125.254643815,5.71150453],[125.254622842,5.711508008],[125.254476068,5.711518442],[125.254434126,5.711532353],[125.254252399,5.711532355],[125.254084645,5.711546267],[125.253957431,5.711594955],[125.253766629,5.711594955],[125.253626827,5.711608868],[125.253462573,5.71160887],[125.253357719,5.711634958],[125.253341944,5.711642806],[125.252739322,5.711781136],[125.252660121,5.711840775],[125.252277773,5.711905856],[125.252118341,5.71194352],[125.251956895,5.711978983],[125.251717173,5.712078279],[125.251436159,5.712169586],[125.251140167,5.712245926],[125.251127999,5.712245926],[125.250930612,5.712316381],[125.250722099,5.712316383],[125.250704934,5.712318518],[125.250605162,5.712318519],[125.250025481,5.712446704],[125.249584876,5.712119477],[125.249143694,5.711921952],[125.249075322,5.711808588],[125.249015126,5.711789528],[125.248956857,5.711746035],[125.248908524,5.711746035],[125.248677169,5.711630937],[125.248653529,5.711630938],[125.248456218,5.711538226],[125.248456217,5.711538226],[125.248453666,5.711537027],[125.248453665,5.711537027],[125.248367946,5.711543119],[125.248281215,5.711501727],[125.247833959,5.711780318],[125.247338297,5.711357554],[125.247321694,5.711356283],[125.247065092,5.711203091],[125.246710303,5.711214479],[125.24667629,5.711195678],[125.246659272,5.711198218],[125.246485327,5.711204629],[125.246473637,5.711220625],[125.246301904,5.71123377],[125.246292727,5.711236052],[125.246266709,5.711236463],[125.246084851,5.711250383],[125.246026172,5.711262547],[125.245988323,5.711281916],[125.245936785,5.711322516],[125.245928257,5.711336306],[125.245892608,5.711371779],[125.245847661,5.711454844],[125.245782062,5.711520115],[125.245777092,5.711574534],[125.245258168,5.712065379],[125.244882906,5.712377995],[125.244799605,5.712389047],[125.244788553,5.712395921],[125.244720841,5.712438031],[125.244299236,5.712922088],[125.244286572,5.712924104],[125.244277883,5.712944277],[125.244273177,5.712949035],[125.24413587,5.713281455],[125.243609728,5.713852823],[125.243087259,5.714383641],[125.243068011,5.714400057],[125.242893056,5.714748201],[125.242763124,5.714877486],[125.242697125,5.714975991],[125.242543087,5.715129259],[125.242510137,5.715159313],[125.242485339,5.71518399],[125.242360929,5.715375207],[125.242152657,5.715523223],[125.242003098,5.715696849],[125.241884129,5.715744201],[125.241478905,5.716290568],[125.241099245,5.716196173],[125.241095547,5.716198625],[125.241095547,5.716198626],[125.24104501,5.716275896],[125.241033917,5.716285708],[125.240627396,5.7169844],[125.240365885,5.717004425],[125.240333094,5.717069678],[125.240273438,5.717107452],[125.239991019,5.717739738],[125.238826443,5.717634436],[125.238679325,5.717649827],[125.238616015,5.717663827],[125.238502373,5.717722709],[125.238359889,5.717812927],[125.23833673,5.717849797],[125.238239511,5.717892789],[125.238213697,5.717925667],[125.238197176,5.717935942],[125.238184779,5.717954444],[125.238163101,5.717976012],[125.238155874,5.71799759],[125.238140602,5.718012784],[125.238134983,5.718027073],[125.23813385,5.718030456],[125.238133372,5.718031169],[125.23799535,5.718382152],[125.237801672,5.718671208],[125.237452267,5.719018907],[125.237452266,5.719018908],[125.237348035,5.719164125],[125.237345167,5.719234061],[125.23727069,5.719362508],[125.237091291,5.719671909],[125.237090217,5.719687942],[125.237084846,5.719701838],[125.237084846,5.719952616],[125.237002291,5.720075834],[125.236971247,5.720616528],[125.23616621,5.721017042],[125.235658154,5.721568515],[125.235438178,5.721588414],[125.235419726,5.721600657],[125.235349265,5.721730868],[125.235288687,5.721765646],[125.235288542,5.721766007],[125.235149974,5.721869402],[125.234868796,5.72237302],[125.234820581,5.722374432],[125.234668512,5.722565789],[125.234894272,5.722950837],[125.233500538,5.72400656],[125.233242551,5.724226879],[125.233174483,5.724294606],[125.233053633,5.724380493],[125.233047539,5.724386557],[125.233047521,5.724386597],[125.232831575,5.72481631],[125.232509314,5.725150609],[125.232210189,5.725489258],[125.231714963,5.725991141],[125.231540262,5.726156883],[125.231215239,5.726354966],[125.230584099,5.726868166],[125.230558927,5.726871923],[125.230483644,5.726940857],[125.23045037,5.726974439],[125.230342077,5.727092747],[125.230271402,5.727176719],[125.230239615,5.727211045],[125.230236119,5.727216045],[125.230083167,5.727393609],[125.230045125,5.727431462],[125.229958568,5.727537468],[125.229798919,5.727678678],[125.229715367,5.72776182],[125.22970044,5.727772218],[125.229678057,5.727796717],[125.229653436,5.727830125],[125.22961091,5.727890258],[125.229573612,5.727949639],[125.229441424,5.728278462],[125.229130373,5.728488487],[125.228598637,5.728965726],[125.227918087,5.728939697],[125.227690776,5.72898995],[125.227527955,5.729105659],[125.227471713,5.729124313],[125.227441996,5.729160452],[125.227440653,5.729191198],[125.22737615,5.729340942],[125.227390958,5.729458772],[125.227301099,5.729637573],[125.227293028,5.729750081],[125.227278966,5.729802555],[125.227278966,5.729802556],[125.227278932,5.729803681],[125.227278932,5.729803682],[125.227276064,5.729897894],[125.22731213,5.730005517],[125.22731213,5.730005518],[125.227343269,5.73009844],[125.2276071,5.730448405],[125.227508882,5.731026078],[125.22753881,5.731213212],[125.227550077,5.731238995],[125.227659764,5.7313845],[125.227827655,5.73150382],[125.227832678,5.731510817],[125.227847748,5.731518814],[125.227967604,5.731530733],[125.229192325,5.731801493],[125.229256826,5.733046239],[125.229255569,5.733113863],[125.229269416,5.733235336],[125.229278228,5.733297948],[125.229281686,5.733312398],[125.229333603,5.733666105],[125.229349402,5.733746942],[125.229361299,5.733944112],[125.229362559,5.734007979],[125.229381439,5.734064332],[125.229413719,5.734198081],[125.229471017,5.734336528],[125.229496795,5.734486114],[125.2295262,5.734619918],[125.229538788,5.734697561],[125.229563964,5.734877891],[125.229573392,5.73499845],[125.229592273,5.73507484],[125.229611155,5.735163753],[125.229631296,5.735300253],[125.229685233,5.735603559],[125.229680642,5.735761303],[125.229683161,5.735856478],[125.229684083,5.735988837],[125.229630795,5.736387776],[125.22962448,5.736491504],[125.229536526,5.736873429],[125.229536526,5.736873431],[125.229527052,5.736914569],[125.229496228,5.737048417],[125.229465041,5.737217883],[125.229458749,5.737271731],[125.229414702,5.737454568],[125.229388274,5.737535968],[125.229329412,5.737741601],[125.229323179,5.737791218],[125.229272779,5.737938214],[125.229227473,5.738092249],[125.22919879,5.738256529],[125.229167328,5.738379255],[125.229118246,5.73854456],[125.229088042,5.738634726],[125.22899389,5.738933913],[125.228942151,5.739033937],[125.228840042,5.739300571],[125.228821706,5.739330494],[125.228797793,5.739398119],[125.228778916,5.739478267],[125.228755005,5.739564676],[125.228719223,5.739767211],[125.228654625,5.739949336],[125.22868646,5.740593202],[125.228215245,5.740944869],[125.228126104,5.741078542],[125.228042822,5.741197278],[125.227983158,5.741288803],[125.227900346,5.741455836],[125.227764011,5.741625157],[125.227745365,5.741652367],[125.227718021,5.741753786],[125.227693566,5.741872597],[125.227612991,5.742112941],[125.227581916,5.742182203],[125.227509823,5.742378857],[125.227465076,5.742474093],[125.227403671,5.742634226],[125.227379822,5.742710166],[125.227345241,5.742811024],[125.22726238,5.743090479],[125.227223028,5.74319015],[125.227192024,5.743283888],[125.227156517,5.743464794],[125.22710736,5.743592394],[125.227081235,5.743699041],[125.227065734,5.743772608],[125.227044271,5.743909062],[125.227006911,5.744118839],[125.226939482,5.744268632],[125.226912056,5.744376608],[125.226865278,5.74459803],[125.226829504,5.744714313],[125.226796116,5.744854327],[125.226768691,5.744997901],[125.226719071,5.745166813],[125.226697607,5.745254619],[125.22663433,5.745546258],[125.226598989,5.745656444],[125.226546819,5.745830989],[125.226536609,5.74585287],[125.226531112,5.745878658],[125.226520801,5.746083952],[125.226361494,5.746436879],[125.226319491,5.746532759],[125.226277489,5.746634784],[125.226212382,5.746774565],[125.226191865,5.746833174],[125.226158775,5.746945125],[125.226117853,5.747052299],[125.22606954,5.747187298],[125.225995721,5.747365138],[125.225947307,5.747502794],[125.225940253,5.747518937],[125.225932494,5.747559648],[125.225931083,5.747577897],[125.225934052,5.74780783],[125.225867379,5.748021935],[125.225851363,5.748126624],[125.225750923,5.748419471],[125.225750924,5.748451168],[125.225652625,5.748898483],[125.22557377,5.749057396],[125.225509908,5.749204158],[125.225498142,5.749240658],[125.225491098,5.749278708],[125.225469765,5.749343275],[125.225460538,5.7494128],[125.225426488,5.74959299],[125.225353974,5.749837983],[125.2253123,5.749962059],[125.225309365,5.749976661],[125.225304958,5.749998588],[125.225243373,5.750407129],[125.224965559,5.75076487],[125.2249543,5.750790331],[125.224899128,5.750878168],[125.224880029,5.750916176],[125.224783117,5.751060813],[125.224734518,5.751162901],[125.224727317,5.751171857],[125.224719977,5.751189387],[125.22469092,5.751295385],[125.224511218,5.751660245],[125.224433275,5.751826096],[125.224404083,5.751910595],[125.224292442,5.752092646],[125.224192942,5.7522937],[125.224148828,5.752391595],[125.224121274,5.752443382],[125.224109028,5.75247689],[125.224106979,5.752505434],[125.224014121,5.752790656],[125.223974321,5.752898799],[125.22391828,5.753022945],[125.223886134,5.75313718],[125.223834089,5.753339757],[125.223736813,5.753746043],[125.22371079,5.753832862],[125.223683236,5.753942527],[125.223657213,5.754023253],[125.223614353,5.754193843],[125.223562238,5.754317371],[125.223407832,5.754774661],[125.223337416,5.754974191],[125.22328537,5.755155443],[125.223217197,5.755328638],[125.223175866,5.755442873],[125.223090143,5.755727698],[125.223038654,5.755913792],[125.22300957,5.756041735],[125.222971301,5.756189478],[125.222945279,5.756341791],[125.222869434,5.756688864],[125.22286178,5.756713235],[125.222861784,5.757088008],[125.222609779,5.757542475],[125.222584483,5.757576634],[125.222574543,5.757594614],[125.22255557,5.757621583],[125.22252442,5.757686154],[125.222515555,5.757719969],[125.222398634,5.757966704],[125.222305627,5.75812584],[125.222264067,5.758191463],[125.222203457,5.758356258],[125.222135236,5.758513087],[125.222056135,5.758652065],[125.222046397,5.758666161],[125.222021127,5.758706389],[125.221970549,5.758812071],[125.221945981,5.75884059],[125.221888178,5.758957533],[125.221790492,5.75920239],[125.221740396,5.759311666],[125.221688372,5.759403687],[125.221559294,5.759676267],[125.221503416,5.7598028],[125.221476442,5.759889067],[125.221407822,5.760038728],[125.221335863,5.760190668],[125.221222907,5.760424006],[125.221038466,5.760850891],[125.220990062,5.760997094],[125.220893412,5.761355287],[125.22066349,5.761731975],[125.220571666,5.761921137],[125.220400521,5.762251385],[125.220182506,5.76264526],[125.220089153,5.762791463],[125.21999753,5.762968627],[125.219850497,5.763232903],[125.219723549,5.763479738],[125.219650941,5.763598421],[125.219554131,5.763777305],[125.219438305,5.763981989],[125.219302566,5.764195513],[125.219280092,5.764235073],[125.219245517,5.764291835],[125.219228229,5.764319355],[125.219205756,5.764367516],[125.219149584,5.76445694],[125.219149582,5.764456944],[125.219130688,5.764494539],[125.219032464,5.764689991],[125.218974104,5.764782045],[125.218882877,5.764951187],[125.218839657,5.765016549],[125.218779151,5.765119752],[125.218720373,5.765209194],[125.218639122,5.765324436],[125.21854404,5.765479239],[125.218459331,5.765606522],[125.218354455,5.765773534],[125.218283575,5.765866417],[125.218217882,5.76597478],[125.218129715,5.766103782],[125.218038091,5.766243105],[125.217948099,5.766389765],[125.217755615,5.766663408],[125.217598297,5.766874973],[125.217503215,5.766990215],[125.217352812,5.767155339],[125.217223819,5.767317501],[125.217139109,5.767418983],[125.217053539,5.767542583],[125.216954261,5.767662888],[125.216916766,5.767705354],[125.216897777,5.767731119],[125.216858071,5.767801543],[125.216851166,5.767815283],[125.216845553,5.767832037],[125.216767248,5.768169683],[125.21643179,5.768421583],[125.216397516,5.768459471],[125.216370805,5.768493647],[125.216233848,5.76863741],[125.216195766,5.768687208],[125.216150098,5.768732642],[125.216110898,5.768774896],[125.216104369,5.768783558],[125.216046994,5.768893342],[125.215891838,5.769044687],[125.21581785,5.769126964],[125.215602476,5.76933228],[125.215492583,5.769443785],[125.215376054,5.7695686],[125.21529989,5.769643297],[125.215210669,5.769736399],[125.21506035,5.769872933],[125.214962424,5.769954126],[125.214837297,5.770050476],[125.214727197,5.770127944],[125.214586318,5.770248249],[125.214464999,5.770332614],[125.214288164,5.770476945],[125.214217721,5.770541841],[125.214085967,5.770645675],[125.214051279,5.770681563],[125.213930897,5.770801345],[125.213784848,5.770910336],[125.213611779,5.771057931],[125.213579165,5.771099465],[125.213538725,5.771133212],[125.21340845,5.771336884],[125.212825532,5.771712959],[125.212686719,5.771790432],[125.212598836,5.77185126],[125.212598835,5.771851261],[125.212598827,5.771851267],[125.212561532,5.771879097],[125.212460735,5.77196355],[125.212385859,5.772023264],[125.212371639,5.772045584],[125.211993533,5.772425948],[125.211874032,5.772511606],[125.211648721,5.772680504],[125.211386372,5.772872434],[125.211122082,5.773083688],[125.210927635,5.773220342],[125.210503831,5.773496893],[125.21036566,5.77361909],[125.210208191,5.773784009],[125.210018147,5.773898163],[125.209986199,5.773931306],[125.209698456,5.774157873],[125.209129386,5.774457107],[125.20860226,5.774415338],[125.208433734,5.774405998],[125.208333895,5.774402794],[125.208307058,5.774398522],[125.208224686,5.774397032],[125.208160908,5.774403899],[125.208113005,5.774415492],[125.20804082,5.774422022],[125.208013981,5.774434839],[125.208008612,5.774435907],[125.207938093,5.774475373],[125.207443275,5.774537119],[125.20712468,5.774530403],[125.206800506,5.774516429],[125.206744884,5.774518081],[125.206606981,5.774507127],[125.20649824,5.774505475],[125.206357956,5.774496391],[125.2061853,5.774474919],[125.205961593,5.774463377],[125.205960172,5.774463184],[125.205773041,5.774463194],[125.205669164,5.774449105],[125.205652426,5.774449106],[125.205580317,5.774438861],[125.205479885,5.774437584],[125.205436106,5.77443118],[125.205300906,5.774440154],[125.205180615,5.774460302],[125.204037855,5.774606555],[125.203639102,5.774077681],[125.203569782,5.77405469],[125.203502441,5.773965376],[125.203395385,5.773951284],[125.2031579,5.773920023],[125.203116129,5.773899244],[125.203051756,5.773896783],[125.202732146,5.773896811],[125.202502026,5.773718763],[125.202159953,5.773718763],[125.201258466,5.774060467],[125.200799564,5.774116282],[125.200522994,5.774137379],[125.200070618,5.774150154],[125.199060096,5.774030092],[125.198726822,5.773289927],[125.198717763,5.773275078],[125.198703974,5.773257624],[125.198672266,5.773205651],[125.198655303,5.773194326],[125.198594264,5.773171173],[125.198555835,5.773163119],[125.1984034,5.773140868],[125.196244122,5.772534899],[125.197145274,5.771040718],[125.197145269,5.770981397],[125.197160326,5.770921492],[125.197159026,5.770902113],[125.197156709,5.77089658],[125.197115512,5.770568785],[125.197125166,5.770230614],[125.197070451,5.7700317],[125.197062243,5.769895608],[125.197059085,5.769890481],[125.196897351,5.769806608],[125.196801996,5.769585255],[125.196797755,5.76958209],[125.196471693,5.769530876],[125.196312648,5.769319933],[125.196272589,5.769294571],[125.196259868,5.769293517],[125.19623678,5.769305004],[125.196200495,5.769308286],[125.196132635,5.769363149],[125.196091296,5.76940428],[125.196076453,5.7694085],[125.196069454,5.769415464],[125.195921601,5.769531922],[125.19588431,5.769617368],[125.195361387,5.76989291],[125.194711659,5.770281185],[125.19427857,5.770529075],[125.193987924,5.770640823],[125.193681738,5.770738694],[125.193148635,5.77092946],[125.192809985,5.771010441],[125.192493021,5.771139619],[125.192187126,5.771224724],[125.191888675,5.77133812],[125.191395178,5.771453909],[125.191265196,5.77147463],[125.19094639,5.77156957],[125.190588147,5.771736048],[125.190123021,5.772054441],[125.189254121,5.771946377],[125.189188228,5.771969981],[125.189160147,5.77197619],[125.189002403,5.77204753],[125.188951888,5.772083832],[125.188833007,5.77210574],[125.188785274,5.772167466],[125.187309851,5.773005641],[125.187182213,5.772815161],[125.187143051,5.772832872],[125.187199748,5.773105513],[125.185905036,5.773540145],[125.18567369,5.773673798],[125.185493274,5.773696243],[125.185313806,5.773836535],[125.185058138,5.773845311],[125.18496219,5.773917961],[125.184694626,5.77391797],[125.184302041,5.774088852],[125.184043923,5.773960444],[125.184022234,5.773968394],[125.183733627,5.773968394],[125.183699216,5.773974102],[125.183080447,5.774062052],[125.182972536,5.774008373],[125.182838527,5.77402241],[125.182809791,5.774020368],[125.182686906,5.774091689],[125.182654789,5.774132775],[125.182638249,5.774211756],[125.182538843,5.774360106],[125.182518335,5.774477443],[125.182476901,5.774539287],[125.182470295,5.774572146],[125.182184005,5.774979098],[125.182176314,5.775078564],[125.182160549,5.775125607],[125.182188089,5.775235195],[125.182284954,5.775331544],[125.182311042,5.775747117],[125.182317832,5.775757924],[125.182556176,5.776350482],[125.182800929,5.776527605],[125.182967283,5.776527605],[125.183095636,5.77670754],[125.183162143,5.776711216],[125.183322192,5.776823605],[125.183369561,5.776832334],[125.183397284,5.776849754],[125.183465281,5.776863287],[125.18374605,5.77679165],[125.183760403,5.776789453],[125.183783587,5.776778469],[125.184026788,5.776713316],[125.184134738,5.776667876],[125.184166773,5.776658313],[125.184166774,5.776658312],[125.18428557,5.776622849],[125.184401196,5.776588331],[125.184533449,5.776489643],[125.184567817,5.776481765],[125.184568417,5.77648109],[125.184693677,5.776431236],[125.185008348,5.77611818],[125.185096647,5.77611818],[125.187189064,5.774036273],[125.187336079,5.777106089],[125.187443536,5.777255752],[125.187577757,5.777814531],[125.187577766,5.778203873],[125.187584445,5.778230454],[125.187598545,5.77825851],[125.187604482,5.778276229],[125.187620809,5.778305762],[125.187664959,5.778349688],[125.187696503,5.778366304],[125.187733608,5.778403219],[125.189415488,5.778737963],[125.188953542,5.780270144],[125.188953542,5.780338813],[125.188931246,5.780412756],[125.188931255,5.780510987],[125.188921692,5.780539526],[125.188921693,5.780555371],[125.188918508,5.780571217],[125.188918508,5.780593401],[125.188916916,5.780604492],[125.188923288,5.780807321],[125.188923288,5.78120629],[125.188732943,5.78160976],[125.188706581,5.781749642],[125.188706581,5.781977444],[125.188687473,5.782066181],[125.188687473,5.78208678],[125.188690659,5.782131149],[125.188693845,5.782140656],[125.188696236,5.782144224],[125.188726489,5.782189372],[125.188781445,5.782253161],[125.188805335,5.782269006],[125.189688173,5.782634946],[125.189602553,5.784313922],[125.189453969,5.784889368],[125.189412514,5.785443844],[125.189374176,5.786145693],[125.189235574,5.786878702],[125.189055208,5.787522941],[125.188718493,5.788306354],[125.188501532,5.788773131],[125.188295065,5.789070335],[125.18804581,5.789422218],[125.188037139,5.789432253],[125.187666058,5.790183962],[125.187558841,5.790328337],[125.187267105,5.790742066],[125.18667364,5.791367139],[125.186227699,5.791746142],[125.186161592,5.791807414],[125.185865532,5.792035502],[125.185171053,5.792262535],[125.185140709,5.792261546],[125.184948683,5.792320326],[125.184948682,5.792320326],[125.184765735,5.792484148],[125.184526256,5.792540217],[125.184389472,5.792610784],[125.184388428,5.792611118],[125.184268901,5.792793784],[125.184044609,5.792948699],[125.183909373,5.793076884],[125.183743494,5.793177827],[125.183721937,5.793197895],[125.183542212,5.793422949],[125.182996538,5.793795936],[125.182093895,5.794236743],[125.180379284,5.79497223],[125.179885304,5.794502146],[125.179766307,5.794462687],[125.17953205,5.794262922],[125.17935706,5.794224238],[125.179355215,5.794223637],[125.179312161,5.794223637],[125.179295141,5.794220649],[125.178808118,5.794232465],[125.178674635,5.7941376],[125.178292022,5.794129678],[125.178122025,5.793892901],[125.177894956,5.793844495],[125.177875102,5.793828504],[125.177716157,5.793792569],[125.177652446,5.793748992],[125.17746123,5.793748992],[125.177453257,5.793744365],[125.177425421,5.793749481],[125.177394419,5.79374871],[125.177358767,5.793756421],[125.177348691,5.793759506],[125.17725414,5.793840131],[125.177171614,5.793941176],[125.177034788,5.794108705],[125.176779351,5.794299309],[125.176756518,5.79434474],[125.176743301,5.79436028],[125.176737894,5.794376419],[125.176737894,5.795039561],[125.177264398,5.795338722],[125.17573931,5.796737769],[125.175317424,5.797214793],[125.174969893,5.79740097],[125.174927094,5.797416937],[125.174860756,5.797449936],[125.174832937,5.797466968],[125.174807258,5.797490387],[125.174792278,5.797501032],[125.174707624,5.797613398],[125.174701106,5.797619882],[125.174688266,5.797639044],[125.174677567,5.797660334],[125.174662587,5.797681624],[125.174647607,5.79771143],[125.174639047,5.797730591],[125.174617648,5.797777429],[125.174604808,5.797813623],[125.174545836,5.798062964],[125.174474271,5.798205358],[125.174404359,5.79848357],[125.174311635,5.798714188],[125.174305215,5.798741865],[125.174305215,5.798790832],[125.174309495,5.798858959],[125.174318114,5.798996151],[125.174320412,5.799079459],[125.17432857,5.799115988],[125.174343549,5.799150052],[125.174490981,5.799565629],[125.174490981,5.800297395],[125.174411801,5.800523867],[125.17438793,5.800696044],[125.174351882,5.800798509],[125.174351882,5.801029502],[125.174168609,5.801396346],[125.174046331,5.801659685],[125.173977443,5.801779527],[125.173924688,5.801870232],[125.173910142,5.801913644],[125.173885966,5.801961748],[125.173882944,5.801969766],[125.173881937,5.801983797],[125.173895297,5.802036973],[125.173897579,5.802089192],[125.173948641,5.802326256],[125.173947758,5.802382114],[125.173956044,5.802431565],[125.173965889,5.802468298],[125.17402425,5.80258805],[125.174041414,5.802758681],[125.174117955,5.802921861],[125.174473754,5.803376983],[125.174283739,5.804133112],[125.174279291,5.804483923],[125.174284547,5.804625104],[125.174252606,5.804815781],[125.174250382,5.804840117],[125.174250382,5.804897639],[125.174264465,5.80499572],[125.174270396,5.80501932],[125.174274843,5.805041445],[125.174281515,5.80506578],[125.174285962,5.805090117],[125.174336502,5.805219406],[125.174336502,5.805776743],[125.174314738,5.805865756],[125.174311309,5.805901576],[125.174311309,5.806022682],[125.174318167,5.806070442],[125.174329924,5.806148428],[125.174330168,5.806152319],[125.174333597,5.806169374],[125.174346102,5.806343201],[125.174346102,5.806409116],[125.174348983,5.806434914],[125.174351868,5.806460739],[125.174354755,5.806486594],[125.174357639,5.80650955],[125.174360521,5.806535347],[125.174374947,5.806664533],[125.174374947,5.806943747],[125.17431149,5.807405365],[125.174268225,5.807660755],[125.174072087,5.808499332],[125.173847106,5.80909046],[125.173725813,5.809531704],[125.173461817,5.80981059],[125.173451153,5.80984242],[125.173443154,5.80988486],[125.173443148,5.810389711],[125.172888719,5.811431648],[125.172421892,5.811682099],[125.17240412,5.811697396],[125.172392114,5.811719323],[125.172384252,5.811741548],[125.172380233,5.811768193],[125.172374891,5.811784384],[125.172373693,5.811800872],[125.172370873,5.811811028],[125.172372942,5.811864455],[125.172364882,5.811893474],[125.17238076,5.811969007],[125.172331312,5.812165757],[125.172337187,5.81219206],[125.172486272,5.812446315],[125.172439997,5.812814544],[125.172496684,5.813152921],[125.172425307,5.813437021],[125.172507541,5.813764333],[125.172507541,5.814200792],[125.172516353,5.814240243],[125.172533977,5.814278234],[125.172665878,5.814409446],[125.172995172,5.815225099],[125.173361777,5.8159005],[125.173361777,5.816544197],[125.173366401,5.816547648],[125.173389524,5.816558],[125.174414273,5.816619777],[125.174487057,5.816981891],[125.174719853,5.81703335],[125.175181267,5.817905593],[125.175197227,5.817927645],[125.17521155,5.817953769],[125.17528753,5.818062217],[125.175456273,5.818174152],[125.17550323,5.818279767],[125.176051976,5.818486335],[125.17600646,5.818871282],[125.176546344,5.818824582],[125.176396989,5.820635545],[125.176348245,5.821019938],[125.176225791,5.821370031],[125.17606867,5.821690344],[125.175662073,5.822491894],[125.175245137,5.823304292],[125.174899125,5.823550136],[125.174848753,5.823600242],[125.174815186,5.823621108],[125.174790009,5.823661178],[125.174771817,5.823686514],[125.174770418,5.82369208],[125.174825944,5.823968478],[125.174754278,5.824084321],[125.174624714,5.824845228],[125.174624701,5.825063266],[125.174485599,5.825419068],[125.174485563,5.825885396],[125.174507283,5.826090727],[125.174505676,5.826178355],[125.174521089,5.826393044],[125.174521213,5.826394767],[125.17452704,5.826475936],[125.174536804,5.82650092],[125.174561743,5.82655882],[125.17475543,5.826693711],[125.174766426,5.827313191],[125.174771563,5.827329546],[125.174976801,5.82765624],[125.175007525,5.828595708],[125.175022935,5.828984115],[125.175073278,5.829298929],[125.175142189,5.829599474],[125.175235685,5.829831496],[125.17523774,5.829839673],[125.175263425,5.829898956],[125.175266507,5.829910198],[125.175314798,5.830007303],[125.175467571,5.830167877],[125.175586812,5.830523781],[125.175605306,5.830548312],[125.175632019,5.830564666],[125.175692637,5.830612705],[125.175710104,5.830623949],[125.175732709,5.830641326],[125.176107349,5.830842792],[125.176260102,5.831017784],[125.176278596,5.831032093],[125.176284761,5.831039248],[125.176334078,5.831076045],[125.176391322,5.831123511],[125.176481219,5.831187391],[125.176514615,5.831220613],[125.176529,5.831226746],[125.176792462,5.831238658],[125.177102307,5.831437302],[125.177139299,5.831455703],[125.17715882,5.831460813],[125.177171148,5.831465923],[125.177178683,5.831466621],[125.177293969,5.831506243],[125.17736735,5.831522112],[125.177622939,5.831620352],[125.178117861,5.8319283],[125.178573103,5.832703537],[125.178651038,5.832855819],[125.178840829,5.8332734],[125.179084805,5.834018514],[125.17912008,5.834143846],[125.179155783,5.834356616],[125.179169057,5.834402831],[125.179177276,5.834424297],[125.179195029,5.834483729],[125.179245531,5.834584192],[125.179278254,5.834790367],[125.179294693,5.834845561],[125.17931954,5.834889793],[125.179382843,5.834977063],[125.179435454,5.835064295],[125.179513861,5.835175489],[125.179838129,5.835671335],[125.180016274,5.83636971],[125.180329822,5.837301997],[125.180329822,5.837763703],[125.180287355,5.83791527],[125.180285999,5.837930095],[125.180287352,5.837985359],[125.180293956,5.838001787],[125.180371349,5.838137674],[125.180394347,5.838193275],[125.180405184,5.838205404],[125.180498601,5.838284406],[125.180498602,5.838284407],[125.180575385,5.838326076],[125.180623321,5.838346944],[125.18064229,5.838350988],[125.180711652,5.838353837],[125.180729266,5.838353838],[125.180744169,5.838351143],[125.180809916,5.838308827],[125.181009739,5.838266237],[125.181036836,5.838255456],[125.181103854,5.838188797],[125.181421164,5.838083592],[125.181594916,5.838008444],[125.181788329,5.837980977],[125.181788332,5.837980976],[125.181805968,5.837978472],[125.181805968,5.837978471],[125.181832066,5.837962416],[125.181941448,5.837946776],[125.182229933,5.837762306],[125.182236866,5.837760581],[125.182303375,5.837699151],[125.182721751,5.837640894],[125.182751187,5.837620154],[125.182944174,5.837497996],[125.183015473,5.837464901],[125.183179949,5.837318218],[125.183311376,5.837249416],[125.183334838,5.837223955],[125.183425305,5.837125781],[125.18347506,5.837078105],[125.18362273,5.836939377],[125.183891276,5.836753198],[125.183972256,5.836720986],[125.184072549,5.836658633],[125.184309568,5.836295153],[125.184373094,5.836242495],[125.184416122,5.836185427],[125.184431659,5.836173835],[125.184455301,5.836115608],[125.184753281,5.835861546],[125.184756421,5.835857382],[125.18476581,5.835817692],[125.185169188,5.835282641],[125.185594645,5.834987676],[125.185663395,5.83488129],[125.185685592,5.834868672],[125.185686584,5.834866699],[125.186058614,5.834533669],[125.186178361,5.834459215],[125.18640619,5.834232571],[125.186411161,5.834231811],[125.186420205,5.834219815],[125.186614571,5.834090924],[125.18662555,5.834076359],[125.186625555,5.83396437],[125.186637085,5.83394526],[125.186637109,5.833405739],[125.187216123,5.832944974],[125.187552771,5.832643606],[125.187614812,5.83262745],[125.187626425,5.83252811],[125.187704295,5.832425865],[125.187764005,5.832128857],[125.188297775,5.831761214],[125.188300337,5.831757816],[125.188264609,5.83133084],[125.188935466,5.830758805],[125.189471697,5.830403266],[125.189614579,5.830237423],[125.190221963,5.830237423],[125.190236823,5.83023496],[125.190315868,5.830121378],[125.190347833,5.83004416],[125.190581063,5.829961831],[125.191099263,5.829446369],[125.191627251,5.829082761],[125.191764918,5.829058596],[125.191818599,5.828941124],[125.191883413,5.82891534],[125.191883414,5.828915339],[125.19234955,5.828729907],[125.192349551,5.828729906],[125.192412786,5.828656519],[125.192541934,5.828630828],[125.192592764,5.828563406],[125.192752049,5.828547015],[125.19287948,5.828329725],[125.19453315,5.828165256],[125.194624793,5.828256441],[125.194906354,5.828256448],[125.195329374,5.828256458],[125.195329375,5.828256458],[125.195841933,5.828128995],[125.195915606,5.828128995],[125.196059649,5.828006184],[125.19626833,5.827954281],[125.196305829,5.827916976],[125.196439479,5.82765097],[125.196930109,5.827616478],[125.19737406,5.827561259],[125.197385177,5.827557573],[125.197398764,5.827551429],[125.197714253,5.8272376],[125.197988264,5.827216637],[125.198042615,5.827187143],[125.198110252,5.826917967],[125.198820769,5.826635229],[125.199038183,5.826469844],[125.199766089,5.826090382],[125.19984875,5.826061361],[125.2004015,5.825680666],[125.200906168,5.825908891],[125.202642608,5.825822524],[125.202190759,5.827734937],[125.202216566,5.827743892],[125.202247019,5.827748626],[125.202274618,5.8277562],[125.202419253,5.827766629],[125.204363724,5.828486421],[125.204392755,5.828630843],[125.204396153,5.828632533],[125.205405211,5.828855591],[125.205405211,5.83041606],[125.205236771,5.830861341],[125.205209878,5.830932434],[125.205175835,5.831022429],[125.205175835,5.831291912],[125.205252754,5.831643593],[125.205315332,5.831900235],[125.205315332,5.832172402],[125.205285603,5.832468307],[125.205196553,5.832689759],[125.205195547,5.832702777],[125.205209638,5.832758875],[125.205209638,5.832832949],[125.205247188,5.832885252],[125.205206318,5.833454757],[125.205207324,5.833462768],[125.205406969,5.834356561],[125.205262185,5.834530226],[125.205262185,5.834530227],[125.20526251,5.834543469],[125.205262509,5.834543471],[125.205267637,5.834752709],[125.205239168,5.834856555],[125.20522529,5.835298546],[125.205075427,5.835745821],[125.205088288,5.835797042],[125.205172807,5.835919348],[125.205204684,5.836300264],[125.205285416,5.836470928],[125.205285392,5.837116358],[125.205246143,5.837233442],[125.205246143,5.837245825],[125.205264782,5.83736944],[125.205403479,5.837668423],[125.20552139,5.837753144],[125.205541984,5.837797533],[125.205636024,5.83785367],[125.205887845,5.838354734],[125.205900543,5.838353471],[125.207030349,5.838853039],[125.207065753,5.839017448],[125.20707308,5.839021995],[125.207429917,5.839179748],[125.207456892,5.839233416],[125.207718242,5.839363426],[125.207812642,5.83960345],[125.207835011,5.839617358],[125.207872152,5.839691256],[125.207906779,5.839710047],[125.208128904,5.840063526],[125.208377922,5.840459802],[125.208445566,5.8409308],[125.208577506,5.841226164],[125.208566826,5.841417431],[125.208617033,5.841525638],[125.208690919,5.841805],[125.208694309,5.841865743],[125.208694309,5.841865744],[125.208755918,5.842018931],[125.208761272,5.842032241],[125.209109543,5.842609748],[125.209144315,5.842909562],[125.209587684,5.843516046],[125.209631908,5.844396634],[125.209624649,5.844468862],[125.209624648,5.844492428],[125.209642699,5.844524751],[125.209642693,5.844637545],[125.209667377,5.844703033],[125.209735773,5.844884494],[125.209757629,5.844942479],[125.209765526,5.844950335],[125.209863653,5.845006115],[125.209870443,5.84501094],[125.209875385,5.845012784],[125.210339511,5.845276613],[125.210345965,5.845285602],[125.21042065,5.845302704],[125.2105425,5.845302704],[125.210667637,5.84531403],[125.210923635,5.845256196],[125.211434346,5.845459437],[125.211944536,5.845697539],[125.212289255,5.846154807],[125.212591701,5.846358323],[125.212627811,5.846365128],[125.212660851,5.846379999],[125.213004558,5.84636779],[125.213294695,5.846608319],[125.214876865,5.846608319],[125.21487679,5.847649997],[125.21505298,5.847825262],[125.215028316,5.848119682],[125.215118052,5.848354017],[125.215160721,5.848428305],[125.215160721,5.848519105],[125.215207588,5.848596812],[125.215207588,5.848759163],[125.215210384,5.848763533],[125.215298001,5.849286747],[125.215293666,5.849407445],[125.215300571,5.84946142],[125.21530853,5.849532684],[125.215351759,5.849652483],[125.215364689,5.849885483],[125.215386371,5.850100207],[125.215388343,5.850231707],[125.215382814,5.850783312],[125.215348621,5.85093672],[125.215348621,5.851083699],[125.215276161,5.851257534],[125.215395363,5.851799447],[125.215022332,5.852332906],[125.215011665,5.852353244],[125.215006332,5.852367391],[125.215003665,5.852383306],[125.215003665,5.852398338],[125.215022041,5.852596371],[125.214994147,5.853180188],[125.214997911,5.853196418],[125.215007951,5.853225132],[125.215046684,5.853308621],[125.215060659,5.853344982],[125.215079816,5.853370391],[125.215162779,5.853571518],[125.215349918,5.854050273],[125.215349918,5.854286882],[125.215352427,5.854303112],[125.215352427,5.854318095],[125.215352572,5.854318845],[125.215365476,5.854404059],[125.215375642,5.85445125],[125.21537878,5.854474146],[125.21538631,5.854501612],[125.215392586,5.85452908],[125.215396348,5.85454031],[125.215407644,5.854564033],[125.215423958,5.854612721],[125.21545738,5.854679781],[125.21552033,5.854806279],[125.215718614,5.855120884],[125.215863497,5.85537455],[125.215958875,5.855536846],[125.216061781,5.855721614],[125.216165943,5.855881413],[125.216264358,5.856042854],[125.216268123,5.856051593],[125.216298242,5.856089046],[125.216325851,5.856114015],[125.216329616,5.856119007],[125.216347187,5.856128997],[125.216371031,5.856137735],[125.216434107,5.856169108],[125.216696483,5.856225482],[125.216939648,5.856255053],[125.216969767,5.856253805],[125.217012437,5.856248811],[125.217027497,5.856248811],[125.217147004,5.856233111],[125.217299847,5.85625398],[125.21740251,5.856254468],[125.217406499,5.856253807],[125.218296772,5.855958586],[125.219316077,5.856980882],[125.219794178,5.85771791],[125.219915617,5.857901949],[125.220207371,5.85851261],[125.220213971,5.858530996],[125.220236414,5.858570393],[125.220264138,5.858613731],[125.220417697,5.858754739],[125.220733977,5.859320274],[125.22100129,5.859991694],[125.221149148,5.860733322],[125.22125344,5.861166751],[125.22125344,5.861173317],[125.221293048,5.86128495],[125.221329469,5.861520474],[125.221348493,5.861964813],[125.221376217,5.862500395],[125.221401301,5.863073335],[125.221423746,5.863774209],[125.221431667,5.863976525],[125.221417146,5.86419715],[125.221432988,5.864461112],[125.221454111,5.864597433],[125.221483155,5.864726131],[125.221670823,5.865212346],[125.221698342,5.865454159],[125.221789465,5.865712077],[125.2218264,5.866126719],[125.221831682,5.866375944],[125.221867329,5.867131651],[125.221906936,5.867833829],[125.22184753,5.868495017],[125.221790765,5.869079207],[125.221781524,5.869196353],[125.221710237,5.86973911],[125.22165384,5.870017609],[125.22148354,5.870834998],[125.221327159,5.871599599],[125.221101806,5.872566378],[125.220856454,5.87333784],[125.220781469,5.87359929],[125.220541196,5.874459675],[125.220522665,5.874528133],[125.220195308,5.875737465],[125.220088373,5.876139318],[125.219668393,5.877411252],[125.219663899,5.877410728],[125.219536047,5.87841259],[125.218789189,5.878768171],[125.218515569,5.878926538],[125.218453187,5.878970431],[125.218427458,5.878986844],[125.218416589,5.878997878],[125.21840655,5.879004096],[125.218350377,5.879061736],[125.218201796,5.879201455],[125.218035312,5.879352034],[125.217892249,5.879499715],[125.217868853,5.879531408],[125.217861524,5.879545027],[125.217849825,5.879560874],[125.217787236,5.879705471],[125.217537446,5.879932364],[125.21744875,5.880011916],[125.217424054,5.88004537],[125.217388207,5.880126357],[125.217116005,5.880429445],[125.216795163,5.880790966],[125.216606215,5.880847848],[125.216542446,5.880900463],[125.216347603,5.880943512],[125.216333664,5.880955012],[125.216010484,5.881392802],[125.215558601,5.881623268],[125.215478242,5.881691464],[125.215208675,5.881881159],[125.21466939,5.882043576],[125.214107087,5.882056053],[125.213524602,5.882627008],[125.212991573,5.882820163],[125.212976482,5.882840605],[125.212922661,5.883085559],[125.212861683,5.883223329],[125.212860077,5.883232645],[125.212860292,5.883253779],[125.212892596,5.883463538],[125.212862897,5.883635885],[125.21286995,5.883681681],[125.212839067,5.884011097],[125.212839067,5.884011098],[125.212839067,5.8840111],[125.212839067,5.884011101],[125.212839883,5.884091597],[125.212847065,5.884113365],[125.212848785,5.884124534],[125.212861863,5.884147298],[125.212874952,5.884170082],[125.212988072,5.884262983],[125.213028713,5.884341828],[125.213217688,5.884479872],[125.213449837,5.884930299],[125.213525373,5.885149345],[125.213552012,5.885256388],[125.213715404,5.885573427],[125.213751938,5.885673163],[125.213757929,5.885680349],[125.214308104,5.886082232],[125.214420957,5.886606955],[125.214426948,5.886614141],[125.214436121,5.886620842],[125.214460345,5.886630108],[125.214465848,5.886634128],[125.214484085,5.88663621],[125.214660823,5.88671812],[125.214671384,5.8867191],[125.214671386,5.8867191],[125.215291683,5.886776647],[125.215765342,5.887122661],[125.215796889,5.887137282],[125.216031741,5.887308826],[125.216093409,5.887328589],[125.216416282,5.887564436],[125.216604073,5.887769024],[125.216734342,5.887864181],[125.216977018,5.88808639],[125.216988027,5.888094431],[125.217005399,5.888101502],[125.217220191,5.888117511],[125.217870299,5.88854658],[125.217934572,5.888636952],[125.217951084,5.888649014],[125.217966738,5.888666067],[125.218098163,5.888761399],[125.218133398,5.888778708],[125.218293874,5.88889031],[125.218395932,5.888949337],[125.218538976,5.889086198],[125.218585898,5.889120472],[125.219023671,5.889440243],[125.219040012,5.889480269],[125.219390383,5.889736194],[125.219397349,5.889749711],[125.219470724,5.889803307],[125.219524774,5.889879304],[125.219745862,5.890040798],[125.219763342,5.890059182],[125.219789027,5.890077944],[125.219842117,5.890105488],[125.219956296,5.890188888],[125.220581581,5.890655737],[125.220583783,5.890665597],[125.220647997,5.890712502],[125.220700135,5.890733724],[125.220940426,5.890909249],[125.221127454,5.89107676],[125.22113161,5.891082605],[125.221208366,5.89113867],[125.221346604,5.891333041],[125.221539956,5.891564924],[125.221599336,5.89167392],[125.221622776,5.891697876],[125.221626839,5.891703786],[125.221655908,5.891730857],[125.221667469,5.891746408],[125.221696227,5.891764145],[125.2219792,5.891829811],[125.222015234,5.891819583],[125.222244319,5.891823499],[125.222422984,5.891741834],[125.222665663,5.891733865],[125.222711628,5.891720819],[125.222728514,5.891713672],[125.222942156,5.891591165],[125.223071408,5.891550492],[125.223270835,5.891381745],[125.223684383,5.891336732],[125.22372698,5.891329699],[125.224147668,5.891197322],[125.224986703,5.8914869],[125.225343504,5.891578977],[125.225430855,5.891607663],[125.225485787,5.891625069],[125.225525182,5.891635826],[125.225525183,5.891635826],[125.225571419,5.891648451],[125.225622062,5.891662279],[125.225754899,5.891683231],[125.226279381,5.891768143],[125.226353764,5.891765162],[125.226517044,5.891749552],[125.226902147,5.891728879],[125.227155823,5.891702708],[125.227437268,5.891658855],[125.227680257,5.891647544],[125.22796195,5.89165821],[125.227984494,5.891661765],[125.228020912,5.891660947],[125.228424125,5.891737375],[125.228859955,5.891847617],[125.22907625,5.891968872],[125.229239696,5.892051485],[125.22957313,5.892206462],[125.229895824,5.892369228],[125.230244371,5.892565643],[125.230579578,5.892730451],[125.230930783,5.89293052],[125.231232203,5.893092798],[125.231365428,5.89317422],[125.23153623,5.893265828],[125.231645561,5.89332782],[125.232246942,5.893613069],[125.232372762,5.893816562],[125.232389271,5.893825878],[125.232397004,5.893833809],[125.232442142,5.893848808],[125.232492715,5.893882466],[125.232545829,5.89390203],[125.232563386,5.893904799],[125.233248511,5.893944082],[125.233299063,5.894016657],[125.234294593,5.894244914],[125.234591971,5.894508572],[125.234861548,5.894625354],[125.235299203,5.894696182],[125.235466903,5.894876581],[125.235622638,5.894943222],[125.235724183,5.895081521],[125.235801728,5.895114703],[125.235852984,5.895175127],[125.235915266,5.895201779],[125.235978316,5.895286495],[125.23683282,5.895652181],[125.236995712,5.896379419],[125.237006771,5.896398586],[125.237029479,5.896429952],[125.237069497,5.896477125],[125.237264233,5.896793578],[125.237422245,5.897136739],[125.237540874,5.897416035],[125.23762042,5.897805319],[125.237682414,5.898271024],[125.237732384,5.898684955],[125.237756123,5.899028226],[125.237730962,5.899360549],[125.237689749,5.899628752],[125.237649766,5.899857452],[125.237638881,5.899919714],[125.237608866,5.9000402],[125.237589601,5.900117536],[125.237449055,5.900505741],[125.237176401,5.901119735],[125.236718702,5.902068491],[125.236523471,5.90249799],[125.23648304,5.902607901],[125.236452277,5.902750218],[125.236386214,5.903269999],[125.236344951,5.903568015],[125.236284766,5.904168282],[125.236212881,5.90463019],[125.236134979,5.905156666],[125.236135793,5.905187653],[125.236144304,5.905335008],[125.236123413,5.905462682],[125.236124249,5.905477162],[125.236114377,5.905593093],[125.236144044,5.905834188],[125.236044097,5.906220975],[125.236045689,5.906231679],[125.236050231,5.90624151],[125.236225949,5.906491305],[125.236261795,5.906584446],[125.236273988,5.906598402],[125.236289131,5.906611487],[125.236608027,5.906783376],[125.236829748,5.907215491],[125.236897947,5.907271941],[125.236951525,5.90730082],[125.23698524,5.907311608],[125.236990979,5.907314701],[125.237380841,5.907359929],[125.237836188,5.907605361],[125.237955203,5.907713813],[125.237965803,5.907717065],[125.238209785,5.907750723],[125.239448848,5.908444935],[125.239439333,5.908565486],[125.239732859,5.90876143],[125.239767942,5.908795601],[125.239922871,5.908879102],[125.239965696,5.908907107],[125.240158908,5.909011251],[125.240704675,5.909462942],[125.240916213,5.910012676],[125.24092737,5.910028534],[125.241049552,5.910139855],[125.241136293,5.910186609],[125.241427587,5.910237773],[125.241557688,5.910307897],[125.241582008,5.910308695],[125.241813447,5.910433442],[125.241822135,5.910435663],[125.241831859,5.910435982],[125.241977535,5.910386542],[125.24247204,5.910473405],[125.242478915,5.910474613],[125.242783007,5.910367137],[125.243486401,5.910263599],[125.244175191,5.91063482],[125.244314162,5.910670347],[125.244371678,5.910653351],[125.244743954,5.910472647],[125.245424242,5.910731574],[125.246031052,5.910981132],[125.246362069,5.911451581],[125.246471104,5.911510351],[125.24650178,5.911553956],[125.246961975,5.911801995],[125.247007921,5.911955793],[125.247419355,5.912177542],[125.247439717,5.91231445],[125.247459505,5.912325114],[125.247577433,5.912447735],[125.247604929,5.912469938],[125.247614493,5.912475093],[125.248134518,5.912442955],[125.248530381,5.913005648],[125.248646001,5.913067957],[125.248667263,5.913088664],[125.248686391,5.913098973],[125.249161666,5.91329713],[125.249350908,5.913513735],[125.249683299,5.913647159],[125.249910973,5.913996704],[125.249926279,5.914004954],[125.249958956,5.914017643],[125.249970433,5.914023828],[125.250047756,5.914040888],[125.250107042,5.914072844],[125.250459981,5.914172986],[125.250684678,5.914401878],[125.250835296,5.914494217],[125.250850912,5.914510821],[125.250906657,5.914536033],[125.251426051,5.915060489],[125.25157584,5.915128228],[125.251776934,5.915429932],[125.251783956,5.915435485],[125.251827527,5.915455192],[125.251884425,5.915466662],[125.252417033,5.915707509],[125.252645132,5.916014221],[125.252922477,5.916139645],[125.253132969,5.91620095],[125.253230355,5.916277962],[125.253847349,5.916557018],[125.254139098,5.917087486],[125.254489653,5.917246037],[125.254538611,5.917306209],[125.254706732,5.917382248],[125.254858083,5.917585734],[125.255319209,5.917794295],[125.255378939,5.917902907],[125.25558491,5.917996061],[125.25559139,5.918013256],[125.25568484,5.918055517],[125.255706894,5.918098775],[125.255726698,5.918107731],[125.255923761,5.91814376],[125.256151785,5.918307116],[125.25615866,5.918308712],[125.256451414,5.918441116],[125.256511367,5.918482493],[125.256545036,5.918497721],[125.256865866,5.918602091],[125.257080287,5.918771625],[125.257102072,5.918781478],[125.257123679,5.918786495],[125.25712529,5.918786436],[125.257391771,5.918848314],[125.257413199,5.918848496],[125.257424003,5.918851004],[125.2574608,5.918847612],[125.257855403,5.918919716],[125.257977745,5.918952292],[125.258459676,5.919112329],[125.258546018,5.919163909],[125.258700247,5.919177917],[125.258855164,5.919219923],[125.258898379,5.919228539],[125.258917827,5.919230696],[125.258952401,5.919230711],[125.258952402,5.919230711],[125.258991302,5.919226428],[125.258991303,5.919226428],[125.259172824,5.919181368],[125.25923551,5.919181391],[125.259254961,5.919177101],[125.259364825,5.919116451],[125.259653254,5.919087876],[125.259726536,5.919069687],[125.260060899,5.918991306],[125.260368573,5.918991448],[125.2603837,5.918989305],[125.260814749,5.918846575],[125.260991025,5.918815709],[125.261045054,5.918802835],[125.261058022,5.918798541],[125.261083959,5.918785655],[125.261113063,5.918763963],[125.261397362,5.918631025],[125.261553508,5.918413784],[125.261983228,5.918289306],[125.262189602,5.918194668],[125.26224907,5.918186242],[125.262298781,5.918162619],[125.26233985,5.918134694],[125.262393892,5.918091726],[125.26241983,5.918076691],[125.262567808,5.917900212],[125.262723305,5.917856085],[125.262772989,5.917806705],[125.26312568,5.917510091],[125.263203191,5.917484429],[125.263257502,5.917412469],[125.263758599,5.91724657],[125.264046233,5.916865468],[125.265567599,5.916913938],[125.265681891,5.916944203],[125.265743766,5.916944177],[125.265823595,5.916928261],[125.265859528,5.916928246],[125.265875495,5.916924268],[125.265901441,5.916922272],[125.266094009,5.916867458],[125.266244733,5.916860583],[125.266346518,5.916848628],[125.266426358,5.916848595],[125.266458293,5.916844611],[125.266635937,5.916844536],[125.266791633,5.916860354],[125.266934111,5.916868562],[125.267001097,5.916877187],[125.267240887,5.916896801],[125.267497354,5.916981949],[125.267646442,5.917024998],[125.268078435,5.917091897],[125.268212212,5.917158491],[125.268220854,5.917160644],[125.268352676,5.917160696],[125.268367798,5.917162852],[125.268367799,5.917162852],[125.268380766,5.917160707],[125.268380768,5.917160707],[125.268614134,5.917122113],[125.268720054,5.917122152],[125.268752469,5.917115717],[125.268974222,5.91696144],[125.270208843,5.916764126],[125.27071481,5.917099928],[125.270954595,5.917219301],[125.271119735,5.917377366],[125.271149977,5.91740317],[125.272087184,5.917977375],[125.27177966,5.919046391],[125.271779647,5.919078632],[125.271781801,5.919095829],[125.271788276,5.919115173],[125.271941615,5.919420573],[125.27194112,5.920483805],[125.271632134,5.920885387],[125.271616995,5.920909029],[125.271612883,5.920916748],[125.271597532,5.920945562],[125.271597522,5.920945585],[125.271555359,5.921029372],[125.271545618,5.92106806],[125.271545323,5.921884047],[125.271529881,5.921893271],[125.271530043,5.922275322],[125.2714364,5.922837345],[125.271237589,5.923102994],[125.271226545,5.923124501],[125.271209998,5.923198213],[125.271199519,5.923248344],[125.271293595,5.923765978],[125.27093398,5.924205322],[125.270899247,5.9250711],[125.269603192,5.925259966],[125.269587898,5.925264663],[125.269404842,5.925375833],[125.269332028,5.925396809],[125.269316558,5.925405917],[125.269298462,5.925414037],[125.269142679,5.925524936],[125.269076731,5.925559026],[125.269063887,5.925569122],[125.268824745,5.92592032],[125.268215425,5.926105819],[125.268170055,5.926126178],[125.268038776,5.926194579],[125.267827982,5.926268036],[125.267657702,5.926317087],[125.26763698,5.926324219],[125.267591738,5.92634452],[125.267549123,5.926365808],[125.267502534,5.926397545],[125.267306473,5.926543487],[125.267254297,5.926560925],[125.267244263,5.926569922],[125.266957868,5.926702056],[125.266908516,5.926737369],[125.266663046,5.92685833],[125.26635052,5.927041014],[125.266033655,5.927037741],[125.266009827,5.927047605],[125.265978056,5.927063389],[125.265964153,5.927077206],[125.265960179,5.927085104],[125.265956203,5.927098925],[125.265974002,5.927258855],[125.265997772,5.927401068],[125.266322873,5.92821044],[125.265956396,5.928696894],[125.265885602,5.929049764],[125.265853485,5.929092398],[125.265858402,5.929111924],[125.265858941,5.929112265],[125.265927225,5.929360888],[125.266757088,5.930185625],[125.265864137,5.931074572],[125.265828179,5.93120854],[125.265824201,5.931228285],[125.265824195,5.931242108],[125.265932457,5.9316736],[125.265641871,5.932155777],[125.265578113,5.932282741],[125.265548693,5.932355986],[125.265543797,5.932385282],[125.265543843,5.932497578],[125.265504633,5.932634291],[125.265504784,5.933001883],[125.265478008,5.933065729],[125.26547782,5.933529114],[125.265326883,5.933654122],[125.265267142,5.933950664],[125.265255304,5.934021145],[125.265271255,5.934132539],[125.265241242,5.934429903],[125.265335598,5.93474319],[125.265284709,5.934945313],[125.265330259,5.935217738],[125.265330238,5.935273126],[125.265336185,5.935294851],[125.26536771,5.935341924],[125.265540798,5.9358597],[125.265552841,5.935920722],[125.265585133,5.936033861],[125.265592839,5.936066492],[125.265614654,5.936121791],[125.26563449,5.936163266],[125.265752901,5.936304711],[125.265953821,5.936971853],[125.266036919,5.937303053],[125.266048916,5.937422827],[125.266152789,5.937733213],[125.266113187,5.937955919],[125.266301783,5.938406633],[125.266517967,5.938880175],[125.266517939,5.938946533],[125.266683434,5.93933104],[125.266738947,5.939690935],[125.266890683,5.939906708],[125.266911617,5.939990137],[125.267149712,5.94034572],[125.267149561,5.940728765],[125.267217122,5.94078257],[125.26746104,5.941268269],[125.267644506,5.941706724],[125.267644418,5.94192433],[125.267847776,5.942329252],[125.267904296,5.942404267],[125.267924147,5.942433909],[125.268212756,5.942625448],[125.268488966,5.943450737],[125.268488927,5.943566617],[125.268631199,5.94397503],[125.268632184,5.943979941],[125.268753013,5.944220549],[125.268761033,5.944264515],[125.268768065,5.944273849],[125.268873735,5.944367347],[125.269034024,5.94465989],[125.269130458,5.944749483],[125.269205117,5.944853528],[125.269913081,5.945135518],[125.269912832,5.945860025],[125.26991986,5.945876353],[125.269926891,5.945883352],[125.270115913,5.945968899],[125.270363599,5.946318201],[125.270560533,5.946542227],[125.270740939,5.946721801],[125.270755009,5.946740476],[125.270874714,5.94680999],[125.271097171,5.947179054],[125.271106545,5.947190719],[125.271148691,5.947222183],[125.271498041,5.947396103],[125.2716945,5.947420607],[125.271751253,5.947454506],[125.272244619,5.947516055],[125.272589704,5.948145911],[125.272608451,5.948171569],[125.272698175,5.948285123],[125.272730984,5.948331779],[125.272808329,5.948418099],[125.272913789,5.94855807],[125.27294191,5.948600059],[125.27296066,5.948621056],[125.272976126,5.948641582],[125.273028628,5.948700376],[125.273042691,5.948714374],[125.273143059,5.948772221],[125.273461812,5.949084288],[125.273645907,5.9492322],[125.273754599,5.949340392],[125.273838977,5.94943138],[125.273869448,5.949471043],[125.273928038,5.949536362],[125.273972566,5.949594683],[125.273993662,5.949618016],[125.274007309,5.949631599],[125.274095948,5.949731406],[125.274126674,5.949760191],[125.27418585,5.949830313],[125.274272964,5.949844791],[125.27454681,5.950177943],[125.27455853,5.950184944],[125.274808609,5.950284553],[125.274809383,5.950285323],[125.274968017,5.950330471],[125.275213098,5.950640958],[125.275467454,5.95084811],[125.275543558,5.951037551],[125.275562308,5.951058547],[125.275753517,5.951134707],[125.276154305,5.951555864],[125.276156973,5.951561176],[125.276439355,5.951802117],[125.276697885,5.952145237],[125.276707259,5.952154568],[125.27691242,5.952277101],[125.277332567,5.952974239],[125.277332569,5.952974242],[125.277467274,5.953153012],[125.277605097,5.953244482],[125.277631012,5.953253866],[125.278052299,5.953520745],[125.278755546,5.954454117],[125.278779017,5.954571093],[125.278783705,5.95457809],[125.279252481,5.955044699],[125.279252265,5.955631388],[125.27925695,5.955643051],[125.279473811,5.955766414],[125.279662293,5.956454796],[125.279669321,5.956468789],[125.279676346,5.956494445],[125.279695092,5.956527103],[125.279905855,5.956820825],[125.279962428,5.957159293],[125.279967112,5.957173286],[125.28013282,5.957503227],[125.280151993,5.957527766],[125.280163714,5.957537099],[125.281033215,5.957851939],[125.281032834,5.958961913],[125.281035174,5.958973574],[125.281092668,5.959030798],[125.281112497,5.959129622],[125.281124216,5.959143618],[125.281248692,5.959205584],[125.281391418,5.959432907],[125.281450031,5.959491245],[125.281548423,5.959687169],[125.281904823,5.960041896],[125.281825195,5.96075245],[125.281825189,5.960766444],[125.282115796,5.961152115],[125.282115659,5.961536164],[125.282183428,5.961772422],[125.282153029,5.961923317],[125.282167806,5.962026503],[125.282103669,5.962238856],[125.282101314,5.962264509],[125.282094267,5.962297157],[125.282149593,5.962572829],[125.282270556,5.96318522],[125.282263835,5.963211958],[125.282332662,5.963371666],[125.282369675,5.963426888],[125.283118828,5.964171993],[125.28293169,5.964916629],[125.282990737,5.965199607],[125.282994666,5.965217197],[125.282994518,5.965217727],[125.283052984,5.965497924],[125.283059152,5.965512239],[125.28307149,5.965553145],[125.283171123,5.965751338],[125.283336613,5.966854469],[125.282955769,5.967233214],[125.282947543,5.967251622],[125.282953711,5.967325251],[125.282953711,5.967337523],[125.282957824,5.967355931],[125.283003368,5.967416336],[125.283029506,5.967520125],[125.283269056,5.967797827],[125.283269345,5.968435413],[125.28327246,5.968447782],[125.283636234,5.968773105],[125.283538541,5.969530918],[125.283538541,5.969559553],[125.283540597,5.969575916],[125.283548822,5.969612731],[125.283569386,5.96967818],[125.28358378,5.969706814],[125.28358995,5.969725222],[125.283614626,5.969774309],[125.283639303,5.969817261],[125.283657811,5.969845895],[125.283680431,5.969870438],[125.28374418,5.969927707],[125.283760632,5.969939979],[125.283779139,5.969950206],[125.283810007,5.969970673],[125.283925146,5.970036109],[125.284072636,5.970098107],[125.284101735,5.970107012],[125.284101738,5.970107013],[125.284101744,5.970107015],[125.284101746,5.970107015],[125.284563982,5.970221942],[125.284919769,5.97054128],[125.284957803,5.970567982],[125.285062956,5.970636963],[125.285131188,5.970670894],[125.285159158,5.970690367],[125.285186004,5.970703717],[125.285273259,5.970752671],[125.285291156,5.970759346],[125.285369459,5.970801625],[125.285385121,5.9708083],[125.285526069,5.970886181],[125.285814676,5.97102583],[125.286027329,5.971220875],[125.286120603,5.971319828],[125.286182997,5.97140216],[125.286198658,5.971413285],[125.28625683,5.971466691],[125.286268012,5.971475589],[125.286299336,5.971495616],[125.286364219,5.971549022],[125.2864112,5.971580172],[125.286433573,5.971593523],[125.286496217,5.971629126],[125.286532013,5.971646927],[125.287010792,5.971858562],[125.2872497,5.972191216],[125.287269836,5.972206793],[125.287310103,5.972242393],[125.287637622,5.972479285],[125.287867188,5.973050123],[125.287880612,5.973072375],[125.287891798,5.973085726],[125.287909696,5.973116879],[125.287959024,5.973178829],[125.288008963,5.973224358],[125.288131281,5.973398145],[125.288131282,5.973398147],[125.288148081,5.973422015],[125.288464796,5.973872002],[125.288465316,5.975006824],[125.288328704,5.97518799],[125.288328704,5.975212465],[125.288335416,5.975232491],[125.288470719,5.975411911],[125.28852111,5.975637466],[125.288530059,5.975657493],[125.288536771,5.97567752],[125.288543483,5.975684195],[125.288552909,5.975684195],[125.288731951,5.975791025],[125.289571258,5.976208396],[125.289948794,5.976936682],[125.289983123,5.977039106],[125.289998783,5.977070256],[125.290007079,5.977092258],[125.290063666,5.97721044],[125.290110652,5.97729055],[125.290137497,5.977330598],[125.290168819,5.977386227],[125.290257367,5.977512035],[125.290323193,5.977686621],[125.290988932,5.978422318],[125.290035062,5.979687691],[125.289821005,5.979900773],[125.289821028,5.979945887],[125.289791866,5.979989392],[125.289791866,5.980006398],[125.289898058,5.980217622],[125.289898058,5.980253105],[125.289996217,5.980448338],[125.290000655,5.980470409],[125.290000656,5.98047041],[125.290006356,5.980477968],[125.290006357,5.980477968],[125.290169189,5.980585933],[125.290291344,5.9807803],[125.290317444,5.980793281],[125.290600852,5.980863723],[125.290684342,5.980970477],[125.29282949,5.981054018],[125.291743515,5.983059807],[125.291739714,5.983074926],[125.291739714,5.983311765],[125.291697917,5.983422608],[125.291697917,5.984135746],[125.291447128,5.984447483],[125.291424329,5.984494723],[125.29139203,5.98455519],[125.291384431,5.984577865],[125.291371131,5.984602429],[125.291355932,5.984649669],[125.291323049,5.984804466],[125.291306535,5.984853741],[125.291304964,5.98485999],[125.291233816,5.985076604],[125.291220313,5.985133676],[125.291140516,5.985309019],[125.290990421,5.985663721],[125.290980922,5.98571285],[125.290979022,5.985739304],[125.290979022,5.985790323],[125.290980922,5.985828114],[125.290984722,5.985864015],[125.291011321,5.985978648],[125.291011321,5.986149274],[125.291036036,5.986272172],[125.291050853,5.98632129],[125.291071753,5.98641199],[125.291090751,5.986495126],[125.291224583,5.986894428],[125.290999557,5.987706119],[125.290856116,5.988390304],[125.290851632,5.988417059],[125.290839652,5.988496493],[125.290838559,5.988611467],[125.290840424,5.988646703],[125.290842666,5.98868461],[125.290849391,5.988740344],[125.290849391,5.98876041],[125.290856117,5.988798312],[125.290856117,5.988827307],[125.290871441,5.988903503],[125.290889744,5.989063537],[125.290898711,5.989092521],[125.290933853,5.989207856],[125.290939065,5.989244135],[125.290965965,5.989340004],[125.290974932,5.989380135],[125.290984962,5.989403409],[125.291030979,5.989638767],[125.29104667,5.989685586],[125.291048912,5.989698962],[125.291171686,5.989983869],[125.291095143,5.990564334],[125.291087024,5.990588555],[125.291081499,5.990627026],[125.29101324,5.990827156],[125.290798028,5.991356387],[125.290771126,5.991407667],[125.290751695,5.991452758],[125.290671776,5.991590528],[125.290576398,5.991744665],[125.290521672,5.991817235],[125.290391745,5.992008448],[125.290360878,5.992069844],[125.290327251,5.992156797],[125.290321649,5.992181865],[125.290290045,5.992335863],[125.290278331,5.992471005],[125.290268963,5.992526903],[125.290273447,5.992599525],[125.290271205,5.992659722],[125.290273447,5.992684248],[125.290293623,5.992879972],[125.290293623,5.992913416],[125.290295865,5.992929023],[125.290295865,5.992975844],[125.290300349,5.993018206],[125.290300349,5.993033814],[125.290316042,5.993131914],[125.290320525,5.99315421],[125.290340702,5.993225556],[125.290644008,5.993979696],[125.290165487,5.994777121],[125.289844906,5.995200737],[125.289483974,5.995762584],[125.289248312,5.996034635],[125.289237101,5.996043554],[125.289201441,5.996086114],[125.289158639,5.996121588],[125.289136807,5.996147642],[125.289068965,5.996206312],[125.289035336,5.996244216],[125.289001709,5.99627766],[125.288981532,5.996304415],[125.288947904,5.996357924],[125.28892997,5.996382449],[125.288727757,5.996799556],[125.288212585,5.997004494],[125.288209414,5.997007197],[125.287954774,5.997133807],[125.287941323,5.997149414],[125.287927872,5.99717171],[125.287778148,5.99769284],[125.287727624,5.997759839],[125.287725383,5.997766524],[125.287750645,5.997892164],[125.287626741,5.998187913],[125.287622257,5.998212438],[125.287622257,5.998734144],[125.28749447,5.998903599],[125.287426241,5.999208927],[125.287461329,5.999406688],[125.287498344,5.999480306],[125.287568937,5.999573905],[125.287835111,5.999772429],[125.288037642,6.000124934],[125.289153885,6.001235103],[125.288373911,6.002204678],[125.288350851,6.002246722],[125.288320109,6.002284938],[125.28829096,6.002333997],[125.288171143,6.002559072],[125.287938991,6.002764294],[125.287916572,6.00278882],[125.287885184,6.002817805],[125.287865008,6.002840099],[125.287838106,6.002875772],[125.287811203,6.002904757],[125.287793268,6.002929282],[125.287775333,6.002960496],[125.287770849,6.002971644],[125.287764123,6.003000628],[125.287764123,6.003056367],[125.287823813,6.003472065],[125.287730215,6.003817803],[125.287712696,6.003964149],[125.287679904,6.00405655],[125.287661817,6.004134477],[125.287616008,6.00446638],[125.287613343,6.00447168],[125.287611101,6.004493975],[125.28758868,6.004708881],[125.287584196,6.004735635],[125.287579713,6.004809212],[125.287575229,6.004849344],[125.287575229,6.005003184],[125.28757747,6.005027709],[125.287586438,6.005067842],[125.28759092,6.005081217],[125.287656027,6.005226902],[125.287740084,6.005810477],[125.287773555,6.005937694],[125.28779241,6.005998637],[125.287826038,6.006063294],[125.287841731,6.00608782],[125.287868633,6.006123493],[125.287884327,6.0061391],[125.287913471,6.006163625],[125.288072937,6.006256914],[125.288296829,6.006553799],[125.288330457,6.006605078],[125.288348392,6.006629604],[125.288390978,6.006671958],[125.288417889,6.006694261],[125.288442547,6.006718783],[125.288470046,6.006741574],[125.288624509,6.006881801],[125.288653976,6.006921696],[125.288660484,6.006926319],[125.289362906,6.007595785],[125.289245829,6.008519213],[125.28909618,6.009278023],[125.289060493,6.00942257],[125.28903285,6.009507792],[125.289019399,6.00956799],[125.289014915,6.009605893],[125.289012673,6.009625959],[125.289012673,6.009675008],[125.289019398,6.0097196],[125.289019398,6.009728517],[125.289023883,6.009746357],[125.289030608,6.009761962],[125.289176818,6.010391044],[125.288968081,6.010860007],[125.288956977,6.010899385],[125.288942062,6.010950791],[125.288891877,6.011152221],[125.288830202,6.011319691],[125.288775145,6.011452756],[125.288747348,6.011527617],[125.288716227,6.011594986],[125.288683231,6.011673836],[125.288603019,6.011839832],[125.28853442,6.011956478],[125.288473608,6.012067359],[125.288462672,6.012091743],[125.288455049,6.012115798],[125.28845223,6.012137711],[125.288443778,6.012170168],[125.288419226,6.012494763],[125.288141804,6.012869597],[125.288104337,6.012934575],[125.288067058,6.012979878],[125.288041211,6.013022382],[125.288022321,6.01304534],[125.28797427,6.013122223],[125.287912314,6.013204913],[125.287904845,6.01321399],[125.287894737,6.013229971],[125.287832437,6.013309382],[125.287819347,6.013328988],[125.287783887,6.013375779],[125.287749092,6.013429158],[125.287737162,6.013443656],[125.28768066,6.013530811],[125.287645201,6.013577601],[125.287580082,6.013678925],[125.28754777,6.013740379],[125.287513305,6.013797054],[125.287496403,6.013828688],[125.287488116,6.013846154],[125.287467289,6.013907211],[125.287364842,6.014117987],[125.287282199,6.014292191],[125.287212561,6.0143844],[125.287205437,6.014396756],[125.287110019,6.014645828],[125.286902938,6.014897494],[125.28646769,6.015360552],[125.286323078,6.015511172],[125.286264439,6.015569477],[125.286137503,6.015683501],[125.286121929,6.015695033],[125.286095915,6.015719251],[125.286040064,6.015762924],[125.286001562,6.015801205],[125.285944146,6.015840833],[125.285928902,6.01585566],[125.28573243,6.016053753],[125.285236224,6.016622936],[125.284965014,6.016760815],[125.284923924,6.016784867],[125.284887306,6.016803483],[125.284843235,6.016831158],[125.28465887,6.016926261],[125.284473856,6.017025109],[125.284136318,6.017205446],[125.283691614,6.017509229],[125.28346665,6.017660461],[125.283177793,6.017757699],[125.283165201,6.017765607],[125.282966841,6.018006652],[125.28273389,6.01815294],[125.282677568,6.018191811],[125.28262782,6.018229726],[125.2825268,6.018289991],[125.282467484,6.018332494],[125.282424404,6.018370056],[125.282407669,6.018386696],[125.282377844,6.018422941],[125.282358788,6.018449796],[125.282327305,6.018502846],[125.282315208,6.018532338],[125.282044958,6.019000972],[125.281710014,6.019262866],[125.281702557,6.019271928],[125.281696923,6.019282472],[125.281693111,6.0192945],[125.281674715,6.019361227],[125.281672726,6.019374738],[125.281665594,6.019453661],[125.28166642,6.019478539],[125.281664761,6.019495343],[125.281669062,6.019571463],[125.281649167,6.019706581],[125.281587107,6.020335428],[125.281125562,6.020801215],[125.281077055,6.020845069],[125.281067631,6.020856784],[125.281004058,6.020920006],[125.280966386,6.020966835],[125.280903587,6.021076125],[125.280874549,6.021105002],[125.28086256,6.021127146],[125.280801548,6.021208045],[125.280723873,6.021323917],[125.280709718,6.02134386],[125.28067263,6.021401235],[125.280651187,6.021443884],[125.280402245,6.021830709],[125.280307986,6.021958567],[125.280039547,6.022386378],[125.280039546,6.022386379],[125.280034838,6.022395742],[125.279944247,6.022691545],[125.279772351,6.023219586],[125.279666387,6.023744885],[125.279420073,6.024260064],[125.279335302,6.024456768],[125.279219919,6.024667523],[125.278870908,6.025184647],[125.278832282,6.025250994],[125.278822862,6.025262705],[125.278763986,6.025379806],[125.278688642,6.025454723],[125.278669804,6.025485167],[125.278643902,6.025522634],[125.278632128,6.025541368],[125.278606226,6.025588202],[125.278580324,6.02563972],[125.278570905,6.025663137],[125.278559132,6.025686553],[125.278556775,6.025693584],[125.278521455,6.025770856],[125.278507326,6.025805982],[125.278483779,6.025876234],[125.278460231,6.02595351],[125.27842473,6.026050597],[125.278254307,6.026437958],[125.278106423,6.026560481],[125.278028193,6.026677694],[125.278013725,6.026702872],[125.277975589,6.026772403],[125.277973698,6.026775459],[125.277931307,6.026869141],[125.277924244,6.026890211],[125.277914825,6.026911286],[125.277891278,6.026986222],[125.277881858,6.027007297],[125.277858311,6.027084574],[125.277848892,6.027105649],[125.277815926,6.027215707],[125.277811215,6.027239128],[125.277787667,6.027318747],[125.277778248,6.027367923],[125.277766474,6.027452813],[125.277766473,6.02760912],[125.277768827,6.027627854],[125.277789881,6.027737294],[125.277801073,6.027774397],[125.277994189,6.028188461],[125.277933519,6.028610766],[125.277933519,6.0286295],[125.277926455,6.028713808],[125.277926455,6.028746225],[125.277922744,6.02900324],[125.277921744,6.029011199],[125.277921743,6.029041644],[125.277917033,6.029090822],[125.277917032,6.029238349],[125.27792368,6.029324298],[125.277918647,6.029569238],[125.277916292,6.02958563],[125.277916292,6.029637149],[125.277913937,6.029653541],[125.277913937,6.029709744],[125.277921002,6.029765946],[125.277921002,6.029782338],[125.277925711,6.029808097],[125.277942195,6.029852591],[125.278130576,6.030227313],[125.278130574,6.03062536],[125.278131205,6.030629755],[125.278129969,6.031009449],[125.278118798,6.031053901],[125.278118791,6.031169791],[125.278009324,6.031492621],[125.277996159,6.031568692],[125.277995349,6.031588143],[125.277978008,6.031702301],[125.277963418,6.031884775],[125.277949317,6.031937859],[125.277944922,6.031972287],[125.277892882,6.032152241],[125.277776685,6.032484233],[125.277742656,6.032563464],[125.277727086,6.032617313],[125.277694338,6.032698375],[125.277686322,6.032733821],[125.277666858,6.032801133],[125.277663491,6.032819771],[125.277658592,6.032875162],[125.277659139,6.032906482],[125.277657204,6.032926282],[125.277682099,6.033393621],[125.277515267,6.03386632],[125.277486884,6.033919561],[125.277474681,6.033954773],[125.277457273,6.033990507],[125.27744273,6.034028566],[125.277427999,6.034058275],[125.27740975,6.034118152],[125.27740045,6.034187154],[125.277372422,6.034294437],[125.277369053,6.034313079],[125.277344392,6.034401563],[125.277333778,6.034457793],[125.27732291,6.034532087],[125.277322407,6.034553051],[125.277316313,6.034600779],[125.277322609,6.034731333],[125.277319193,6.034754678],[125.277322867,6.034790913],[125.277367132,6.035045953],[125.277372829,6.035070718],[125.277420807,6.035178175],[125.277472984,6.035260177],[125.277499555,6.035288884],[125.277524049,6.035323029],[125.277556613,6.035358979],[125.277613385,6.035400343],[125.277641249,6.035415851],[125.277669373,6.035433945],[125.277717077,6.035448849],[125.277891242,6.035477965],[125.277905739,6.035483443],[125.277961442,6.035488314],[125.277977581,6.035491924],[125.278589983,6.035520045],[125.279806732,6.036844256],[125.279922073,6.037336782],[125.280027059,6.037605431],[125.280028818,6.037614157],[125.280574374,6.038517566],[125.279539563,6.039583677],[125.279404666,6.039912728],[125.279190238,6.040053772],[125.279183444,6.040072805],[125.279182529,6.040088188],[125.279330268,6.041000607],[125.278936766,6.041405982],[125.278929889,6.041420288],[125.278926597,6.041435713],[125.278926891,6.041452257],[125.279165563,6.041862222],[125.278820439,6.043238168],[125.278984309,6.043301922],[125.278857423,6.044312262],[125.278854632,6.044334483],[125.278836264,6.044480739],[125.278836264,6.044480741],[125.278836559,6.044497282],[125.278967649,6.045307488],[125.2785758,6.045711222],[125.278573675,6.045725445],[125.278577639,6.045747834],[125.278583896,6.045765455],[125.279211096,6.046764531],[125.278337105,6.048001299],[125.278311035,6.048043031],[125.27826098,6.048106031],[125.278254637,6.048115135],[125.278190706,6.048193315],[125.278136052,6.048261199],[125.278077497,6.048323262],[125.27805993,6.048344598],[125.278046264,6.048365934],[125.278026744,6.04839115],[125.277930991,6.048539433],[125.27739889,6.049142724],[125.276681509,6.049142448],[125.276650289,6.049150197],[125.276498526,6.049236358],[125.275948467,6.049372891],[125.275907398,6.049372875],[125.27585677,6.049383783],[125.275715479,6.04943331],[125.27568887,6.049439914],[125.275669355,6.049453487],[125.27563589,6.049500039],[125.275320025,6.049699751],[125.275320024,6.049699752],[125.275298555,6.049724964],[125.275298553,6.049724966],[125.27522004,6.049849778],[125.275025017,6.05007125],[125.275019158,6.050086769],[125.275017203,6.050096469],[125.275017166,6.050184285],[125.274984461,6.050443669],[125.275020547,6.050515508],[125.275110106,6.050872395],[125.275110052,6.051007499],[125.275113943,6.051034663],[125.275123688,6.051061829],[125.275147081,6.051112282],[125.275176329,6.051154977],[125.276487038,6.052273011],[125.275142036,6.053518607],[125.274092787,6.054342952],[125.273580246,6.053960353],[125.27344181,6.053983246],[125.273291809,6.053833988],[125.273254738,6.053833973],[125.273241085,6.053824267],[125.27323133,6.053824263],[125.273223525,6.0538262],[125.27305769,6.053936039],[125.272869639,6.053935964],[125.272776637,6.053957269],[125.272768832,6.053963086],[125.272664635,6.054101143],[125.272517042,6.054226849],[125.272359679,6.054435322],[125.272157453,6.054544909],[125.272025594,6.054652097],[125.271843255,6.054742682],[125.271673237,6.054877818],[125.271633624,6.054887649],[125.271557731,6.054952287],[125.271528238,6.054963274],[125.271526364,6.054966997],[125.271188722,6.05515336],[125.271171154,6.055170815],[125.271085065,6.055301155],[125.271065729,6.055339569],[125.271028597,6.055523854],[125.270973913,6.055632493],[125.270956315,6.055737232],[125.270952395,6.055772177],[125.270944577,6.055807096],[125.270944539,6.055901829],[125.270897872,6.056075251],[125.270893906,6.056102776],[125.270893883,6.05615392],[125.270884708,6.056199431],[125.2708808,6.056339357],[125.270846299,6.056476362],[125.270842332,6.05650782],[125.270844295,6.056543215],[125.270871444,6.056814309],[125.270861576,6.056853482],[125.270846112,6.056940416],[125.270845847,6.056968541],[125.270847818,6.056986239],[125.270862202,6.057043549],[125.270910052,6.057122928],[125.270934718,6.05724583],[125.270944596,6.057267463],[125.270946571,6.057275328],[125.271045365,6.057472017],[125.271092767,6.057597865],[125.27110067,6.057613599],[125.271430976,6.058073841],[125.271433532,6.05810192],[125.271500725,6.058168792],[125.271556083,6.058217982],[125.271581783,6.058231757],[125.271599577,6.058237663],[125.271688275,6.058246982],[125.271727796,6.058255188],[125.27174315,6.058256451],[125.271779392,6.058253384],[125.271831547,6.058235624],[125.271881288,6.058228147],[125.272508757,6.057909801],[125.273569873,6.058306667],[125.274034972,6.058640084],[125.274336226,6.058719179],[125.274757569,6.059222876],[125.27475757,6.059222877],[125.274854376,6.059338605],[125.27507158,6.059598262],[125.275141363,6.05971182],[125.275158192,6.05972278],[125.275177763,6.05972817],[125.275266917,6.059727449],[125.276134694,6.059843567],[125.27642426,6.060246312],[125.276742448,6.060468449],[125.276854411,6.060650636],[125.276868471,6.060664392],[125.276879766,6.060680946],[125.276907889,6.06070846],[125.277164633,6.061012179],[125.2772919,6.061310502],[125.277763942,6.061104786],[125.278120308,6.063129166],[125.278128022,6.063162399],[125.278132445,6.063191493],[125.278141086,6.063224713],[125.278147007,6.063266276],[125.2781571,6.063306421],[125.278162952,6.063339665],[125.278180099,6.06338946],[125.278187334,6.063421305],[125.278215912,6.063504299],[125.278225846,6.063525024],[125.278245602,6.063552607],[125.278441339,6.063744102],[125.278566003,6.064164929],[125.278699499,6.064389973],[125.278721692,6.06532606],[125.277813588,6.06685933],[125.277279398,6.066939689],[125.277272457,6.066943906],[125.277258164,6.066962489],[125.276987117,6.067500937],[125.276956247,6.067531611],[125.276947523,6.067566254],[125.276851839,6.067780125],[125.276866864,6.067930164],[125.276741466,6.068179338],[125.276741462,6.068189122],[125.276903727,6.068633402],[125.276308496,6.069963853],[125.276127335,6.069988628],[125.276018029,6.071114399],[125.27579815,6.07160587],[125.275664556,6.07213638],[125.27557696,6.072223413],[125.275572801,6.072234429],[125.275472597,6.072350586],[125.275472524,6.07252906],[125.275329805,6.072741744],[125.275329687,6.073048997],[125.275228403,6.07335076],[125.275225243,6.073375812],[125.275225039,6.073890307],[125.275148443,6.07406421],[125.275072887,6.074551342],[125.274898925,6.074753002],[125.274898924,6.074753003],[125.274894985,6.074760828],[125.274894984,6.07476083],[125.274837059,6.074990886],[125.274666979,6.075244343],[125.274665008,6.075252171],[125.274632705,6.07554025],[125.274595951,6.075686222],[125.274646578,6.075887944],[125.274528861,6.076121795],[125.274528858,6.076129624],[125.27462488,6.076296857],[125.274536101,6.076737375],[125.274535933,6.077121666],[125.274190264,6.07770992],[125.274062105,6.077819129],[125.273871702,6.078141454],[125.273873675,6.078254141],[125.27375914,6.078616852],[125.273743732,6.078665647],[125.273743731,6.078665648],[125.273709893,6.078772808],[125.273592122,6.07905859],[125.273530956,6.079368704],[125.273321053,6.079594239],[125.273122941,6.079929615],[125.272792009,6.080150763],[125.272688402,6.080270811],[125.272623595,6.080375795],[125.272347129,6.080682367],[125.272310711,6.08070127],[125.272260665,6.080757721],[125.272240435,6.08079977],[125.272240435,6.080799772],[125.272194228,6.080895816],[125.272193811,6.081046756],[125.272078109,6.081287249],[125.272078108,6.081287252],[125.272053515,6.081392863],[125.272651969,6.082317716],[125.272056711,6.083216086],[125.271771086,6.08360009],[125.271674898,6.083737597],[125.271394274,6.083993247],[125.271357722,6.084017102],[125.271267346,6.084098692],[125.271031641,6.084256639],[125.270566716,6.084545255],[125.270056717,6.084829391],[125.269928977,6.08488312],[125.269922529,6.084885563],[125.26980603,6.084936565],[125.269744183,6.084962881],[125.269656805,6.084996464],[125.269464458,6.085062445],[125.269424471,6.085066458],[125.269348708,6.085091083],[125.269169472,6.085102111],[125.269147117,6.08510457],[125.268975825,6.085121721],[125.268952388,6.085124585],[125.268928163,6.085129033],[125.268767974,6.08514366],[125.268717115,6.085148304],[125.268643206,6.085165193],[125.268576258,6.085181658],[125.268543236,6.085192703],[125.268508541,6.085200554],[125.268478729,6.085209933],[125.268449689,6.085216879],[125.268394956,6.085237162],[125.268354745,6.08525397],[125.268271254,6.085297305],[125.268235163,6.085318069],[125.268041896,6.085434197],[125.268005462,6.085467767],[125.267975238,6.085499707],[125.267947458,6.085532409],[125.267917247,6.085581488],[125.267781459,6.085727971],[125.26740769,6.086112448],[125.267398895,6.086119045],[125.267359319,6.086172091],[125.267345222,6.086199724],[125.267242036,6.086479153],[125.266769797,6.086924898],[125.266329248,6.087204589],[125.26571263,6.087605898],[125.265099588,6.088001286],[125.264471244,6.08841071],[125.263986243,6.088750672],[125.263657938,6.088969828],[125.263343163,6.089121016],[125.263294297,6.089152473],[125.263106976,6.089258647],[125.262940707,6.089315679],[125.262868313,6.089345127],[125.26277037,6.089395962],[125.259824048,6.091051704],[125.260157922,6.089563185],[125.260071762,6.08956312],[125.25981838,6.089310774],[125.259738678,6.08932332],[125.25982396,6.090191733],[125.258881907,6.090887276],[125.258708484,6.091026508],[125.25832201,6.091353657],[125.257895512,6.091879382],[125.257799643,6.092004692],[125.257610363,6.092237977],[125.257474638,6.092384708],[125.257381412,6.092468833],[125.257309238,6.092537382],[125.257019082,6.092740967],[125.256772611,6.092909127],[125.256574295,6.093019383],[125.256383241,6.093091624],[125.256080514,6.09316462],[125.255810446,6.09320633],[125.255506293,6.093267594],[125.255179823,6.093354928],[125.254749456,6.093494238],[125.254413839,6.093623657],[125.25423423,6.0936771],[125.25400087,6.0937514],[125.253684916,6.093842645],[125.253505275,6.093913741],[125.253317799,6.094011506],[125.253174898,6.094092326],[125.252984798,6.09421486],[125.252715543,6.094361471],[125.252106231,6.094685873],[125.251590922,6.094930715],[125.25130252,6.095160161],[125.249737673,6.095069038],[125.24971864,6.095355939],[125.248548238,6.095629354],[125.24840364,6.095671689],[125.248190854,6.09571905],[125.247950543,6.095779043],[125.247742473,6.095847458],[125.247485223,6.095935871],[125.246912319,6.096145071],[125.246674141,6.096220459],[125.246391632,6.096282105],[125.246107461,6.096346799],[125.245823338,6.09642253],[125.245187834,6.096560126],[125.245061802,6.096495139],[125.244934766,6.096527766],[125.244929473,6.096527766],[125.244700056,6.096619004],[125.244482726,6.096662487],[125.244331341,6.096683534],[125.244281584,6.096689848],[125.243876173,6.096760358],[125.243434721,6.096824552],[125.243182495,6.096839592],[125.242818324,6.096896419],[125.24241498,6.096969035],[125.241845982,6.097145809],[125.241205387,6.096771084],[125.241166218,6.09675424],[125.240927193,6.096680469],[125.240612441,6.096431348],[125.24056483,6.09638782],[125.240479084,6.096316237],[125.240444151,6.096290971],[125.240371107,6.096245704],[125.240353112,6.096233072],[125.240315001,6.09621307],[125.240271598,6.096187804],[125.240195379,6.0961478],[125.240129744,6.096118322],[125.24004611,6.096090948],[125.239979999,6.096076107],[125.239955652,6.096066632],[125.239889752,6.096052767],[125.239787331,6.096023465],[125.239760868,6.096013991],[125.239699466,6.095997145],[125.239671946,6.095986618],[125.239511007,6.09594336],[125.239314134,6.095824493],[125.2390637,6.095689145],[125.238887521,6.095513941],[125.238835649,6.095480254],[125.238773021,6.095448164],[125.238725115,6.095427917],[125.238690383,6.095417197],[125.238654453,6.095411241],[125.238614931,6.095411239],[125.23816742,6.095552314],[125.236550888,6.095555111],[125.236009094,6.094984706],[125.235995849,6.094976325],[125.235960931,6.094961957],[125.235935645,6.094954774],[125.23529464,6.094827276],[125.234906678,6.094231037],[125.234861385,6.094179075],[125.234736677,6.094055075],[125.234690922,6.094022748],[125.234665636,6.094007183],[125.234645166,6.093997605],[125.234621084,6.093990421],[125.234611451,6.093989224],[125.234364737,6.094035222],[125.234326082,6.094027536],[125.23432006,6.094028733],[125.234306815,6.094038311],[125.234299591,6.094046692],[125.234294774,6.09406106],[125.234292366,6.094083808],[125.23429959,6.094123319],[125.234300794,6.094155647],[125.23431163,6.094186774],[125.234622321,6.094766047],[125.234082288,6.096272542],[125.233176616,6.096401191],[125.23162875,6.096820938],[125.231605173,6.096742789],[125.231523331,6.09678088],[125.231135461,6.096852103],[125.231105819,6.09685333],[125.231082264,6.096859888],[125.230123031,6.097016198],[125.229466197,6.096217953],[125.229433184,6.096159591],[125.229401983,6.0961402],[125.229324361,6.096037265],[125.229244505,6.096010794],[125.229183308,6.095949933],[125.229060077,6.095881859],[125.229032196,6.095873773],[125.229020367,6.095873772],[125.228997892,6.095878477],[125.22881451,6.09598788],[125.228154788,6.095987818],[125.228115091,6.095981585],[125.228096169,6.095983936],[125.227771094,6.096113218],[125.227613543,6.096225108],[125.227133538,6.096039495],[125.227034717,6.096067691],[125.226275115,6.095973293],[125.225935655,6.095732186],[125.225930924,6.09573101],[125.225910814,6.095732186],[125.22416425,6.096426855],[125.224126538,6.095620182],[125.223737222,6.095697597],[125.223525574,6.095634451],[125.223501152,6.095634451],[125.223268404,6.095726993],[125.223013629,6.095765371],[125.222753379,6.095880368],[125.222504007,6.096092915],[125.222341768,6.096392486],[125.222128451,6.096604571],[125.222119832,6.096615999],[125.222106902,6.096638853],[125.222102592,6.096651709],[125.222102555,6.09712836],[125.221731204,6.097579256],[125.220591835,6.098816275],[125.220361376,6.098587161],[125.220356007,6.098591907],[125.219767605,6.098689384],[125.21969736,6.098689381],[125.219687758,6.098693359],[125.219566788,6.098717409],[125.219544312,6.098730178],[125.219370786,6.098758],[125.219344125,6.09877168],[125.219248981,6.098861022],[125.219166565,6.09889379],[125.218691268,6.099305367],[125.218359721,6.099222974],[125.218342322,6.09927055],[125.217923662,6.09939295],[125.217910654,6.099409764],[125.217902118,6.099452193],[125.217871627,6.099506762],[125.217851854,6.099585391],[125.217776083,6.100074828],[125.217367456,6.100481099],[125.217355181,6.100506776],[125.217355181,6.100737704],[125.216233162,6.101977225],[125.215318911,6.101863539],[125.215303674,6.101880234],[125.214408898,6.101839684],[125.214256217,6.101827534],[125.214043306,6.101798685],[125.213953258,6.101775914],[125.213772087,6.101746512],[125.213527507,6.101637198],[125.213279692,6.101522797],[125.213227082,6.101485425],[125.213227081,6.101485424],[125.213219174,6.101482803],[125.213219172,6.101482803],[125.213201603,6.101482802],[125.213198967,6.101484549],[125.212079868,6.101484464],[125.212075161,6.101479783],[125.212043414,6.101483726],[125.211942911,6.10141708],[125.211898582,6.10141708],[125.211889123,6.10141708],[125.210334365,6.10141708],[125.210334365,6.100646202],[125.209970184,6.100381176],[125.209780703,6.100334064],[125.209735151,6.100309357],[125.209722847,6.100307827],[125.209689523,6.100315471],[125.209589056,6.100315463],[125.209445456,6.10034605],[125.209295329,6.100346026],[125.209295328,6.100346026],[125.209095357,6.100391895],[125.20896893,6.100420895],[125.208140855,6.10083251],[125.20738824,6.100416668],[125.206965116,6.100513729],[125.206585677,6.10005253],[125.206570126,6.100066886],[125.205685308,6.099811355],[125.20566505,6.099805506],[125.20556631,6.099805499],[125.205459943,6.099786262],[125.204941294,6.099720588],[125.204730451,6.099563351],[125.20458341,6.099502431],[125.204514973,6.099434389],[125.204460674,6.099409847],[125.204301577,6.099362977],[125.204301575,6.099362976],[125.20429328,6.099361258],[125.204020229,6.099304702],[125.203877551,6.09921603],[125.203858838,6.099211378],[125.203763992,6.099211383],[125.203681067,6.099194324],[125.203455307,6.099194324],[125.203185172,6.099096641],[125.203178933,6.099096641],[125.203035619,6.099132274],[125.20258979,6.09905168],[125.202082218,6.09905168],[125.201944752,6.098969662],[125.201794897,6.098961823],[125.201748264,6.098934],[125.201731133,6.098934],[125.201468871,6.098803626],[125.201402384,6.098786697],[125.201386481,6.098786697],[125.201315688,6.098811838],[125.201257135,6.098896525],[125.199947664,6.099011441],[125.199124355,6.099083692],[125.199124354,6.099083692],[125.198688678,6.099121926],[125.198688677,6.099121926],[125.197477832,6.099588668],[125.197170132,6.099550423],[125.19717013,6.099550423],[125.196902277,6.099617014],[125.196304631,6.099847062],[125.196253073,6.099923969],[125.196059006,6.099923969],[125.195409492,6.100151924],[125.195401681,6.100151924],[125.195021349,6.100341031],[125.194841215,6.100410369],[125.194841214,6.100410369],[125.194707322,6.100517905],[125.194519058,6.100611513],[125.194485733,6.100671163],[125.194478041,6.100676899],[125.194451883,6.100728916],[125.194156746,6.100938539],[125.194140306,6.100953401],[125.193962384,6.10111495],[125.193531302,6.101351445],[125.193531301,6.101351445],[125.19295497,6.101979127],[125.192901791,6.102012176],[125.19279178,6.102158053],[125.192686061,6.102242158],[125.192645423,6.102322968],[125.192454845,6.102449305],[125.192454847,6.10252381],[125.191875361,6.103154929],[125.19173083,6.103241167],[125.191819944,6.103950208],[125.190445887,6.103950272],[125.190247402,6.104048976],[125.189664976,6.104145331],[125.188317545,6.104354839],[125.186866135,6.104561016],[125.18631839,6.104660675],[125.185788135,6.104759633],[125.185409184,6.104819008],[125.184694145,6.104937758],[125.184141101,6.105025171],[125.183721487,6.105094441],[125.183444968,6.105137323],[125.183011087,6.10520989],[125.182681059,6.105262667],[125.182452195,6.105307196],[125.182281376,6.105338531],[125.181815661,6.105447157],[125.181730376,6.105451398],[125.1817055,6.105457995],[125.18152506,6.10547793],[125.181237246,6.105531599],[125.181198017,6.105527265],[125.181154898,6.105540459],[125.181130022,6.105540459],[125.181115096,6.105545406],[125.181025742,6.105552814],[125.180985677,6.105568138],[125.180838408,6.105600688],[125.180721908,6.105622349],[125.180673952,6.105644356],[125.180654051,6.105646006],[125.180577633,6.105782778],[125.179868472,6.105782778],[125.179848582,6.10578937],[125.179848581,6.105789371],[125.179729084,6.105828977],[125.179629621,6.105861943],[125.179408386,6.105946562],[125.178948041,6.106048288],[125.17877888,6.106079622],[125.178638473,6.106094402],[125.177875841,6.106099423],[125.177423084,6.106087886],[125.176623503,6.106145612],[125.176525383,6.106153858],[125.176398054,6.106171999],[125.174400676,6.106527017],[125.174343092,6.106108149],[125.173115915,6.106248944],[125.172998006,6.10621964],[125.172559218,6.10621964],[125.172483,6.106143867],[125.172463068,6.106150471],[125.17164114,6.106150471],[125.171550015,6.106132354],[125.171528477,6.106132354],[125.171528475,6.106132354],[125.171513564,6.10613565],[125.171434205,6.106192012],[125.170470246,6.106309083],[125.169917257,6.106125801],[125.169738296,6.106036833],[125.168682627,6.106036833],[125.16865221,6.105613461],[125.168571966,6.105589995],[125.168013708,6.105178826],[125.167959709,6.105071448],[125.167928536,6.105049799],[125.167923565,6.105044856],[125.167404424,6.104823637],[125.167312163,6.10445671],[125.167298908,6.104446825],[125.167290296,6.104443532],[125.167242573,6.104413875],[125.167208681,6.104401841],[125.167016407,6.104274394],[125.166849891,6.1042376],[125.166843263,6.104234305],[125.16624152,6.10417449],[125.165798373,6.103733928],[125.165785118,6.103727338],[125.165771303,6.103723413],[125.165704931,6.103715872],[125.164785782,6.103350321],[125.164487633,6.102755685],[125.164484093,6.102749965],[125.164446808,6.102675812],[125.164221663,6.102346974],[125.164089459,6.102299732],[125.163537318,6.102238686],[125.163561551,6.102045921],[125.162769407,6.101595895],[125.16238645,6.101308405],[125.162340094,6.101273605],[125.161295018,6.100489055],[125.159905296,6.099570608],[125.160231452,6.099113007],[125.159043282,6.098564483],[125.159300399,6.098319933],[125.15923949,6.098286018],[125.160975912,6.095231566],[125.159389281,6.094269355],[125.158465419,6.093731997],[125.157706941,6.09325811],[125.157116483,6.092915082],[125.156576569,6.092581033],[125.155831812,6.092304244],[125.154856295,6.091935782],[125.153937314,6.091155253],[125.154141891,6.087832682],[125.154441139,6.087907381],[125.154859925,6.085814595],[125.155556978,6.084974441],[125.155732305,6.084914324],[125.155013039,6.083783821],[125.156493304,6.081599],[125.157334256,6.081906517],[125.157525033,6.081527104],[125.157638153,6.081554845],[125.157955393,6.080765462],[125.157970955,6.080768115],[125.158056117,6.080547273],[125.156026743,6.080221796],[125.157101186,6.079295861],[125.15706256,6.078954028],[125.156442687,6.077105043],[125.156973293,6.076630179],[125.155891472,6.075434916],[125.155418007,6.075615774],[125.155198765,6.074634658],[125.154466346,6.074018416],[125.15432907,6.070537423],[125.155229041,6.070920959],[125.155229041,6.06944433],[125.156076545,6.069584764],[125.156143675,6.06898402],[125.156455906,6.068924879],[125.156437025,6.06882475],[125.155977886,6.068805737],[125.156302524,6.067070425],[125.156302524,6.06669019],[125.156546453,6.066326337],[125.156552871,6.066313572],[125.156552871,6.066288037],[125.156538427,6.066241756],[125.156509538,6.066209837],[125.156496698,6.066198666],[125.156210224,6.066048735],[125.156131968,6.065970917],[125.156124394,6.065966283],[125.155811839,6.065657501],[125.155721963,6.065588877],[125.155590936,6.06550279],[125.15331311,6.064138618],[125.154296064,6.063590041],[125.153731031,6.062825981],[125.153688126,6.062802708],[125.153171961,6.062092016],[125.152848567,6.06156997],[125.152599457,6.061162044],[125.152358717,6.061062297],[125.152289346,6.061013022],[125.152191598,6.060943592],[125.152191582,6.06094358],[125.152172684,6.060930157],[125.152135597,6.060910181],[125.151639824,6.060565085],[125.15058044,6.058202778],[125.150811295,6.058141076],[125.150694345,6.056931587],[125.150726675,6.056786913],[125.150726675,6.056786912],[125.150697264,6.056669934],[125.15065141,6.056487556],[125.150491181,6.05585027],[125.150458825,6.055351628],[125.150215497,6.055327155],[125.150160857,6.055085685],[125.144004522,6.055413528],[125.143781183,6.054039794],[125.149646791,6.052421913],[125.14958055,6.051993746],[125.149535697,6.052005851],[125.149386398,6.051491059],[125.14926373,6.051527423],[125.148656609,6.048594988],[125.148370248,6.04847349],[125.148370248,6.047802962],[125.148331356,6.047725599],[125.148319995,6.047683236],[125.148232941,6.047567827],[125.148175407,6.046995745],[125.148165436,6.04696765],[125.14815214,6.046942861],[125.14813386,6.046923029],[125.148038694,6.046875714],[125.147744975,6.046642082],[125.147663547,6.046561107],[125.147029404,6.046245816],[125.147029404,6.045930182],[125.146990026,6.045898851],[125.146990026,6.045644501],[125.146882126,6.045501446],[125.146822174,6.045143756],[125.146815526,6.045132187],[125.14681054,6.045127228],[125.146079374,6.044690966],[125.146079374,6.044513519],[125.144841668,6.043775066],[125.14559209,6.043118877],[125.145489781,6.043003265],[125.145500686,6.042994931],[125.145435874,6.042928826],[125.144906341,6.043393798],[125.144706353,6.042996025],[125.141140306,6.046227045],[125.143584648,6.040150594],[125.143584648,6.039945445],[125.143646739,6.039760198],[125.143646739,6.039722826],[125.143628765,6.039678954],[125.14361406,6.039651331],[125.143604257,6.039639957],[125.142372933,6.038874712],[125.14397118,6.036831282],[125.143982618,6.036823158],[125.14422658,6.03645923],[125.14422658,6.036459229],[125.144732683,6.034433143],[125.14504178,6.034491968],[125.145099049,6.034245172],[125.145254832,6.034279107],[125.145310884,6.034041267],[125.143530553,6.033585906],[125.14399573,6.031876612],[125.144228688,6.030874201],[125.145035385,6.030698448],[125.144964117,6.029924965],[125.144968613,6.029904842],[125.144963844,6.02988593],[125.144941587,6.029607694],[125.144912971,6.029321553],[125.144897072,6.029036993],[125.144851546,6.028472967],[125.144529871,6.027833226],[125.144525101,6.027828484],[125.141305957,6.027428274],[125.1433868,6.025631236],[125.143312944,6.025418765],[125.142659693,6.025625464],[125.141977768,6.02237053],[125.142222121,6.022315093],[125.14215295,6.02200556],[125.142156351,6.02200478],[125.142069303,6.021646986],[125.142072591,6.02164596],[125.14174307,6.020171389],[125.141885776,6.020060574],[125.141879965,6.019802605],[125.141560512,6.02002296],[125.140709771,6.019418408],[125.14061032,6.01938149],[125.140517131,6.019353076],[125.139967015,6.01917213],[125.139458499,6.018997704],[125.13779432,6.018330681],[125.138285901,6.017440582],[125.137509648,6.017279752],[125.137592566,6.017059852],[125.137086333,6.016996917],[125.136499467,6.016688929],[125.136219117,6.016563227],[125.135497637,6.016161313],[125.135355938,6.015668099],[125.134385186,6.015017835],[125.134421734,6.014908799],[125.133845899,6.014484391],[125.133731401,6.014285123],[125.133386133,6.014456798],[125.132642729,6.013319443],[125.132575712,6.01327316],[125.132543879,6.013238865],[125.132532536,6.013230807],[125.13251309,6.013222749],[125.132469338,6.013195352],[125.132364812,6.013149616],[125.13171234,6.012603587],[125.131494356,6.011519831],[125.131329838,6.011192602],[125.131329838,6.011024301],[125.131316692,6.010987695],[125.131314267,6.010476915],[125.1314539,6.009434306],[125.130937811,6.007761887],[125.132574494,6.007613928],[125.132479033,6.006095139],[125.131716947,6.005716275],[125.131597794,6.005394271],[125.131168976,6.005533186],[125.130405318,6.003355824],[125.130331813,6.003124664],[125.130324994,6.0031268],[125.130194441,6.002754565],[125.129388954,6.002997425],[125.128930942,6.000850171],[125.127967967,5.999687308],[125.127879042,5.99961361],[125.127777396,5.999495675],[125.127755,5.999480827],[125.127188854,5.998831149],[125.127188847,5.998628295],[125.127094878,5.998543039],[125.126495097,5.99770795],[125.126631374,5.997401886],[125.126496672,5.997370744],[125.126247336,5.997347961],[125.126126241,5.997320881],[125.12575684,5.997261036],[125.125451959,5.997225841],[125.125235723,5.997141885],[125.125061569,5.997064728],[125.124876535,5.99694968],[125.124684696,5.996837337],[125.124365922,5.996689538],[125.123571586,5.996093054],[125.123571586,5.99445269],[125.123478977,5.994276495],[125.123756393,5.994059222],[125.123661451,5.993923189],[125.121868963,5.995245843],[125.122431448,5.991382541],[125.121180662,5.99130357],[125.121180662,5.98982209],[125.121187273,5.989730047],[125.121175716,5.989663804],[125.121170769,5.989647406],[125.121159227,5.98960805],[125.121105804,5.989430955],[125.120951428,5.988663385],[125.121457617,5.987985055],[125.121520004,5.987879654],[125.121567071,5.987743968],[125.121573418,5.98771558],[125.121581351,5.987691924],[125.121586113,5.987658805],[125.121584534,5.987609913],[125.121579884,5.987503231],[125.121565045,5.987412146],[125.121549719,5.987094181],[125.121462428,5.986842916],[125.121419144,5.986403744],[125.121400396,5.986351536],[125.12138511,5.98627806],[125.121276836,5.985990486],[125.121213478,5.985714306],[125.121209389,5.985409596],[125.121209389,5.985403757],[125.121206841,5.985377154],[125.12120302,5.985358152],[125.121187734,5.985325214],[125.121140603,5.985157991],[125.121096019,5.984970357],[125.121031419,5.984662756],[125.121031418,5.984662753],[125.121030836,5.984659981],[125.121030836,5.98465998],[125.121020931,5.984642468],[125.120950585,5.984421812],[125.1209353,5.984387609],[125.120930205,5.984372406],[125.120914919,5.984340736],[125.120906002,5.984315396],[125.120902443,5.984309202],[125.120843923,5.984198423],[125.120834765,5.984182231],[125.120804529,5.984142827],[125.120635023,5.983889951],[125.120619494,5.983832584],[125.120595291,5.983795844],[125.120563447,5.983769241],[125.12055453,5.983756573],[125.120428561,5.983653409],[125.120261482,5.983450309],[125.120184419,5.983399214],[125.120122635,5.983317288],[125.120112447,5.983310955],[125.120104384,5.983308845],[125.119647017,5.983081419],[125.119362278,5.982812162],[125.11905975,5.982517153],[125.118591968,5.982180334],[125.11851974,5.982117477],[125.118439619,5.982054571],[125.118403621,5.982034112],[125.118279561,5.981916659],[125.118259182,5.981905258],[125.11792959,5.981577477],[125.117735856,5.981269187],[125.117735854,5.981269185],[125.117735492,5.981268608],[125.117735491,5.981268608],[125.117735094,5.98126843],[125.117641966,5.981175814],[125.114936865,5.98027901],[125.115996943,5.979570374],[125.115915319,5.979489191],[125.115625113,5.979686502],[125.115569367,5.979624537],[125.115496393,5.979677476],[125.114062137,5.978251093],[125.113991734,5.977795933],[125.113932648,5.977719886],[125.113730556,5.976848809],[125.113762776,5.976774612],[125.113750278,5.976753303],[125.114151356,5.975157065],[125.114005395,5.974673188],[125.114357942,5.974322576],[125.114359581,5.974303008],[125.114296785,5.974248356],[125.114296874,5.973618353],[125.114288953,5.973555244],[125.114265199,5.973464984],[125.114260446,5.973250753],[125.114255694,5.973206574],[125.114255935,5.971589732],[125.114485246,5.971592855],[125.114485246,5.971512374],[125.114826377,5.97149043],[125.11468043,5.970974314],[125.114738442,5.970685832],[125.114518353,5.970201755],[125.11448907,5.970155972],[125.114368734,5.970000342],[125.114275724,5.969804976],[125.114253413,5.969767518],[125.11413669,5.969622357],[125.113911966,5.969007715],[125.113922055,5.968942489],[125.11378457,5.968636145],[125.114018029,5.96812015],[125.114125579,5.967478352],[125.113992796,5.967386922],[125.114076859,5.966451976],[125.111279442,5.96630205],[125.112102248,5.964666614],[125.11209934,5.964662274],[125.112093524,5.964657934],[125.112006195,5.964631186],[125.111695198,5.964490491],[125.111378043,5.964213463],[125.111273337,5.964154127],[125.110796857,5.963809288],[125.110655013,5.963351499],[125.110650651,5.963345712],[125.110132219,5.963050898],[125.109757733,5.962603618],[125.10958908,5.962357656],[125.10949896,5.962144987],[125.109472791,5.96210303],[125.109313662,5.961746696],[125.1093038,5.961638483],[125.109287807,5.961618229],[125.109060676,5.961482607],[125.108938858,5.961161021],[125.108902279,5.961115772],[125.108758311,5.96102894],[125.108541633,5.960894352],[125.108329321,5.960755426],[125.108174343,5.960628041],[125.107871872,5.960419655],[125.107448725,5.960056455],[125.107282024,5.959927826],[125.107017361,5.959751274],[125.106718044,5.959580714],[125.106299113,5.959164464],[125.106149334,5.958717127],[125.106124619,5.958678064],[125.106107171,5.958654913],[125.106075189,5.958599936],[125.106056287,5.958573892],[125.106014127,5.958505892],[125.105990864,5.958476955],[125.105947241,5.958433545],[125.105814131,5.958258933],[125.105804615,5.958242001],[125.105765132,5.95821319],[125.105758671,5.958206765],[125.105723732,5.958186911],[125.10537836,5.958058139],[125.105081857,5.957566781],[125.105062472,5.957537867],[125.104884029,5.957306432],[125.104849228,5.957195717],[125.104816318,5.957139195],[125.104514221,5.956739829],[125.104463406,5.956537773],[125.104407668,5.95640846],[125.104387463,5.956275932],[125.104317988,5.956098312],[125.10427053,5.95598664],[125.104268914,5.955978608],[125.104257605,5.955956119],[125.10418986,5.955827515],[125.104054955,5.955480978],[125.104033398,5.955440904],[125.103981063,5.955343617],[125.103934221,5.955322739],[125.103919685,5.955313103],[125.103624097,5.95521675],[125.103606329,5.955205507],[125.10357887,5.955199084],[125.103546569,5.955199088],[125.102843133,5.955315758],[125.101073646,5.95338028],[125.101748842,5.952943792],[125.101740972,5.952929692],[125.101808704,5.952879585],[125.101378113,5.952109576],[125.101630399,5.951934598],[125.101514829,5.951762769],[125.101360635,5.951849624],[125.1013162,5.951820256],[125.099868099,5.952805716],[125.099794268,5.952700752],[125.098111321,5.95371279],[125.098673899,5.950360156],[125.098673903,5.950342925],[125.098664455,5.950327252],[125.098664529,5.950056273],[125.098656663,5.950024944],[125.098647219,5.950004578],[125.098616884,5.949988136],[125.098355056,5.949380086],[125.098355055,5.949380084],[125.098335117,5.949343702],[125.09831465,5.949315501],[125.097797208,5.948845368],[125.097797344,5.948342641],[125.097796376,5.948340522],[125.097796509,5.947925649],[125.097618289,5.947526551],[125.097610894,5.947054994],[125.097569185,5.946694573],[125.097528064,5.946312839],[125.097517053,5.946261145],[125.09741474,5.946062188],[125.097087,5.945377913],[125.097383559,5.94478838],[125.097385214,5.944781799],[125.097385279,5.944528437],[125.097398527,5.944449501],[125.097398537,5.944410019],[125.097391926,5.944386986],[125.097386966,5.944380405],[125.096617656,5.943505476],[125.096890896,5.943052759],[125.096890912,5.942989006],[125.096807981,5.942244888],[125.09697656,5.941914152],[125.097036629,5.941569358],[125.097147671,5.94138997],[125.097152497,5.941373984],[125.097152502,5.941354795],[125.097157679,5.941337642],[125.097158069,5.941229228],[125.097145353,5.941194417],[125.097144503,5.941188491],[125.097087433,5.941060685],[125.097087463,5.940951772],[125.097084249,5.940944096],[125.097071401,5.940887808],[125.097003103,5.940765458],[125.096918764,5.940513596],[125.096694337,5.940066921],[125.096793101,5.939514741],[125.09680065,5.939474252],[125.096800663,5.939421484],[125.09676464,5.939053927],[125.096736745,5.938477639],[125.096805005,5.938341946],[125.096805022,5.938273187],[125.096716872,5.938039214],[125.096745159,5.937758454],[125.096740847,5.937732695],[125.096702465,5.937648651],[125.096624608,5.937261016],[125.096624705,5.936865997],[125.096608933,5.93682937],[125.096365465,5.936698904],[125.096297072,5.93658547],[125.095904107,5.936324742],[125.09575391,5.935576881],[125.095591093,5.935414833],[125.095575206,5.935406928],[125.095564085,5.935406925],[125.095554569,5.935411655],[125.093691633,5.935411236],[125.093658329,5.934004643],[125.093445242,5.933209097],[125.09424308,5.932349797],[125.094433053,5.931731958],[125.0945847,5.931769705],[125.094603241,5.931703377],[125.0947432,5.931705751],[125.094762784,5.931639575],[125.094835139,5.931643647],[125.09483236,5.931618719],[125.094464541,5.931568413],[125.095120277,5.929938806],[125.095119103,5.929922395],[125.09492355,5.929619688],[125.094923735,5.928839566],[125.095081947,5.928210786],[125.09513323,5.928140684],[125.095157125,5.928066051],[125.095298864,5.927831387],[125.095370247,5.927740858],[125.095381957,5.927717799],[125.095388618,5.927686777],[125.095406242,5.927637748],[125.09574026,5.926376157],[125.095940682,5.926408706],[125.096077738,5.92591297],[125.096353446,5.925689006],[125.09636441,5.925670998],[125.096375343,5.925660211],[125.096400227,5.925611212],[125.096409893,5.925573408],[125.096390793,5.925364805],[125.096699769,5.924756343],[125.096782795,5.924594696],[125.096819638,5.924420303],[125.096887887,5.924285908],[125.096893024,5.924272212],[125.096895995,5.924255615],[125.096899669,5.924244799],[125.096902538,5.924122413],[125.097115565,5.923706449],[125.097168709,5.923491313],[125.097302053,5.923337843],[125.097350359,5.923242718],[125.097497578,5.923033046],[125.097534308,5.92299508],[125.09757308,5.922922311],[125.097726994,5.922431906],[125.098123789,5.922199734],[125.098213221,5.922111505],[125.098396035,5.922018156],[125.098506015,5.921928817],[125.098682759,5.921846675],[125.098755749,5.921807381],[125.098978773,5.921711404],[125.099014283,5.921704396],[125.099060831,5.921665037],[125.099627053,5.921564987],[125.099822209,5.921538706],[125.099835294,5.921534426],[125.099849125,5.921525096],[125.09986003,5.921521529],[125.099915921,5.921478147],[125.100030746,5.921417463],[125.100131423,5.921356825],[125.100293112,5.921282321],[125.100316677,5.921262654],[125.100337841,5.9212353],[125.100349945,5.921224686],[125.100378029,5.921190058],[125.10042719,5.921094628],[125.100427754,5.921083307],[125.100406618,5.920983189],[125.100419532,5.92075116],[125.100419537,5.920751079],[125.100427361,5.920610507],[125.100423148,5.920575828],[125.100423207,5.920561386],[125.10041614,5.920514424],[125.100416184,5.920503593],[125.100396091,5.920446468],[125.100394672,5.920438521],[125.10034532,5.920372513],[125.10030609,5.920265588],[125.100240927,5.920151086],[125.100188485,5.920088926],[125.10017044,5.920063581],[125.100150917,5.920044728],[125.100125999,5.920013214],[125.100075404,5.919962479],[125.100065271,5.91995135],[125.10006527,5.919951349],[125.100065269,5.919951348],[125.100065268,5.919951347],[125.09969521,5.919662656],[125.099535162,5.919240804],[125.099497659,5.919134493],[125.099444473,5.918974135],[125.099353332,5.918668176],[125.099353332,5.918621921],[125.099304598,5.918449356],[125.0992968,5.918358226],[125.099140114,5.917877823],[125.099119467,5.917569821],[125.099119466,5.917329394],[125.099109453,5.917234799],[125.099109453,5.917207654],[125.09908801,5.917126219],[125.099072415,5.917007945],[125.098996934,5.916759252],[125.09899444,5.916476681],[125.098982744,5.916358406],[125.098935959,5.916205231],[125.098916466,5.916162574],[125.098758629,5.915790451],[125.098516914,5.915274789],[125.098412333,5.915044284],[125.098204103,5.914452521],[125.098204815,5.914437646],[125.098143112,5.914318128],[125.09813464,5.914228243],[125.098056665,5.914102211],[125.098015405,5.913983645],[125.097970131,5.913853545],[125.097953993,5.91380717],[125.097917089,5.913701122],[125.097881018,5.913597468],[125.097881018,5.913597467],[125.097725583,5.913150805],[125.09779483,5.912857166],[125.097784134,5.912799833],[125.097782432,5.912741696],[125.097750824,5.912620938],[125.097748938,5.912516203],[125.097654335,5.912221778],[125.097391636,5.911961252],[125.097170055,5.911905004],[125.0968927,5.911723151],[125.096391311,5.911691365],[125.096265286,5.911619341],[125.096243839,5.911615282],[125.096173173,5.911595958],[125.096070652,5.91158676],[125.095953985,5.911544277],[125.095604984,5.911511568],[125.095512736,5.911458139],[125.095415794,5.911446595],[125.095299817,5.911464622],[125.094765506,5.911347341],[125.094523715,5.911315202],[125.094283709,5.911180497],[125.094053719,5.911097179],[125.09389233,5.910978902],[125.093792075,5.910913167],[125.093625346,5.910783841],[125.093116522,5.91042844],[125.093011615,5.910140068],[125.092973598,5.910091644],[125.09296173,5.91005902],[125.092946561,5.910041113],[125.092907034,5.910005531],[125.092681046,5.909913923],[125.092523873,5.909716195],[125.0925228,5.909715269],[125.092522078,5.909714646],[125.092401593,5.909610687],[125.092382935,5.909600185],[125.092355182,5.909593571],[125.091949623,5.909559118],[125.091547616,5.909201075],[125.091533029,5.90919145],[125.091510847,5.9091718],[125.091181658,5.908954607],[125.090884025,5.908690957],[125.09071989,5.908425727],[125.090565681,5.908289117],[125.090461366,5.908029084],[125.090456143,5.908021461],[125.090439346,5.908006582],[125.09033848,5.907998122],[125.090029414,5.907724344],[125.089869883,5.907656162],[125.089680949,5.907395439],[125.089631487,5.907335898],[125.089605923,5.907307262],[125.089404685,5.907128997],[125.0893485,5.907016969],[125.089296433,5.906970844],[125.08922832,5.90689553],[125.089160789,5.90683571],[125.089079641,5.90678463],[125.089078429,5.906783724],[125.089078207,5.906783669],[125.088739339,5.906626904],[125.088691289,5.906601864],[125.088625656,5.9065793],[125.088604556,5.906572591],[125.088557681,5.906561028],[125.088172142,5.90641651],[125.0881263,5.906375901],[125.088119767,5.906373109],[125.087928276,5.906203481],[125.087918381,5.906197712],[125.087875848,5.906187643],[125.087760007,5.906131867],[125.087699498,5.906122386],[125.087672612,5.906108375],[125.087651694,5.906104825],[125.087483562,5.906127471],[125.087182923,5.906299263],[125.086610315,5.906137763],[125.086320676,5.906077201],[125.086194481,5.906015337],[125.08595799,5.905973215],[125.085831911,5.905892441],[125.085687088,5.905894547],[125.085287157,5.905540276],[125.085170907,5.905486384],[125.084517489,5.905474059],[125.084078673,5.905257066],[125.084001563,5.905249464],[125.083935049,5.905215576],[125.083471491,5.905242248],[125.082851049,5.904645761],[125.082744659,5.904572075],[125.082398688,5.904415763],[125.082214383,5.90418829],[125.081942042,5.903955249],[125.081853221,5.903827137],[125.081696841,5.903662694],[125.081588494,5.903575714],[125.081457336,5.903462264],[125.08122017,5.903223082],[125.08112069,5.903136179],[125.080997137,5.90300193],[125.080884989,5.902877135],[125.080705659,5.902707815],[125.079922142,5.902420645],[125.080143157,5.901694598],[125.080095756,5.901619995],[125.079960224,5.901458756],[125.079891797,5.901345306],[125.079623791,5.900984166],[125.078837738,5.899420296],[125.078899998,5.898846226],[125.078897651,5.898828979],[125.078894484,5.898821082],[125.078770553,5.898640204],[125.078750135,5.89855063],[125.078438303,5.898046691],[125.078664681,5.89752109],[125.078664613,5.897133601],[125.078723844,5.896986219],[125.078726036,5.896968755],[125.078726023,5.896895739],[125.078530741,5.896604477],[125.078517571,5.896589199],[125.078280951,5.896387521],[125.078170714,5.896058768],[125.077883146,5.895486906],[125.077943397,5.895202733],[125.07793813,5.895182697],[125.07787653,5.895088667],[125.077789016,5.894652648],[125.07777943,5.894638016],[125.077637634,5.894525908],[125.077499914,5.894249691],[125.077471158,5.894205796],[125.077401805,5.894141746],[125.076928765,5.893419592],[125.076861101,5.893000684],[125.076860726,5.892997421],[125.076804306,5.892849974],[125.076644361,5.892605828],[125.076632038,5.892123506],[125.076372361,5.89191915],[125.076547536,5.891138209],[125.076546591,5.891101226],[125.076376452,5.890834754],[125.076428137,5.890469361],[125.076421463,5.890208209],[125.076375205,5.890005126],[125.076368612,5.889747696],[125.076361288,5.889734005],[125.076350195,5.889300009],[125.076337042,5.889240211],[125.076333065,5.88917555],[125.076308434,5.889030473],[125.076273427,5.888934241],[125.076266389,5.888659123],[125.076091712,5.888032236],[125.076397844,5.887569401],[125.07641323,5.887517925],[125.076438411,5.887450717],[125.076463589,5.887374198],[125.076498559,5.887303243],[125.076535837,5.887181867],[125.076630607,5.886989437],[125.076684535,5.886862572],[125.076999295,5.886347322],[125.07751214,5.885380544],[125.077710312,5.885463894],[125.078381997,5.884111226],[125.078810124,5.884389456],[125.078831751,5.884351314],[125.078636436,5.884206674],[125.078828706,5.883963285],[125.079325606,5.883334274],[125.079190564,5.883216502],[125.079588403,5.882671387],[125.079504866,5.88246918],[125.080212779,5.881612332],[125.080351131,5.881463141],[125.080440236,5.881388568],[125.080616559,5.881201409],[125.080639019,5.881168791],[125.080791937,5.880999244],[125.080843499,5.880952813],[125.080870578,5.880925394],[125.080926788,5.880852172],[125.08108636,5.880687187],[125.081299898,5.880509101],[125.081640344,5.880278964],[125.081877526,5.8802339],[125.081938426,5.880214177],[125.082017774,5.880189708],[125.082040217,5.880183115],[125.082069033,5.880170069],[125.082091476,5.880163476],[125.082107463,5.880153742],[125.082117077,5.880150459],[125.082134654,5.880139114],[125.082386787,5.879964221],[125.082565858,5.879962605],[125.082915952,5.87985037],[125.083089901,5.879777018],[125.083204283,5.879776004],[125.083252358,5.879762508],[125.083276379,5.879754306],[125.083290815,5.879749377],[125.083366376,5.879703369],[125.083521278,5.879635704],[125.083619076,5.879597293],[125.083630223,5.879593487],[125.083651016,5.879582112],[125.083673403,5.879569123],[125.083705346,5.879546457],[125.083854017,5.879395919],[125.083874255,5.87938188],[125.084003278,5.879251236],[125.084022365,5.879228684],[125.084030303,5.879217419],[125.084038421,5.879200903],[125.084103285,5.879111259],[125.084198429,5.878966525],[125.084381007,5.878781651],[125.084404701,5.878735076],[125.084412638,5.878723813],[125.084513796,5.878448058],[125.08504776,5.877929075],[125.085411077,5.877564419],[125.085740754,5.877243504],[125.085947093,5.877006681],[125.086161535,5.876721791],[125.08620421,5.87660824],[125.086219523,5.876521626],[125.086284695,5.876391935],[125.086296441,5.876349077],[125.08651467,5.875821722],[125.086781693,5.87558135],[125.086783711,5.875578812],[125.086894166,5.875400239],[125.087366641,5.875106451],[125.087366642,5.87510645],[125.087527841,5.874946066],[125.087604517,5.874869777],[125.087673764,5.874745756],[125.087971359,5.87433126],[125.087982314,5.874298558],[125.088080337,5.874141014],[125.088085546,5.874129276],[125.088113434,5.874066429],[125.088116443,5.874033475],[125.088123879,5.874011277],[125.088101614,5.873911664],[125.087678796,5.873626508],[125.087346921,5.873453624],[125.08734691,5.873343148],[125.087325279,5.873325937],[125.086759715,5.872875948],[125.086728089,5.872844495],[125.086712279,5.872838205],[125.086520044,5.872685253],[125.086505464,5.872673653],[125.08627027,5.872486521],[125.086031226,5.872296326],[125.085328178,5.871909306],[125.085059365,5.871771643],[125.084917184,5.871681971],[125.084767175,5.871578957],[125.08462204,5.871472089],[125.083834106,5.870801081],[125.083515903,5.87039833],[125.083263765,5.870024065],[125.082860683,5.869441161],[125.082592695,5.867882629],[125.082420509,5.867573089],[125.082388464,5.867523838],[125.082321444,5.867387643],[125.08230139,5.867355007],[125.082189998,5.867111787],[125.082106257,5.866963264],[125.082059637,5.866873436],[125.082010105,5.866783609],[125.08194018,5.866693784],[125.081878992,5.866572084],[125.081817805,5.866470665],[125.081777013,5.866392428],[125.081721654,5.866296806],[125.081658616,5.866175927],[125.081594518,5.866091896],[125.081553726,5.866013659],[125.081498369,5.865941219],[125.081419699,5.865799234],[125.081375995,5.865726793],[125.081326464,5.865654353],[125.081276932,5.865561627],[125.081221575,5.865492086],[125.081157476,5.865387771],[125.081087552,5.865297947],[125.080935073,5.865059076],[125.080873889,5.864977944],[125.080821447,5.864914198],[125.080760265,5.864850452],[125.080707823,5.864789604],[125.080636948,5.86470346],[125.080584507,5.864651305],[125.080500019,5.864573073],[125.080430097,5.864497737],[125.080307737,5.864396327],[125.080264035,5.864344171],[125.080146292,5.864259858],[125.08002514,5.86411527],[125.079889798,5.863992345],[125.079773265,5.863896729],[125.07967948,5.863816175],[125.079595548,5.863722878],[125.079343084,5.863517442],[125.079219717,5.863302734],[125.079149796,5.863236092],[125.078985144,5.863071001],[125.078899371,5.862971478],[125.078820747,5.862886174],[125.078681371,5.862754665],[125.078627766,5.86270846],[125.078545569,5.862626711],[125.078477669,5.862566289],[125.078406195,5.862498758],[125.078352588,5.862438334],[125.078185815,5.86232223],[125.07809171,5.862228636],[125.077995222,5.862157553],[125.077930896,5.86210424],[125.077862997,5.862050927],[125.077787949,5.861983396],[125.077698605,5.861898093],[125.077623558,5.861834116],[125.077555657,5.861773693],[125.077383047,5.861631878],[125.077351073,5.861594297],[125.077140087,5.861432149],[125.077068613,5.861364618],[125.076997139,5.86130775],[125.07691852,5.861250884],[125.076843474,5.861204681],[125.076736268,5.861144262],[125.076625486,5.861069626],[125.076521859,5.860991922],[125.076358123,5.860907487],[125.076246691,5.860817769],[125.076157351,5.860757349],[125.076053717,5.86069693],[125.075967953,5.860657837],[125.07580357,5.860565432],[125.07570351,5.860512122],[125.075642758,5.860469471],[125.075473306,5.86038184],[125.075400626,5.8603256],[125.075318438,5.860275845],[125.075236245,5.860218978],[125.075097458,5.86014369],[125.074996815,5.860069705],[125.074914622,5.860016393],[125.074821709,5.859948864],[125.074652861,5.859844907],[125.074546539,5.859739165],[125.074475069,5.859692962],[125.074382186,5.859601505],[125.074325007,5.859558855],[125.074257104,5.859484212],[125.07419278,5.859430899],[125.074110585,5.859331378],[125.074046257,5.859270953],[125.073928324,5.859142998],[125.073874719,5.859096791],[125.07382826,5.859039921],[125.073724624,5.858943955],[125.073638855,5.858876424],[125.073603098,5.858851529],[125.073396826,5.858682038],[125.073323824,5.85861299],[125.073249331,5.858556541],[125.073206447,5.858520999],[125.07305993,5.858417927],[125.072970593,5.85837528],[125.072884828,5.858329077],[125.072791916,5.858275766],[125.072713298,5.858222454],[125.072584651,5.858154927],[125.072516754,5.858105169],[125.072386879,5.858042979],[125.072188398,5.857900406],[125.072120485,5.85787289],[125.071856059,5.857701376],[125.071773867,5.857644509],[125.071613059,5.857559212],[125.071512999,5.857488128],[125.071434381,5.857434815],[125.07134147,5.857381504],[125.071135111,5.857291716],[125.070932038,5.857176305],[125.070839128,5.857144321],[125.070760511,5.857098118],[125.070592556,5.857027039],[125.070488927,5.856995056],[125.070385296,5.85695241],[125.070203052,5.856899106],[125.070102996,5.856863569],[125.070002937,5.856838694],[125.069892166,5.856820932],[125.069690865,5.856746777],[125.069612248,5.856714792],[125.069515775,5.856682811],[125.069382432,5.856647451],[125.06924061,5.856579747],[125.069101435,5.85652592],[125.068883263,5.856412709],[125.068629551,5.856320312],[125.068533066,5.856295437],[125.068465173,5.856267006],[125.068390128,5.856242129],[125.068315085,5.856220808],[125.068161654,5.856188609],[125.067937645,5.856162413],[125.067840049,5.856131762],[125.067739994,5.856121107],[125.067664955,5.856121114],[125.067564901,5.856117568],[125.067454129,5.856124687],[125.067321916,5.856121143],[125.067221862,5.856131816],[125.067116403,5.856162822],[125.067037788,5.856169938],[125.066661664,5.856253118],[125.066437476,5.856241082],[125.066283823,5.85623754],[125.066158057,5.85623827],[125.066072296,5.856234722],[125.06582931,5.856234743],[125.065632789,5.85619566],[125.065543438,5.856181445],[125.0653469,5.856117478],[125.065239697,5.85607483],[125.065114628,5.856039294],[125.065007878,5.856001816],[125.064920978,5.855980212],[125.064834076,5.855949963],[125.064751521,5.855924036],[125.064629861,5.855898113],[125.064512545,5.8558549],[125.064273571,5.855807375],[125.064143222,5.855772808],[125.063872477,5.855722451],[125.063781231,5.855696525],[125.063637847,5.85568357],[125.063481427,5.855653327],[125.063346733,5.855640371],[125.063185969,5.855610129],[125.063051276,5.85559285],[125.062920926,5.855558283],[125.062773199,5.855545328],[125.062637989,5.855520905],[125.062568471,5.855529555],[125.062432484,5.855515328],[125.062142662,5.855499334],[125.062025351,5.855503666],[125.061916725,5.855482063],[125.061816794,5.855477749],[125.061332766,5.855500715],[125.061269338,5.855490757],[125.061178095,5.855499409],[125.060907722,5.855534716],[125.060812135,5.855560657],[125.060681788,5.855586601],[125.060590546,5.855608219],[125.060455857,5.855664419],[125.060334202,5.855703329],[125.060203858,5.855750883],[125.060082204,5.855802759],[125.059964897,5.855867601],[125.059843243,5.855919477],[125.059595592,5.856031873],[125.059473938,5.856066459],[125.059360973,5.85610969],[125.059225857,5.856157202],[125.059108975,5.856204797],[125.058968427,5.856238683],[125.058829392,5.856268948],[125.058655598,5.856312183],[125.058507873,5.856342449],[125.058364492,5.856359747],[125.058155938,5.856381373],[125.057974468,5.856402506],[125.057848467,5.856428447],[125.057483125,5.856466728],[125.056805569,5.856298225],[125.05619282,5.855954386],[125.055802581,5.855772212],[125.055634713,5.8557245],[125.055139829,5.85570932],[125.054077133,5.855704981],[125.053242191,5.855611213],[125.053077083,5.855580968],[125.052920664,5.855529111],[125.052759899,5.855481576],[125.05256221,5.855418886],[125.052462274,5.855379991],[125.052340613,5.855328131],[125.052262402,5.855289235],[125.052140742,5.855250342],[125.052032116,5.855202804],[125.05190611,5.8551423],[125.05177576,5.85509044],[125.051570229,5.854961423],[125.051352975,5.854833732],[125.051187858,5.854654566],[125.051118336,5.854589736],[125.051053156,5.854542194],[125.050927153,5.854460081],[125.050848937,5.854382283],[125.050740313,5.854300169],[125.050627342,5.854226697],[125.0504014,5.854092721],[125.050192787,5.853965848],[125.050048795,5.853888765],[125.049956851,5.853848526],[125.049850193,5.853793654],[125.04976193,5.853760733],[125.049684698,5.853716836],[125.049618498,5.85369123],[125.049456675,5.853661971],[125.049334349,5.853648821],[125.04913602,5.853585658],[125.049105333,5.853575885],[125.04906104,5.853561779],[125.04899484,5.853536173],[125.048788537,5.853512863],[125.048255618,5.85329841],[125.048090121,5.853239883],[125.0478935,5.853180881],[125.047757424,5.853144302],[125.047599283,5.8531187],[125.047305843,5.853028898],[125.047153333,5.8530052],[125.047040272,5.852976047],[125.046845354,5.85294313],[125.046661968,5.852922447],[125.046544289,5.852911476],[125.046448667,5.852885871],[125.046368253,5.852883208],[125.046220652,5.852860273],[125.046073546,5.85286028],[125.045922764,5.85287858],[125.045768607,5.852889354],[125.045507494,5.852903999],[125.045364065,5.852914981],[125.045231671,5.85293328],[125.045059569,5.852946284],[125.044923495,5.852949948],[125.04480581,5.852964587],[125.044669736,5.852964593],[125.04450792,5.852975576],[125.044339263,5.852993692],[125.044239966,5.852997354],[125.04398253,5.852997365],[125.043846456,5.852986395],[125.04370841,5.852980549],[125.043583369,5.852969578],[125.043469361,5.852962266],[125.043326757,5.852949662],[125.043107773,5.852907144],[125.042976552,5.852878142],[125.04270808,5.852794008],[125.042535765,5.852749994],[125.042274635,5.852632929],[125.042127679,5.852578791],[125.042002491,5.852497579],[125.041870093,5.852424415],[125.041608973,5.852252478],[125.041524386,5.852208579],[125.04142141,5.852171999],[125.041248557,5.852084202],[125.041183409,5.852064322],[125.040978734,5.851966956],[125.040846337,5.8519194],[125.040655097,5.85186453],[125.040423658,5.851775716],[125.040280227,5.85172816],[125.04014783,5.851687921],[125.0400044,5.851629391],[125.039857293,5.851589153],[125.039728574,5.85155989],[125.039190106,5.851467555],[125.039137337,5.851419438],[125.039052749,5.851404807],[125.038924031,5.851393836],[125.038813702,5.851401157],[125.038707051,5.851412136],[125.038563624,5.8514158],[125.038420195,5.851404829],[125.038284122,5.851386542],[125.038048506,5.851363322],[125.037893895,5.85131206],[125.037772536,5.851279138],[125.037669561,5.851242556],[125.03754452,5.851209634],[125.037375348,5.851176713],[125.037202778,5.851130076],[125.037121867,5.851093492],[125.036985794,5.851049595],[125.036798365,5.851060255],[125.036640095,5.851045948],[125.036511378,5.851038635],[125.03639737,5.851042297],[125.036242404,5.851082269],[125.035915005,5.851047603],[125.035771576,5.851043949],[125.035624471,5.851047612],[125.035477365,5.851047616],[125.035321549,5.851056108],[125.035207542,5.851067087],[125.03494643,5.851107338],[125.034817713,5.851121975],[125.034677964,5.851147589],[125.034388263,5.85119528],[125.034277934,5.85122821],[125.034156572,5.851257481],[125.034038889,5.851297727],[125.033928561,5.851330657],[125.03379249,5.851381879],[125.033663826,5.851437212],[125.033527753,5.851488435],[125.033410069,5.851525023],[125.033273998,5.851579904],[125.033075407,5.851664055],[125.0329945,5.851689666],[125.032803266,5.851795767],[125.032711326,5.851854304],[125.032597321,5.851923818],[125.032490671,5.85199699],[125.032409765,5.852059186],[125.03232518,5.852117724],[125.03221853,5.85218358],[125.032001551,5.852293339],[125.03190961,5.852326267],[125.031729408,5.852399441],[125.031626434,5.852436028],[125.031494041,5.852490908],[125.031370767,5.852528955],[125.031297214,5.852561883],[125.031190563,5.852602128],[125.03094784,5.852704571],[125.030694085,5.852807013],[125.030537318,5.852876211],[125.030415956,5.852934749],[125.03031666,5.852974995],[125.03019162,5.853029874],[125.030011546,5.853100253],[125.029831213,5.853139636],[125.029702496,5.853187198],[125.029544089,5.853239678],[125.029404339,5.853268948],[125.029268266,5.853316511],[125.029124838,5.85334944],[125.028536169,5.853460581],[125.02842584,5.853493509],[125.028065863,5.853588636],[125.027657211,5.853588643],[125.02753217,5.853595962],[125.027388741,5.853610599],[125.027295293,5.853624146],[125.027068877,5.85366332],[125.026879717,5.853653419],[125.026758355,5.85367903],[125.026662736,5.853708299],[125.026505522,5.853774152],[125.026357496,5.853799765],[125.026258195,5.853821718],[125.025980765,5.853892793],[125.025863081,5.853907428],[125.025749074,5.853933039],[125.025624034,5.85395865],[125.025476928,5.853991578],[125.025321709,5.854039158],[125.025189313,5.854072085],[125.025086339,5.854094037],[125.024994398,5.854105014],[125.024815326,5.854152066],[125.024667857,5.854156513],[125.024531788,5.854174807],[125.024395715,5.854189442],[125.024274081,5.854204497],[125.024185816,5.854208157],[125.024066597,5.854232866],[125.023725739,5.854259996],[125.023667265,5.854252064],[125.023556936,5.854259382],[125.023394615,5.854275532],[125.02329583,5.85427036],[125.023050515,5.854279077],[125.022994609,5.854274165],[125.022867238,5.854274184],[125.022718068,5.854263396],[125.022615546,5.85425414],[125.022497492,5.854251067],[125.022202355,5.854226388],[125.022006466,5.854214263],[125.021919478,5.854205004],[125.021823169,5.854189566],[125.021723754,5.854177219],[125.021711327,5.854174131],[125.021621233,5.854167963],[125.021391335,5.854137093],[125.021236156,5.854102746],[125.021105675,5.854093493],[125.021021789,5.854074963],[125.020850923,5.854062626],[125.020767041,5.854047186],[125.020658306,5.85403484],[125.02036127,5.85404192],[125.020314796,5.854036289],[125.020230918,5.854039392],[125.020157286,5.854057742],[125.019955473,5.854077846],[125.019887128,5.854090218],[125.019800143,5.854102593],[125.019713158,5.854111877],[125.019543105,5.854161006],[125.019081126,5.85422613],[125.018255934,5.854295308],[125.017646759,5.854367239],[125.01678991,5.854479899],[125.015962871,5.854486557],[125.014745637,5.854540714],[125.014074372,5.854623666],[125.013759832,5.854658155],[125.013129578,5.85472726],[125.012999101,5.854748911],[125.012887265,5.85477365],[125.012759895,5.854804572],[125.012575841,5.854869639],[125.012445367,5.854912922],[125.012221696,5.854980942],[125.012116076,5.855027313],[125.011945835,5.855150993],[125.011796726,5.855237546],[125.011629801,5.855344742],[125.011530398,5.855425107],[125.011437206,5.855486928],[125.011331591,5.855573475],[125.011213549,5.855656933],[125.011065893,5.855790444],[125.010938531,5.855880084],[125.010570873,5.856107522],[125.010225892,5.856239884],[125.009985757,5.856302891],[125.009633194,5.85632331],[125.009446453,5.856315229],[125.009328397,5.856302882],[125.008742716,5.856207764],[125.008615339,5.856179966],[125.008494176,5.856164529],[125.008373016,5.856158363],[125.008191428,5.856134551],[125.008077483,5.856108657],[125.007957026,5.856076287],[125.007800758,5.856040683],[125.007624908,5.85598804],[125.007501195,5.855958909],[125.007383991,5.855910345],[125.007146333,5.855842366],[125.006954255,5.855803528],[125.006763758,5.855777252],[125.00665307,5.85576755],[125.006542382,5.855748133],[125.006360626,5.855746338],[125.006318305,5.855749582],[125.006155531,5.85575284],[125.006054613,5.855765806],[125.005956948,5.855765818],[125.005872307,5.855778782],[125.005790924,5.855807939],[125.005699774,5.855833858],[125.005595604,5.855872732],[125.005494688,5.855905129],[125.005390518,5.855947242],[125.005283092,5.855995833],[125.005208222,5.856041181],[125.005146371,5.856073573],[125.005059242,5.856125962],[125.004941622,5.856184537],[125.004813107,5.856257849],[125.004715451,5.856332346],[125.004640583,5.856377692],[125.004593086,5.856417391],[125.0043118,5.856575281],[125.004214141,5.856620631],[125.004080015,5.856677308],[125.003907483,5.856755052],[125.003666592,5.85688462],[125.003562424,5.856942925],[125.003448488,5.856997993],[125.003328044,5.857069254],[125.003193732,5.857144858],[125.003144901,5.857164295],[125.002926798,5.857284144],[125.002754267,5.857368365],[125.002614287,5.857420197],[125.002476006,5.857486714],[125.00237531,5.85756186],[125.002241622,5.857616282],[125.002124434,5.857677826],[125.002020265,5.857736131],[125.001862428,5.857818323],[125.001794064,5.857857194],[125.001588977,5.85793818],[125.001491318,5.857986768],[125.001273213,5.858103379],[125.001169045,5.858164922],[125.000999538,5.858285607],[125.000794457,5.858428124],[125.000379058,5.858628719],[125.000312666,5.858632202],[125.00027318,5.858695065],[124.999996905,5.858810354],[124.999904905,5.858885545],[124.999716282,5.858985098],[124.999377754,5.859144659],[124.999285233,5.859156174],[124.998862033,5.859305191],[124.99873074,5.859333847],[124.998527275,5.859395715],[124.99838892,5.859414846],[124.99831079,5.859427808],[124.99819034,5.859456968],[124.998017548,5.859488509],[124.997789667,5.859533872],[124.997672473,5.859566269],[124.997539001,5.859598668],[124.997434212,5.859614474],[124.997431571,5.859614872],[124.997304609,5.859637555],[124.997143279,5.85968655],[124.996947953,5.859735148],[124.996834013,5.85975783],[124.996713563,5.859793466],[124.996628924,5.85982586],[124.996573581,5.859842058],[124.99645639,5.859897124],[124.996339197,5.859945714],[124.996231771,5.859994303],[124.996147131,5.860026696],[124.996042138,5.86007103],[124.995915178,5.860132281],[124.995792064,5.860185876],[124.99561124,5.860250961],[124.995422717,5.860293081],[124.995185787,5.860351714],[124.994985724,5.860412973],[124.994815153,5.860461472],[124.994604833,5.860512524],[124.994395064,5.860557725],[124.994123194,5.860638887],[124.993860272,5.860603705],[124.993717916,5.860630511],[124.993537086,5.860649667],[124.993337019,5.860680306],[124.993142516,5.860704328],[124.992973227,5.860704345],[124.992777006,5.860715846],[124.992541892,5.860708877],[124.99232909,5.860716901],[124.992032611,5.860678925],[124.991216968,5.860532198],[124.991099669,5.860523567],[124.990625901,5.860495952],[124.990212874,5.860397556],[124.990033048,5.860394104],[124.989326218,5.860491158],[124.989006904,5.860513604],[124.988602539,5.860513607],[124.98829324,5.860587847],[124.988092355,5.860635978],[124.987875952,5.860758752],[124.987419544,5.860955556],[124.986749131,5.861123301],[124.986495762,5.861180271],[124.98556768,5.861326904],[124.985209212,5.861112947],[124.984882991,5.861212798],[124.984228969,5.861233791],[124.983459443,5.861240696],[124.98286767,5.861349454],[124.982622461,5.861446127],[124.982534677,5.861481656],[124.982268437,5.861589412],[124.981417668,5.861838712],[124.980374095,5.862120098],[124.979856944,5.862190873],[124.978741276,5.862201725],[124.9782033,5.862155108],[124.977986512,5.86211583],[124.977266367,5.861930094],[124.977195232,5.861906505],[124.977074344,5.861873706],[124.976818651,5.861756309],[124.976754609,5.861719554],[124.976669991,5.861675818],[124.976636433,5.861654452],[124.976605198,5.861638916],[124.976580902,5.861628557],[124.976535782,5.86161302],[124.976464631,5.861580219],[124.976370892,5.861547303],[124.976339685,5.861533606],[124.975933455,5.861421161],[124.975729534,5.861348454],[124.975520159,5.861282794],[124.975416275,5.861259837],[124.975300847,5.861229225],[124.975158488,5.861202442],[124.97501613,5.861190969],[124.974885315,5.861183323],[124.974739111,5.861183333],[124.974603519,5.861191193],[124.974399603,5.86121417],[124.974276484,5.861233315],[124.97417645,5.861244804],[124.974057178,5.861248639],[124.973762727,5.861264031],[124.973616521,5.861256385],[124.973485706,5.861241084],[124.973339501,5.861229611],[124.973204837,5.861210483],[124.973072989,5.861196778],[124.972949867,5.861177648],[124.972726712,5.861170007],[124.972622829,5.861170013],[124.972472777,5.861158541],[124.972372742,5.861162374],[124.972261165,5.861154726],[124.972114967,5.861154736],[124.971956684,5.861139154],[124.971802916,5.861131113],[124.971643928,5.861095978],[124.971498828,5.861089426],[124.971303493,5.861065885],[124.971114076,5.861028211],[124.971029431,5.861016734],[124.970925548,5.860997604],[124.970771647,5.860963166],[124.970656221,5.860944036],[124.970487275,5.860891067],[124.970231824,5.860842627],[124.97012628,5.860808886],[124.969830019,5.860720874],[124.969741526,5.860697915],[124.969645337,5.860667301],[124.969568386,5.860636687],[124.969502977,5.860613726],[124.969414483,5.860579285],[124.969345227,5.860544843],[124.969225951,5.860491266],[124.96916439,5.860456823],[124.968960467,5.86037646],[124.968767239,5.860292712],[124.968651811,5.860227653],[124.968513298,5.860170249],[124.968324602,5.860063811],[124.968239954,5.860014059],[124.968116832,5.859964309],[124.968012946,5.859906904],[124.967878282,5.859853328],[124.967762854,5.859795923],[124.967651274,5.859734692],[124.967508914,5.859669634],[124.967371763,5.859613687],[124.967252488,5.859552455],[124.967113976,5.859521844],[124.96696392,5.859452959],[124.966836952,5.859410864],[124.96671383,5.859361115],[124.966579166,5.859311366],[124.966467587,5.859257789],[124.966290599,5.859177423],[124.966202495,5.859177428],[124.965878913,5.85906645],[124.965698078,5.859024357],[124.965617279,5.859001397],[124.965294438,5.858922992],[124.965005875,5.858884732],[124.964863517,5.858861774],[124.964717312,5.858834989],[124.964536478,5.858785242],[124.964192498,5.858712862],[124.963994071,5.858665872],[124.963930864,5.858640153],[124.963764682,5.858614058],[124.963646147,5.858533],[124.963546112,5.858502385],[124.963396058,5.858452636],[124.96317213,5.858355087],[124.963024682,5.858263423],[124.962846152,5.858171571],[124.962716876,5.858056759],[124.96265683,5.858016941],[124.96246764,5.857838512],[124.962393238,5.857760393],[124.962310569,5.857690498],[124.962182434,5.857587712],[124.962047405,5.857468478],[124.961948203,5.857398583],[124.961861401,5.857320465],[124.961774601,5.857283464],[124.961687804,5.857230016],[124.961588601,5.857184791],[124.961522468,5.85714779],[124.961427401,5.857110788],[124.961336467,5.857053229],[124.961162452,5.856973575],[124.961071517,5.856920127],[124.960848318,5.856842014],[124.960749119,5.856817348],[124.960633386,5.856776236],[124.960513521,5.856743348],[124.960377123,5.856702237],[124.960232457,5.856648791],[124.960079526,5.856603569],[124.959778203,5.856530291],[124.959696387,5.856478501],[124.959554111,5.856440535],[124.959390244,5.856350606],[124.959313708,5.85631711],[124.959159108,5.856254867],[124.959010545,5.856160826],[124.958790121,5.856054245],[124.958747258,5.856029882],[124.958563575,5.855944619],[124.95848704,5.855917214],[124.958287,5.85583769],[124.958195158,5.855819421],[124.958063517,5.855782881],[124.957971675,5.855749385],[124.957867588,5.855734162],[124.957742071,5.855706758],[124.957622677,5.85568849],[124.957513001,5.855676639],[124.957454834,5.855667505],[124.957390547,5.855661417],[124.957277274,5.855670557],[124.957225231,5.855658377],[124.957084408,5.855667518],[124.956952769,5.855664477],[124.956700201,5.855650763],[124.956598254,5.855638694],[124.956455043,5.855631455],[124.956317701,5.855632701],[124.956060405,5.855618221],[124.955919621,5.855615811],[124.955736009,5.855618789],[124.955607362,5.855616379],[124.955473859,5.855609139],[124.955329084,5.855613241],[124.955244128,5.855613244],[124.955171309,5.855608417],[124.955091208,5.855608419],[124.955020816,5.855610836],[124.954957706,5.855615667],[124.954797504,5.855615672],[124.954653277,5.855625373],[124.95456104,5.855635034],[124.954236952,5.855635045],[124.954184072,5.855621897],[124.954162226,5.855621898],[124.954142388,5.855635354],[124.953593927,5.855635368],[124.953464796,5.855681249],[124.953285663,5.855681255],[124.953154542,5.855697938],[124.953035604,5.855710014],[124.95290453,5.85572692],[124.952756464,5.855736583],[124.952596345,5.855755361],[124.952489544,5.855765022],[124.952377888,5.855769854],[124.952172301,5.855814239],[124.952102931,5.855839012],[124.951916036,5.855883183],[124.951861618,5.855891514],[124.95164558,5.855937399],[124.951344211,5.856066299],[124.951245454,5.85604993],[124.950686148,5.856243477],[124.950584202,5.856282114],[124.950499247,5.85632075],[124.950403988,5.856353798],[124.950253496,5.856418997],[124.95018796,5.856443145],[124.950107859,5.856479366],[124.950023073,5.856510409],[124.949879863,5.856573193],[124.949814326,5.856611829],[124.949736654,5.856667367],[124.949622913,5.856733184],[124.949465139,5.856837016],[124.949370476,5.856892555],[124.949278239,5.856962581],[124.949167408,5.857030754],[124.948890697,5.857194955],[124.94880817,5.857248079],[124.94869978,5.857314647],[124.948607544,5.857379844],[124.948440061,5.857474019],[124.94829387,5.857579895],[124.948165223,5.857645093],[124.947949195,5.857785146],[124.947859004,5.857825275],[124.947798322,5.857871154],[124.947664821,5.857953255],[124.947589575,5.858008793],[124.947509474,5.858057087],[124.947448793,5.858117454],[124.947360459,5.858178367],[124.947299776,5.858226662],[124.947251231,5.858258053],[124.947192975,5.858301518],[124.947127437,5.858344984],[124.947124037,5.858348817],[124.946933256,5.85851884],[124.946848276,5.858580188],[124.94671963,5.858684019],[124.946641985,5.858775974],[124.946493891,5.858896514],[124.946447773,5.858942392],[124.946360391,5.859010003],[124.9462865,5.859072676],[124.94619531,5.859136146],[124.946113768,5.859199239],[124.946018635,5.85928937],[124.94581478,5.8594471],[124.945715118,5.859514699],[124.945588274,5.859604831],[124.94545185,5.859706623],[124.945370307,5.859769715],[124.94512115,5.859940966],[124.945003367,5.860017578],[124.944831222,5.860143762],[124.944717968,5.860206854],[124.944577534,5.860296986],[124.94444163,5.860400638],[124.944257577,5.860524204],[124.943976707,5.860690948],[124.943822681,5.860772067],[124.943588067,5.860908213],[124.943451209,5.860956838],[124.94319752,5.861083022],[124.943106915,5.861105557],[124.942961951,5.861173155],[124.942778736,5.861233914],[124.942685201,5.861264933],[124.942363559,5.861364079],[124.942232184,5.861409145],[124.942105339,5.861436185],[124.941992085,5.861463225],[124.941875349,5.861499618],[124.941841382,5.861506083],[124.941840558,5.861506356],[124.941642404,5.861551423],[124.941572541,5.861560491],[124.941488992,5.861574096],[124.941396336,5.861580144],[124.94133406,5.861586192],[124.941236847,5.861589219],[124.94105749,5.861590646],[124.940966352,5.86158914],[124.940861545,5.861593678],[124.940665601,5.861598221],[124.940551679,5.861596716],[124.940469657,5.861608808],[124.940401305,5.861616366],[124.940349661,5.86163299],[124.940290421,5.861658681],[124.940128809,5.861756551],[124.939887175,5.861804325],[124.93980261,5.861829821],[124.939729575,5.861854042],[124.939553814,5.861897222],[124.939532249,5.861901214],[124.939487404,5.861913962],[124.93944512,5.861922887],[124.939363115,5.861943285],[124.9392824,5.86195221],[124.939177879,5.861969135],[124.939053596,5.861981887],[124.938969021,5.861995913],[124.938915206,5.86199719],[124.938892138,5.862001289],[124.93871019,5.862004847],[124.938665351,5.862002301],[124.938466735,5.86199976],[124.938347572,5.861992117],[124.938235625,5.861999386],[124.938079345,5.861978032],[124.937843215,5.861962118],[124.93782235,5.861954136],[124.93766547,5.861938536],[124.937554715,5.86194956],[124.937469425,5.861930897],[124.937375886,5.861938549],[124.937236624,5.861935316],[124.937128302,5.861963448],[124.937086654,5.861966152],[124.937025152,5.861980175],[124.936932895,5.862001848],[124.936833679,5.86203369],[124.936806046,5.862036268],[124.936767606,5.862057939],[124.936538169,5.862148386],[124.936311726,5.862195249],[124.936243816,5.862214372],[124.936082368,5.862242421],[124.936022145,5.862250071],[124.935908631,5.862270003],[124.935662097,5.862283084],[124.935558345,5.862283088],[124.935495638,5.862279689],[124.935436292,5.862281427],[124.935294507,5.86228746],[124.934872239,5.862280593],[124.934836118,5.862262629],[124.934477165,5.862255776],[124.934304626,5.862204288],[124.934209364,5.862188255],[124.934172725,5.86217222],[124.934159596,5.862175607],[124.933927655,5.862190796],[124.933858777,5.862190798],[124.933800153,5.862196632],[124.933741532,5.862196634],[124.933624289,5.862218507],[124.933383732,5.862324255],[124.933007304,5.862291423],[124.932907705,5.862305306],[124.932759411,5.8622983],[124.932640367,5.862298304],[124.932479546,5.862303231],[124.932355872,5.862290285],[124.932265076,5.862294302],[124.932172263,5.862288284],[124.932006814,5.86231639],[124.931889449,5.862332039],[124.931702413,5.862346404],[124.931541062,5.86238783],[124.931376363,5.862387838],[124.931132021,5.862417478],[124.931077539,5.86241748],[124.930960517,5.862425512],[124.930889899,5.862423507],[124.930710324,5.86243957],[124.930641724,5.862433551],[124.93053075,5.862439576],[124.930385477,5.86243958],[124.930279867,5.862443475],[124.92995571,5.862417515],[124.929787377,5.862401573],[124.92972281,5.862405589],[124.929547268,5.862375487],[124.929408112,5.862371646],[124.929311199,5.862349401],[124.929117688,5.862339407],[124.928960121,5.862309269],[124.928786444,5.862283879],[124.928703719,5.862269831],[124.928572569,5.862251771],[124.928473702,5.862235717],[124.928365767,5.862228562],[124.928177095,5.862193574],[124.927978452,5.862153109],[124.927919939,5.862135046],[124.927874968,5.862135047],[124.9275868,5.862072345],[124.927542628,5.86205477],[124.927437708,5.862034701],[124.927375165,5.862012626],[124.927231348,5.861979359],[124.927068469,5.861922311],[124.926949425,5.8618902],[124.926792256,5.861837098],[124.926717601,5.861806992],[124.926642945,5.861780901],[124.926542059,5.86174076],[124.926404855,5.861690585],[124.926326165,5.861666501],[124.926257563,5.86164041],[124.926048073,5.861576992],[124.925952891,5.861526011],[124.925872183,5.861495906],[124.925621115,5.861392364],[124.925574705,5.861366271],[124.925473277,5.861320709],[124.92542943,5.861287997],[124.925368899,5.861257891],[124.92518792,5.861136375],[124.925177217,5.861127432],[124.92489871,5.860954286],[124.924675859,5.86075322],[124.924498524,5.860545625],[124.924367284,5.860336147],[124.924319395,5.860264693],[124.92425281,5.860194444],[124.924200349,5.860134232],[124.924157977,5.860082047],[124.924115605,5.86004592],[124.924055075,5.86002585],[124.924053057,5.860023842],[124.924000597,5.860009794],[124.923952173,5.860013809],[124.923891643,5.86004191],[124.923814485,5.86007395],[124.923771065,5.860094512],[124.923673812,5.86016909],[124.923604924,5.860211418],[124.923448914,5.860330338],[124.923382054,5.860368634],[124.923223762,5.860484112],[124.923159179,5.860519805],[124.923084214,5.860574226],[124.922972777,5.860630664],[124.922717212,5.860790039],[124.922650351,5.860840429],[124.922573359,5.860890819],[124.922429504,5.860979505],[124.922166287,5.861146712],[124.922129636,5.861164942],[124.922009601,5.861242054],[124.921918427,5.861278335],[124.921857637,5.861318651],[124.921790635,5.861373403],[124.921557001,5.861516684],[124.921480783,5.861566567],[124.921351111,5.861663315],[124.921286275,5.86171572],[124.92118497,5.861788282],[124.921043681,5.861932851],[124.920895174,5.862036907],[124.920830338,5.862109468],[124.92076145,5.862169935],[124.920668249,5.862256605],[124.920568969,5.862335213],[124.920496029,5.862407773],[124.920349903,5.86256053],[124.920151366,5.862708994],[124.920052086,5.862801711],[124.919981171,5.862860163],[124.919906205,5.862924661],[124.919821107,5.862991176],[124.919725879,5.86305769],[124.919561763,5.863196765],[124.919470588,5.86326731],[124.919330785,5.863355996],[124.919133793,5.863511536],[124.919058826,5.863574019],[124.918961572,5.863642549],[124.918848109,5.863727203],[124.918651697,5.863867637],[124.918565799,5.863974446],[124.918417756,5.864048084],[124.918363862,5.864094038],[124.918342575,5.864118745],[124.918216909,5.864306283],[124.91793561,5.86449775],[124.917819205,5.864597464],[124.917698176,5.864664352],[124.917619738,5.864723401],[124.917564608,5.86475926],[124.917509249,5.864798872],[124.917462733,5.864824401],[124.917450432,5.864833759],[124.917305537,5.864918546],[124.917263833,5.86493929],[124.917047297,5.865082895],[124.916999169,5.865106833],[124.916962275,5.865133961],[124.916897784,5.865171106],[124.916771064,5.865260464],[124.916707923,5.865288621],[124.916570435,5.865375151],[124.916559332,5.865380139],[124.916509328,5.865419222],[124.916337974,5.865517366],[124.916289261,5.865554196],[124.916172759,5.865609915],[124.916100054,5.865665802],[124.915999524,5.865713632],[124.915957819,5.865743949],[124.915928946,5.86575831],[124.915849237,5.865818948],[124.915776337,5.86585118],[124.915752931,5.865869206],[124.915587061,5.865951706],[124.915466759,5.86602032],[124.915381746,5.866057019],[124.915333624,5.866085742],[124.915282299,5.866111269],[124.91507377,5.866226159],[124.914792994,5.866366764],[124.914750869,5.866380203],[124.914698097,5.866404207],[124.914638016,5.866449405],[124.914462492,5.866527095],[124.914320775,5.866599097],[124.914251423,5.8666261],[124.914185088,5.866656101],[124.914142874,5.866677102],[124.914099153,5.866702602],[124.913978811,5.866762472],[124.913941243,5.8667901],[124.913685214,5.866908981],[124.913652047,5.866919482],[124.913620504,5.866945634],[124.913335438,5.867022995],[124.913261337,5.867063957],[124.913222366,5.867078497],[124.913196969,5.867103766],[124.912782887,5.867261517],[124.912720567,5.86730027],[124.912408652,5.867413816],[124.912375283,5.867431926],[124.912301409,5.867457428],[124.91225151,5.867485354],[124.912169333,5.867511394],[124.912125611,5.867532395],[124.9120653,5.867551898],[124.911925609,5.867611918],[124.911834636,5.867643403],[124.911663943,5.867745942],[124.911309273,5.867808067],[124.911262537,5.867824569],[124.911212528,5.867851002],[124.911055987,5.867907075],[124.911012265,5.867925076],[124.910867525,5.867975749],[124.910805717,5.868003082],[124.910694537,5.86804675],[124.910513232,5.868097592],[124.910477354,5.868116155],[124.910220755,5.868196599],[124.910078883,5.868250708],[124.910004044,5.868259647],[124.909986608,5.868268321],[124.90959917,5.868386938],[124.90958015,5.868390093],[124.909319592,5.86847219],[124.909174417,5.868505346],[124.90891312,5.868570509],[124.908864847,5.868577463],[124.908821446,5.868589644],[124.908769141,5.868597397],[124.908676846,5.868621806],[124.908509627,5.868654722],[124.90846649,5.868656632],[124.908290227,5.86869988],[124.908216139,5.868709294],[124.908082026,5.868754886],[124.907879407,5.868768566],[124.907826916,5.868785976],[124.907803549,5.868790405],[124.907799388,5.868792179],[124.907609348,5.868827949],[124.907457878,5.868852898],[124.907398813,5.868857254],[124.907315693,5.868872493],[124.907021973,5.868936196],[124.906947427,5.868940835],[124.906871395,5.868959264],[124.906809012,5.868964117],[124.906790132,5.868968814],[124.906708607,5.86897673],[124.906480664,5.869034006],[124.906403126,5.869034011],[124.906206066,5.869077569],[124.90618106,5.869081256],[124.90613241,5.869101792],[124.905991957,5.869124904],[124.905888634,5.86915788],[124.905782385,5.869181412],[124.905589582,5.869230041],[124.905218756,5.86929387],[124.90505966,5.869329713],[124.904948805,5.869336206],[124.904869761,5.869350088],[124.904811169,5.869369909],[124.904587685,5.869414861],[124.904460597,5.869453414],[124.904258606,5.869499355],[124.904155275,5.869528981],[124.904000288,5.869558285],[124.903873199,5.869589129],[124.903669109,5.869628779],[124.903593731,5.869649051],[124.903486226,5.86966271],[124.903410282,5.869676591],[124.903371536,5.869692011],[124.90321345,5.869722857],[124.903159204,5.869735195],[124.90309721,5.869750617],[124.903033667,5.869769122],[124.902962826,5.869794752],[124.902782589,5.869840059],[124.902739194,5.86984777],[124.902695795,5.869860108],[124.902651256,5.869882265],[124.902268934,5.869969221],[124.902246404,5.869978354],[124.902124793,5.870013943],[124.902094691,5.870031281],[124.90185202,5.870095673],[124.901843802,5.87009904],[124.901459783,5.870198987],[124.901408419,5.870205803],[124.901067252,5.870295469],[124.900907812,5.870269045],[124.900859766,5.870278299],[124.900754325,5.870309549],[124.900636495,5.870330486],[124.90055485,5.870361432],[124.900301716,5.870386011],[124.900241276,5.870395265],[124.900171527,5.870398353],[124.900067689,5.870412235],[124.899805353,5.870416795],[124.899594479,5.87044873],[124.899348133,5.870401405],[124.89922567,5.870388982],[124.898988802,5.870342185],[124.898933005,5.870336022],[124.898886508,5.870336024],[124.898832262,5.870332944],[124.898722219,5.870329867],[124.898599777,5.870329874],[124.898550175,5.870325252],[124.898463387,5.870322173],[124.898421539,5.87031755],[124.898351794,5.870317554],[124.898275851,5.870326809],[124.898179888,5.870349423],[124.898111564,5.870351487],[124.897823193,5.870409315],[124.897515585,5.870448514],[124.897376094,5.870459314],[124.897296889,5.870476555],[124.89719166,5.870485535],[124.897045972,5.870510211],[124.896963828,5.870527175],[124.896903383,5.870536429],[124.896762835,5.870563758],[124.89666173,5.870596614],[124.896471559,5.87062864],[124.896361314,5.870657675],[124.896238258,5.870694994],[124.896102073,5.870740159],[124.896048572,5.870754677],[124.895985344,5.870775646],[124.895912388,5.870796616],[124.895631912,5.870870818],[124.895542744,5.870896627],[124.895421093,5.870924092],[124.895344894,5.870953126],[124.895153585,5.871004745],[124.895079008,5.871022489],[124.894908776,5.871056366],[124.894817986,5.871078949],[124.89474665,5.871091855],[124.894689394,5.871106955],[124.894492114,5.871143477],[124.894411051,5.871169285],[124.894194319,5.87122735],[124.894144994,5.871232804],[124.894062307,5.871252163],[124.893953682,5.871271521],[124.893791785,5.871311789],[124.893597907,5.871354342],[124.893399731,5.871411419],[124.893297976,5.871415642],[124.893254634,5.87142616],[124.893156925,5.871444679],[124.893075863,5.871468874],[124.893015877,5.871493069],[124.892934815,5.871522102],[124.892866723,5.871549523],[124.892767827,5.871581783],[124.892611351,5.871637862],[124.892533253,5.871671162],[124.892455154,5.87170129],[124.892364305,5.871739347],[124.892195359,5.871820216],[124.892131606,5.871847172],[124.891933971,5.871940726],[124.891875,5.871972439],[124.891788933,5.872013666],[124.891635245,5.872094156],[124.891544395,5.872135384],[124.891480642,5.872168682],[124.891416888,5.872195639],[124.891354729,5.872225766],[124.89124316,5.87226858],[124.891173031,5.87229078],[124.891122028,5.872309809],[124.891008865,5.872358964],[124.890620214,5.872543089],[124.890358037,5.872553131],[124.890261648,5.872591488],[124.890261646,5.872591489],[124.890261644,5.87259149],[124.890138088,5.872654613],[124.890090274,5.872700593],[124.890042683,5.87279825],[124.889759667,5.873011997],[124.889672774,5.873121493],[124.889428359,5.873310145],[124.889285031,5.873399191],[124.889234028,5.87343249],[124.88917836,5.87347864],[124.889117679,5.873518112],[124.889045958,5.873572021],[124.88895982,5.873631808],[124.888745572,5.873821269],[124.888655467,5.873878043],[124.888614033,5.873908165],[124.888594906,5.873919265],[124.88852804,5.873977599],[124.888355344,5.87409817],[124.88832825,5.874120367],[124.888227839,5.874183791],[124.888194368,5.874209162],[124.888149742,5.874247215],[124.888058893,5.874310639],[124.888005897,5.874365872],[124.887888355,5.874443827],[124.887858072,5.874473953],[124.887824602,5.874496151],[124.887792726,5.874527862],[124.887703216,5.874599099],[124.887542362,5.874719933],[124.887498573,5.874761214],[124.887256853,5.874941824],[124.887222781,5.874965833],[124.887174381,5.875007104],[124.887083968,5.875061071],[124.887016776,5.875127913],[124.886797281,5.875260829],[124.886752101,5.87531027],[124.886418396,5.875527073],[124.886393508,5.875538568],[124.886352026,5.875568725],[124.886305755,5.875592534],[124.88627371,5.875620066],[124.886082384,5.875756021],[124.886050861,5.875772907],[124.885947257,5.875845125],[124.88592283,5.875859194],[124.885801089,5.875964163],[124.885699457,5.876008396],[124.885644419,5.87605262],[124.885500169,5.876130191],[124.885353952,5.876221525],[124.885324661,5.876233363],[124.885291154,5.876257173],[124.88525286,5.876276221],[124.885226338,5.876297658],[124.884966325,5.876460248],[124.884925778,5.876490501],[124.88490025,5.876503199],[124.884877497,5.876527575],[124.884569966,5.876711133],[124.884517784,5.876730258],[124.884386352,5.876811655],[124.884308171,5.876865622],[124.884266685,5.876887845],[124.884214728,5.8769216],[124.884000209,5.877043285],[124.883961939,5.877060857],[124.883924124,5.877096385],[124.883714632,5.877210059],[124.883641238,5.877254502],[124.883463011,5.877337611],[124.883203995,5.877490043],[124.882611841,5.87785221],[124.882210732,5.878085051],[124.881758818,5.878328754],[124.881077356,5.878662003],[124.880635092,5.878861474],[124.880045226,5.879142834],[124.879575925,5.879341663],[124.879170065,5.879496678],[124.878830077,5.879635881],[124.87834481,5.879795507],[124.877982245,5.879912825],[124.877541776,5.880072824],[124.87704781,5.880236134],[124.876555463,5.880372434],[124.875749666,5.880583197],[124.875063616,5.88076454],[124.874535193,5.880888733],[124.873946125,5.881012495],[124.87376315,5.881047456],[124.873393145,5.881118151],[124.872749744,5.881233983],[124.872220234,5.881292655],[124.871899856,5.881340701],[124.871729067,5.881379187],[124.871280227,5.881397781],[124.871239844,5.881395328],[124.8709359,5.88141121],[124.870649953,5.88145901],[124.870212085,5.881548446],[124.869650308,5.881644899],[124.868912423,5.881763618],[124.868202145,5.881843098],[124.867841231,5.88187873],[124.867179023,5.88193923],[124.866545405,5.882005175],[124.866267189,5.881997239],[124.865951046,5.882010377],[124.865334183,5.882028597],[124.86426103,5.882034118],[124.863743044,5.882018236],[124.863575472,5.88200588],[124.86323508,5.881949287],[124.862827201,5.881869961],[124.862383183,5.881804418],[124.862017772,5.881784933],[124.86125507,5.881715085],[124.860832661,5.881659274],[124.860369559,5.881658303],[124.859821705,5.88168094],[124.859593231,5.881703144],[124.859162776,5.881772678],[124.858364079,5.881933533],[124.857966968,5.882006139],[124.857564857,5.882059032],[124.857101449,5.882109619],[124.856780824,5.882181169],[124.856691926,5.882197497],[124.856461845,5.882239756],[124.856035751,5.882291296],[124.85570333,5.882348353],[124.855285412,5.882365193],[124.855207722,5.882400777],[124.855126697,5.882411337],[124.854768393,5.882474592],[124.854713484,5.882480068],[124.85469684,5.882483655],[124.854422731,5.882612798],[124.854067012,5.882568553],[124.853984374,5.882583507],[124.853642545,5.882583469],[124.853487705,5.882544956],[124.853455809,5.882540421],[124.853392017,5.882540418],[124.853366955,5.882542683],[124.853344172,5.882547215],[124.853245293,5.882589362],[124.853098662,5.882686591],[124.852642262,5.882766684],[124.852617199,5.882766682],[124.852580747,5.882775746],[124.852557965,5.882778011],[124.852514675,5.88278934],[124.852457717,5.882807468],[124.852373419,5.882830126],[124.852300178,5.882854407],[124.852211657,5.88287771],[124.852138749,5.882907168],[124.851990385,5.882946328],[124.851912134,5.88296189],[124.851864289,5.882982285],[124.851852897,5.88298455],[124.851839227,5.882991349],[124.851811888,5.882998146],[124.851756187,5.883025845],[124.851661515,5.883047998],[124.851613671,5.883075757],[124.851406342,5.883127304],[124.851363049,5.883145434],[124.851167887,5.883242488],[124.85103725,5.88325873],[124.851007631,5.883272326],[124.850987125,5.883292721],[124.85092105,5.883345297],[124.850820375,5.883465458],[124.850406183,5.883664611],[124.850356823,5.883686926],[124.850292282,5.883712602],[124.850264942,5.883728465],[124.850111346,5.883855771],[124.849984698,5.883921086],[124.849981804,5.883923553],[124.849763831,5.884075313],[124.849518611,5.884179838],[124.849463918,5.88419797],[124.849441134,5.884207034],[124.849122081,5.884356362],[124.848948854,5.884495685],[124.848821204,5.884538005],[124.848712514,5.884622085],[124.84852957,5.884671701],[124.848522439,5.884679003],[124.848075771,5.88492583],[124.847974765,5.884948149],[124.847947423,5.884964013],[124.84793831,5.884966278],[124.847885308,5.88500349],[124.847874512,5.885007069],[124.847752868,5.885107892],[124.847523462,5.88516793],[124.847409914,5.885216329],[124.847188158,5.885281549],[124.847164824,5.885283929],[124.846929216,5.88538633],[124.846823277,5.885408683],[124.846706972,5.885447901],[124.846523425,5.885466622],[124.846494485,5.885472893],[124.846425974,5.88549225],[124.846382024,5.885510251],[124.846169603,5.885562432],[124.846161246,5.885565964],[124.845888517,5.88568292],[124.845777099,5.885715695],[124.845348187,5.885907495],[124.84524165,5.885888636],[124.845180368,5.885911878],[124.844976673,5.885989329],[124.844635039,5.886068456],[124.844570327,5.886062041],[124.844548298,5.886066279],[124.844530743,5.886072937],[124.844504976,5.886079769],[124.844357339,5.88613431],[124.844314699,5.886137235],[124.844213592,5.886175581],[124.843971573,5.886167333],[124.843684925,5.886240293],[124.843622794,5.886229292],[124.843368725,5.886283784],[124.843306667,5.886279737],[124.842868137,5.886397187],[124.842842751,5.886388874],[124.842806738,5.886398273],[124.842663858,5.886403666],[124.842586509,5.886420425],[124.842516678,5.886419661],[124.842384375,5.886443183],[124.842365167,5.886443589],[124.842354502,5.886445439],[124.842217738,5.88645601],[124.842130915,5.886456329],[124.842094677,5.88646018],[124.84205378,5.886464526],[124.842053777,5.886464526],[124.84192325,5.886478396],[124.841828556,5.886519543],[124.841513309,5.88654117],[124.841477386,5.886546411],[124.841220529,5.886602719],[124.841011784,5.88658681],[124.841000804,5.886587042],[124.840929484,5.886582389],[124.84075093,5.88658213],[124.840722143,5.886576133],[124.840399571,5.886598264],[124.8402097,5.886589487],[124.840166372,5.886581815],[124.840052978,5.886573766],[124.840017908,5.886564232],[124.839983496,5.886561039],[124.839948576,5.886560658],[124.839880992,5.886568445],[124.839760813,5.886559444],[124.839401285,5.886558916],[124.839355921,5.886534387],[124.839189688,5.886551338],[124.838970691,5.886489684],[124.838939862,5.886487335],[124.838824326,5.886504188],[124.838512354,5.886448948],[124.838321471,5.886449653],[124.83816041,5.886421138],[124.838009312,5.886415744],[124.837905624,5.886386909],[124.837622275,5.886355895],[124.837522711,5.886365897],[124.837380231,5.88632927],[124.837339776,5.886328324],[124.837273,5.886308733],[124.836900153,5.886242714],[124.836825871,5.886202549],[124.836751929,5.886189457],[124.83639782,5.886046064],[124.836353996,5.886036627],[124.836319969,5.88602594],[124.836280594,5.886018968],[124.836239268,5.886005435],[124.836216028,5.886002564],[124.836039621,5.885947155],[124.835987099,5.885935819],[124.835960917,5.885924966],[124.835954484,5.885923538],[124.835757882,5.885852841],[124.835684107,5.885821557],[124.835653105,5.885811404],[124.835649341,5.885810594],[124.835564066,5.885787337],[124.835520744,5.885773982],[124.835493483,5.885769155],[124.835482612,5.885768785],[124.83530627,5.885800133],[124.835194465,5.885796323],[124.835132434,5.885802437],[124.835095281,5.885812286],[124.83492281,5.885821276],[124.834882523,5.885828131],[124.834849374,5.885830032],[124.834788933,5.885840515],[124.834745555,5.885861044],[124.834638092,5.885884326],[124.834495633,5.885934931],[124.834450866,5.885937189],[124.834435349,5.885945321],[124.834371227,5.885954675],[124.834180787,5.88603625],[124.8341447,5.886041514],[124.834144697,5.886041515],[124.834061965,5.886067276],[124.834048498,5.886072665],[124.833979228,5.886093039],[124.833913961,5.886117232],[124.833496611,5.886242385],[124.832990373,5.886375374],[124.83258588,5.886488796],[124.832478913,5.886510267],[124.832427547,5.886535366],[124.832319679,5.886557606],[124.832083424,5.886657632],[124.831539188,5.886803255],[124.830941709,5.886967749],[124.830798899,5.887019612],[124.830702382,5.887037343],[124.830620744,5.887064053],[124.830583801,5.88708406],[124.83052402,5.887097904],[124.830506697,5.8871066],[124.830460588,5.887121962],[124.830422332,5.887148516],[124.830407257,5.887155651],[124.830127457,5.88734986],[124.830011499,5.887373767],[124.829910231,5.887444057],[124.829895159,5.887451191],[124.829786781,5.887526417],[124.829514315,5.887713021],[124.829489406,5.887736156],[124.82925709,5.887897411],[124.829213422,5.887921062],[124.829123413,5.887983537],[124.829085147,5.888010098],[124.828938217,5.888153063],[124.828738115,5.888264289],[124.82855348,5.888392445],[124.828310956,5.888514183],[124.828285992,5.888521525],[124.828268669,5.888530221],[124.828221882,5.888549382],[124.828116609,5.888609142],[124.828116587,5.888609154],[124.827891546,5.888765356],[124.827556802,5.888917818],[124.827529043,5.888937086],[124.827495814,5.888945541],[124.827181715,5.889159816],[124.826986995,5.889236767],[124.826877161,5.889288744],[124.826749701,5.88931826],[124.826736878,5.889323832],[124.826721805,5.889330965],[124.826554206,5.88944159],[124.826235151,5.889508905],[124.826228619,5.889510283],[124.826131574,5.889530758],[124.826061766,5.889536393],[124.826033216,5.889540599],[124.826000468,5.889546093],[124.825971914,5.889550299],[124.825829345,5.889594115],[124.825380147,5.889618576],[124.825330391,5.889608559],[124.82529632,5.889610414],[124.824961362,5.889558265],[124.82491392,5.889538756],[124.824875836,5.889534466],[124.824863409,5.889531431],[124.824786288,5.88953457],[124.824742711,5.889527396],[124.824616226,5.889534284],[124.824573948,5.889531283],[124.824572576,5.889531423],[124.824425844,5.88952745],[124.824421665,5.889528245],[124.824365339,5.889532334],[124.824123475,5.889570613],[124.823939055,5.889538074],[124.823939054,5.889538074],[124.823939052,5.889538074],[124.823939051,5.889538074],[124.823844497,5.889545707],[124.823613477,5.889528992],[124.823562054,5.889522899],[124.823514288,5.889517015],[124.823476224,5.889512727],[124.823438123,5.889508436],[124.823406175,5.889509115],[124.823382616,5.889507216],[124.823373581,5.889507708],[124.823351318,5.88950998],[124.823309535,5.889515967],[124.823177438,5.889556564],[124.823159215,5.889564449],[124.823139542,5.889575065],[124.823075028,5.889633224],[124.82300738,5.889671608],[124.822992549,5.889683019],[124.822950798,5.8897187],[124.822935813,5.889737015],[124.822847171,5.889821376],[124.822835111,5.889834433],[124.822826545,5.889843707],[124.822822775,5.889849072],[124.822780945,5.889896564],[124.822754365,5.889936725],[124.822710411,5.890019539],[124.822668691,5.890075007],[124.822594999,5.890193943],[124.82242794,5.890396328],[124.822418483,5.890408679],[124.822334604,5.890518232],[124.822237696,5.89061046],[124.822219955,5.890627343],[124.822195782,5.890653051],[124.822018902,5.89083968],[124.821957318,5.890895484],[124.821895957,5.890980455],[124.821755184,5.891079982],[124.821650856,5.891176749],[124.821616237,5.891215252],[124.821582792,5.891257788],[124.821518589,5.891317337],[124.821500716,5.891339884],[124.821388401,5.891447043],[124.821362611,5.891473948],[124.821320771,5.89151574],[124.821306212,5.891532229],[124.821169363,5.891716989],[124.820911558,5.891879596],[124.820728938,5.892047595],[124.820711164,5.892072206],[124.820675676,5.892143177],[124.820454764,5.892406195],[124.820342415,5.8925104],[124.82024601,5.892640557],[124.820015864,5.892859379],[124.819775698,5.893054248],[124.819675069,5.893103035],[124.819614193,5.89314304],[124.81958381,5.893177925],[124.81944104,5.89332833],[124.819236379,5.893466692],[124.819233661,5.893469524],[124.819153126,5.893553437],[124.819000377,5.893714424],[124.818845787,5.893862688],[124.818821732,5.893878677],[124.818683618,5.893998124],[124.818491285,5.894222889],[124.818438224,5.894245579],[124.818375803,5.894319116],[124.818279353,5.894375366],[124.818043879,5.894614886],[124.817896759,5.894660026],[124.817855491,5.894690283],[124.817809113,5.894710111],[124.817741473,5.894763657],[124.817723811,5.894771206],[124.817713408,5.894783462],[124.817688663,5.89480305],[124.817588513,5.894956156],[124.817316713,5.89520751],[124.817305369,5.89521982],[124.817085933,5.895549404],[124.816986906,5.895627796],[124.816954248,5.895677721],[124.816942331,5.895703236],[124.816717373,5.896047132],[124.816563269,5.896155042],[124.816507622,5.896215419],[124.816480045,5.896253086],[124.816465784,5.896267591],[124.816366491,5.896419383],[124.816266854,5.896553719],[124.816225986,5.896601346],[124.816000572,5.89694594],[124.815809336,5.897083696],[124.815795074,5.897098202],[124.815774519,5.897112598],[124.815708012,5.897182666],[124.815661694,5.897225498],[124.815630405,5.897255092],[124.815455424,5.897441348],[124.81518467,5.897653319],[124.815092196,5.897695195],[124.815051435,5.897721031],[124.815025016,5.897739533],[124.814916281,5.897840082],[124.814858748,5.897902511],[124.81482704,5.897943686],[124.814758309,5.898048756],[124.814719657,5.898196189],[124.814491541,5.898464927],[124.814476774,5.898483853],[124.814364435,5.898655588],[124.814013068,5.899012991],[124.813954052,5.899059709],[124.81392638,5.899088862],[124.813833384,5.89919842],[124.813621458,5.899331034],[124.813598895,5.899347287],[124.81353484,5.899406114],[124.813511348,5.899438379],[124.813494319,5.899453467],[124.813466326,5.89949626],[124.81325708,5.89970659],[124.813239186,5.899719986],[124.813192145,5.899765839],[124.8131674,5.899785427],[124.813137787,5.899816106],[124.813115807,5.899835114],[124.813087286,5.899864123],[124.813001405,5.899995407],[124.812713174,5.90019727],[124.812589454,5.900295206],[124.812550868,5.900317712],[124.812515081,5.900353796],[124.812501325,5.900363881],[124.812430604,5.900439161],[124.812323687,5.900602603],[124.812150805,5.900768394],[124.812006294,5.900932707],[124.81186605,5.901014498],[124.811739474,5.901114697],[124.811687506,5.901142545],[124.811661864,5.901167922],[124.811523664,5.901342319],[124.811432769,5.901381182],[124.811388866,5.901423975],[124.811380058,5.901430144],[124.811368125,5.901442002],[124.811088314,5.901663499],[124.811073476,5.901669286],[124.81093322,5.901785713],[124.810923393,5.901789915],[124.810740273,5.901934871],[124.81068925,5.901979814],[124.810652482,5.902007098],[124.810567913,5.902086793],[124.810524216,5.902112276],[124.810508062,5.902128706],[124.810460677,5.902161889],[124.810433914,5.902194693],[124.810329874,5.902291087],[124.810159731,5.902438225],[124.810136645,5.902452856],[124.809918105,5.902669143],[124.809695881,5.902820888],[124.809677165,5.902832971],[124.809647899,5.902857048],[124.809575124,5.902924446],[124.809489517,5.902979714],[124.809444662,5.903015222],[124.809428603,5.903039773],[124.809142715,5.903266078],[124.809050942,5.903319598],[124.808999229,5.903367422],[124.8089775,5.903380095],[124.808963818,5.903392748],[124.808908695,5.903424895],[124.808840647,5.903480884],[124.80868102,5.903654074],[124.808333456,5.903837079],[124.808278079,5.903868358],[124.80826891,5.903873705],[124.80823272,5.90389481],[124.808218374,5.903904345],[124.808192616,5.903921841],[124.808024327,5.904061537],[124.808018469,5.904065319],[124.807537129,5.904494602],[124.806920784,5.904405416],[124.806909739,5.904406149],[124.806894421,5.904409373],[124.806876687,5.90441629],[124.806868144,5.904421272],[124.80684446,5.90444536],[124.806833502,5.904454035],[124.806827466,5.904463262],[124.806724835,5.904567648],[124.806669279,5.904652573],[124.806661385,5.904660602],[124.806560811,5.904894954],[124.806449593,5.904988802],[124.806430621,5.905018928],[124.805943965,5.905510523],[124.805324307,5.906031793],[124.804394262,5.906655842],[124.803420156,5.907245204],[124.802504398,5.90776446],[124.80167387,5.908180742],[124.800834212,5.908517859],[124.80015399,5.908822262],[124.799378596,5.90909321],[124.799353375,5.909102023],[124.798703427,5.909358938],[124.797797039,5.909604935],[124.796601373,5.909898224],[124.79569987,5.910079698],[124.794849008,5.910379306],[124.794180407,5.910749141],[124.79365029,5.910945287],[124.793206908,5.91106221],[124.792183955,5.911306212],[124.791622339,5.911557182],[124.790912201,5.911853983],[124.790380516,5.91202114],[124.789870055,5.912223673],[124.789157153,5.912362252],[124.788485767,5.912506952],[124.787949545,5.912613421],[124.787353598,5.912785501],[124.786601165,5.913094054],[124.785458342,5.913656542],[124.784762545,5.913944428],[124.784013534,5.914233262],[124.783308847,5.914425511],[124.782492174,5.914609558],[124.781739252,5.914674975],[124.781681364,5.914684767],[124.781492976,5.914717696],[124.781462557,5.914725821],[124.781302015,5.914762153],[124.78127378,5.914764295],[124.781199453,5.914780165],[124.781185203,5.914781246],[124.781141351,5.91479212],[124.781115698,5.914796246],[124.78104356,5.914818659],[124.780959138,5.914850222],[124.780940718,5.914858496],[124.780559002,5.915082081],[124.780182788,5.91510994],[124.780126441,5.915120588],[124.780100349,5.915127767],[124.780072061,5.915139306],[124.780036975,5.915154547],[124.78001636,5.915167181],[124.780008026,5.915170664],[124.779974607,5.915193927],[124.779935433,5.915217935],[124.779884989,5.915252791],[124.779867885,5.915262809],[124.779789577,5.915318367],[124.779074202,5.915861893],[124.778421188,5.916370729],[124.777650678,5.916936223],[124.776919282,5.917457525],[124.776189063,5.917992359],[124.77447299,5.91916585],[124.773399187,5.919839223],[124.773143683,5.919994728],[124.772565881,5.920346391],[124.77174464,5.920807085],[124.770961904,5.92122369],[124.770214686,5.921638827],[124.769352572,5.922066804],[124.768131107,5.922748331],[124.767031925,5.923246701],[124.766246446,5.923620752],[124.765084487,5.924128735],[124.764095677,5.924557509],[124.763485401,5.924793113],[124.762876554,5.92494577],[124.761719055,5.925424527],[124.760812783,5.925751201],[124.759839507,5.926070186],[124.756919281,5.92682326],[124.756952557,5.925636259],[124.756858956,5.925622892],[124.756808878,5.926782551],[124.754925272,5.927190359],[124.753870826,5.927316559],[124.752864697,5.927440801],[124.752090425,5.927527064],[124.751144793,5.927628263],[124.750335031,5.927666833],[124.749438918,5.927660356],[124.748585735,5.927714529],[124.747715784,5.927831751],[124.746890167,5.927945937],[124.746136997,5.928015947],[124.745221192,5.928081355],[124.744488174,5.928218107],[124.743760396,5.928324453],[124.743564089,5.928357258],[124.742735118,5.928495788],[124.742193961,5.928631901],[124.741538064,5.928814062],[124.741153435,5.928856726],[124.741090337,5.928868992],[124.740940137,5.928921822],[124.740767787,5.928955328],[124.74070771,5.928970112],[124.740580047,5.929012339],[124.740233249,5.92903475],[124.740205841,5.929040181],[124.740166148,5.929054763],[124.740027389,5.929128402],[124.739437675,5.92927972],[124.738856658,5.929413254],[124.738066799,5.929565965],[124.73746684,5.929766984],[124.737058022,5.929884611],[124.736559353,5.930014129],[124.736177854,5.930123196],[124.735511604,5.930287569],[124.734822894,5.930453603],[124.734166885,5.930589439],[124.733589417,5.93072878],[124.733066795,5.930844778],[124.732584813,5.930938931],[124.732276959,5.931010227],[124.731700913,5.931181849],[124.731385677,5.931272462],[124.730907598,5.931481443],[124.730357272,5.931689778],[124.730305524,5.931701079],[124.730291928,5.931708482],[124.730128683,5.931863477],[124.72965127,5.932021375],[124.729539022,5.932085384],[124.729471019,5.932129486],[124.728961225,5.932469163],[124.728416108,5.932928158],[124.727817252,5.933344354],[124.727296842,5.933644733],[124.72675281,5.933970552],[124.726188766,5.934238059],[124.725689142,5.934520287],[124.724345977,5.935372451],[124.723509639,5.935832616],[124.722698745,5.936257134],[124.722675174,5.93627272],[124.72262161,5.936330694],[124.721087633,5.937166749],[124.720910519,5.937270003],[124.720251798,5.937654024],[124.719621005,5.937995929],[124.718879905,5.938377678],[124.717983755,5.938862083],[124.717139653,5.939314084],[124.71620436,5.939824468],[124.715293998,5.940341875],[124.714704205,5.940696537],[124.714132575,5.941043763],[124.713643698,5.941265227],[124.712849382,5.941690022],[124.711993488,5.942192483],[124.711365119,5.942528759],[124.710722677,5.942925007],[124.71010785,5.94329147],[124.709538315,5.943622899],[124.708683976,5.944042536],[124.707940544,5.944386806],[124.707219529,5.944680034],[124.70624471,5.945035684],[124.705158592,5.945425026],[124.704682345,5.945566183],[124.704662374,5.945570076],[124.704550159,5.945603485],[124.704215646,5.945738371],[124.704082989,5.945750243],[124.704014966,5.945779913],[124.703966914,5.94580569],[124.703897123,5.945856316],[124.703754785,5.945986118],[124.703585999,5.946253824],[124.703184699,5.946482089],[124.703154235,5.946507969],[124.702996839,5.946591121],[124.702967951,5.94661813],[124.702958019,5.946625335],[124.702936808,5.946648289],[124.702918869,5.946684004],[124.702914358,5.946690303],[124.702900044,5.946722542],[124.70280209,5.947009378],[124.702220902,5.947732781],[124.701445057,5.948597661],[124.70067659,5.949276947],[124.699814579,5.94996916],[124.698862202,5.950667339],[124.697984488,5.951272169],[124.697106064,5.95181886],[124.696232484,5.952295972],[124.695452354,5.952705987],[124.694579608,5.953137102],[124.693817565,5.953468504],[124.692850331,5.95381949],[124.691900348,5.954137681],[124.691027432,5.954412368],[124.690170211,5.954630832],[124.689751639,5.954725444],[124.688594448,5.95498701],[124.68785158,5.955145177],[124.687199874,5.955279621],[124.686670712,5.955363801],[124.686024767,5.955487272],[124.685422529,5.955579039],[124.684707957,5.955697694],[124.683943932,5.955837962],[124.683101232,5.955989759],[124.682236517,5.956143264],[124.681505567,5.956311845],[124.680733737,5.956501033],[124.680128198,5.956635553],[124.679631401,5.956738482],[124.679172663,5.956801827],[124.678871231,5.956816152],[124.678331589,5.956886083],[124.67813578,5.956915816],[124.677552615,5.957051309],[124.677003462,5.95722535],[124.67646706,5.957393227],[124.676020535,5.957594739],[124.675394654,5.95785587],[124.67510123,5.957997468],[124.674080786,5.958462308],[124.673261904,5.958816945],[124.672539871,5.959152795],[124.671851489,5.959478684],[124.671279709,5.959735299],[124.670674081,5.960085466],[124.669536093,5.960675434],[124.669097247,5.960936838],[124.668426059,5.961289845],[124.667868763,5.961586545],[124.667218355,5.961966323],[124.666552997,5.962366906],[124.666110398,5.962617459],[124.665231629,5.963122694],[124.664447803,5.963562366],[124.663700671,5.963959137],[124.663080063,5.964273429],[124.662322201,5.964642963],[124.661529363,5.965004953],[124.660785435,5.965308138],[124.66032025,5.965434158],[124.659799675,5.965512246],[124.659776374,5.96551747],[124.659654772,5.965562445],[124.659528114,5.965590841],[124.659513764,5.965596272],[124.659501188,5.965604626],[124.65893542,5.96585952],[124.658268046,5.966283667],[124.657657393,5.966658175],[124.657042149,5.967074606],[124.656258122,5.967552753],[124.655718462,5.967878834],[124.65515732,5.968235374],[124.654773157,5.968447368],[124.654349811,5.968567575],[124.654160384,5.96862554],[124.653984193,5.968736991],[124.653799933,5.968866856],[124.653625774,5.969026557],[124.653355216,5.969322919],[124.653301316,5.969411309],[124.653289487,5.969432779],[124.653269931,5.969469265],[124.653168948,5.969671078],[124.653044913,5.969866185],[124.653035208,5.969904319],[124.652968042,5.970084312],[124.652881697,5.970385941],[124.652747862,5.9708709],[124.65260467,5.971347573],[124.652309288,5.972158164],[124.651923828,5.973039032],[124.65146926,5.973905731],[124.651001706,5.974715689],[124.650569795,5.975363815],[124.650132903,5.975999769],[124.649491248,5.976794977],[124.648976566,5.977407555],[124.648453274,5.978038334],[124.647377379,5.979163806],[124.646584446,5.979915106],[124.645796206,5.980618185],[124.645011874,5.981280243],[124.6444045,5.981798022],[124.64384202,5.982222856],[124.643400339,5.982551626],[124.642852682,5.982834619],[124.642132921,5.983271314],[124.641605993,5.983594459],[124.641071865,5.983893478],[124.640281288,5.984300254],[124.639759278,5.984542765],[124.639152381,5.98478225],[124.638627519,5.984949307],[124.638107747,5.985133845],[124.637533083,5.985302205],[124.636799991,5.985449294],[124.636279244,5.985524089],[124.635643815,5.98565009],[124.635033358,5.985746987],[124.634509316,5.985814667],[124.634356635,5.985840748],[124.634062719,5.985890955],[124.633626044,5.985943425],[124.633101808,5.985967945],[124.632517528,5.986021558],[124.632169114,5.98607893],[124.631796313,5.986113743],[124.631384158,5.986099401],[124.630955151,5.986088389],[124.630505485,5.986100185],[124.630218742,5.986132045],[124.629751466,5.986203892],[124.629148103,5.986278554],[124.628730488,5.986370298],[124.62671517,5.986837788],[124.626675356,5.986248158],[124.62621096,5.986245252],[124.626211347,5.98582453],[124.626122803,5.985824868],[124.626123758,5.98618026],[124.624349348,5.986395105],[124.623911007,5.986401839],[124.623732607,5.986433859],[124.623293639,5.98645236],[124.622837545,5.986461606],[124.622484807,5.986444045],[124.622182185,5.986419993],[124.621911579,5.986379687],[124.621721576,5.986327074],[124.621468723,5.98624759],[124.621200101,5.986132897],[124.621077755,5.986059586],[124.620665155,5.985916235],[124.620345437,5.985714995],[124.620317546,5.985708148],[124.62026002,5.985690046],[124.620178982,5.985686069],[124.620092142,5.985671216],[124.619911747,5.985680652],[124.619775556,5.985703425],[124.619568462,5.985761574],[124.619071839,5.985909651],[124.618495882,5.986042519],[124.618174885,5.986111898],[124.617693212,5.986152324],[124.617343851,5.986133209],[124.617097664,5.98613022],[124.616644527,5.9860596],[124.616353793,5.985980857],[124.616292392,5.985968827],[124.616255924,5.98596721],[124.616227072,5.985970717],[124.6149166,5.986310831],[124.614666866,5.985513632],[124.614585065,5.985544381],[124.615759588,5.988455992],[124.61178582,5.986256266],[124.610925232,5.98582028],[124.610684439,5.985176911],[124.61066789,5.985142669],[124.610656527,5.985122283],[124.610634804,5.985090421],[124.610619469,5.985066889],[124.610606303,5.985046683],[124.610580396,5.985009875],[124.610553097,5.984976828],[124.610527389,5.9849418],[124.610516828,5.984928542],[124.610504676,5.984917265],[124.610498299,5.984908953],[124.610470861,5.984884942],[124.610433453,5.984831793],[124.610419225,5.984817266],[124.610348808,5.984740937],[124.610331811,5.984725398],[124.610290129,5.984700983],[124.610268546,5.984699508],[124.610257632,5.984700559],[124.61024095,5.984706608],[124.610225821,5.984716356],[124.61020498,5.984738905],[124.60989278,5.984984491],[124.609456899,5.985122088],[124.609311118,5.985190809],[124.608986427,5.985377077],[124.60873361,5.985505371],[124.608302256,5.985680769],[124.607988651,5.985791173],[124.607815988,5.985839513],[124.607566678,5.985877865],[124.607553841,5.985880582],[124.607498401,5.985898359],[124.607474155,5.985909282],[124.607170979,5.986086528],[124.606921189,5.986136925],[124.606519587,5.986247858],[124.606124612,5.98634307],[124.605647455,5.986405706],[124.605322035,5.986451756],[124.604985909,5.986504262],[124.604301753,5.986504661],[124.603961922,5.986268926],[124.603949701,5.986262698],[124.603923465,5.986250121],[124.603907648,5.986243649],[124.603868328,5.986237366],[124.603631657,5.986239284],[124.60341401,5.986224398],[124.603267637,5.98624528],[124.603032843,5.986248666],[124.60301641,5.986251137],[124.603014367,5.986252142],[124.602744729,5.9863386],[124.602720358,5.986351311],[124.60267912,5.986367181],[124.602667834,5.986373599],[124.602660146,5.986380262],[124.602634045,5.986418016],[124.602623692,5.986437078],[124.602611294,5.986459594],[124.602572052,5.986530597],[124.602563127,5.986555148],[124.602554944,5.986568966],[124.602502204,5.986730706],[124.602455151,5.986810158],[124.602452858,5.986817189],[124.602451374,5.986838654],[124.602452431,5.98684951],[124.6026715,5.987594914],[124.602311698,5.988245992],[124.602132655,5.988535683],[124.601901634,5.988793064],[124.601366535,5.989240423],[124.600851933,5.989324313],[124.600820368,5.989336532],[124.600784712,5.989355661],[124.600756264,5.989373318],[124.60067751,5.989414662],[124.600399876,5.989593553],[124.600267428,5.989622063],[124.60025242,5.989630024],[124.599988281,5.989725792],[124.599760954,5.989759971],[124.599738753,5.989767439],[124.599725544,5.989775523],[124.599613734,5.989891732],[124.599367191,5.990018808],[124.599258885,5.990087803],[124.599050334,5.990160308],[124.599023794,5.990178263],[124.598997535,5.99020904],[124.59887102,5.990349335],[124.598603781,5.990580905],[124.598112693,5.990784531],[124.597998699,5.990864974],[124.597998694,5.990864978],[124.597910545,5.990937852],[124.597849963,5.99100368],[124.597716386,5.991116314],[124.597571388,5.991263224],[124.597328756,5.99148743],[124.597091399,5.991744162],[124.597027893,5.991841879],[124.596924371,5.992056884],[124.596730303,5.992432656],[124.596512135,5.993029659],[124.59622052,5.993666265],[124.595828667,5.99384373],[124.595820196,5.993850437],[124.595810861,5.993864709],[124.595597332,5.994457149],[124.595204941,5.994804857],[124.595154463,5.994857053],[124.595116772,5.994902186],[124.595111097,5.994918149],[124.595105654,5.994954573],[124.59510794,5.995112124],[124.5950507,5.995300874],[124.595031808,5.995398664],[124.595026174,5.995452159],[124.594977746,5.995567416],[124.594987259,5.995819286],[124.594829627,5.996095149],[124.594778442,5.996234869],[124.594728014,5.99631915],[124.594722921,5.996333055],[124.594721708,5.996361801],[124.594989901,5.99730326],[124.594669984,5.997801852],[124.594649436,5.997864471],[124.594608657,5.997936213],[124.594595736,5.997972763],[124.594556672,5.998050787],[124.594537068,5.998133558],[124.59451625,5.998245074],[124.594536747,5.998429465],[124.594587129,5.998685528],[124.594557146,5.998993793],[124.594520126,5.999190238],[124.594424768,5.9994582],[124.594277658,5.999845505],[124.594112897,6.0003934],[124.593942225,6.000989269],[124.593699322,6.001624423],[124.593513081,6.002048933],[124.593312465,6.002437659],[124.593124274,6.002759898],[124.592502906,6.003694601],[124.592000742,6.004376922],[124.591481887,6.005038079],[124.590925277,6.005698274],[124.590394553,6.006309373],[124.589797189,6.006918137],[124.589214601,6.007463],[124.588658004,6.007935446],[124.587998763,6.008479145],[124.587423967,6.008944143],[124.586648519,6.009522873],[124.58617052,6.009823151],[124.586139734,6.009839794],[124.586110369,6.009860192],[124.586098848,6.00986621],[124.586067311,6.009889992],[124.585962496,6.009954861],[124.585934547,6.009979018],[124.585926803,6.009983624],[124.585877712,6.010036254],[124.585699931,6.010269479],[124.585252113,6.010488015],[124.584723304,6.010805483],[124.584183707,6.011163265],[124.58364337,6.011572586],[124.582428858,6.012473934],[124.581736381,6.012963907],[124.581172578,6.01334467],[124.580525815,6.013776851],[124.580250177,6.013957349],[124.580246125,6.013959227],[124.580114609,6.01406192],[124.579909743,6.014157934],[124.579400587,6.014494008],[124.57881883,6.014843034],[124.578306304,6.015129963],[124.57783851,6.015333947],[124.577431988,6.015493695],[124.577216185,6.015471207],[124.57701757,6.015530061],[124.576630124,6.015664727],[124.574769083,6.016337949],[124.574582894,6.015806182],[124.57446493,6.015840808],[124.574604949,6.016177627],[124.57264533,6.016698485],[124.571985209,6.016858869],[124.571155617,6.017020937],[124.570684031,6.017108936],[124.570035056,6.017196423],[124.56931519,6.017249524],[124.568767349,6.017286265],[124.568730579,6.017290764],[124.568578506,6.017303736],[124.568578503,6.017303737],[124.5685785,6.017303737],[124.568530554,6.017312113],[124.568287691,6.017373422],[124.567923852,6.017335502],[124.567890978,6.01733749],[124.56787303,6.01733562],[124.567839971,6.017339392],[124.567829201,6.01733827],[124.567638564,6.017361588],[124.567197905,6.017402403],[124.566423705,6.017458845],[124.565826027,6.017508434],[124.565173582,6.01753427],[124.564329197,6.017549122],[124.563740818,6.017561784],[124.563101335,6.017560095],[124.562432911,6.017598698],[124.561764805,6.01763192],[124.560917341,6.01768764],[124.560160859,6.017745076],[124.559587426,6.017757688],[124.5595581,6.017757639],[124.559524892,6.017760988],[124.55948279,6.017760123],[124.559079614,6.017805825],[124.558956664,6.017761171],[124.558906638,6.017759801],[124.557818682,6.017661182],[124.556799661,6.017596127],[124.555952354,6.017516514],[124.555362219,6.01748066],[124.554718826,6.017426823],[124.553425993,6.017340635],[124.553078293,6.017307722],[124.552775251,6.017279036],[124.552009258,6.017255647],[124.551455358,6.017234864],[124.550632845,6.017162293],[124.549928365,6.017113664],[124.54938048,6.017089617],[124.548807436,6.017094951],[124.54823079,6.017069065],[124.547424745,6.017011829],[124.546460685,6.016961203],[124.54623028,6.01697187],[124.546117503,6.016939287],[124.546097425,6.016938004],[124.54605874,6.016941002],[124.545989821,6.016953534],[124.545377406,6.017039937],[124.544714549,6.017127766],[124.544159672,6.01720717],[124.543226995,6.017326245],[124.542720246,6.017395962],[124.542671912,6.017401152],[124.54221999,6.017449686],[124.541676495,6.017491534],[124.541307925,6.017524645],[124.54090875,6.017555659],[124.540557814,6.017597045],[124.540180569,6.017709542],[124.540161963,6.017713822],[124.540126224,6.017727946],[124.539798402,6.017887448],[124.539204292,6.017914575],[124.538392147,6.018043374],[124.537711144,6.018165756],[124.537227121,6.018256971],[124.53634858,6.018428274],[124.535787847,6.018549426],[124.535208155,6.018636351],[124.534486277,6.018843616],[124.533603034,6.019072493],[124.532855752,6.019288441],[124.531608085,6.019655002],[124.531123803,6.019771715],[124.530237644,6.020049476],[124.529896434,6.020138872],[124.529563182,6.020217028],[124.529043892,6.020309628],[124.528471733,6.020358927],[124.528442033,6.020358671],[124.528367548,6.020368132],[124.528321854,6.02037469],[124.52830704,6.020377384],[124.52827734,6.020382783],[124.528251315,6.020388412],[124.528186134,6.020404299],[124.52812437,6.02042405],[124.528075384,6.020444617],[124.527987896,6.020493714],[124.527942093,6.020521774],[124.527919013,6.02053853],[124.527861904,6.020571339],[124.52779534,6.020615304],[124.5274945,6.020755792],[124.527229531,6.020851459],[124.527052939,6.02090033],[124.526530489,6.021092814],[124.52524058,6.021480185],[124.524782029,6.021653223],[124.524314489,6.021794697],[124.523816895,6.021848575],[124.523333866,6.021841406],[124.522915956,6.021812878],[124.521979915,6.022002112],[124.521355833,6.021640265],[124.521334162,6.021635235],[124.521294002,6.021632668],[124.521255434,6.021633849],[124.521214687,6.02164036],[124.521169586,6.021657529],[124.521140914,6.021675748],[124.52112137,6.021694551],[124.520928692,6.021921252],[124.520416676,6.022266984],[124.519914324,6.022661101],[124.519397723,6.022968822],[124.518978547,6.023245617],[124.518442168,6.023618422],[124.517801109,6.024021811],[124.517306917,6.024381507],[124.516767967,6.024682904],[124.516217176,6.025043194],[124.515767344,6.025407149],[124.515141438,6.025772324],[124.514554797,6.026166485],[124.514218929,6.026456728],[124.514134918,6.026557343],[124.513835646,6.026871158],[124.513435876,6.027038991],[124.513411206,6.027051997],[124.513304404,6.027116263],[124.513247064,6.027152698],[124.513206612,6.027182927],[124.513179884,6.027199447],[124.513141261,6.02722979],[124.513084006,6.027266354],[124.513028293,6.027309575],[124.512991133,6.027340502],[124.512963698,6.027367915],[124.512928726,6.027398494],[124.51286689,6.027458261],[124.512740146,6.027551995],[124.512737211,6.027553956],[124.512705005,6.027582855],[124.512006843,6.028073264],[124.511535789,6.028337434],[124.510972628,6.028768252],[124.510467895,6.0291488],[124.509837476,6.029552756],[124.509209971,6.030020516],[124.508652503,6.030417657],[124.507985,6.030919954],[124.50776766,6.031061279],[124.507396642,6.031440219],[124.507069144,6.031607867],[124.506766161,6.031771193],[124.5061545,6.032215099],[124.505510668,6.032627945],[124.505476203,6.032663698],[124.50538291,6.032731779],[124.505361988,6.032749319],[124.505294438,6.032797292],[124.505285302,6.032805102],[124.505092984,6.03296202],[124.504811515,6.033103171],[124.504806345,6.03310636],[124.504705311,6.033158536],[124.504668239,6.033178213],[124.504603855,6.033214224],[124.504568794,6.033236594],[124.504524366,6.033268448],[124.504498378,6.033288928],[124.504417629,6.033345846],[124.504229053,6.033463813],[124.504110639,6.033516056],[124.504092581,6.033529234],[124.504067352,6.033553324],[124.503977436,6.033683097],[124.503652247,6.033920413],[124.503628744,6.033934726],[124.50354639,6.033993314],[124.503508841,6.034021852],[124.503349657,6.034147293],[124.503342782,6.034150608],[124.503241432,6.034237255],[124.502916194,6.034333631],[124.502864718,6.034350002],[124.502812189,6.03437036],[124.502775987,6.034387317],[124.502761854,6.034392144],[124.502679325,6.034431934],[124.502616669,6.034458168],[124.502535118,6.034495923],[124.502435099,6.034570721],[124.501830481,6.03499431],[124.50159567,6.035144826],[124.50132346,6.035319315],[124.500776407,6.035689401],[124.500290607,6.036007174],[124.499883456,6.036276327],[124.499336814,6.036693571],[124.499175996,6.036820302],[124.498855253,6.036952088],[124.498835763,6.036967446],[124.498688289,6.037140391],[124.497825936,6.037638708],[124.497366215,6.037937863],[124.49678593,6.038302225],[124.496723149,6.038354852],[124.496623093,6.038447682],[124.496396347,6.038633386],[124.49599099,6.038799266],[124.495973607,6.038806653],[124.495944283,6.038820294],[124.495845846,6.038870495],[124.495723826,6.038924593],[124.495690841,6.038944308],[124.495587499,6.038999603],[124.495560971,6.039016335],[124.495510045,6.039053309],[124.495431653,6.039119021],[124.495342837,6.039176655],[124.495307104,6.039204813],[124.495291916,6.039213627],[124.495210697,6.039277627],[124.495159477,6.039322196],[124.494610291,6.039754952],[124.494208307,6.03970863],[124.494104888,6.039730168],[124.493984551,6.039770296],[124.493894006,6.039807988],[124.493854159,6.03981817],[124.493372095,6.040082566],[124.49295466,6.040305106],[124.492500906,6.040592411],[124.492021579,6.040927147],[124.491498456,6.04122286],[124.491136087,6.041394011],[124.491064358,6.041422133],[124.491023093,6.041442028],[124.490989466,6.041462215],[124.490920482,6.041512366],[124.490906432,6.041526593],[124.49087576,6.041551814],[124.490858461,6.041568601],[124.490811629,6.041616022],[124.490782181,6.041656057],[124.49070094,6.041752548],[124.490667933,6.041806038],[124.490371696,6.042454667],[124.489808188,6.042664992],[124.489796429,6.042670661],[124.48957891,6.042762626],[124.489506601,6.042797485],[124.48948196,6.042806384],[124.489458078,6.04281889],[124.489258623,6.042909397],[124.488978079,6.042967819],[124.488961371,6.042969415],[124.488885172,6.042985284],[124.488837907,6.042985709],[124.488783605,6.04299537],[124.488725712,6.04300154],[124.488703559,6.04300427],[124.488560283,6.043034108],[124.488554897,6.043034415],[124.488459301,6.043075039],[124.488430258,6.04308109],[124.488392241,6.043098424],[124.488260598,6.043174807],[124.488250092,6.043178879],[124.488190094,6.043217741],[124.488181402,6.043221434],[124.488130236,6.04325812],[124.488090784,6.043291352],[124.488025926,6.043355516],[124.487956143,6.043437851],[124.487888761,6.04352759],[124.487761097,6.043675687],[124.487545751,6.043845377],[124.487524063,6.043859311],[124.487290058,6.044039184],[124.48695761,6.044108406],[124.486925713,6.044118815],[124.486897149,6.044136064],[124.486884534,6.044148108],[124.486833387,6.044186596],[124.486281804,6.044698941],[124.485609702,6.045302263],[124.484934944,6.045835562],[124.484068782,6.04645036],[124.483434498,6.047001993],[124.483252144,6.047179339],[124.482611038,6.047779044],[124.481962761,6.048282793],[124.481275962,6.048794111],[124.48072371,6.049245813],[124.480097611,6.049676048],[124.479451732,6.050174246],[124.478928816,6.050539276],[124.478290655,6.050999404],[124.477780642,6.051354211],[124.477176683,6.051786964],[124.47665215,6.052141674],[124.476604471,6.052176086],[124.47648977,6.052266462],[124.476095401,6.052477959],[124.476074259,6.052482362],[124.4760383,6.052501556],[124.475627792,6.052737705],[124.474879398,6.053026754],[124.474450514,6.052948936],[124.474431611,6.052949105],[124.47442178,6.052947386],[124.474273122,6.052951971],[124.474245526,6.052955834],[124.474209238,6.05296339],[124.474174005,6.052966959],[124.473998008,6.053003604],[124.473975094,6.053002725],[124.473947878,6.053008392],[124.473907203,6.053013095],[124.473878171,6.05301914],[124.47381275,6.053037871],[124.473726014,6.053079073],[124.473674709,6.053118006],[124.473165642,6.05337279],[124.472584446,6.053623287],[124.472028988,6.053912068],[124.471419621,6.054157039],[124.470844846,6.054406669],[124.470304497,6.054622762],[124.469838053,6.054851717],[124.46933099,6.055042045],[124.468733108,6.055116607],[124.468163559,6.055350579],[124.467675628,6.055584006],[124.467127971,6.0557922],[124.46660664,6.056020168],[124.466157418,6.056213517],[124.465379877,6.056556207],[124.464823591,6.056783331],[124.464130612,6.057042495],[124.46343694,6.057324403],[124.462882139,6.057592464],[124.462183768,6.057914422],[124.461498449,6.058217188],[124.460853301,6.05849464],[124.460356901,6.05865072],[124.459817552,6.058832692],[124.459517534,6.058895025],[124.458995559,6.058922707],[124.458874351,6.058947942],[124.45874204,6.058951002],[124.458703337,6.058959061],[124.458622879,6.058960744],[124.458591152,6.058964855],[124.458447552,6.058991594],[124.458420715,6.058999064],[124.458376874,6.059015725],[124.458321849,6.059042248],[124.458315112,6.05904621],[124.458177069,6.059124094],[124.458177067,6.059124095],[124.458094375,6.05917624],[124.458032939,6.059217281],[124.458003318,6.059238515],[124.457972262,6.05926193],[124.457889492,6.059337095],[124.457888342,6.059337979],[124.457727429,6.059585322],[124.457066269,6.060552411],[124.456297436,6.060487225],[124.456268407,6.060493268],[124.456227814,6.060507369],[124.456200302,6.06052063],[124.45615823,6.060548252],[124.455662092,6.061026894],[124.455237358,6.061501411],[124.454594787,6.062166356],[124.454324982,6.062497484],[124.453930295,6.062948867],[124.453466197,6.063409033],[124.452963785,6.064027158],[124.452603628,6.064480968],[124.452347278,6.064918964],[124.452085776,6.0654333],[124.451600517,6.066145431],[124.451207691,6.06676684],[124.45098192,6.067141151],[124.450501401,6.067641849],[124.44981701,6.068098694],[124.448936618,6.068713799],[124.448419302,6.069149553],[124.448030103,6.069405006],[124.447511803,6.069811618],[124.447043946,6.07018969],[124.446468659,6.070676237],[124.446060392,6.070993773],[124.445385107,6.071511323],[124.444731188,6.071984314],[124.444441903,6.07223432],[124.444019509,6.072578444],[124.443545446,6.073064737],[124.44304923,6.073435067],[124.442678647,6.073732313],[124.442160292,6.07410506],[124.441570312,6.074578498],[124.440879389,6.07510302],[124.440285424,6.075617734],[124.439831663,6.075979421],[124.439367559,6.076335982],[124.438900837,6.076732528],[124.438401121,6.077053381],[124.437865464,6.077593676],[124.437255291,6.078086198],[124.43673272,6.078543909],[124.436201303,6.079067053],[124.435592474,6.079592984],[124.435075999,6.080057648],[124.434643221,6.080435494],[124.434012919,6.081002236],[124.433632755,6.08134794],[124.433418902,6.081542408],[124.432949314,6.081950427],[124.432398866,6.082333779],[124.432368136,6.082360487],[124.432343774,6.082386918],[124.432270655,6.082473055],[124.432235989,6.082529987],[124.431962658,6.08277522],[124.43111806,6.08347046],[124.430351209,6.084126503],[124.429691747,6.084574818],[124.428951809,6.085144959],[124.428201647,6.085602395],[124.427826838,6.085885299],[124.427021902,6.086408808],[124.426327312,6.086813],[124.425903487,6.087073808],[124.425440341,6.087491588],[124.425065166,6.087659702],[124.424783979,6.087795281],[124.424081686,6.088194396],[124.423444752,6.08852889],[124.422695411,6.088934929],[124.422022853,6.089227728],[124.421419039,6.089501966],[124.420937479,6.089679984],[124.42028625,6.089896805],[124.419732816,6.090066671],[124.41924136,6.090224547],[124.418567336,6.090415861],[124.418004212,6.090515719],[124.417432107,6.090608407],[124.416765074,6.090660044],[124.416136843,6.090689596],[124.415735105,6.090717561],[124.415189024,6.090785186],[124.414830702,6.090837661],[124.414422939,6.090906553],[124.414016329,6.090990523],[124.413669351,6.091024087],[124.413358839,6.091073413],[124.412902493,6.09121781],[124.412588194,6.09129117],[124.411874932,6.091498805],[124.411096243,6.091689631],[124.410494581,6.091881657],[124.409896301,6.092042444],[124.409237065,6.092163695],[124.40891305,6.092078048],[124.408834378,6.092076881],[124.408678965,6.092117956],[124.408131466,6.092262655],[124.407350242,6.092581467],[124.406621012,6.092896014],[124.405694479,6.093223585],[124.405190859,6.093429971],[124.404826475,6.093558253],[124.404366999,6.093662783],[124.403897145,6.093761168],[124.403312677,6.093821491],[124.402686068,6.093849868],[124.402076386,6.093839518],[124.401787278,6.093807006],[124.401276725,6.093720342],[124.400910232,6.093599635],[124.400523965,6.093484869],[124.400058738,6.093264822],[124.399791175,6.093083464],[124.399280932,6.092663106],[124.39829176,6.091699509],[124.398827134,6.09073037],[124.398838917,6.090703469],[124.398846803,6.0906804],[124.398857363,6.090641935],[124.398866745,6.0905842],[124.398867218,6.090504595],[124.398864847,6.090468609],[124.39885864,6.090426194],[124.398845984,6.090382458],[124.398828031,6.090357828],[124.398764491,6.090166622],[124.398753206,6.090147506],[124.398741298,6.090134097],[124.398734374,6.090122957],[124.398691005,6.090079606],[124.398647651,6.090049534],[124.398626201,6.090043767],[124.398614716,6.090042535],[124.398587046,6.090045921],[124.398558755,6.090055016],[124.398528325,6.090073124],[124.398501498,6.090100862],[124.398474957,6.090136709],[124.398454662,6.090168452],[124.397802832,6.090970507],[124.39682727,6.090822999],[124.396733356,6.090829556],[124.396652529,6.090827357],[124.396615784,6.090828615],[124.396590393,6.090827046],[124.396537332,6.090828863],[124.396499165,6.090834938],[124.396333615,6.09086997],[124.396311827,6.090878031],[124.396274134,6.090898825],[124.396247926,6.090920852],[124.396055355,6.091135798],[124.395621106,6.091370594],[124.395607773,6.091375592],[124.395385196,6.091612697],[124.394747523,6.091695177],[124.394715845,6.091698694],[124.394569087,6.091768619],[124.394220287,6.091780562],[124.394211364,6.091782493],[124.394034124,6.091868195],[124.393938421,6.09187798],[124.393911793,6.091887831],[124.393890145,6.09189995],[124.393862135,6.091917163],[124.393536033,6.092170496],[124.393128467,6.092184455],[124.393101699,6.092190247],[124.393083092,6.09219576],[124.392931397,6.092277783],[124.392748038,6.092327361],[124.392731233,6.092337688],[124.392719381,6.092354386],[124.392541892,6.092487201],[124.39253567,6.092496353],[124.392521988,6.092526078],[124.392519989,6.09253915],[124.392519791,6.092557035],[124.392736182,6.093468644],[124.391987191,6.094098123],[124.391954001,6.094130953],[124.391932015,6.094156899],[124.391915631,6.094179402],[124.391898627,6.094207615],[124.391882045,6.094248004],[124.391767665,6.094705031],[124.391210545,6.095241475],[124.39060056,6.095707274],[124.390305908,6.095803123],[124.390208312,6.095840596],[124.390159274,6.095864216],[124.390131405,6.095885487],[124.390082324,6.095931041],[124.389939163,6.096045663],[124.389910815,6.096076702],[124.38989063,6.096107462],[124.389878608,6.096137942],[124.389873708,6.096161678],[124.389868189,6.096191123],[124.389861233,6.096249874],[124.389861034,6.09626776],[124.389863398,6.096288808],[124.39002389,6.096657269],[124.38954598,6.097886051],[124.389420441,6.098202416],[124.389208955,6.098496034],[124.388889527,6.098814578],[124.38845252,6.099279568],[124.387943054,6.099786166],[124.387583274,6.100161541],[124.38722029,6.100465715],[124.386869643,6.100677632],[124.386521496,6.100819953],[124.386060978,6.101021816],[124.385713544,6.10108531],[124.385048058,6.101176209],[124.384016609,6.101342051],[124.383675986,6.101336877],[124.383557863,6.101371482],[124.383161395,6.101402758],[124.382801443,6.101416699],[124.382500707,6.101492132],[124.382222892,6.101541458],[124.381439561,6.101815646],[124.38098946,6.101547432],[124.380784922,6.101495628],[124.380442532,6.101372832],[124.380321548,6.101317758],[124.380295116,6.101309723],[124.380280311,6.101306979],[124.38023375,6.101307758],[124.380226347,6.101306386],[124.38020926,6.101308596],[124.380191414,6.101312457],[124.380144655,6.101331123],[124.38010744,6.101342148],[124.380078529,6.101356953],[124.380046296,6.101370245],[124.379995258,6.101406936],[124.379977072,6.101424625],[124.379961588,6.101449535],[124.379950185,6.101474305],[124.379943765,6.101501343],[124.379943227,6.101533056],[124.37994483,6.101555756],[124.379950795,6.101586434],[124.380211741,6.102283955],[124.379399464,6.103296607],[124.378995423,6.103842681],[124.378645627,6.104232375],[124.378179802,6.104646474],[124.377671285,6.105212694],[124.377248522,6.105690335],[124.37681766,6.106168114],[124.376520736,6.106468395],[124.376156389,6.106855811],[124.3755728,6.107418464],[124.37509558,6.107885363],[124.374599713,6.108342889],[124.374128712,6.108769957],[124.3736546,6.109176775],[124.373015108,6.109711389],[124.372466089,6.110140446],[124.371446233,6.11094296],[124.370972749,6.111247725],[124.37048213,6.111598715],[124.370023032,6.111901272],[124.369505895,6.112260696],[124.368812677,6.112683999],[124.368345568,6.112973534],[124.367721861,6.113350666],[124.367111271,6.113695247],[124.366628622,6.113926448],[124.366214531,6.114171403],[124.36575324,6.11442424],[124.36546302,6.114587756],[124.365197277,6.114693933],[124.365003734,6.114760763],[124.36472012,6.114905376],[124.364046871,6.115301165],[124.363735014,6.115243378],[124.363706674,6.115257721],[124.363282278,6.115420881],[124.362445606,6.115862277],[124.361605707,6.116292558],[124.360943571,6.116573099],[124.36027245,6.116875939],[124.359689969,6.117129668],[124.359227716,6.117310444],[124.358528588,6.117555838],[124.357938393,6.11777115],[124.357387379,6.117936191],[124.356489112,6.118143673],[124.356091668,6.118273767],[124.355669539,6.118337703],[124.355476251,6.118360538],[124.355475824,6.118360573],[124.355212608,6.118412719],[124.355194418,6.118411035],[124.355185954,6.118412788],[124.354954669,6.118464184],[124.35438524,6.118564764],[124.354308384,6.118582572],[124.354282293,6.118584652],[124.354263544,6.118588996],[124.354111355,6.118606324],[124.353881979,6.11862375],[124.353824514,6.118621347],[124.353447107,6.118639424],[124.352814685,6.118692494],[124.352730002,6.118660893],[124.352212326,6.118655976],[124.352142264,6.118655739],[124.351824511,6.118654663],[124.351343596,6.118648004],[124.3512535,6.11862369],[124.351219159,6.118621737],[124.351164026,6.118624601],[124.350896862,6.118605376],[124.350498612,6.11855892],[124.350250065,6.11852429],[124.350041148,6.118457751],[124.349830265,6.118425354],[124.34942323,6.118367625],[124.349246413,6.118321394],[124.349191977,6.118310224],[124.349146864,6.118304822],[124.34904471,6.118302725],[124.349017364,6.118305097],[124.348977354,6.118304458],[124.348918439,6.118308198],[124.348825374,6.118305262],[124.34827107,6.118315077],[124.347840457,6.118048724],[124.347811477,6.118035621],[124.34776139,6.118017499],[124.347728061,6.118011348],[124.347403094,6.117935883],[124.347040041,6.11785133],[124.346562287,6.117751433],[124.346030387,6.117624877],[124.345821031,6.117556457],[124.345440894,6.117412661],[124.345133696,6.117309435],[124.34477119,6.117203481],[124.344405404,6.117063096],[124.343903882,6.116814318],[124.343295242,6.116531484],[124.342697675,6.116273671],[124.342051178,6.11603537],[124.341422221,6.115755164],[124.340801155,6.11551947],[124.340113606,6.115327398],[124.340070043,6.115304568],[124.339997072,6.115281516],[124.339984293,6.115276169],[124.339922215,6.115258824],[124.3397306,6.115219492],[124.339600313,6.115208426],[124.339501659,6.115179498],[124.339477295,6.115177025],[124.338704178,6.11497342],[124.338537902,6.114935134],[124.338463961,6.114912167],[124.338415023,6.114902045],[124.3383695,6.114889325],[124.338267121,6.114866047],[124.338198215,6.114853897],[124.338144774,6.114840741],[124.338120669,6.114837558],[124.338081534,6.114827511],[124.338029906,6.114823741],[124.337988882,6.114814054],[124.337928334,6.114807906],[124.337870675,6.114789905],[124.337832627,6.114785489],[124.337755443,6.114771027],[124.337487951,6.114742034],[124.336704657,6.114627669],[124.336275637,6.114576099],[124.335980301,6.114559177],[124.335969584,6.114555926],[124.335902373,6.114555611],[124.33570767,6.114510364],[124.335571906,6.114483042],[124.335496682,6.11447563],[124.33546092,6.114470944],[124.335416212,6.114467285],[124.335283452,6.114463335],[124.335273843,6.114463579],[124.335119155,6.114462821],[124.335095756,6.114458783],[124.335027794,6.114460512],[124.334929395,6.114445296],[124.334912501,6.114444793],[124.334855039,6.114435063],[124.334785225,6.114430241],[124.334524541,6.114389841],[124.334516165,6.114387727],[124.334491748,6.114386483],[124.334431448,6.114375893],[124.334309364,6.114369673],[124.334292342,6.11436451],[124.333473912,6.114380651],[124.332814382,6.114363153],[124.332381898,6.114322858],[124.331914157,6.114337348],[124.331491166,6.114301475],[124.331034607,6.114279435],[124.330672087,6.114250406],[124.33022251,6.11423129],[124.329855754,6.114200184],[124.329495626,6.114173382],[124.329049549,6.114169226],[124.328980589,6.114163377],[124.328857516,6.114173719],[124.328711411,6.114136842],[124.328602561,6.114127793],[124.328593932,6.114126004],[124.328561589,6.114124356],[124.328474411,6.114116464],[124.327736978,6.114112646],[124.327680552,6.114095524],[124.327652513,6.11409444],[124.327611044,6.114098189],[124.327594767,6.114097705],[124.32755603,6.114102283],[124.327494603,6.114102947],[124.327356653,6.11411925],[124.32716003,6.114093483],[124.327114655,6.114094636],[124.326964832,6.114074691],[124.326857052,6.114067766],[124.32683806,6.11406483],[124.326745508,6.114067183],[124.326422413,6.114078286],[124.326368807,6.114085587],[124.326224815,6.114096482],[124.3262133,6.114096366],[124.326087121,6.114108638],[124.325954289,6.114138987],[124.325816902,6.114173864],[124.325797864,6.114175209],[124.325675546,6.114211747],[124.325460184,6.114200411],[124.325419662,6.114203816],[124.325199369,6.114198222],[124.325102321,6.114183903],[124.325066201,6.114184821],[124.324903894,6.11419793],[124.324805233,6.114214513],[124.324711754,6.114210899],[124.324690133,6.114213244],[124.324581116,6.114239605],[124.324453331,6.114243854],[124.32441638,6.114247489],[124.324356017,6.114254414],[124.324304831,6.114261089],[124.324207414,6.11427146],[124.324123475,6.114277395],[124.324028666,6.114279805],[124.323954762,6.114287073],[124.323906043,6.114290109],[124.323394647,6.114310486],[124.323228856,6.114314005],[124.323161741,6.114323439],[124.323109575,6.114332851],[124.323062873,6.114343921],[124.323021635,6.114356649],[124.322998456,6.114368918],[124.322977895,6.114377526],[124.322951151,6.114391683],[124.32291834,6.114415877],[124.322907643,6.114421539],[124.322872273,6.114451639],[124.322677045,6.114554979],[124.322246082,6.114856745],[124.321617629,6.114774408],[124.321606816,6.114775581],[124.321588038,6.114783246],[124.321582805,6.114790566],[124.321565597,6.114859403],[124.321323232,6.115144877],[124.321294446,6.115182143],[124.321217212,6.115261663],[124.32116988,6.115318569],[124.321149781,6.115345135],[124.321111501,6.11540178],[124.321072243,6.115456697],[124.321031388,6.115508679],[124.320967487,6.115611499],[124.32092157,6.115679445],[124.320640084,6.116256538],[124.320387511,6.116765035],[124.320125416,6.117220021],[124.319717353,6.117793856],[124.319451479,6.118212752],[124.319084241,6.118655136],[124.318697552,6.119086759],[124.318162943,6.119736975],[124.317596704,6.120346295],[124.317558259,6.120387665],[124.317232376,6.120750862],[124.317191399,6.1207852],[124.317042884,6.120965293],[124.316786376,6.121135641],[124.316786374,6.121135643],[124.316786373,6.121135643],[124.316752916,6.121162908],[124.31667789,6.121232198],[124.316621412,6.121284844],[124.316103936,6.121806565],[124.315411345,6.122494448],[124.314723249,6.123220057],[124.3143285,6.123588066],[124.313943439,6.123936495],[124.313926404,6.123973548],[124.313732375,6.124176583],[124.313677252,6.124230873],[124.313630471,6.124279826],[124.313610442,6.124305307],[124.31358593,6.124343397],[124.313565508,6.12436816],[124.313433968,6.124641289],[124.31317309,6.124882833],[124.313142056,6.124915307],[124.313083108,6.124961158],[124.313056122,6.124989397],[124.313030305,6.125019805],[124.31260488,6.125428636],[124.312118925,6.125853719],[124.3117813,6.126132282],[124.311345777,6.126540735],[124.310950113,6.126929171],[124.310349121,6.127522877],[124.310118471,6.127790689],[124.309929243,6.127972158],[124.309444558,6.12848346],[124.309180987,6.128767137],[124.30893273,6.129018578],[124.308516827,6.129461901],[124.308053333,6.129919848],[124.307668437,6.130346488],[124.306891588,6.131166645],[124.306867042,6.131192559],[124.306304553,6.131776177],[124.30576058,6.132334791],[124.305411538,6.132703653],[124.305126287,6.133001233],[124.305085098,6.133033411],[124.305065111,6.133054935],[124.304968022,6.133153907],[124.304921389,6.133212313],[124.304555979,6.133628981],[124.30400921,6.134267897],[124.303497745,6.134804758],[124.303347041,6.13492833],[124.302987441,6.135301051],[124.302533475,6.135754891],[124.302475369,6.135812981],[124.302100927,6.136220993],[124.301601677,6.136770163],[124.301194599,6.137186144],[124.30084373,6.137560512],[124.300434963,6.137980014],[124.300129397,6.138324647],[124.299860381,6.138567208],[124.299626504,6.138791228],[124.299312786,6.139097468],[124.299176888,6.139209591],[124.299162202,6.139218467],[124.29915414,6.139225838],[124.299098092,6.139314528],[124.298766631,6.139619991],[124.298651594,6.139732003],[124.298575683,6.139792876],[124.298066679,6.140261515],[124.297485244,6.140800356],[124.297213843,6.141070379],[124.296906777,6.141340745],[124.296646776,6.141558751],[124.29638533,6.14179285],[124.295951874,6.142143946],[124.295866724,6.142205798],[124.295645766,6.14233888],[124.290668907,6.146067504],[124.291420101,6.144500903],[124.291372102,6.144545986],[124.291052732,6.144763895],[124.290874571,6.144824074],[124.290721751,6.144898499],[124.290622986,6.144934799],[124.290596122,6.144944511],[124.290547183,6.14496104],[124.290482275,6.144987219],[124.290411944,6.145029721],[124.289768431,6.145392514],[124.28949725,6.145556392],[124.289149006,6.145745096],[124.288794551,6.145887547],[124.288482214,6.146048029],[124.288388645,6.146097159],[124.288210764,6.146179456],[124.288187091,6.146187237],[124.288142662,6.146207564],[124.288126348,6.146213074],[124.288054494,6.146256496],[124.288032281,6.146264528],[124.288001387,6.146281779],[124.287872083,6.146358236],[124.286655928,6.147134149],[124.286369912,6.148403564],[124.286246875,6.148934924],[124.286130977,6.149397754],[124.286015926,6.149581314],[124.285999516,6.149610913],[124.285955395,6.14969365],[124.285930634,6.149763548],[124.285923988,6.149790676],[124.285903415,6.149857119],[124.285797032,6.150251761],[124.285539881,6.150519248],[124.285513555,6.150560109],[124.285503641,6.150571367],[124.285495435,6.150586169],[124.285488158,6.150598348],[124.285461681,6.150647999],[124.285450691,6.150670661],[124.285404507,6.150753968],[124.285313204,6.150944542],[124.285106842,6.151200711],[124.285076224,6.151225925],[124.285041238,6.151270711],[124.284735252,6.151523473],[124.284611021,6.151601581],[124.284593848,6.151614405],[124.284426569,6.151719942],[124.284419805,6.151723164],[124.284381376,6.151748004],[124.284234528,6.15184548],[124.284161793,6.151874383],[124.283398756,6.15232821],[124.282663325,6.152247355],[124.282390427,6.152951103],[124.282234175,6.153094465],[124.282213364,6.153314658],[124.281933674,6.153716906],[124.281857798,6.153814028],[124.281636236,6.154053581],[124.281344237,6.154224844],[124.280765461,6.154628341],[124.280487141,6.154778335],[124.280080916,6.154913001],[124.279733604,6.155040684],[124.27968966,6.155075552],[124.279624379,6.155144274],[124.279581057,6.155173031],[124.279563085,6.155190306],[124.279530853,6.155214373],[124.279469081,6.155273751],[124.279360398,6.155421925],[124.279344829,6.155446764],[124.279176097,6.155646987],[124.279069894,6.155782936],[124.279014103,6.15581997],[124.279012449,6.155821848],[124.278975525,6.155853594],[124.27896561,6.155864853],[124.278948566,6.155879507],[124.278932304,6.155900322],[124.278919604,6.155919444],[124.278897918,6.155947204],[124.278799524,6.156100545],[124.27879896,6.156101087],[124.278784404,6.156125448],[124.278766285,6.156151507],[124.278765961,6.156152091],[124.278758076,6.156166312],[124.278703671,6.156288949],[124.278664091,6.156339613],[124.278455196,6.156775267],[124.277454426,6.157422151],[124.276072395,6.158189272],[124.275517386,6.158137429],[124.275291452,6.158090507],[124.275179304,6.158055844],[124.27482893,6.157930661],[124.274051991,6.157504879],[124.273953673,6.156726858],[124.273949478,6.156713605],[124.27394172,6.156702051],[124.27383594,6.1566326],[124.273714693,6.156590145],[124.273700585,6.15658815],[124.273672218,6.156592946],[124.273608042,6.156623513],[124.272790695,6.156734974],[124.272310694,6.156566885],[124.27230916,6.156566618],[124.272176163,6.156528608],[124.272039033,6.156480592],[124.272017017,6.156475828],[124.272000271,6.15647291],[124.271825206,6.156476415],[124.271589718,6.15639395],[124.271142366,6.156269698],[124.271023895,6.156219373],[124.270721865,6.156151903],[124.270291263,6.15600441],[124.270257148,6.155983272],[124.270131946,6.155939427],[124.270084348,6.155931597],[124.269835537,6.155860869],[124.269588828,6.15583761],[124.269584808,6.155836202],[124.269520317,6.15583424],[124.26950621,6.155832245],[124.269450147,6.155837162],[124.269327772,6.155825731],[124.269315364,6.155827281],[124.26916508,6.155833538],[124.268991235,6.15583062],[124.268847045,6.155819409],[124.268778261,6.155828001],[124.26835248,6.155805018],[124.268145671,6.155741711],[124.268087413,6.155728272],[124.268079754,6.155727095],[124.268065277,6.155724871],[124.267984032,6.155712388],[124.267867733,6.155691124],[124.267715217,6.155678],[124.267432667,6.155580099],[124.267415113,6.155571075],[124.267320098,6.155538152],[124.267300835,6.155525594],[124.267269167,6.155514622],[124.266630701,6.155167458],[124.266583861,6.15502118],[124.26598287,6.154560194],[124.265771232,6.153899167],[124.265581931,6.153632849],[124.265601142,6.153421882],[124.265537258,6.153290398],[124.265607514,6.152787347],[124.265601676,6.152761785],[124.265596519,6.152751171],[124.265576442,6.152732442],[124.265473285,6.152520148],[124.265452294,6.152504048],[124.265441736,6.15250039],[124.2653614,6.152493152],[124.265115978,6.152408115],[124.265104502,6.152407081],[124.265092106,6.152408671],[124.264862732,6.152485699],[124.263641738,6.152420624],[124.263444965,6.152309243],[124.263402942,6.1523033],[124.263345584,6.152274829],[124.263338149,6.152274032],[124.263330086,6.152274927],[124.263145359,6.152359822],[124.262668812,6.152369577],[124.262653136,6.152375377],[124.26243875,6.152508225],[124.26210315,6.152566325],[124.262089805,6.152571053],[124.261921503,6.152665515],[124.261829957,6.152677833],[124.261811326,6.152686395],[124.261535632,6.152786406],[124.261429644,6.152835114],[124.261346519,6.152850839],[124.261337204,6.15285512],[124.261252148,6.15290713],[124.261243283,6.152915419],[124.26121213,6.152957839],[124.261189743,6.152976558],[124.261177747,6.152993312],[124.261146945,6.15302433],[124.261135576,6.153039389],[124.261113013,6.153063811],[124.261042401,6.153164953],[124.260956017,6.153315812],[124.260915922,6.153387631],[124.260901874,6.153415163],[124.260857493,6.153514243],[124.260853285,6.153520393],[124.260847558,6.153535877],[124.260718369,6.153763457],[124.26066909,6.153835478],[124.260661753,6.153850088],[124.260612793,6.153930197],[124.260590329,6.153970028],[124.26055722,6.154038636],[124.260370448,6.154543584],[124.259520468,6.155135511],[124.259235223,6.155321403],[124.258902964,6.155502406],[124.258501882,6.155703597],[124.258076688,6.155967637],[124.257683766,6.156183343],[124.257347515,6.156350475],[124.256533999,6.156804436],[124.256166099,6.156998128],[124.255785522,6.157185677],[124.255386403,6.15739797],[124.254762174,6.157740368],[124.254696433,6.157763296],[124.254655589,6.157784877],[124.254507167,6.157851683],[124.25449151,6.157861768],[124.254066901,6.158055672],[124.253643756,6.15826675],[124.253263376,6.158485117],[124.252487971,6.158873881],[124.251516473,6.159369292],[124.250987507,6.159617501],[124.2504653,6.159874478],[124.249950744,6.160166861],[124.249534638,6.160447867],[124.249472013,6.160476648],[124.249390602,6.160529516],[124.249363555,6.160550377],[124.249340542,6.160570787],[124.249259408,6.160633364],[124.24921157,6.160678093],[124.249111283,6.160746397],[124.249068065,6.160781882],[124.248975953,6.160835286],[124.248924994,6.160868539],[124.248872957,6.160899478],[124.248835519,6.160922303],[124.248815635,6.160934251],[124.248752231,6.160980249],[124.248738763,6.160992098],[124.248416949,6.161235842],[124.248047505,6.161471659],[124.247809777,6.161677714],[124.24748593,6.16190522],[124.247161892,6.16212725],[124.246700586,6.162426551],[124.246283003,6.16268296],[124.245895949,6.162946189],[124.245660364,6.16310876],[124.244884297,6.16361451],[124.244007839,6.164106255],[124.243951327,6.164127508],[124.243911114,6.164147394],[124.243835063,6.164175317],[124.243816442,6.164183875],[124.243769855,6.164205283],[124.243754629,6.16421509],[124.243709227,6.16425422],[124.243693649,6.164275428],[124.243674314,6.164306794],[124.243636447,6.164362132],[124.243613981,6.164401962],[124.24342996,6.164837276],[124.243080254,6.165115049],[124.243051506,6.165135284],[124.243012013,6.165168889],[124.242947627,6.165227983],[124.242931595,6.165245187],[124.24292443,6.165254102],[124.242856711,6.165327388],[124.242818778,6.165367281],[124.242784668,6.16541246],[124.242721713,6.165517406],[124.242632966,6.16575062],[124.242626996,6.165760304],[124.242609672,6.165807132],[124.242507053,6.165974804],[124.242465224,6.166055314],[124.24237018,6.166188043],[124.242333743,6.166234291],[124.242301672,6.166285394],[124.24221225,6.166395501],[124.242180468,6.166439613],[124.242123425,6.166524836],[124.241659718,6.167020476],[124.241108475,6.167547083],[124.240532541,6.168084812],[124.239229815,6.169207858],[124.238361816,6.169844014],[124.237558913,6.170411972],[124.237126434,6.1707179],[124.236367344,6.171224642],[124.235956739,6.171537682],[124.235486833,6.171887145],[124.235189925,6.172084537],[124.235170853,6.17209866],[124.235124415,6.172143832],[124.235102605,6.172161061],[124.235053509,6.172216766],[124.234825223,6.172392167],[124.234802004,6.172414753],[124.234762366,6.172455969],[124.234723488,6.172503759],[124.234651153,6.172592678],[124.234636319,6.172614019],[124.23457009,6.172697935],[124.234418669,6.17286974],[124.234345558,6.172923879],[124.234292865,6.172977151],[124.234228279,6.173040764],[124.234154194,6.173127397],[124.234037387,6.173219666],[124.234023067,6.173233784],[124.233882845,6.173347405],[124.233837817,6.173387219],[124.233809126,6.173416015],[124.233744002,6.173481136],[124.233686534,6.17354634],[124.233671055,6.173561397],[124.233640483,6.173597338],[124.233052686,6.1742243],[124.232672357,6.174692158],[124.232189822,6.175357113],[124.231682491,6.175950643],[124.231215439,6.176645934],[124.230574293,6.177508153],[124.229975341,6.178296183],[124.22943587,6.178989463],[124.228902085,6.179713096],[124.228100488,6.180628084],[124.227869978,6.180854684],[124.227813007,6.18094704],[124.227628558,6.181140458],[124.227606749,6.181157686],[124.227482119,6.181287268],[124.227292603,6.18138131],[124.227234058,6.181421424],[124.227200059,6.181441206],[124.227161829,6.181477063],[124.227082076,6.181561284],[124.227038697,6.181618222],[124.22679323,6.181856427],[124.226756019,6.181918961],[124.226690999,6.182011669],[124.226598423,6.182162678],[124.226596715,6.182164616],[124.226555792,6.182243813],[124.226546561,6.182268527],[124.226490884,6.182392131],[124.226462498,6.182448104],[124.226413814,6.182543756],[124.226399606,6.182569559],[124.226358857,6.182652724],[124.226355993,6.182657093],[124.226346904,6.182678596],[124.226328877,6.182708003],[124.226310697,6.182751016],[124.226282052,6.182794705],[124.226274514,6.182812016],[124.226194445,6.182961385],[124.226168588,6.183018081],[124.226108823,6.183139567],[124.226095016,6.183173106],[124.22602457,6.183303958],[124.226023553,6.183306364],[124.225959567,6.183433667],[124.225948109,6.183451145],[124.225905334,6.183535489],[124.225899606,6.183544227],[124.225785949,6.183780621],[124.225779105,6.183788386],[124.225764527,6.183822877],[124.225673047,6.184025955],[124.224802202,6.185087978],[124.224415927,6.185526229],[124.223335109,6.186609713],[124.22279538,6.187096707],[124.22275167,6.187139115],[124.222203873,6.18767059],[124.221524341,6.188287453],[124.220566065,6.189121365],[124.219777083,6.189849057],[124.218820457,6.190652259],[124.218275695,6.191105536],[124.217414481,6.19182952],[124.216348413,6.192542871],[124.214790696,6.1936427],[124.213849495,6.194217134],[124.212266726,6.19506243],[124.211053899,6.195517415],[124.210866173,6.195579694],[124.21073614,6.195662724],[124.210305057,6.195733053],[124.210265878,6.195737975],[124.210252136,6.195740077],[124.210189684,6.19575313],[124.210158345,6.195762583],[124.210103449,6.195779144],[124.209741715,6.195889397],[124.209738167,6.195888795],[124.209705223,6.195903159],[124.209690512,6.195906575],[124.209650082,6.195925581],[124.209613527,6.195939332],[124.209529496,6.195987151],[124.209520688,6.19599083],[124.20946731,6.196024636],[124.20945172,6.19603751],[124.209401952,6.19607193],[124.209338359,6.196130606],[124.209268074,6.196194498],[124.209239444,6.196226152],[124.208884143,6.196707897],[124.208499963,6.196797113],[124.208479437,6.196808411],[124.208452133,6.196828905],[124.208100232,6.197047063],[124.207994892,6.197063186],[124.207897828,6.19711537],[124.207725193,6.197180678],[124.207682105,6.197200781],[124.207334842,6.19739252],[124.2068658,6.197686875],[124.206348785,6.198043515],[124.205779639,6.198454306],[124.205422812,6.19873149],[124.204814126,6.199185083],[124.204165917,6.199653478],[124.20345945,6.200161009],[124.203139707,6.200412706],[124.20264492,6.200750218],[124.201420639,6.201614068],[124.200813809,6.202012574],[124.200262201,6.202365283],[124.199863669,6.202635645],[124.199494148,6.202869428],[124.19879781,6.203273725],[124.198146933,6.203660103],[124.19773757,6.20389556],[124.197371013,6.204117055],[124.19711476,6.204274468],[124.196490037,6.204696585],[124.196294313,6.20496194],[124.195875008,6.205107423],[124.195736266,6.205161576],[124.195668076,6.205181016],[124.195600669,6.205217496],[124.194472626,6.205721881],[124.19394469,6.205249435],[124.193795735,6.205212405],[124.193777833,6.205212404],[124.193691303,6.205227229],[124.19365699,6.205231677],[124.193636103,6.205236125],[124.193604774,6.205250953],[124.193308086,6.205611385],[124.192414055,6.205678256],[124.192392259,6.205681713],[124.192341001,6.205689225],[124.192055629,6.205873174],[124.191475767,6.206171381],[124.191100174,6.206122445],[124.19107824,6.206124085],[124.19106193,6.206127132],[124.191024094,6.20613727],[124.191005953,6.206140454],[124.190975568,6.206151863],[124.190948976,6.206164815],[124.190910552,6.206191444],[124.1908445,6.206240517],[124.190782656,6.206279232],[124.190739814,6.20631568],[124.190699699,6.206344262],[124.190649335,6.206389139],[124.190618621,6.206412988],[124.190535379,6.206490253],[124.190426863,6.206569945],[124.190029564,6.206852089],[124.189494801,6.207234528],[124.189085875,6.20760234],[124.188679131,6.208011567],[124.18816704,6.2084409],[124.187754062,6.208767738],[124.187436055,6.209034951],[124.18719272,6.209203328],[124.186821289,6.209397841],[124.186416646,6.20963128],[124.18563871,6.210089353],[124.185095017,6.21051626],[124.184893139,6.210524047],[124.184857795,6.210543347],[124.184832248,6.210561456],[124.184768723,6.210625665],[124.184750643,6.210645933],[124.184707518,6.21073144],[124.184702899,6.210802604],[124.184416216,6.211310052],[124.184270825,6.211462636],[124.184181219,6.211584332],[124.184164746,6.211603722],[124.18414377,6.211633888],[124.184129062,6.211656473],[124.184100158,6.211716224],[124.184092698,6.211776122],[124.184070588,6.212251214],[124.183845332,6.212635096],[124.183833679,6.212651854],[124.183816232,6.212688409],[124.183802791,6.212743566],[124.18379908,6.212774699],[124.183793355,6.212817326],[124.183790368,6.212845986],[124.183788739,6.212888455],[124.183779552,6.212947526],[124.183779551,6.212947548],[124.183752465,6.213136955],[124.183733231,6.213211909],[124.183727192,6.213246377],[124.183692433,6.213365164],[124.183676343,6.213415534],[124.183643856,6.213559492],[124.183615926,6.213612764],[124.183604104,6.21367308],[124.183285283,6.214316655],[124.183005039,6.214899647],[124.182706217,6.215422491],[124.18214667,6.216269395],[124.18187346,6.216783786],[124.181609489,6.217297993],[124.181368173,6.217743695],[124.181108749,6.218132121],[124.181066323,6.218180648],[124.1810439,6.21821576],[124.18100869,6.218280724],[124.180959403,6.218363062],[124.180832659,6.218545334],[124.180702031,6.218664393],[124.180661775,6.218705085],[124.180604636,6.218775788],[124.180572732,6.218820236],[124.18056092,6.218832923],[124.180512703,6.218945559],[124.180496545,6.218973094],[124.180482066,6.21902257],[124.180444365,6.219086826],[124.180435076,6.219114256],[124.180387693,6.219236037],[124.180366522,6.219279023],[124.180336042,6.219360116],[124.180330656,6.219369295],[124.180297972,6.219458401],[124.180294187,6.219525093],[124.180279945,6.219584097],[124.180272839,6.219654506],[124.180269661,6.219776907],[124.180251059,6.21992475],[124.180227804,6.220057477],[124.180203909,6.220139131],[124.180193521,6.220188464],[124.180111942,6.220467235],[124.179958334,6.2207123],[124.179928351,6.220764016],[124.179909048,6.220816136],[124.179879541,6.220880066],[124.179837813,6.2209673],[124.179809505,6.221040972],[124.179799525,6.221079684],[124.179794298,6.221092933],[124.179792443,6.221108499],[124.179779318,6.221171795],[124.179778688,6.22117663],[124.179757648,6.221299657],[124.179712475,6.221515627],[124.17960573,6.22184347],[124.179592632,6.222107731],[124.179549082,6.222235143],[124.179545831,6.22225687],[124.179537531,6.22228726],[124.17953551,6.222302611],[124.179518912,6.222372265],[124.179502403,6.222524379],[124.179503687,6.22255656],[124.179502798,6.222588448],[124.179505839,6.222685282],[124.179511836,6.222728816],[124.179516971,6.222892279],[124.179854379,6.22331769],[124.179932192,6.223518796],[124.179974887,6.223617012],[124.179978428,6.223627781],[124.180036504,6.223725283],[124.180074388,6.223890501],[124.180078268,6.223901635],[124.180121551,6.224090396],[124.180153728,6.22432395],[124.180153728,6.224323957],[124.180158561,6.224352558],[124.180172641,6.224402961],[124.180174439,6.224416018],[124.18028092,6.224779751],[124.180593393,6.22517958],[124.180527143,6.225782019],[124.180526999,6.225806865],[124.180531304,6.225818694],[124.180808413,6.226221562],[124.180813491,6.226708401],[124.180816526,6.226723949],[124.180863108,6.226839524],[124.180868396,6.226938576],[124.180884347,6.226989609],[124.180885546,6.226998314],[124.180969735,6.227221884],[124.180975293,6.227254781],[124.180986482,6.227286469],[124.181041483,6.227457756],[124.181093143,6.22759495],[124.181139678,6.227787521],[124.181199547,6.227969594],[124.181241215,6.228272035],[124.18149756,6.228897323],[124.181389395,6.229213903],[124.18141218,6.229379292],[124.181368312,6.22950763],[124.181369439,6.22952876],[124.181460393,6.229946962],[124.181229948,6.230462416],[124.181216598,6.230501477],[124.181194188,6.230593758],[124.181193069,6.23078679],[124.179118155,6.236302212],[124.1788875,6.236785154],[124.178645448,6.237220481],[124.178565831,6.237302474],[124.178535189,6.237348725],[124.178515083,6.237384829],[124.178502598,6.237402235],[124.17848687,6.237431729],[124.178449713,6.237529766],[124.178255009,6.237810474],[124.178233609,6.237851404],[124.178148472,6.238023073],[124.177973208,6.238220002],[124.177968182,6.238229028],[124.177961047,6.23825562],[124.177954075,6.23836508],[124.17787581,6.23856491],[124.177872567,6.238576999],[124.177864457,6.23870432],[124.177854078,6.238743004],[124.177869667,6.239245807],[124.176822694,6.241004594],[124.176425586,6.24166207],[124.176291959,6.241909293],[124.176229545,6.242035143],[124.176210584,6.2420767],[124.176161431,6.242172485],[124.176152513,6.242196013],[124.176119104,6.242262269],[124.176086615,6.242335129],[124.175792551,6.242877434],[124.175532305,6.243391079],[124.175310652,6.24374146],[124.174856976,6.244399989],[124.174593459,6.244850268],[124.174427979,6.245020681],[124.174166007,6.245337966],[124.173887732,6.245441961],[124.173875408,6.245449052],[124.173834765,6.245478845],[124.173705838,6.245738802],[124.173521775,6.245844715],[124.173383498,6.246074559],[124.173272128,6.246138648],[124.173263859,6.246159761],[124.173254454,6.246175394],[124.173205165,6.246359109],[124.173060846,6.246605714],[124.17305582,6.246614739],[124.173036199,6.246658738],[124.173007382,6.246728795],[124.172934924,6.246864664],[124.172933394,6.246867134],[124.172920613,6.246895795],[124.172851024,6.247018789],[124.17283351,6.247045224],[124.172812103,6.247086166],[124.172762166,6.247155784],[124.172661193,6.247321556],[124.172456645,6.247536832],[124.172310845,6.247731021],[124.172143462,6.247827345],[124.172111681,6.247868121],[124.172106006,6.247879564],[124.17209887,6.247906157],[124.172072038,6.248129765],[124.171929558,6.248385559],[124.171865247,6.24860339],[124.171852552,6.248620297],[124.17180631,6.248792656],[124.17159714,6.24916818],[124.171541235,6.249230996],[124.171526156,6.249258072],[124.171496967,6.249366853],[124.17135784,6.249632951],[124.17133595,6.24966599],[124.171267796,6.249919981],[124.171011382,6.250208128],[124.171001977,6.250223761],[124.170998085,6.250238267],[124.171015702,6.250524532],[124.170682826,6.251374393],[124.170679871,6.251385403],[124.17069607,6.251766339],[124.170549158,6.252047328],[124.17054494,6.252082466],[124.170556567,6.252199863],[124.170553526,6.252234935],[124.170555632,6.252256209],[124.17065443,6.252545403],[124.170643649,6.252714586],[124.170647702,6.25272861],[124.170794778,6.252857952],[124.170840019,6.25331476],[124.170851692,6.253348933],[124.170899612,6.253440142],[124.170906651,6.253464495],[124.170943654,6.253528036],[124.171144146,6.253816506],[124.17115793,6.254178499],[124.171167007,6.254222339],[124.171176248,6.254255863],[124.171192623,6.254301643],[124.171218566,6.254360317],[124.171318196,6.254651985],[124.171327821,6.254749218],[124.171334792,6.254771783],[124.171631934,6.255396577],[124.17136161,6.256027676],[124.171357718,6.256042182],[124.171355609,6.256059749],[124.171412801,6.256335934],[124.171176404,6.256834439],[124.171169917,6.256858614],[124.171169106,6.256871347],[124.171170726,6.256884724],[124.171251035,6.257162566],[124.171260189,6.257498832],[124.171344846,6.257791714],[124.171326972,6.258011162],[124.171329208,6.258047497],[124.17132421,6.258108835],[124.171387286,6.258540742],[124.171421312,6.25901588],[124.171453557,6.259410271],[124.171516235,6.260091923],[124.171533401,6.260582181],[124.171351288,6.260949392],[124.171318847,6.261219629],[124.17119626,6.261449497],[124.171134642,6.261679148],[124.171025185,6.261844359],[124.17099697,6.261891258],[124.170959833,6.261961693],[124.17094459,6.261999086],[124.170940698,6.26201359],[124.170917833,6.262069678],[124.170913292,6.2620866],[124.170905671,6.262105295],[124.170866748,6.26225035],[124.17085459,6.262324786],[124.170816357,6.262467266],[124.170647247,6.262925571],[124.170605577,6.263000387],[124.170519973,6.263164107],[124.170444563,6.263299498],[124.170307764,6.2634817],[124.170113719,6.263671908],[124.170078059,6.26375939],[124.169922525,6.263954745],[124.169798062,6.264104897],[124.169739253,6.264184816],[124.169729507,6.264206177],[124.169601636,6.264429217],[124.169538652,6.264499984],[124.169503627,6.264552847],[124.169493573,6.264570897],[124.169487249,6.264584758],[124.169461201,6.264639686],[124.169428546,6.264758212],[124.169417448,6.264873368],[124.169292473,6.265162775],[124.169276756,6.265194464],[124.169268486,6.265215576],[124.169213317,6.265421165],[124.168842398,6.266104504],[124.168559104,6.266684549],[124.168324033,6.267288765],[124.168289017,6.267341612],[124.168243602,6.267433172],[124.168243439,6.267443487],[124.168245709,6.267454449],[124.168347146,6.267722661],[124.168338443,6.268217342],[124.168342016,6.268275415],[124.168426927,6.268425552],[124.168750268,6.268861383],[124.168579222,6.269706658],[124.168285849,6.2708097],[124.168278377,6.271128807],[124.168193874,6.271608773],[124.168090843,6.271983036],[124.167973434,6.272304085],[124.167776736,6.272619651],[124.167451148,6.273033523],[124.166741163,6.273415004],[124.166324109,6.273666327],[124.165941987,6.273931525],[124.165476065,6.273918624],[124.165437678,6.273925088],[124.165375901,6.273949381],[124.165316747,6.273978364],[124.165123571,6.274092502],[124.164720405,6.274175897],[124.1641813,6.274283283],[124.163714037,6.274414484],[124.163385918,6.274511886],[124.163186627,6.274577926],[124.163038648,6.274612182],[124.162975506,6.27463293],[124.162941105,6.274647629],[124.162828979,6.274681306],[124.162732693,6.2747179],[124.162529883,6.274760133],[124.162484649,6.274765856],[124.16244091,6.2747774],[124.162049849,6.274816606],[124.162014084,6.274827762],[124.161852249,6.274923618],[124.161490289,6.274953703],[124.161468682,6.274957039],[124.161442356,6.274962982],[124.160723295,6.275161002],[124.160294407,6.274999828],[124.160166334,6.274963834],[124.159998371,6.274911527],[124.1599025,6.274862999],[124.159877302,6.274853209],[124.159764372,6.2747993],[124.15967912,6.274774573],[124.15921577,6.274718244],[124.158910432,6.274409121],[124.158847709,6.274366461],[124.158650002,6.274146497],[124.158637416,6.274135029],[124.158625039,6.274128356],[124.158588474,6.274120337],[124.158519758,6.274079409],[124.158037726,6.27394665],[124.157657304,6.273245448],[124.157610409,6.273130677],[124.157589892,6.273086563],[124.15755514,6.273024968],[124.157504216,6.272948378],[124.157485633,6.272916914],[124.157474911,6.272904881],[124.157412158,6.272827009],[124.157374575,6.272794787],[124.15735237,6.272779527],[124.157307653,6.272760114],[124.157290885,6.272749016],[124.156513514,6.27242766],[124.156493329,6.271664447],[124.156484045,6.271644122],[124.156466297,6.271617129],[124.156456462,6.271605272],[124.156432941,6.271588112],[124.156411728,6.271577564],[124.156379137,6.271568324],[124.156278449,6.271548581],[124.156268063,6.271545191],[124.15623591,6.271539721],[124.156227886,6.271536824],[124.156205187,6.271533323],[124.156180564,6.271533099],[124.156165394,6.271534845],[124.156023166,6.271583879],[124.156020503,6.271584367],[124.15598296,6.27159862],[124.155962951,6.271611618],[124.155944315,6.271629808],[124.155920952,6.271647012],[124.15556851,6.272031174],[124.155286591,6.272087502],[124.155148012,6.272160652],[124.155096854,6.272168314],[124.154946999,6.27224625],[124.154636122,6.272385696],[124.154312428,6.272427657],[124.154301117,6.272431024],[124.15427012,6.272445263],[124.154194774,6.272485484],[124.154169978,6.272496874],[124.154134211,6.272517044],[124.154106078,6.272537445],[124.154081526,6.27256555],[124.153945587,6.272793245],[124.153914458,6.272831967],[124.153904689,6.272851411],[124.153895637,6.272872397],[124.153893018,6.272882948],[124.153874265,6.272986671],[124.153861012,6.273028528],[124.153854591,6.273063259],[124.153853171,6.273084477],[124.153854134,6.273102732],[124.153861309,6.273142437],[124.153866464,6.273198027],[124.153870527,6.273214858],[124.153890572,6.273272419],[124.153938491,6.273437907],[124.153955563,6.273478674],[124.15433601,6.273986173],[124.153987432,6.274928152],[124.153928018,6.275056137],[124.153844038,6.275231845],[124.153725063,6.275527019],[124.153569042,6.275672852],[124.153553203,6.27571066],[124.153549414,6.275968363],[124.153319669,6.276349503],[124.153039114,6.276876748],[124.153026464,6.276888033],[124.152989835,6.276957113],[124.15295558,6.277030903],[124.152924359,6.277077028],[124.152915424,6.27709422],[124.152686277,6.27747975],[124.152451701,6.277992389],[124.152285959,6.278512952],[124.15221701,6.278705905],[124.152151599,6.278888956],[124.151970162,6.2794666],[124.15184995,6.2797619],[124.151746581,6.280000103],[124.151545061,6.280328527],[124.151257595,6.280616562],[124.151232487,6.280635692],[124.151161947,6.28076923],[124.151112765,6.280819149],[124.151051771,6.280918458],[124.150902004,6.281061534],[124.150867414,6.281099992],[124.150854641,6.281116207],[124.15079002,6.281188592],[124.150715996,6.281278794],[124.150621989,6.281374212],[124.1502709,6.281761356],[124.14995523,6.282122387],[124.149580285,6.282496792],[124.149524411,6.282559952],[124.149370812,6.282794251],[124.14905541,6.283000458],[124.148714036,6.283341932],[124.148406016,6.283645487],[124.147984126,6.2840212],[124.147649521,6.28433189],[124.147423949,6.284463143],[124.147405775,6.284478242],[124.147198946,6.284619537],[124.146535154,6.284993768],[124.146288839,6.285100728],[124.145949994,6.285190648],[124.145916109,6.285193594],[124.145848661,6.285210428],[124.145582106,6.285230123],[124.145199901,6.285192564],[124.145161276,6.285181006],[124.145082766,6.285177711],[124.144914784,6.285221311],[124.144685883,6.285250493],[124.144349039,6.285370893],[124.144128832,6.285367265],[124.144115522,6.28536906],[124.144087295,6.285378739],[124.144027395,6.285388197],[124.143977598,6.285406935],[124.143966022,6.285415337],[124.143913428,6.285468718],[124.14323146,6.285939803],[124.143060864,6.285989959],[124.143010913,6.286013414],[124.142907752,6.286072729],[124.142353621,6.28626086],[124.141875962,6.286347009],[124.141359505,6.286386764],[124.141027105,6.286389315],[124.14049654,6.286397573],[124.140189773,6.286393912],[124.140006484,6.286353651],[124.13990899,6.286344723],[124.139875724,6.286344533],[124.139837551,6.286336625],[124.139792967,6.286335916],[124.139765865,6.286340961],[124.139713474,6.286352645],[124.13967536,6.286373682],[124.13966693,6.286375894],[124.13962756,6.286403795],[124.139511711,6.286470409],[124.139471954,6.28649327],[124.139471951,6.286493271],[124.139399152,6.286535131],[124.139368073,6.286559147],[124.139353439,6.286571952],[124.139313365,6.286616948],[124.139292943,6.286647131],[124.139283325,6.28665793],[124.139261508,6.286693306],[124.139229092,6.28675146],[124.139129869,6.28706096],[124.1391175,6.287126967],[124.139117495,6.287126983],[124.139111557,6.28716991],[124.139108767,6.287180297],[124.139105056,6.287231606],[124.13910087,6.287247183],[124.139096888,6.2873265],[124.139057322,6.287459267],[124.139050388,6.28751951],[124.139018465,6.287608057],[124.139011904,6.287640811],[124.13900751,6.287652996],[124.139006557,6.287671974],[124.138856319,6.288149671],[124.138794452,6.288538254],[124.13875383,6.288823225],[124.138725669,6.289006915],[124.138621674,6.289323761],[124.138593695,6.289377227],[124.138577392,6.28942845],[124.138541839,6.289486773],[124.138514665,6.289561814],[124.138418081,6.289726714],[124.138103305,6.290192561],[124.13803492,6.290296637],[124.137785303,6.290676534],[124.137392852,6.291262228],[124.136984832,6.291832766],[124.136437971,6.292606332],[124.135685312,6.293447778],[124.135174356,6.294043226],[124.134514299,6.294769017],[124.134039983,6.295266464],[124.133866734,6.295428681],[124.133688068,6.295555617],[124.133679115,6.29556009],[124.133583995,6.295638682],[124.133507629,6.295669223],[124.13348958,6.295682236],[124.133416116,6.295750213],[124.13339409,6.295782196],[124.133371647,6.295807394],[124.133348018,6.295841176],[124.13330634,6.295887971],[124.13329693,6.295902163],[124.133266055,6.295936828],[124.13323818,6.295976684],[124.133155189,6.296091048],[124.133108042,6.296146876],[124.13307953,6.296190898],[124.132748143,6.296536452],[124.132205148,6.297059073],[124.131103395,6.298190907],[124.130769813,6.298520587],[124.130221394,6.298712852],[124.130203554,6.298729256],[124.130125006,6.298817445],[124.130114408,6.298840223],[124.130101999,6.298861407],[124.130082822,6.298911949],[124.130065662,6.29896748],[124.130057498,6.299002027],[124.130027366,6.299097505],[124.130022408,6.299128457],[124.130022026,6.299138207],[124.129974334,6.299652659],[124.129647154,6.300142233],[124.129274203,6.300727767],[124.128878508,6.301280816],[124.128524684,6.301732459],[124.128112459,6.302224287],[124.127679623,6.302764637],[124.127149157,6.303418224],[124.126859779,6.303764873],[124.126467697,6.304206669],[124.125789059,6.304923106],[124.124989249,6.305688085],[124.123451294,6.307116826],[124.123411485,6.307194541],[124.123393435,6.307245375],[124.123345911,6.30732568],[124.123327315,6.307369582],[124.123254278,6.307605547],[124.123029715,6.3078734],[124.122941222,6.30809331],[124.122615859,6.308344862],[124.122014583,6.308898123],[124.120967001,6.309847492],[124.119603053,6.311153816],[124.117450727,6.313203039],[124.115083077,6.315376641],[124.115057548,6.315389753],[124.115043598,6.315408242],[124.114466967,6.315923609],[124.112941521,6.317199065],[124.112615826,6.317456932],[124.111402758,6.318417373],[124.110461062,6.319050605],[124.10955482,6.319431002],[124.108812651,6.318904106],[124.1087708,6.318885618],[124.10869986,6.318862114],[124.108570835,6.318790865],[124.108547584,6.318786243],[124.108524332,6.318786243],[124.108515031,6.318788554],[124.108480154,6.318811665],[124.108468529,6.318816287],[124.10843529,6.318841982],[124.108387148,6.318901795],[124.108366222,6.318929527],[124.108331344,6.318984992],[124.108316846,6.319021019],[124.108262059,6.319620042],[124.107977918,6.319902473],[124.107959316,6.319939449],[124.10795234,6.319960249],[124.107945365,6.319983359],[124.107936064,6.32002958],[124.107933739,6.320071179],[124.107931413,6.320087356],[124.107931413,6.320110467],[124.107936063,6.320145133],[124.108047674,6.320422451],[124.108047674,6.320675157],[124.108054649,6.32070289],[124.10806395,6.320726],[124.1087617,6.321592843],[124.107808367,6.322746746],[124.107756263,6.322798534],[124.107726032,6.322835513],[124.107663252,6.322907156],[124.107637675,6.32293951],[124.107614423,6.322967244],[124.107594777,6.32299458],[124.107527396,6.32321783],[124.107286566,6.323457187],[124.107272614,6.323475676],[124.104752649,6.326375667],[124.104158466,6.327019491],[124.101213508,6.330210485],[124.101005117,6.330446114],[124.100994843,6.330466536],[124.100979432,6.330486959],[124.100958883,6.330527803],[124.100917789,6.330593151],[124.10087669,6.330691182],[124.100866416,6.330732026],[124.100851005,6.330767765],[124.100845867,6.330788187],[124.100815045,6.330859666],[124.100799633,6.330910721],[124.10078936,6.330936247],[124.10073582,6.331175683],[124.100465721,6.3315336],[124.10045031,6.331548917],[124.100440036,6.331569339],[124.100429762,6.331594868],[124.100411031,6.331740546],[124.100142631,6.332348354],[124.099739098,6.333202702],[124.099395428,6.333851372],[124.099046446,6.334494338],[124.098785888,6.335039279],[124.098561245,6.33560783],[124.098288506,6.336168614],[124.098010524,6.336702084],[124.09800336,6.336730573],[124.097860065,6.337022578],[124.097845736,6.337058188],[124.097802752,6.337229115],[124.097781258,6.337286091],[124.097774094,6.337314579],[124.097759765,6.337350189],[124.097752601,6.337378676],[124.097700496,6.337523706],[124.097657081,6.337739519],[124.097623645,6.337805994],[124.097616481,6.337841604],[124.097519979,6.338193366],[124.097461549,6.338338564],[124.097453761,6.338369533],[124.097383661,6.338508899],[124.097141525,6.339349262],[124.096988608,6.340079829],[124.096727904,6.341020119],[124.096703993,6.341106361],[124.096483906,6.341832551],[124.096483912,6.341942345],[124.096288489,6.342381533],[124.096275745,6.342432209],[124.096275746,6.342460619],[124.096176668,6.342818771],[124.09617667,6.342844109],[124.096172422,6.342861001],[124.096172439,6.343142508],[124.096104472,6.343435315],[124.095964287,6.343954735],[124.095764625,6.344613403],[124.095437218,6.345388466],[124.095347626,6.3455072],[124.095326392,6.345549414],[124.095313638,6.345587438],[124.095313639,6.345608553],[124.095309391,6.345625443],[124.0953094,6.345781618],[124.094091936,6.348446105],[124.09392992,6.348738938],[124.093870178,6.348818112],[124.09382106,6.348915759],[124.093625167,6.349300892],[124.093401743,6.349734391],[124.093390095,6.349748542],[124.093291299,6.3501414],[124.093102723,6.350328822],[124.093077233,6.350379496],[124.093060241,6.350451287],[124.093043247,6.35048507],[124.093038999,6.350501962],[124.093030501,6.350518855],[124.093017535,6.35057041],[124.092507933,6.351574595],[124.091772922,6.352864935],[124.090459778,6.354976451],[124.090209106,6.355365059],[124.090157682,6.355467283],[124.089975074,6.355790404],[124.089896917,6.356101175],[124.089254058,6.357061593],[124.089149287,6.35713969],[124.089136543,6.35715658],[124.089128045,6.357173474],[124.089119547,6.357186144],[124.089060367,6.357392054],[124.088219518,6.358538061],[124.087239159,6.359842598],[124.086295912,6.360989155],[124.085450787,6.361972514],[124.085051391,6.362365254],[124.084448045,6.362943809],[124.083446819,6.363778957],[124.083421326,6.363804295],[124.083406761,6.363840485],[124.083340585,6.363928186],[124.083310856,6.363977436],[124.083293861,6.36401122],[124.083289612,6.364028111],[124.083272617,6.364061895],[124.083259872,6.364116792],[124.083251373,6.364142133],[124.083180703,6.364493389],[124.083136662,6.364551751],[124.083128165,6.364585534],[124.083191911,6.36483892],[124.083191911,6.364923362],[124.083250805,6.36521596],[124.083429892,6.365482894],[124.083429892,6.366819882],[124.083204393,6.367156101],[124.083144279,6.367454853],[124.08272852,6.367975349],[124.082441067,6.368379287],[124.0821139,6.368801583],[124.081931195,6.369004285],[124.081769026,6.369126842],[124.081546069,6.369366955],[124.081242153,6.369688498],[124.081091967,6.369815835],[124.081066473,6.369841173],[124.081057975,6.369858064],[124.081045228,6.369870733],[124.081028232,6.369904517],[124.081015475,6.369942562],[124.081006989,6.369976306],[124.081006989,6.369993198],[124.08100274,6.37001009],[124.081002741,6.37002698],[124.081034449,6.370163513],[124.081029778,6.370683687],[124.081132164,6.371201184],[124.080934795,6.371575675],[124.080930546,6.371592567],[124.080922049,6.37161368],[124.0809178,6.371630573],[124.080917804,6.37179106],[124.080866821,6.372044416],[124.080866822,6.372086644],[124.080911758,6.372265241],[124.080911759,6.372265243],[124.08091176,6.372265245],[124.080977308,6.372411802],[124.081032547,6.372475279],[124.081053794,6.372504838],[124.081104776,6.372530169],[124.081172774,6.37259774],[124.081189768,6.372606185],[124.081223762,6.37261463],[124.081257755,6.37263152],[124.081291749,6.372639965],[124.081325742,6.372656856],[124.081342739,6.372661078],[124.081359735,6.372669523],[124.082395639,6.372926869],[124.082621768,6.374050369],[124.082621771,6.374094713],[124.082643022,6.374216129],[124.082643027,6.374459988],[124.082638779,6.374489549],[124.082638786,6.374700693],[124.082634538,6.374721808],[124.08263454,6.374780929],[124.082630291,6.374797821],[124.082630293,6.37485554],[124.082587808,6.375038527],[124.082570814,6.375127208],[124.082570817,6.375179312],[124.082456099,6.375643792],[124.082456099,6.375664908],[124.082451851,6.375686023],[124.082451851,6.375702914],[124.082447603,6.375724029],[124.082447603,6.375854948],[124.082324384,6.376222343],[124.082286149,6.376298346],[124.082260654,6.376357468],[124.082247908,6.37640392],[124.082145618,6.376708906],[124.082086451,6.376830434],[124.082069456,6.376872664],[124.082056709,6.37691067],[124.08205246,6.376927561],[124.082043964,6.376990905],[124.082039714,6.377012022],[124.082031219,6.37709647],[124.082031223,6.37724384],[124.082048224,6.377365495],[124.082048225,6.377392076],[124.082056725,6.377442752],[124.082056725,6.377463866],[124.082065225,6.37751454],[124.082065226,6.377539878],[124.082086476,6.377687678],[124.082110555,6.377807304],[124.082124725,6.377898819],[124.082184226,6.378076202],[124.082184226,6.37830617],[124.082209723,6.37843285],[124.082209726,6.378487755],[124.082218226,6.37852154],[124.082230973,6.378555321],[124.082243722,6.378605995],[124.082252221,6.378627109],[124.082277719,6.378736902],[124.082417953,6.378969167],[124.082417965,6.379597463],[124.082471082,6.379867548],[124.082526166,6.380272364],[124.082371286,6.381674539],[124.082286313,6.382143283],[124.081980391,6.382975197],[124.081773776,6.383491559],[124.081293633,6.384247466],[124.080889971,6.384795505],[124.080071715,6.386031706],[124.079515079,6.386741165],[124.079180804,6.387154956],[124.078850704,6.387472384],[124.078843658,6.387477636],[124.07880825,6.38753394],[124.078703438,6.387638105],[124.078569592,6.387830247],[124.078533472,6.387866146],[124.078469735,6.387950604],[124.078402673,6.388017252],[124.078384752,6.388035063],[124.078323135,6.388108545],[124.078261526,6.388157529],[124.078253028,6.388170197],[124.078196768,6.388216791],[124.077805005,6.388651931],[124.07778847,6.388664256],[124.077776061,6.388688921],[124.077701659,6.388787506],[124.077685125,6.388816263],[124.077683472,6.388822834],[124.077610718,6.388947725],[124.077602451,6.388968268],[124.077585916,6.389001134],[124.077577648,6.389025783],[124.077565247,6.389050432],[124.07755698,6.389075082],[124.077548713,6.389091513],[124.077524599,6.389168203],[124.077482572,6.389251737],[124.07746842,6.389286903],[124.077340423,6.389779112],[124.076530883,6.390393411],[124.075722741,6.390939815],[124.075416836,6.391124712],[124.074619001,6.391523219],[124.073194296,6.392180108],[124.072764737,6.392344253],[124.072508862,6.392442029],[124.07233643,6.39255627],[124.07204736,6.392717663],[124.072018422,6.392738205],[124.071951892,6.392848396],[124.071226363,6.39330975],[124.071225231,6.393310313],[124.071080522,6.393454123],[124.070700225,6.393643081],[124.070687823,6.393655406],[124.070675422,6.393671839],[124.070658886,6.393704705],[124.070658886,6.39388974],[124.070449697,6.394303444],[124.069739007,6.395348039],[124.068802153,6.395348039],[124.068777349,6.395343931],[124.068711206,6.395343931],[124.068686403,6.395339823],[124.068665733,6.395339823],[124.068620261,6.395331606],[124.068591322,6.395331606],[124.068537581,6.39532339],[124.068487973,6.39532339],[124.067802295,6.395255606],[124.067535481,6.395176061],[124.067531356,6.395174011],[124.067407324,6.395143191],[124.067386655,6.395134975],[124.067365985,6.395130867],[124.067324645,6.395114434],[124.067303976,6.395110325],[124.067242372,6.395084088],[124.067150363,6.39505983],[124.067042472,6.395021987],[124.066944325,6.394982971],[124.066630152,6.394904921],[124.066315972,6.394592692],[124.066249825,6.394526956],[124.066200213,6.394465328],[124.066150614,6.394416037],[124.066067967,6.394313372],[124.066030731,6.394264034],[124.065981124,6.394214735],[124.065927383,6.394169545],[124.065914981,6.39415722],[124.065542734,6.393869488],[124.065255831,6.392586475],[124.065534711,6.392143047],[124.065538845,6.392126613],[124.065559516,6.392073206],[124.06556365,6.392052665],[124.06556365,6.392011582],[124.065567785,6.391986933],[124.065567786,6.391834927],[124.065559519,6.391797953],[124.065551251,6.39178152],[124.065191599,6.391424087],[124.065191599,6.390775472],[124.065179198,6.390674495],[124.0651792,6.390432404],[124.0651792,6.390432397],[124.065175067,6.390296828],[124.065175068,6.390235205],[124.065166799,6.390202335],[124.065166801,6.390161256],[124.065154399,6.390107852],[124.065146132,6.390087309],[124.06513373,6.390046228],[124.06511306,6.390009252],[124.06510066,6.389996929],[124.065092392,6.389984604],[124.065071723,6.389968171],[124.065055187,6.389959954],[124.065017982,6.389951738],[124.064976643,6.389951738],[124.064943572,6.389959954],[124.064906367,6.389976387],[124.064885697,6.389988711],[124.062357995,6.392500821],[124.062357995,6.38877543],[124.062353862,6.388754889],[124.062353862,6.388738455],[124.062216442,6.388283212],[124.062290723,6.387987949],[124.062290724,6.387967407],[124.062294858,6.387946866],[124.062294858,6.387909892],[124.062298992,6.387889351],[124.062298992,6.387872918],[124.062294858,6.387848269],[124.062294859,6.387761996],[124.062290725,6.387737347],[124.062290725,6.387720914],[124.062251227,6.387524607],[124.062387801,6.386981746],[124.062440016,6.386810709],[124.062443688,6.386792462],[124.062443688,6.385874698],[124.063047257,6.385514805],[124.063063793,6.385498372],[124.063084463,6.385486047],[124.063109267,6.385461398],[124.063125803,6.385449073],[124.063138205,6.38543264],[124.063146473,6.385416206],[124.063158876,6.385399773],[124.063187814,6.385342257],[124.063196083,6.385321716],[124.063204352,6.385276524],[124.06320437,6.384013988],[124.064372154,6.3837819],[124.064392824,6.383773684],[124.06440936,6.383769576],[124.064442431,6.383749035],[124.064458966,6.383740819],[124.064471368,6.383728494],[124.064492038,6.383695629],[124.064508573,6.383650437],[124.064512707,6.383629897],[124.064521583,6.383603436],[124.064523634,6.383507235],[124.06452511,6.383498434],[124.06452511,6.383436811],[124.064508575,6.383366971],[124.064500307,6.383317673],[124.064487906,6.383280699],[124.064483772,6.38325605],[124.064475505,6.3832314],[124.064467237,6.383190319],[124.064450702,6.383145127],[124.064446568,6.383124586],[124.064427669,6.383087019],[124.064388696,6.382919176],[124.064380428,6.382894526],[124.064376294,6.382873984],[124.063992407,6.382110947],[124.064359768,6.381563305],[124.064366383,6.381530441],[124.06439284,6.381464704],[124.064396975,6.381448275],[124.064405243,6.381390756],[124.064405244,6.381325029],[124.064391661,6.38125753],[124.064356231,6.381143091],[124.064355641,6.381140157],[124.064347372,6.381123723],[124.064343239,6.38110729],[124.064310167,6.381041558],[124.064297768,6.380992259],[124.064279169,6.380961454],[124.06425643,6.380893661],[124.06422336,6.380836146],[124.064209306,6.380801226],[124.064161354,6.380741656],[124.063882894,6.380528785],[124.063876121,6.38051981],[124.063847184,6.380499269],[124.063820624,6.380490468],[124.063664815,6.380455287],[124.063661166,6.380454078],[124.063578485,6.380437644],[124.06356195,6.380437644],[124.063537147,6.380433535],[124.063466872,6.380433535],[124.063442069,6.380437643],[124.063421399,6.380437643],[124.063262884,6.380469152],[124.063053488,6.380523915],[124.062857137,6.38056294],[124.062788923,6.380585536],[124.062735184,6.38059786],[124.062718648,6.380606077],[124.062681442,6.380614293],[124.062499539,6.380704673],[124.060952528,6.380704648],[124.060524934,6.379854756],[124.060508399,6.379834215],[124.06047946,6.379805454],[124.060380193,6.379731449],[124.060351322,6.379702754],[124.060268641,6.379661667],[124.060214899,6.379628799],[124.060115691,6.379575392],[124.060090761,6.379565482],[124.059888333,6.379521982],[124.059846995,6.379509657],[124.05979739,6.37950144],[124.059747784,6.379489115],[124.059685778,6.379489114],[124.059660975,6.379485005],[124.059619648,6.379485004],[124.059503195,6.379485003],[124.057610641,6.379904698],[124.057610641,6.378162521],[124.057556908,6.377975603],[124.057556908,6.377809215],[124.057548642,6.377768131],[124.057536243,6.377731163],[124.057449435,6.377472335],[124.057449443,6.377160117],[124.057441178,6.377119039],[124.057441183,6.376806811],[124.05743705,6.376782162],[124.057416382,6.376695889],[124.057383314,6.376626049],[124.057370913,6.376609616],[124.057362646,6.376593183],[124.057356443,6.376584963],[124.057304775,6.376482261],[124.057284107,6.376453503],[124.057213835,6.376363121],[124.057201434,6.37634258],[124.057176632,6.37631793],[124.057160097,6.376305605],[124.057143562,6.376301497],[124.057127027,6.376305604],[124.057093956,6.376326145],[124.057077422,6.376334361],[124.05704435,6.376359009],[124.057003012,6.37640009],[124.05699061,6.376416523],[124.056957535,6.376449392],[124.056954238,6.376453488],[124.056797332,6.376626745],[124.05650695,6.376819116],[124.056490415,6.37683144],[124.056478013,6.376843765],[124.056465612,6.376860197],[124.056144549,6.377498324],[124.055890996,6.377624311],[124.055878595,6.377636634],[124.055845524,6.377661283],[124.055816587,6.37769004],[124.05578765,6.377710579],[124.055762846,6.377735229],[124.055746309,6.377747553],[124.055721507,6.377780416],[124.055709105,6.377800959],[124.055696703,6.377817391],[124.055680166,6.377850257],[124.055640009,6.377940046],[124.055634692,6.377948852],[124.055609887,6.378006368],[124.055589217,6.378035125],[124.055580949,6.378055666],[124.055539608,6.37813783],[124.055523071,6.378191237],[124.055506535,6.378232316],[124.055414988,6.378576672],[124.055406719,6.378593104],[124.055390179,6.378819056],[124.055386044,6.378839597],[124.055386044,6.37885603],[124.05538191,6.378876571],[124.055381909,6.378893004],[124.055386042,6.378929978],[124.055390174,6.378958731],[124.055394308,6.378975165],[124.055423242,6.379118959],[124.055495389,6.379369932],[124.055497643,6.379381882],[124.05550591,6.379406532],[124.055510043,6.379431181],[124.055522444,6.379468155],[124.055534844,6.379533886],[124.055555511,6.37959551],[124.055563778,6.379632484],[124.055572045,6.379648917],[124.055576178,6.37966535],[124.055584446,6.379681783],[124.055588579,6.379698216],[124.055686231,6.379827618],[124.055716721,6.379948818],[124.055729122,6.379965251],[124.055737389,6.379981684],[124.05574979,6.379994009],[124.055758056,6.380006333],[124.056012553,6.380217109],[124.056117683,6.380704735],[124.056134216,6.380754025],[124.056134219,6.38075404],[124.056134233,6.380754077],[124.056146618,6.380786902],[124.056173674,6.380822756],[124.056245828,6.380984101],[124.05627063,6.381033401],[124.056283031,6.381049834],[124.056365704,6.381224945],[124.056415307,6.381323542],[124.056419441,6.381335868],[124.056528793,6.381480783],[124.056561362,6.381642617],[124.056588919,6.381697394],[124.05660132,6.381713829],[124.056609587,6.381730262],[124.056834875,6.38195416],[124.056960946,6.382580669],[124.056960946,6.382597102],[124.056969213,6.382634076],[124.056969213,6.383028543],[124.056886006,6.383374836],[124.056878254,6.383394095],[124.056878253,6.383426961],[124.056841068,6.383574774],[124.056748015,6.384037047],[124.056406976,6.384375955],[124.056398708,6.384392387],[124.056420459,6.384679594],[124.056084513,6.385124713],[124.056084512,6.385124716],[124.05604524,6.385202767],[124.055890213,6.385408179],[124.055861275,6.385436936],[124.055848873,6.385453368],[124.055799267,6.385502665],[124.055778596,6.385527314],[124.055757926,6.385547855],[124.055728989,6.385584828],[124.055635887,6.385677348],[124.05561737,6.385695749],[124.055617368,6.385695751],[124.055435495,6.385876484],[124.055385877,6.38593401],[124.055145259,6.386173115],[124.054914605,6.386274986],[124.054041898,6.386759435],[124.05374598,6.386759435],[124.053584758,6.386792297],[124.053530637,6.3868162],[124.053481416,6.38682598],[124.053402276,6.386857437],[124.053349126,6.38688678],[124.053328456,6.386894996],[124.05331192,6.38690732],[124.053243021,6.386941555],[124.053167232,6.387001805],[124.053109357,6.387042886],[124.053063883,6.387083967],[124.053043215,6.387096291],[124.053011323,6.387138548],[124.052902659,6.387219534],[124.052888488,6.38723831],[124.052836515,6.387277047],[124.052786908,6.38733456],[124.052782774,6.387338668],[124.05275797,6.387371533],[124.052745567,6.387392073],[124.052729031,6.38742494],[124.052724897,6.387441371],[124.05270836,6.387478345],[124.052700092,6.38751121],[124.052675286,6.387581048],[124.052667017,6.38762213],[124.052662883,6.387634455],[124.052632632,6.387814829],[124.052547126,6.387950783],[124.052534723,6.388008297],[124.052534721,6.388061704],[124.052551253,6.388127429],[124.052551244,6.388476635],[124.052542974,6.388550578],[124.052542971,6.388649176],[124.05256777,6.388772422],[124.052656143,6.389145736],[124.052565348,6.389617404],[124.052524005,6.389720104],[124.052519872,6.389736531],[124.052531353,6.38978218],[124.05246612,6.390106269],[124.052461985,6.390143243],[124.052461981,6.390270596],[124.052526281,6.390590168],[124.052404082,6.391075802],[124.052054009,6.391842395],[124.052028152,6.391944384],[124.052032005,6.391963533],[124.052032004,6.391979965],[124.052112389,6.392379381],[124.05196376,6.392970049],[124.051941026,6.393015228],[124.051920355,6.393085067],[124.05191622,6.393109716],[124.051916207,6.393508219],[124.051643358,6.393869726],[124.051618553,6.393919024],[124.051606152,6.393939564],[124.051577212,6.394001185],[124.051573626,6.394010095],[124.051255949,6.394668599],[124.051220833,6.394703494],[124.051175355,6.394793874],[124.051067867,6.394900686],[124.05100421,6.395006119],[124.050699943,6.395258081],[124.05066686,6.395282738],[124.050619314,6.395345729],[124.050484963,6.395434734],[124.050373337,6.395545657],[124.050315466,6.395574407],[124.050290661,6.395599056],[124.050274124,6.395607272],[124.050247945,6.395633287],[124.050030234,6.395784726],[124.049862791,6.39588456],[124.049831784,6.395915371],[124.049831781,6.395915377],[124.049769772,6.39600164],[124.049602757,6.396333571],[124.049248876,6.396597312],[124.049236473,6.396609636],[124.049224071,6.396626069],[124.049207535,6.396642501],[124.049199266,6.396658934],[124.049170327,6.396704122],[124.049149655,6.396745204],[124.049120715,6.396786287],[124.049113069,6.39681668],[124.048316815,6.398040031],[124.048279608,6.398089328],[124.04827134,6.398109867],[124.048254801,6.398171491],[124.04800699,6.398663967],[124.047667749,6.398923269],[124.047651214,6.398939701],[124.047634677,6.398952025],[124.047618141,6.398968457],[124.047589201,6.399009538],[124.047556127,6.399083484],[124.047543723,6.399116349],[124.047535454,6.399145107],[124.047535453,6.399169756],[124.047531318,6.399190297],[124.047531308,6.399399838],[124.047442412,6.399708964],[124.047441652,6.399710853],[124.047399379,6.399901421],[124.047282828,6.400186892],[124.047282827,6.400207434],[124.047278692,6.400223866],[124.047278691,6.400248516],[124.047262152,6.400330681],[124.047262151,6.400351221],[124.047258016,6.400371762],[124.047258014,6.400431186],[124.047270413,6.400503608],[124.047270413,6.400511439],[124.047274546,6.400531983],[124.047286944,6.400622364],[124.047295211,6.400647014],[124.047306921,6.400722671],[124.04733241,6.400811344],[124.047342742,6.400883231],[124.047397037,6.401153076],[124.047365461,6.401341302],[124.04736546,6.40137006],[124.047361324,6.401407031],[124.047361323,6.401439899],[124.047357188,6.401468655],[124.047357187,6.401497413],[124.047348916,6.401559037],[124.047348915,6.401583685],[124.04734478,6.401612443],[124.047344779,6.401637091],[124.047336509,6.401686389],[124.047336508,6.401719255],[124.047332373,6.401739796],[124.047332372,6.401768553],[124.047328237,6.401789093],[124.047328232,6.401918526],[124.047353909,6.402075181],[124.047361297,6.40209721],[124.047369563,6.402146509],[124.04739023,6.402212241],[124.047394363,6.402236891],[124.0474419,6.402331382],[124.047464631,6.402466954],[124.047472898,6.402491602],[124.047489088,6.402572063],[124.047551938,6.402743209],[124.047572103,6.40278329],[124.047596904,6.402840807],[124.047609306,6.40285724],[124.047621707,6.402877782],[124.04764651,6.40290654],[124.047675446,6.402943516],[124.047700251,6.402968168],[124.047741588,6.403001034],[124.047753989,6.403013358],[124.047791195,6.403042118],[124.047799462,6.403050335],[124.047824266,6.403062661],[124.047865606,6.403070879],[124.047906946,6.403070881],[124.047923481,6.40307499],[124.047989626,6.403074993],[124.048043368,6.40306267],[124.048068173,6.403058563],[124.049837058,6.402355498],[124.050181772,6.404068725],[124.050646419,6.404992231],[124.049426127,6.405943531],[124.049388862,6.406005247],[124.04936268,6.406022591],[124.049354411,6.40604313],[124.049321337,6.406096536],[124.049304799,6.406145834],[124.049279991,6.4062814],[124.049279986,6.406396433],[124.049288253,6.406437515],[124.04929652,6.406458056],[124.049300654,6.406478598],[124.049325456,6.406523789],[124.049337857,6.406552547],[124.050011892,6.407222375],[124.049566552,6.408107401],[124.049544501,6.408200515],[124.049544501,6.40824981],[124.04953623,6.40828268],[124.049536229,6.408303221],[124.049532094,6.408323762],[124.049532093,6.408348411],[124.049523823,6.40839771],[124.049523822,6.408438792],[124.049519687,6.408459333],[124.049519679,6.408660635],[124.049527945,6.408714042],[124.049536213,6.408755127],[124.049548612,6.408800315],[124.049565145,6.408898913],[124.049573412,6.40892767],[124.049581678,6.408972855],[124.049598212,6.409038592],[124.049606478,6.409087888],[124.049617108,6.409124864],[124.049623012,6.409165948],[124.049687202,6.409403736],[124.049713951,6.409478174],[124.049718084,6.409498717],[124.049775959,6.4096425],[124.049775934,6.410261656],[124.049614056,6.410659779],[124.049610562,6.410673666],[124.049602293,6.410694207],[124.049602293,6.410718856],[124.049598158,6.410735288],[124.049598155,6.410850322],[124.049862025,6.411637111],[124.04901519,6.412320805],[124.04889116,6.412444046],[124.048808482,6.412485125],[124.048802688,6.412490882],[124.048605905,6.412628906],[124.048551138,6.412683328],[124.04834271,6.412815128],[124.048331669,6.412820613],[124.048283442,6.412858951],[124.048258636,6.412875383],[124.047607392,6.413441604],[124.046604423,6.412994761],[124.046446131,6.412935768],[124.046414236,6.412914636],[124.046340412,6.412899961],[124.046319742,6.41289996],[124.046232919,6.412887632],[124.046183316,6.412887631],[124.046162643,6.412891738],[124.04612957,6.412891737],[124.046084093,6.412899952],[124.046059288,6.412899951],[124.045984872,6.412916381],[124.045648117,6.413065327],[124.045430103,6.413161754],[124.045222881,6.413196065],[124.045053386,6.413229745],[124.045003772,6.413249462],[124.044916953,6.413265892],[124.044846676,6.413286429],[124.044826006,6.413290537],[124.044805335,6.413298752],[124.04475986,6.413311075],[124.044730921,6.413323398],[124.04466477,6.413356262],[124.044623432,6.413380908],[124.044557286,6.413413771],[124.044540745,6.413423632],[124.044536614,6.413426094],[124.044536614,6.413426095],[124.044513189,6.413449371],[124.044458066,6.413483605],[124.044441528,6.413500038],[124.044424989,6.413512364],[124.044396053,6.413541115],[124.044383648,6.41355755],[124.044367111,6.413573982],[124.044354708,6.413594522],[124.044329899,6.413627391],[124.044292693,6.413689008],[124.044276155,6.413721873],[124.044244259,6.413811664],[124.044234808,6.413849225],[124.044214132,6.413962205],[124.044214123,6.414173773],[124.044218256,6.414198421],[124.044218254,6.414221697],[124.044251323,6.414309344],[124.044284393,6.41436686],[124.044722929,6.414802686],[124.044862776,6.415787552],[124.044867233,6.415814132],[124.044867232,6.415830565],[124.044879632,6.415892189],[124.0449003,6.415949705],[124.044908566,6.415978462],[124.044939479,6.416047588],[124.045135925,6.416326501],[124.045135908,6.416713838],[124.045140041,6.41673849],[124.045140027,6.417030177],[124.045135893,6.417050713],[124.045135892,6.417071253],[124.045127622,6.417120551],[124.045127621,6.4171452],[124.045123486,6.417165741],[124.045123484,6.417198607],[124.045119349,6.417223256],[124.045119348,6.417260229],[124.045115212,6.417284877],[124.045115208,6.417397856],[124.04506876,6.417605511],[124.045016724,6.417826891],[124.044973328,6.417945404],[124.044721167,6.418571765],[124.044141311,6.418802238],[124.044108239,6.418818668],[124.044095836,6.418826884],[124.044042504,6.418866629],[124.043984209,6.418958342],[124.043933977,6.419024886],[124.043919497,6.419048526],[124.043875927,6.419111799],[124.043859512,6.419135637],[124.043733664,6.419328887],[124.04372374,6.419348609],[124.043682396,6.419414337],[124.043658277,6.419462267],[124.043583097,6.419577191],[124.043553042,6.419643372],[124.043517017,6.419706013],[124.043500479,6.419747093],[124.04349221,6.419763525],[124.043464645,6.419838841],[124.043442596,6.419882658],[124.043426056,6.419923742],[124.04339711,6.419985373],[124.043364037,6.420067528],[124.043343362,6.420170234],[124.043324004,6.420208697],[124.043255014,6.420432064],[124.043243188,6.420455566],[124.043231618,6.420495307],[124.043223455,6.420535855],[124.043206917,6.42056872],[124.04319399,6.420632936],[124.04299537,6.420973202],[124.041855421,6.422807122],[124.041153572,6.422807084],[124.041103956,6.422819406],[124.040946419,6.422819397],[124.040876265,6.422831717],[124.040835241,6.422831717],[124.04081457,6.422835824],[124.040798033,6.422835823],[124.040777362,6.42283993],[124.040756693,6.422839929],[124.040698813,6.42285225],[124.040682276,6.422852249],[124.040645092,6.422860459],[124.040607861,6.422868678],[124.040471433,6.422897429],[124.040306065,6.422930285],[124.040215112,6.422946713],[124.040190308,6.422954929],[124.040148968,6.422963142],[124.040148961,6.422963144],[124.040023243,6.422997208],[124.039962544,6.42302401],[124.03991745,6.423032969],[124.03985957,6.423057616],[124.039843033,6.423061724],[124.039809958,6.423078155],[124.039298301,6.423296028],[124.038826012,6.423217783],[124.038693715,6.423217777],[124.038677179,6.423221884],[124.038637899,6.423221882],[124.038544882,6.423242419],[124.038515941,6.423250634],[124.03827058,6.423348144],[124.037397907,6.423512],[124.036791004,6.423059617],[124.036753798,6.423039074],[124.036724857,6.423018528],[124.036687655,6.422997988],[124.036671118,6.422993879],[124.036633912,6.422973336],[124.036613241,6.422969226],[124.036592571,6.422961009],[124.036576035,6.422961008],[124.03655123,6.422956898],[124.036530559,6.422956897],[124.036514022,6.422961004],[124.036497518,6.422969203],[124.036480948,6.422977435],[124.036456141,6.422993866],[124.036423067,6.42302673],[124.036394126,6.423047269],[124.036381723,6.423063702],[124.036365185,6.423080133],[124.036352782,6.423096566],[124.036250237,6.423300334],[124.03587319,6.423581304],[124.035860787,6.423597736],[124.035848383,6.423618277],[124.035828745,6.423667053],[124.035819438,6.423708655],[124.035811167,6.423762061],[124.035811162,6.423836009],[124.035815294,6.423872983],[124.035819426,6.423897632],[124.035831826,6.423951041],[124.035859933,6.424020881],[124.035869026,6.424066071],[124.03587506,6.424079566],[124.035939285,6.424398839],[124.035943419,6.424415271],[124.035951686,6.424435814],[124.035968218,6.424501546],[124.035976485,6.424517979],[124.035980618,6.424534412],[124.03599302,6.424554954],[124.036017821,6.42461247],[124.036042624,6.424649445],[124.036063293,6.424674096],[124.036795006,6.425219495],[124.036794958,6.426003101],[124.036799091,6.426023642],[124.036823894,6.426068834],[124.036840429,6.426089376],[124.036856964,6.426114026],[124.036881768,6.426134569],[124.03689417,6.426146894],[124.036914841,6.426155112],[124.037437011,6.426284865],[124.037572166,6.426405752],[124.037870592,6.426513612],[124.038167472,6.426906995],[124.038250316,6.42697455],[124.03827512,6.426995092],[124.03829579,6.427011526],[124.038332996,6.427027961],[124.038353666,6.427040287],[124.03843234,6.427075039],[124.038587538,6.427143593],[124.038651324,6.427159442],[124.03869266,6.427179985],[124.038750539,6.427192313],[124.03877121,6.427196422],[124.038800149,6.427200532],[124.038841491,6.427204642],[124.039288006,6.427204666],[124.039804746,6.42751281],[124.039817148,6.427525135],[124.039887249,6.427566936],[124.03999078,6.427681258],[124.040233766,6.427862106],[124.040320406,6.427935911],[124.040320407,6.427935912],[124.040378282,6.427981104],[124.041192691,6.428466734],[124.041192648,6.429357394],[124.041209184,6.429394369],[124.041229853,6.429423128],[124.041246389,6.42944367],[124.041262926,6.429455996],[124.041279462,6.429472429],[124.04133734,6.429505298],[124.041370413,6.429513517],[124.042167465,6.429662066],[124.042496366,6.430315809],[124.042512901,6.430332242],[124.042562509,6.430369218],[124.043410017,6.430579801],[124.043409971,6.431683892],[124.043414103,6.431704429],[124.043422372,6.431720864],[124.043438908,6.431766056],[124.043496784,6.431864656],[124.043505052,6.43188109],[124.043575332,6.431950934],[124.043641476,6.432115269],[124.043653878,6.432127594],[124.043998278,6.432924456],[124.044204961,6.43355713],[124.044353734,6.435019666],[124.044217257,6.435915265],[124.044080774,6.436962854],[124.043764936,6.438186397],[124.04363491,6.438580539],[124.043510754,6.439046087],[124.043352602,6.439760527],[124.043237191,6.440160063],[124.043016425,6.440823155],[124.042649029,6.441894789],[124.042382859,6.442580231],[124.042013104,6.443374183],[124.041577381,6.444197195],[124.041105633,6.444956366],[124.040980566,6.445144434],[124.04084769,6.445304242],[124.040615158,6.445549162],[124.040271752,6.445848312],[124.039564218,6.446331829],[124.038948756,6.446209454],[124.038929523,6.446207716],[124.038898055,6.446207713],[124.038877077,6.446211186],[124.038863091,6.446211184],[124.03884386,6.446216394],[124.038831619,6.446216394],[124.038761692,6.446240707],[124.038738964,6.446254603],[124.038714488,6.446266761],[124.038698752,6.446284132],[124.038660985,6.44638418],[124.038502931,6.446541214],[124.038387074,6.446771404],[124.038204585,6.446900912],[124.038126824,6.446991041],[124.037980798,6.447078082],[124.037961566,6.447095452],[124.037951075,6.44710935],[124.037885966,6.447254883],[124.037650348,6.447527975],[124.03760226,6.447623521],[124.037391618,6.447887863],[124.037354863,6.447917076],[124.037230828,6.44807111],[124.036907687,6.44821557],[124.036731703,6.448300968],[124.036701361,6.448313887],[124.036675136,6.448327781],[124.036102436,6.448726053],[124.035250458,6.448471151],[124.035156743,6.448460795],[124.03497578,6.448460776],[124.034936463,6.448455563],[124.034910239,6.44845556],[124.034882266,6.448459032],[124.034831568,6.448471188],[124.034803596,6.448474659],[124.034768631,6.448488553],[124.034723175,6.448514606],[124.034670724,6.448556293],[124.034658485,6.448570189],[124.034649743,6.448577138],[124.034600227,6.448647412],[124.034125449,6.449024755],[124.033747795,6.449165449],[124.033417598,6.449229612],[124.033400114,6.449231348],[124.033354666,6.449241765],[124.032290743,6.44963813],[124.031686858,6.448737829],[124.031679866,6.44873088],[124.031545262,6.448654432],[124.031519038,6.448644005],[124.031433352,6.448644005],[124.03133604,6.448676226],[124.031047018,6.448628322],[124.03096577,6.448640365],[124.030802141,6.448640349],[124.030650383,6.448715732],[124.030511925,6.448753235],[124.03048745,6.44876713],[124.030469966,6.448779288],[124.030279553,6.448981071],[124.030095814,6.449076306],[124.030043367,6.449112779],[124.030006651,6.449144044],[124.029989167,6.449161414],[124.029966437,6.449189206],[124.029934964,6.449237843],[124.029897165,6.449444561],[124.029897153,6.449562688],[124.029893652,6.449602641],[124.029895397,6.449637386],[124.029898891,6.449663444],[124.029904133,6.449689501],[124.029909375,6.449708611],[124.029972645,6.449897287],[124.029981028,6.449943133],[124.029986271,6.449958769],[124.030046162,6.45005798],[124.030125538,6.450182647],[124.030665023,6.450871993],[124.030303268,6.451882816],[124.030187855,6.452167451],[124.030184359,6.452177872],[124.03015659,6.452370825],[124.030035717,6.452575668],[124.029894073,6.452931243],[124.029832812,6.453152018],[124.029726471,6.453405527],[124.02957658,6.453661099],[124.029503628,6.453806039],[124.029200259,6.454258997],[124.02918802,6.454272893],[124.02917578,6.454293737],[124.029158295,6.454318056],[124.029144306,6.454345849],[124.029119825,6.454403173],[124.029090095,6.454498713],[124.029072603,6.454542152],[124.02902806,6.454666595],[124.029018397,6.454689793],[124.028997411,6.454750591],[124.028868223,6.455272491],[124.028342937,6.45594331],[124.028167575,6.45613149],[124.027903777,6.456526965],[124.027701255,6.45689654],[124.027696009,6.456903488],[124.027689014,6.456919122],[124.027675024,6.456960812],[124.027669777,6.456981658],[124.027666278,6.45700424],[124.027650537,6.4570633],[124.027638292,6.457131049],[124.02763654,6.457171004],[124.02763479,6.457181428],[124.027636527,6.457290868],[124.027638272,6.457316925],[124.027641763,6.457375999],[124.027641758,6.457421155],[124.027643498,6.457490641],[124.027646985,6.457582711],[124.027657602,6.457680389],[124.027679138,6.45782189],[124.027711637,6.457893669],[124.027753586,6.45797532],[124.027764066,6.457992681],[124.027779805,6.458018752],[124.027821758,6.458076083],[124.027849728,6.458098669],[124.027939151,6.458154535],[124.027952866,6.458168166],[124.028106225,6.458250937],[124.028323001,6.458322183],[124.028603764,6.458437735],[124.028741869,6.458512447],[124.028962135,6.458661866],[124.029316936,6.45894078],[124.029608874,6.459140583],[124.029702884,6.459213697],[124.029723865,6.459228033],[124.029828754,6.459312732],[124.029847983,6.459330105],[124.029865464,6.459342267],[124.029902175,6.45936138],[124.029947628,6.459375281],[124.029965111,6.45937702],[124.030003572,6.459377024],[124.030022803,6.459373552],[124.03004728,6.459366606],[124.030097983,6.459344027],[124.030274028,6.459245437],[124.030423043,6.459217248],[124.030753486,6.459092209],[124.030931797,6.459092224],[124.030978126,6.459083021],[124.031385356,6.459105867],[124.031423819,6.459088499],[124.031455287,6.459079816],[124.031522279,6.459033742],[124.03163362,6.458989502],[124.031827646,6.458871705],[124.032070693,6.458829727],[124.03208993,6.458824517],[124.032123148,6.458819308],[124.032142379,6.458812362],[124.032449576,6.458621613],[124.032868608,6.458567346],[124.032899104,6.458562298],[124.032968251,6.458555196],[124.0330207,6.458541304],[124.033069465,6.458509007],[124.033175527,6.458427372],[124.033182716,6.45841972],[124.033581206,6.458058262],[124.033938469,6.458008694],[124.033956323,6.458002495],[124.033981548,6.457986592],[124.034006437,6.457968252],[124.03405587,6.457924582],[124.034169398,6.457848902],[124.034245605,6.457774431],[124.034415757,6.457674568],[124.034432583,6.45766107],[124.034452597,6.457634728],[124.034456468,6.457626749],[124.03443897,6.457007124],[124.034813185,6.456514586],[124.034823034,6.456495856],[124.034829724,6.456481284],[124.034830151,6.456348798],[124.034842888,6.456299618],[124.034850181,6.456097855],[124.03503301,6.455732385],[124.035110668,6.455503308],[124.03533397,6.455209397],[124.035376815,6.45515012],[124.035445598,6.45503846],[124.035492999,6.45497607],[124.03551412,6.454939612],[124.035844734,6.454504485],[124.036343803,6.454297988],[124.036988194,6.454011856],[124.037549428,6.454267957],[124.037603672,6.45428135],[124.03762401,6.454284463],[124.037660162,6.454285758],[124.037682305,6.454289318],[124.03770229,6.454289289],[124.037842749,6.454307945],[124.037967484,6.454331112],[124.037997327,6.454334663],[124.038297066,6.454410111],[124.038324176,6.454409174],[124.04052659,6.453919515],[124.040018826,6.456229454],[124.040011093,6.456292787],[124.040007441,6.456322699],[124.040007441,6.456322702],[124.04000866,6.45641538],[124.040012355,6.456437368],[124.040020149,6.456467873],[124.040028803,6.4564867],[124.040052904,6.456528371],[124.040192277,6.456676596],[124.040349539,6.457245544],[124.040698544,6.458680821],[124.040030793,6.459272369],[124.03995925,6.459366374],[124.039917139,6.459433262],[124.039903163,6.459465003],[124.039896913,6.459485677],[124.039890689,6.45951399],[124.039879535,6.459553094],[124.039873798,6.459590831],[124.039869409,6.459626319],[124.039867312,6.459670779],[124.039864672,6.459690544],[124.039864298,6.45971165],[124.039867076,6.459730049],[124.039874411,6.459758759],[124.039882176,6.459781631],[124.04001494,6.460067067],[124.040046849,6.46030677],[124.040058796,6.460361057],[124.040229054,6.460945135],[124.04000131,6.461462353],[124.039998643,6.461474486],[124.039994684,6.461504135],[124.040006588,6.461734814],[124.039921342,6.461961941],[124.040013404,6.462322267],[124.039582559,6.46315629],[124.039575444,6.463165056],[124.039565582,6.463186644],[124.03955621,6.463217642],[124.039525091,6.46335921],[124.039527036,6.463396919],[124.039529814,6.463415319],[124.039555028,6.46351401],[124.039563252,6.463538676],[124.039582814,6.463592672],[124.039785864,6.463967645],[124.03992491,6.464623207],[124.040059137,6.465201256],[124.040113954,6.46536315],[124.040155289,6.465442544],[124.040207903,6.465556305],[124.040278456,6.465754939],[124.040303635,6.465895787],[124.040332001,6.466053099],[124.04037213,6.466216874],[124.040442984,6.466548893],[124.040393397,6.46711904],[124.040390449,6.4674072],[124.040098387,6.467992876],[124.040083932,6.468144558],[124.040090259,6.468311967],[124.040008979,6.468580767],[124.039894233,6.469246641],[124.03936609,6.469628532],[124.039360242,6.469635738],[124.039347656,6.469654192],[124.039335988,6.469676236],[124.039324403,6.469721178],[124.039224122,6.470032246],[124.039079933,6.470216417],[124.039068261,6.470238466],[124.037065264,6.474787374],[124.036247828,6.469978083],[124.036235516,6.469950111],[124.036220151,6.469926406],[124.036198341,6.469898146],[124.03617467,6.469858934],[124.036159461,6.469840957],[124.036115377,6.469776887],[124.036100461,6.469759566],[124.036077009,6.469740143],[124.036056466,6.469730448],[124.036026429,6.469720469],[124.036019592,6.469719326],[124.035882872,6.469695127],[124.035827272,6.469693807],[124.035807064,6.469697199],[124.035801862,6.469699949],[124.035795445,6.469706658],[124.035788432,6.469720977],[124.035756865,6.469901525],[124.035628139,6.470100847],[124.035613515,6.470137097],[124.035591257,6.470184015],[124.035563281,6.470275057],[124.035536484,6.470350917],[124.035526155,6.4703902],[124.035521599,6.470407861],[124.035515877,6.470451993],[124.035499176,6.470520525],[124.035489182,6.47057289],[124.035482635,6.470609531],[124.035415388,6.470946083],[124.035265183,6.47123753],[124.035251556,6.471282364],[124.035224219,6.471356108],[124.035188916,6.471486894],[124.035136735,6.471607497],[124.035128484,6.471644773],[124.035115738,6.471790007],[124.034975545,6.472135815],[124.034695545,6.472812214],[124.033881776,6.473073225],[124.033841568,6.473088068],[124.033791866,6.473109846],[124.033735085,6.473144789],[124.033679016,6.473191565],[124.033645607,6.473222513],[124.033620616,6.473248037],[124.033554412,6.473341153],[124.033486844,6.473447698],[124.033398892,6.473550266],[124.033364491,6.473598651],[124.033000839,6.47417557],[124.032625738,6.474283147],[124.032620991,6.474286615],[124.032585434,6.474336619],[124.032620964,6.474427488],[124.032480944,6.474958453],[124.032478249,6.474981493],[124.032490662,6.475099896],[124.032475215,6.475187899],[124.032475745,6.475206403],[124.032474488,6.475214587],[124.03250929,6.475370728],[124.032504584,6.475419314],[124.03251183,6.475438],[124.032522747,6.47545473],[124.032530802,6.47546265],[124.032619062,6.475524603],[124.032677422,6.475583703],[124.032706334,6.475603998],[124.032746964,6.475626281],[124.032797535,6.47564858],[124.032931917,6.475748745],[124.032948206,6.475757913],[124.033061462,6.475794345],[124.033111654,6.475807412],[124.03316177,6.475820459],[124.03316778,6.475821947],[124.033179015,6.475824728],[124.033346504,6.475850118],[124.033353512,6.475852017],[124.033419546,6.475859128],[124.033469281,6.47587208],[124.033505302,6.475877542],[124.03359871,6.475881603],[124.03370373,6.475894046],[124.033734055,6.475882436],[124.034029754,6.475862229],[124.034063512,6.475856458],[124.034127094,6.475837621],[124.035152206,6.475362303],[124.035714596,6.476071532],[124.035733578,6.476077149],[124.035775216,6.476078568],[124.035788625,6.476076539],[124.035982114,6.476008813],[124.036114419,6.47600977],[124.036260832,6.475980539],[124.036333913,6.475979142],[124.036964796,6.475886445],[124.037697963,6.476538639],[124.037961981,6.476812701],[124.038247253,6.477133555],[124.038308107,6.477349219],[124.038339117,6.477412491],[124.038450289,6.477559678],[124.038480507,6.477618142],[124.038810171,6.478066655],[124.038806611,6.478402917],[124.038912211,6.47880412],[124.038692366,6.479257817],[124.038668134,6.47948489],[124.03856711,6.479733342],[124.0385384,6.479962817],[124.038257121,6.480333468],[124.037962788,6.480813183],[124.037898905,6.480870733],[124.037880013,6.480901378],[124.03786483,6.480934801],[124.037858265,6.480958784],[124.037832321,6.481021717],[124.037826926,6.481042241],[124.037812427,6.481080511],[124.037799038,6.4811384],[124.03779755,6.481174857],[124.03779983,6.481191018],[124.037799572,6.48120094],[124.037804391,6.481223337],[124.037812007,6.481242048],[124.037834022,6.481273819],[124.037937429,6.481507986],[124.037946442,6.481524854],[124.038047061,6.481638299],[124.038131362,6.48187159],[124.038161627,6.481933284],[124.038356998,6.482254052],[124.038356137,6.482585199],[124.038361442,6.482599289],[124.038371398,6.482611084],[124.038520241,6.482711934],[124.038661817,6.482929828],[124.03867802,6.482950637],[124.038692825,6.48297329],[124.038708803,6.482992487],[124.038836658,6.483118263],[124.039026811,6.483461095],[124.039055526,6.483503709],[124.039536849,6.484144798],[124.039371083,6.484634871],[124.039384936,6.484742919],[124.039383989,6.48530231],[124.039330915,6.485713523],[124.039262352,6.486156001],[124.03917555,6.48646818],[124.03909397,6.486783172],[124.038959493,6.487183547],[124.038832263,6.487499082],[124.038685286,6.487890094],[124.038503988,6.488297557],[124.038319724,6.488737107],[124.038115046,6.489049945],[124.037998319,6.489172767],[124.037977456,6.489193389],[124.037935639,6.489241751],[124.037916313,6.489261655],[124.037910819,6.489271549],[124.037640808,6.489568796],[124.037205317,6.49001403],[124.036588667,6.490134075],[124.036544418,6.490146908],[124.036280898,6.490244063],[124.036154089,6.490236862],[124.03592033,6.490291466],[124.035740925,6.490272081],[124.035722273,6.490273736],[124.035685776,6.490287192],[124.035615642,6.490320594],[124.035502045,6.490368854],[124.035461218,6.490390868],[124.035439439,6.4904076],[124.035426105,6.490428181],[124.035422977,6.490443258],[124.035422754,6.490452043],[124.03544031,6.49056158],[124.035413048,6.490810681],[124.035414316,6.490832839],[124.035420552,6.49086361],[124.035423186,6.490880044],[124.035472654,6.490965454],[124.035493494,6.490997802],[124.035504969,6.491014457],[124.035537333,6.491049519],[124.035679145,6.491132035],[124.035869005,6.491407607],[124.035884134,6.491424659],[124.036081904,6.491585286],[124.036334782,6.492002277],[124.036454026,6.492385554],[124.036486038,6.492471273],[124.036667442,6.492734555],[124.036727444,6.493112561],[124.036729601,6.493128148],[124.036730152,6.493129622],[124.036770293,6.49338251],[124.036777672,6.49341634],[124.036789098,6.493446937],[124.036872626,6.493581477],[124.036929193,6.493732941],[124.038085258,6.495737058],[124.0360257,6.496034253],[124.035961386,6.496074566],[124.035928601,6.496097899],[124.035908536,6.49611922],[124.03588574,6.496151993],[124.035876628,6.496174497],[124.035872183,6.496181357],[124.035858152,6.496236649],[124.035846336,6.496262246],[124.035842239,6.496279421],[124.035839857,6.496301185],[124.035838861,6.496357195],[124.035848262,6.496426883],[124.035885399,6.496526324],[124.035902665,6.496591319],[124.03591352,6.496620386],[124.035920202,6.496633587],[124.036093541,6.496891343],[124.036389816,6.497684664],[124.036101139,6.498318531],[124.035915341,6.498655066],[124.035636052,6.49907285],[124.035275664,6.499490346],[124.034809832,6.499924728],[124.034430884,6.500264559],[124.033814824,6.500363525],[124.033753457,6.500377447],[124.033695915,6.50039692],[124.033319417,6.50057082],[124.032863502,6.500552385],[124.032653855,6.500553679],[124.032644441,6.500551928],[124.032603085,6.50055847],[124.031655059,6.500456015],[124.031184782,6.499950325],[124.030486854,6.499544222],[124.030370223,6.498647436],[124.030364461,6.498638154],[124.030275033,6.498260242],[124.030275032,6.498260236],[124.030122627,6.497806788],[124.030146436,6.497630719],[124.030142659,6.497611225],[124.030134264,6.497593435],[124.030103218,6.49756659],[124.030043121,6.497522937],[124.030012996,6.497507936],[124.030001298,6.497500065],[124.029982299,6.497491405],[124.029964442,6.497485805],[124.029938315,6.497481513],[124.029875854,6.497478433],[124.029812202,6.497486235],[124.029767946,6.49749907],[124.029727913,6.497513829],[124.029675736,6.497538286],[124.02966091,6.497545492],[124.029637417,6.497557635],[124.02962721,6.497563138],[124.029480616,6.497653731],[124.029455755,6.4976716],[124.029324778,6.497747734],[124.029282188,6.497779099],[124.02914856,6.497893223],[124.02884717,6.498043816],[124.028677478,6.498142925],[124.028616412,6.498181102],[124.028565153,6.498217404],[124.028554946,6.498222908],[124.02852661,6.498245537],[124.028511958,6.498257901],[124.028221486,6.498499003],[124.027990685,6.498758138],[124.027779887,6.499032066],[124.027504732,6.499502221],[124.027459875,6.499628832],[124.027391788,6.499769726],[124.027366636,6.49985335],[124.027216297,6.500097237],[124.027185971,6.500198878],[124.027058593,6.500539375],[124.027042428,6.500565128],[124.026874896,6.501003345],[124.026710419,6.501474727],[124.026622406,6.501676319],[124.026600577,6.501773406],[124.026540687,6.501903119],[124.026522063,6.501951757],[124.026499222,6.501998458],[124.026471023,6.502063686],[124.026409821,6.502167183],[124.026373814,6.502239634],[124.026353079,6.502287309],[124.026307116,6.502403461],[124.026276217,6.502514309],[124.026250354,6.502584511],[124.026212789,6.502757235],[124.026116808,6.502975427],[124.026074836,6.503066328],[124.026063368,6.503085633],[124.026055907,6.503102543],[124.025952208,6.503286035],[124.025869449,6.50340601],[124.025609903,6.503714323],[124.025439854,6.50380141],[124.025414026,6.503821374],[124.025381022,6.503859648],[124.02523117,6.504090916],[124.025084108,6.504223217],[124.025061537,6.504247201],[124.025043756,6.504274642],[124.024972686,6.50454172],[124.024957123,6.504586797],[124.02495473,6.504628396],[124.024972041,6.504912499],[124.024975769,6.504945934],[124.025072094,6.505329323],[124.024946268,6.505795713],[124.024933753,6.505856027],[124.024779088,6.506291215],[124.024484683,6.506572794],[124.024438964,6.506619237],[124.024406928,6.506655413],[124.024366524,6.506720782],[124.02434852,6.506757007],[124.02433588,6.506798219],[124.024329418,6.506844235],[124.024316937,6.50688352],[124.02427588,6.507158269],[124.02427099,6.507202938],[124.024266927,6.507314273],[124.024266676,6.507316565],[124.024270577,6.507355157],[124.024282477,6.507415167],[124.024287098,6.507429366],[124.024322863,6.507629829],[124.024376168,6.507808297],[124.024586491,6.508160796],[124.02456615,6.508443711],[124.024577428,6.508497874],[124.024621599,6.508739245],[124.024653185,6.50879417],[124.024674196,6.508888128],[124.024680236,6.50890013],[124.024729476,6.509120325],[124.024734502,6.509132809],[124.024747066,6.509150286],[124.025332607,6.509694932],[124.02522701,6.510429368],[124.02522701,6.510444346],[124.025229522,6.510459326],[124.025237061,6.510481797],[124.025244599,6.510496777],[124.025267211,6.510528606],[124.025274753,6.510539222],[124.025317473,6.510586661],[124.025404559,6.510650617],[124.02549086,6.510746451],[124.025523529,6.51077891],[124.025551172,6.510798885],[124.025606455,6.51084882],[124.025689382,6.510913737],[124.02571451,6.510938703],[124.025799954,6.510996132],[124.025815029,6.511003621],[124.026005957,6.511115976],[124.026033598,6.511135951],[124.026113915,6.511164116],[124.026199451,6.511200868],[124.02624971,6.511225836],[124.026294942,6.51123832],[124.026375354,6.511253302],[124.026430641,6.511253303],[124.026463309,6.511258297],[124.026483413,6.511258297],[124.02653596,6.511266129],[124.026696073,6.511267027],[124.027381129,6.511055654],[124.028030966,6.51170128],[124.028076198,6.511731241],[124.028093789,6.511738731],[124.028106354,6.511746222],[124.028156613,6.511761203],[124.028184254,6.51177119],[124.028211897,6.511776184],[124.028237026,6.511776184],[124.028600154,6.511708539],[124.02891968,6.511809066],[124.028977339,6.511819534],[124.028989865,6.511820503],[124.029014691,6.511818916],[124.02906389,6.511808695],[124.029145679,6.511785074],[124.029778248,6.511418635],[124.030567631,6.512055186],[124.031066506,6.512410065],[124.031299356,6.512766546],[124.031310408,6.512780729],[124.031336242,6.512813882],[124.03134904,6.512830306],[124.031492819,6.51301482],[124.031729093,6.513502502],[124.031794399,6.513815796],[124.031844291,6.514140361],[124.031884506,6.514526134],[124.031890027,6.514708927],[124.031889527,6.514749183],[124.031893036,6.514780186],[124.03191045,6.514871464],[124.031914914,6.514888552],[124.031937658,6.514998622],[124.031943705,6.515014662],[124.031945672,6.515024474],[124.031959808,6.515059672],[124.031980214,6.515090815],[124.032007361,6.51512203],[124.032063845,6.515174178],[124.032085965,6.515190909],[124.032659741,6.515567902],[124.032794723,6.51627941],[124.032859651,6.517073066],[124.032668569,6.517522877],[124.032626921,6.517599644],[124.032612049,6.517631433],[124.032306627,6.518178904],[124.032116532,6.518478154],[124.031959396,6.518664035],[124.031702828,6.518929747],[124.030907997,6.519666503],[124.030261115,6.519530663],[124.030247685,6.519530517],[124.030234144,6.51953037],[124.030208668,6.519535762],[124.030187818,6.519544813],[124.03011794,6.519587653],[124.029977832,6.519638505],[124.029949078,6.51965932],[124.029903011,6.519697984],[124.029741576,6.519802397],[124.02968993,6.51982915],[124.029666421,6.519844355],[124.029647643,6.519853429],[124.029529075,6.51992454],[124.02949825,6.519948691],[124.029466901,6.519968967],[124.029394746,6.520022285],[124.029322648,6.520068918],[124.029257808,6.520109263],[124.02921614,6.520131155],[124.029200465,6.520141292],[124.028679727,6.520506774],[124.027899772,6.520342946],[124.027811367,6.520339151],[124.027670734,6.520317592],[124.027641724,6.520314184],[124.027624085,6.520314508],[124.027504746,6.52034081],[124.027294952,6.520367183],[124.027274173,6.520373889],[124.027162058,6.520396069],[124.027132901,6.520406059],[124.027114093,6.520418223],[124.027084221,6.520457496],[124.026997276,6.520625645],[124.026825733,6.520765659],[124.026724951,6.520878119],[124.026685584,6.520916162],[124.02644652,6.521196851],[124.02624342,6.521266437],[124.025967653,6.521466964],[124.025372925,6.521873786],[124.02485242,6.522172742],[124.024556024,6.522333403],[124.024204427,6.52248358],[124.023647443,6.522756332],[124.02351202,6.522808451],[124.023456547,6.522836197],[124.023319199,6.522888817],[124.021890935,6.523334063],[124.021405531,6.522046634],[124.021394307,6.522029504],[124.021385051,6.522022188],[124.021364898,6.52201527],[124.021077555,6.522018216],[124.021071298,6.522016715],[124.021031862,6.522017832],[124.02101783,6.522020256],[124.020991807,6.522028218],[124.020972527,6.522036254],[124.020932324,6.522060038],[124.020918692,6.522073289],[124.02074609,6.522472481],[124.020548069,6.522684189],[124.020469735,6.522779192],[124.020414437,6.522854862],[124.020345285,6.52296388],[124.02031951,6.52299607],[124.02028419,6.523047733],[124.020271504,6.523069239],[124.020266107,6.523088249],[124.020260637,6.523113957],[124.020258227,6.523144336],[124.020265,6.52318873],[124.020277095,6.523220814],[124.02028369,6.523234284],[124.020293892,6.523249856],[124.020333357,6.523293059],[124.021099832,6.523828984],[124.02099998,6.525039008],[124.020977181,6.52540268],[124.020978693,6.525755778],[124.021015389,6.526030495],[124.021046634,6.526207602],[124.021095857,6.52640494],[124.021130596,6.526617429],[124.021152586,6.526787219],[124.021166044,6.526978046],[124.021148256,6.527253063],[124.021099609,6.527652213],[124.021011893,6.52812577],[124.020939321,6.528468188],[124.020867377,6.528601904],[124.020830133,6.528677863],[124.020804763,6.528750805],[124.020767899,6.528817877],[124.020756617,6.52885762],[124.020716239,6.528939968],[124.020673433,6.529058729],[124.020664902,6.529079589],[124.020654108,6.529117607],[124.020632743,6.52917355],[124.020627746,6.529203385],[124.020624537,6.529212111],[124.020616046,6.529372244],[124.020611048,6.52940208],[124.020610827,6.529422176],[124.020607323,6.529457694],[124.020609498,6.529542755],[124.02061281,6.529571649],[124.020614233,6.529610238],[124.020636238,6.529752157],[124.020635288,6.529838171],[124.020645582,6.53003376],[124.020662868,6.530184548],[124.020646098,6.530499285],[124.020648467,6.530555131],[124.020655092,6.530612922],[124.020671372,6.530688856],[124.02068171,6.530758083],[124.020716429,6.530883632],[124.020727031,6.530910031],[124.02075341,6.530963914],[124.020786606,6.531011172],[124.020847718,6.531066979],[124.02089502,6.531105114],[124.02101785,6.531179537],[124.021222227,6.531396754],[124.021230463,6.531402512],[124.021293256,6.531434449],[124.021363086,6.531449116],[124.021579591,6.53157516],[124.021588374,6.531578348],[124.021614797,6.531581212],[124.02165846,6.531572926],[124.021667317,6.531569414],[124.021992524,6.531359098],[124.022504729,6.530574721],[124.026342764,6.5297624],[124.024748742,6.532614789],[124.024678328,6.532787781],[124.02459918,6.532901042],[124.024567464,6.532954811],[124.024548761,6.533004596],[124.024531226,6.533042539],[124.024485264,6.533172441],[124.024446487,6.533449763],[124.024210406,6.533823072],[124.024201474,6.533833284],[124.024153245,6.533926551],[124.024138371,6.533958341],[124.024102857,6.534074423],[124.024096145,6.53411867],[124.024076126,6.534193694],[124.024070982,6.534236927],[124.024059967,6.534295041],[124.024058904,6.534344503],[124.024051233,6.534475834],[124.024050894,6.534553648],[124.024051767,6.534568603],[124.024056647,6.534596484],[124.024066081,6.534634723],[124.024074643,6.534658007],[124.024276611,6.535052711],[124.024275314,6.535874449],[124.024259126,6.536270791],[124.024167296,6.536566756],[124.024156976,6.536608903],[124.024153147,6.536626899],[124.02414917,6.536658292],[124.024142384,6.536709237],[124.024139501,6.536735489],[124.024139163,6.536813303],[124.024141929,6.53684477],[124.024150195,6.536894849],[124.024159703,6.536926388],[124.024169286,6.536951229],[124.024191111,6.536994756],[124.024205395,6.537016556],[124.024224587,6.537041113],[124.024289366,6.537106992],[124.024354696,6.537166085],[124.024381445,6.537186474],[124.024500906,6.53726698],[124.024523722,6.537267743],[124.024591768,6.537259206],[124.024641155,6.537249436],[124.024671333,6.537241003],[124.024690615,6.537232967],[124.024713577,6.537220332],[124.024773136,6.537181813],[124.024826573,6.537133951],[124.024837618,6.537120157],[124.024846,6.537112519],[124.024861276,6.537091552],[124.024964337,6.536900841],[124.025125809,6.536763061],[124.025178845,6.536704372],[124.025202029,6.536671642],[124.025213696,6.536648576],[124.025311249,6.536334148],[124.025634759,6.535988281],[124.026296519,6.535054024],[124.02736716,6.535493029],[124.027427694,6.535507086],[124.027465488,6.535513681],[124.029176062,6.535690123],[124.02877836,6.537300789],[124.028777739,6.537310059],[124.028783092,6.537342069],[124.028807359,6.537399537],[124.028830752,6.53744205],[124.028845582,6.537461278],[124.02887634,6.537494596],[124.028913142,6.53754395],[124.028955672,6.537591828],[124.028995138,6.537635031],[124.029037128,6.537666579],[124.029085485,6.537710318],[124.029100464,6.537716149],[124.029113403,6.537718866],[124.029130704,6.537719609],[124.029196827,6.537726987],[124.029270922,6.537734491],[124.02930879,6.537734387],[124.02934305,6.537732182],[124.029378404,6.537724836],[124.029429978,6.537704781],[124.029471203,6.537682554],[124.029580435,6.537546125],[124.03021146,6.537357222],[124.030499556,6.537232167],[124.030713973,6.537198451],[124.030797528,6.537163943],[124.030811087,6.537157391],[124.030839299,6.537139144],[124.030858728,6.53711771],[124.030868678,6.537109057],[124.030886066,6.537084509],[124.030902508,6.537051705],[124.031147353,6.536410587],[124.032012601,6.536114126],[124.032130989,6.536093106],[124.032228267,6.536067879],[124.032314574,6.536049747],[124.032351022,6.536037259],[124.032535817,6.535953463],[124.032674971,6.535918637],[124.032715573,6.535905678],[124.032760951,6.53588298],[124.032792297,6.535862706],[124.032803815,6.53585304],[124.032818542,6.535834647],[124.032823317,6.535824907],[124.032831375,6.535799742],[124.032844429,6.535744743],[124.032956236,6.534470653],[124.03615707,6.534370566],[124.036188485,6.534359801],[124.036340502,6.534340605],[124.036532071,6.534303763],[124.03679521,6.534312552],[124.036822253,6.534306146],[124.036859795,6.534288516],[124.036899997,6.53426473],[124.036924601,6.534244383],[124.036984999,6.534176497],[124.037010296,6.534140181],[124.037026266,6.534103246],[124.037394055,6.533102831],[124.038555254,6.532961004],[124.038723156,6.532977435],[124.038763759,6.532978126],[124.038803669,6.532982506],[124.038924311,6.532986654],[124.038988114,6.532982504],[124.039008329,6.532982768],[124.03915984,6.532969172],[124.039202066,6.532969402],[124.039239188,6.5329641],[124.039259837,6.532956493],[124.039285822,6.5329369],[124.039299278,6.532922608],[124.039305078,6.532912236],[124.039315018,6.532883629],[124.039353653,6.532809636],[124.039371199,6.532757335],[124.039376303,6.532726217],[124.039375838,6.53270017],[124.039368878,6.532675967],[124.039349987,6.532638432],[124.038672446,6.531642989],[124.039687123,6.530718881],[124.039744893,6.530644888],[124.039763918,6.530625524],[124.039782014,6.530602936],[124.039798254,6.530586109],[124.040271505,6.529940062],[124.040923232,6.529866473],[124.040951562,6.529853262],[124.041002139,6.529821452],[124.041014435,6.529809235],[124.041635442,6.52896564],[124.042625184,6.529176926],[124.042796324,6.52922197],[124.043070504,6.529324474],[124.043266554,6.529438109],[124.043498335,6.529614901],[124.043859377,6.529909611],[124.044021067,6.530121959],[124.044077919,6.530175376],[124.044130347,6.5302515],[124.04414566,6.530268096],[124.044170254,6.530292529],[124.044186727,6.530307051],[124.044206448,6.53032065],[124.044225009,6.530336324],[124.044254707,6.530354073],[124.045082012,6.531015619],[124.045134986,6.531552954],[124.045271236,6.53210411],[124.044921417,6.532619392],[124.044910473,6.532650518],[124.044903274,6.532682129],[124.044896855,6.5327426],[124.044897081,6.532787282],[124.044904374,6.532824555],[124.044910398,6.532836689],[124.044927559,6.53286843],[124.044954978,6.532909069],[124.04501265,6.532986174],[124.045100186,6.533074086],[124.045359149,6.533567109],[124.045377376,6.533611246],[124.045389946,6.533625741],[124.045404861,6.533639784],[124.045444526,6.533668388],[124.045491714,6.533691912],[124.045944742,6.533811716],[124.046208975,6.534030863],[124.046440262,6.534180794],[124.046555349,6.534275744],[124.046656629,6.534369294],[124.04677069,6.534463892],[124.046957164,6.534675096],[124.0471976,6.535109845],[124.047276896,6.535433601],[124.047328233,6.535674559],[124.047334545,6.535816495],[124.047344746,6.535916168],[124.047361409,6.535994009],[124.047375737,6.536029924],[124.047387818,6.53604814],[124.047410157,6.536075254],[124.047425072,6.536089297],[124.047443732,6.536103825],[124.04753801,6.536169024],[124.047587054,6.536195816],[124.047618838,6.536209018],[124.047670293,6.536223256],[124.04771009,6.536227658],[124.047740056,6.536223481],[124.047889108,6.53621605],[124.047901776,6.536212395],[124.047915878,6.536203627],[124.047921056,6.536199001],[124.047929556,6.536186481],[124.047933628,6.536159896],[124.048087843,6.53585129],[124.048180001,6.535627272],[124.048352984,6.535424901],[124.048371418,6.535394747],[124.048379495,6.535373846],[124.048382883,6.535353851],[124.048386694,6.535342235],[124.048396922,6.535270149],[124.048429396,6.535156294],[124.048439526,6.53510236],[124.048333285,6.532997637],[124.051631133,6.534187762],[124.051406908,6.535895139],[124.051424503,6.535917866],[124.051431048,6.535924439],[124.051449207,6.535936607],[124.051458814,6.53593867],[124.051498791,6.535941398],[124.051532223,6.535937553],[124.051595111,6.535916263],[124.052453752,6.535366446],[124.053293133,6.535928873],[124.053397163,6.535968332],[124.053399394,6.535969455],[124.053421634,6.535975609],[124.053547488,6.535995912],[124.054304178,6.536253974],[124.054593286,6.536762966],[124.054607363,6.536781149],[124.054622425,6.536804365],[124.054870451,6.537091104],[124.05489462,6.537123735],[124.054933896,6.537163177],[124.055443571,6.537504684],[124.055569508,6.538148171],[124.05557352,6.538155233],[124.055579045,6.53816331],[124.055587103,6.538170897],[124.055611807,6.538189637],[124.055629438,6.538205826],[124.055679866,6.538241804],[124.055726811,6.538266698],[124.055743985,6.538273831],[124.05577379,6.538285055],[124.056581661,6.53838975],[124.056914066,6.53927459],[124.056965555,6.539389518],[124.056985008,6.539448987],[124.056987674,6.539454936],[124.057075039,6.539699592],[124.057104118,6.539983745],[124.05711105,6.540012449],[124.057131708,6.540030665],[124.05750574,6.540091],[124.057539174,6.540113403],[124.058147842,6.540119299],[124.058161661,6.540124287],[124.058173311,6.540123343],[124.058190062,6.540114882],[124.059507025,6.539108521],[124.060533159,6.540467691],[124.061022025,6.540921195],[124.061074776,6.541391052],[124.06108217,6.541407588],[124.061090965,6.54141762],[124.061739068,6.54166536],[124.062227031,6.542186156],[124.06375283,6.540890471],[124.063821429,6.544009084],[124.063883678,6.544531119],[124.063860537,6.545076658],[124.063816075,6.545417788],[124.063765803,6.545735814],[124.063689532,6.545980444],[124.063542493,6.546345729],[124.063222661,6.547025908],[124.062696529,6.547298325],[124.062672962,6.547312585],[124.062633499,6.547332083],[124.062522416,6.547403689],[124.061651465,6.547725798],[124.061516445,6.547775733],[124.059654094,6.548464497],[124.059556232,6.548205242],[124.059447024,6.548257298],[124.058849404,6.548406436],[124.057618542,6.548888555],[124.05702282,6.549136733],[124.056190669,6.549487015],[124.05560911,6.549749282],[124.054289522,6.55041471],[124.05394785,6.549838162],[124.053204516,6.550308877],[124.05288348,6.549808517],[124.050561302,6.550976967],[124.050415923,6.550746014],[124.050245834,6.550851266],[124.050171476,6.550897279],[124.050627489,6.551608007],[124.048894116,6.552039796],[124.048542938,6.552386227],[124.047044227,6.552946596],[124.046997229,6.55289644],[124.046528685,6.553271422],[124.045538372,6.554211473],[124.045290096,6.553669359],[124.045179914,6.553732015],[124.045056815,6.553554764],[124.04493364,6.553624115],[124.044203553,6.55252228],[124.044171997,6.552542263],[124.04380243,6.552005949],[124.043722448,6.552052342],[124.044043638,6.55253811],[124.044063281,6.552725357],[124.044070182,6.552743031],[124.044074638,6.552753435],[124.044085701,6.552770677],[124.044095325,6.552782218],[124.044229328,6.552861962],[124.045162771,6.554273],[124.044173886,6.55509888],[124.044152092,6.555123703],[124.044127713,6.555147959],[124.044105348,6.555175347],[124.04409517,6.55519061],[124.04408227,6.555212005],[124.043969035,6.555519724],[124.043030867,6.556199519],[124.0430248,6.55619906],[124.042959169,6.556272285],[124.042885587,6.5562995],[124.045740024,6.561720457],[124.044839472,6.562352885],[124.03988054,6.556920042],[124.039708848,6.556751349],[124.039583717,6.556507078],[124.039558679,6.556468053],[124.039534338,6.556443362],[124.039409619,6.556286038],[124.039349875,6.556182344],[124.039341623,6.556172794],[124.039000552,6.555888863],[124.038841842,6.555416998],[124.038836611,6.555405534],[124.038821071,6.555387935],[124.038749054,6.555312116],[124.038734344,6.555302434],[124.038321054,6.555147943],[124.038054239,6.554901917],[124.037978064,6.554836172],[124.037959354,6.554823857],[124.037836312,6.55476208],[124.037025678,6.554501539],[124.036885481,6.553702989],[124.036863447,6.553638841],[124.03685697,6.553615499],[124.036835353,6.553555314],[124.036784389,6.553402386],[124.036673235,6.553304542],[124.036618684,6.553239538],[124.036609885,6.553232446],[124.036537737,6.553189513],[124.036508291,6.553170132],[124.036482723,6.553156772],[124.036468428,6.553151049],[124.036439706,6.553146018],[124.036148043,6.553189585],[124.035823024,6.552996159],[124.035799796,6.552989759],[124.035777947,6.552988819],[124.035764482,6.552991013],[124.035726976,6.553002098],[124.035706372,6.553013034],[124.035693738,6.553023145],[124.035670394,6.55304637],[124.035642801,6.553082839],[124.035638003,6.553098542],[124.035630731,6.5531137],[124.03562512,6.553144693],[124.035625702,6.553188651],[124.035634536,6.553242158],[124.03565011,6.553306173],[124.035658644,6.553326098],[124.035671163,6.55334561],[124.035695106,6.553389553],[124.035732662,6.553448089],[124.035745729,6.553465144],[124.035770484,6.553493794],[124.036289604,6.553957556],[124.036357327,6.554692145],[124.036353241,6.554780827],[124.036356611,6.554992742],[124.036321768,6.555149027],[124.0363178,6.555172649],[124.036317817,6.555195856],[124.036320308,6.555219606],[124.036385198,6.555453475],[124.036357347,6.555873051],[124.036370264,6.555927664],[124.036374436,6.556128187],[124.036386874,6.556223738],[124.036428184,6.556341112],[124.036484885,6.556459292],[124.036527954,6.556539669],[124.037040834,6.557339057],[124.035882275,6.560752892],[124.035540879,6.561110885],[124.035479181,6.561198856],[124.035396454,6.561312135],[124.035375334,6.561352908],[124.03530137,6.561611642],[124.035285266,6.561646343],[124.035269793,6.561721574],[124.035263351,6.56174465],[124.035252778,6.56180582],[124.035254962,6.561875746],[124.035231615,6.562180157],[124.035191321,6.562325987],[124.035145575,6.562645793],[124.034929316,6.562954143],[124.034917926,6.56297613],[124.034909973,6.563000163],[124.034903549,6.563046446],[124.034906587,6.56306774],[124.034913611,6.563088622],[124.034922693,6.563106089],[124.034953641,6.563147703],[124.035257706,6.563410127],[124.035360296,6.563868671],[124.035369793,6.563890097],[124.035380386,6.563906608],[124.035394549,6.563918748],[124.035452428,6.563959287],[124.037210516,6.564346104],[124.036249595,6.566055202],[124.036238621,6.566081149],[124.036228211,6.566127842],[124.036223298,6.566173172],[124.036213021,6.566213451],[124.036211112,6.566233657],[124.036213736,6.566250992],[124.036220892,6.566265458],[124.037116728,6.566934351],[124.036378482,6.568189091],[124.036254583,6.568378993],[124.036168806,6.568462444],[124.036157549,6.568478015],[124.036146707,6.568497544],[124.036089439,6.568754435],[124.035994209,6.568951705],[124.035957583,6.56904033],[124.035909162,6.569232146],[124.03583142,6.569396725],[124.035798779,6.569484937],[124.035773825,6.569561949],[124.035741865,6.569641287],[124.035660714,6.569827581],[124.035513811,6.570146053],[124.03546992,6.570273764],[124.035360608,6.570438945],[124.035334555,6.570483485],[124.035244292,6.570602674],[124.035212568,6.57064038],[124.035160955,6.570708638],[124.034661801,6.571246373],[124.034034073,6.571449214],[124.033844432,6.571458922],[124.033824763,6.571461568],[124.033774102,6.571477938],[124.033750986,6.571490602],[124.03372209,6.571525539],[124.033699343,6.571564426],[124.033687868,6.571597815],[124.033684384,6.57161341],[124.033680615,6.571668054],[124.033682173,6.57168536],[124.033691274,6.571746233],[124.033695086,6.571762439],[124.033701153,6.571777545],[124.033718328,6.571809468],[124.033729436,6.571826284],[124.033745586,6.571844811],[124.033818628,6.571916188],[124.033893391,6.571982556],[124.034037425,6.572098518],[124.034101654,6.5721464],[124.034162603,6.572181986],[124.034272943,6.572221276],[124.034313319,6.572229378],[124.034358198,6.572235281],[124.034414271,6.572246843],[124.034463085,6.572252216],[124.034478785,6.572255677],[124.034790206,6.572289953],[124.035160575,6.572539127],[124.035177912,6.572548735],[124.035213125,6.572571864],[124.035242368,6.572588746],[124.035372351,6.572668955],[124.035398184,6.572683098],[124.035444009,6.572713554],[124.035485941,6.572738961],[124.035524552,6.572757649],[124.035560416,6.57276795],[124.035578369,6.572770311],[124.035594108,6.572768193],[124.03560874,6.572763836],[124.035636366,6.572748973],[124.035735354,6.572676751],[124.03575348,6.572655782],[124.035800071,6.572581264],[124.036166394,6.572092516],[124.036817165,6.571882208],[124.036824502,6.57187724],[124.036903502,6.571785851],[124.037087596,6.571685],[124.037890482,6.570800646],[124.039086055,6.571540317],[124.039452453,6.571735425],[124.039811312,6.571980171],[124.040059605,6.572215684],[124.040185694,6.572319918],[124.040292668,6.572422339],[124.040415958,6.572510184],[124.040597852,6.572738054],[124.040625152,6.572767818],[124.040651305,6.572800924],[124.040765459,6.572932843],[124.040840142,6.573010368],[124.040957058,6.573123035],[124.041159441,6.573412543],[124.041473412,6.573819148],[124.041812219,6.574293287],[124.042044408,6.574651267],[124.042223333,6.574911409],[124.042406806,6.575163772],[124.042556874,6.575398078],[124.042572902,6.57543334],[124.042586224,6.575454634],[124.042611148,6.575502235],[124.042626683,6.575528007],[124.042751154,6.57568626],[124.042915596,6.576183353],[124.042925557,6.576203509],[124.043236795,6.576974396],[124.043441491,6.57748747],[124.043626368,6.578116081],[124.0438338,6.578984752],[124.04405993,6.580086557],[124.044142059,6.580682952],[124.044223805,6.581356556],[124.044222687,6.581404542],[124.044227936,6.581454791],[124.044298931,6.581753726],[124.04425997,6.582565608],[124.044206089,6.58337257],[124.043526756,6.583770848],[124.043513765,6.583781352],[124.043502904,6.583807493],[124.043502782,6.583824229],[124.043522704,6.583864539],[124.043537707,6.583886404],[124.043556645,6.58390774],[124.043582347,6.583925777],[124.043607515,6.583939905],[124.04460353,6.584472947],[124.044438362,6.585527615],[124.044409417,6.585829071],[124.044408609,6.585867412],[124.044415406,6.585950458],[124.044429728,6.586016749],[124.044457212,6.586091014],[124.044487938,6.586155848],[124.04452812,6.586229154],[124.044611533,6.586392597],[124.044654378,6.586463296],[124.04469151,6.58651977],[124.044703514,6.586541393],[124.04486726,6.58672745],[124.044950862,6.586792664],[124.045013853,6.586856152],[124.045079509,6.586917035],[124.045113668,6.586946173],[124.045148907,6.586972166],[124.045189974,6.586996626],[124.045260568,6.587032854],[124.045295884,6.587048342],[124.045329114,6.587059613],[124.045614529,6.587120195],[124.046828187,6.587995324],[124.047037229,6.588117122],[124.047262712,6.588232209],[124.04767262,6.588516913],[124.048103175,6.588838024],[124.048662217,6.589266331],[124.049062957,6.58957709],[124.049199035,6.589672388],[124.049374039,6.589821256],[124.049582317,6.590048107],[124.050127891,6.590664161],[124.050516164,6.59118859],[124.050905295,6.591651629],[124.051033561,6.591828526],[124.05158391,6.592510609],[124.05215928,6.59331557],[124.052662244,6.594234246],[124.052740758,6.594468212],[124.052755204,6.594532781],[124.052828875,6.594770609],[124.052841876,6.594877143],[124.052858731,6.594956065],[124.052890029,6.595049331],[124.052928473,6.595132863],[124.052928551,6.595133033],[124.052971885,6.595216732],[124.05303319,6.595305241],[124.05307171,6.595365027],[124.053129488,6.595441552],[124.053233008,6.595565904],[124.053290787,6.595623298],[124.053840232,6.596017469],[124.05405397,6.59722547],[124.054232145,6.598319301],[124.05425383,6.599041095],[124.054265192,6.600031689],[124.054262786,6.600060384],[124.054262787,6.600115389],[124.054267602,6.600139304],[124.054354672,6.600431184],[124.054332619,6.600825648],[124.05433262,6.600849562],[124.054335028,6.600875869],[124.054335029,6.600906955],[124.054345444,6.60103105],[124.054325408,6.601213064],[124.05431578,6.601272851],[124.054310968,6.601366118],[124.054340934,6.60236826],[124.054347103,6.602392772],[124.054351919,6.602433427],[124.054356734,6.602452558],[124.054366365,6.602476472],[124.054444241,6.602640854],[124.054479523,6.602816054],[124.054516628,6.602954265],[124.054661262,6.603631423],[124.054538945,6.60407702],[124.054519689,6.604194202],[124.054505245,6.60424203],[124.054500431,6.604265946],[124.054500432,6.60428986],[124.05450284,6.604316166],[124.054554311,6.604592223],[124.054589532,6.605288818],[124.05459194,6.605315121],[124.054592787,6.605323533],[124.05460264,6.605439471],[124.054670104,6.605740972],[124.054635291,6.606003869],[124.054625664,6.606097124],[124.05462567,6.606295666],[124.054428276,6.606961638],[124.054194479,6.607986516],[124.053725067,6.609633193],[124.0533766,6.610843741],[124.053063654,6.611866257],[124.05271219,6.613044174],[124.052493754,6.613861484],[124.052203161,6.614911874],[124.052154325,6.615045293],[124.052149511,6.615066815],[124.052147104,6.615090731],[124.052142289,6.615114647],[124.052139882,6.61514573],[124.052139883,6.615200737],[124.052135069,6.615248569],[124.05213507,6.615296395],[124.052132663,6.615320312],[124.052132664,6.615368138],[124.052130258,6.615399225],[124.052130266,6.615793556],[124.051930177,6.616166244],[124.051915732,6.616199725],[124.051894065,6.616273863],[124.051886845,6.61630734],[124.05184592,6.616446045],[124.051814627,6.616613445],[124.051809812,6.616654102],[124.051802591,6.616689973],[124.051800184,6.61671628],[124.05170978,6.617285019],[124.051675106,6.617486823],[124.051677418,6.617557983],[124.051682234,6.617591463],[124.051689457,6.617627334],[124.051713534,6.617725383],[124.05172798,6.617777995],[124.051747241,6.617835389],[124.051785763,6.617931046],[124.052119099,6.618593253],[124.051827203,6.619297486],[124.051779056,6.619436191],[124.051750168,6.619512718],[124.051745353,6.619539024],[124.051736399,6.619663429],[124.051723689,6.619794166],[124.051723691,6.619856865],[124.051726099,6.619907085],[124.051742953,6.61999796],[124.0517574,6.620088835],[124.051768837,6.620135897],[124.051950021,6.621095005],[124.052159495,6.622065097],[124.052296741,6.622915118],[124.052294344,6.623352754],[124.052296992,6.623448519],[124.052296903,6.62366232],[124.05241764,6.623932167],[124.052371413,6.624739927],[124.052376249,6.625757665],[124.052311261,6.626519037],[124.052222197,6.627231185],[124.052000718,6.627980384],[124.051878891,6.628421475],[124.051844238,6.628517863],[124.051829794,6.628570475],[124.051824979,6.62859439],[124.051822572,6.628620695],[124.051824981,6.628658959],[124.051856362,6.628923864],[124.051827401,6.629256821],[124.051579668,6.630314343],[124.051370226,6.631076482],[124.051174055,6.631809904],[124.050701965,6.6332431],[124.050645086,6.633356096],[124.050621012,6.633413492],[124.050613789,6.633439798],[124.050613814,6.633912071],[124.050495832,6.634205064],[124.05020453,6.635110291],[124.049872298,6.635945951],[124.049769673,6.636306231],[124.049764686,6.636347519],[124.049769674,6.636387156],[124.049774662,6.636410277],[124.049989136,6.636978309],[124.049666611,6.637809248],[124.049350532,6.638744525],[124.048944852,6.639643163],[124.048706398,6.640241853],[124.048276396,6.641147405],[124.04805812,6.641602976],[124.047836987,6.641915117],[124.047743831,6.642029237],[124.047699079,6.64208406],[124.047682453,6.64210553],[124.047670814,6.642123697],[124.047659176,6.642150122],[124.04760837,6.642291422],[124.047335814,6.64293822],[124.047026756,6.643898943],[124.046338117,6.645488522],[124.046082067,6.646074826],[124.045801487,6.646694688],[124.045307,6.647734828],[124.044942617,6.648480868],[124.044613405,6.649205681],[124.044129687,6.650216779],[124.043788834,6.650998914],[124.043404337,6.651754515],[124.043131388,6.652422226],[124.042825449,6.653155177],[124.042516351,6.653870702],[124.042232026,6.654452895],[124.04187553,6.655282252],[124.041549635,6.655981167],[124.041131665,6.656897055],[124.040787478,6.657607374],[124.040394312,6.658496065],[124.040090028,6.65921554],[124.039692952,6.660074317],[124.039343772,6.660897372],[124.038820018,6.662150043],[124.038425125,6.66321732],[124.038098841,6.664083157],[124.037843862,6.664769529],[124.037505226,6.665516514],[124.03743174,6.665695001],[124.037083204,6.66654154],[124.036836487,6.667203963],[124.036441944,6.668126971],[124.035988478,6.66923325],[124.035537309,6.670290484],[124.035201222,6.671053685],[124.034779405,6.671897484],[124.03432397,6.672824384],[124.033528499,6.674294524],[124.033213848,6.67477671],[124.033196987,6.674810202],[124.033172632,6.674871605],[124.03315577,6.674925564],[124.033127668,6.674999991],[124.033073337,6.675178616],[124.03303062,6.67533715],[124.033009638,6.675394455],[124.032959054,6.675558195],[124.032714652,6.676267941],[124.032707158,6.676284687],[124.032699664,6.6763219],[124.032682803,6.676385164],[124.032680929,6.67640377],[124.032680928,6.676426099],[124.032686548,6.676470755],[124.032762798,6.676849459],[124.032621714,6.67751697],[124.032617967,6.67754488],[124.032616093,6.677574651],[124.032616092,6.6776528],[124.032612343,6.677792352],[124.032612341,6.677889108],[124.032619833,6.677987725],[124.032636693,6.678058432],[124.032638566,6.678075178],[124.032676485,6.678222234],[124.032680231,6.678252005],[124.032735522,6.67841066],[124.034147552,6.679510952],[124.032741851,6.681181072],[124.032282496,6.68185592],[124.031918256,6.682446475],[124.031591573,6.682990331],[124.031303272,6.683424592],[124.031027715,6.683962423],[124.031020948,6.683977546],[124.031014132,6.683992776],[124.030878543,6.684329393],[124.030778128,6.68442484],[124.03077643,6.684429899],[124.030773034,6.684446762],[124.030773033,6.684477115],[124.030774731,6.684488919],[124.030783219,6.684529389],[124.030840824,6.684706764],[124.03087659,6.684999862],[124.030882565,6.685028051],[124.030900355,6.68522245],[124.030966458,6.685550728],[124.030892925,6.685930925],[124.030875775,6.685990537],[124.030857942,6.686067275],[124.03082159,6.68617558],[124.030663569,6.686758037],[124.030223787,6.687066345],[124.030121246,6.687151759],[124.030025141,6.687206299],[124.029885282,6.687316948],[124.029843698,6.687352349],[124.029824163,6.687365845],[124.029692794,6.687522423],[124.029411814,6.687677452],[124.029382951,6.687699373],[124.029323868,6.687797168],[124.029284474,6.687846075],[124.029264099,6.687888233],[124.02923863,6.687950625],[124.029160898,6.688490969],[124.02855225,6.689205334],[124.028408612,6.689309086],[124.028389935,6.689327634],[124.028376354,6.689346181],[124.028279866,6.689513877],[124.028207063,6.689586183],[124.028197546,6.689599414],[124.028159488,6.689659889],[124.028134751,6.689695795],[124.028121429,6.689718475],[124.028080879,6.689823188],[124.027898791,6.690064314],[124.027594049,6.690712852],[124.027282786,6.690836487],[124.027271369,6.690847826],[124.027261854,6.690862945],[124.027252339,6.690887513],[124.027192016,6.691167074],[124.026974509,6.691486595],[124.026940256,6.69154329],[124.026847557,6.69167974],[124.026748518,6.691805962],[124.026662433,6.691917475],[124.026618666,6.69197795],[124.026548259,6.692066772],[124.025963033,6.69293436],[124.02538494,6.693741861],[124.024939004,6.69444815],[124.024452684,6.695273308],[124.024088614,6.695872805],[124.023761031,6.696402378],[124.023227924,6.697357906],[124.02283591,6.698071681],[124.022357831,6.698952757],[124.022334032,6.698985842],[124.02230168,6.699067107],[124.02227694,6.699140811],[124.022265521,6.699180501],[124.022254102,6.699235304],[124.022204622,6.699397831],[124.022164657,6.699541459],[124.022110542,6.699709684],[124.022048571,6.699853282],[124.021961031,6.700081952],[124.021526825,6.700924398],[124.021061815,6.701841744],[124.020345944,6.703390863],[124.019978179,6.704261531],[124.019758586,6.704814631],[124.019169639,6.706225636],[124.019137334,6.706270549],[124.019058321,6.706441741],[124.018986994,6.706533235],[124.018967965,6.706563469],[124.018935614,6.706620164],[124.018907068,6.706680638],[124.018888036,6.706741113],[124.01887281,6.706807258],[124.018851875,6.706886631],[124.018786691,6.707177907],[124.018672983,6.707375514],[124.018604472,6.707519139],[124.018549284,6.70761363],[124.01848458,6.707728909],[124.01845984,6.707783714],[124.018433196,6.707855528],[124.018385618,6.708001045],[124.01830188,6.708246725],[124.018280943,6.708331772],[124.018271427,6.708397913],[124.018185681,6.708718656],[124.018148663,6.70914123],[124.018064061,6.709324528],[124.018001361,6.709524418],[124.017811351,6.70989255],[124.01777843,6.710036383],[124.017647815,6.710271473],[124.017637332,6.710304785],[124.017628944,6.710342261],[124.017626846,6.710373492],[124.017626845,6.710415133],[124.01763523,6.710446366],[124.017868677,6.710976374],[124.017350034,6.712230381],[124.016917119,6.71345641],[124.016596319,6.714457954],[124.016363781,6.715262041],[124.016330085,6.715328962],[124.016315408,6.715381014],[124.016309116,6.715420572],[124.016304921,6.715464295],[124.016302822,6.71552051],[124.016302819,6.715576725],[124.016309105,6.71565376],[124.01633641,6.715897929],[124.016294133,6.716212719],[124.016107789,6.716859571],[124.016017847,6.718228127],[124.01613898,6.719428025],[124.016138977,6.71953645],[124.016169743,6.719668872],[124.016189211,6.719815285],[124.016203986,6.719862247],[124.016212852,6.719900403]]]}}]}